Timestamp_WIB,Callsign,Airline_Inferred,Transponder_Hex,Country_Origin,Squawk_Code,Latitude,Longitude,Baro_Altitude_Meters,Baro_Altitude_Feet,Geo_Altitude_Meters,Geo_Altitude_Feet,Speed_KMH,Speed_Knots,Vertical_Speed_MS,Vertical_Speed_FPM,Heading_Deg,Flight_Phase,Is_Ground,SPI_Transponder,Position_Source_ID,Time_Position_Unix,Last_Contact_Unix,Sensors_Data,Source
2026-09-24 22:21:31,NONE,N/A,N/A,N/A,N/A,-8.7482,115.1672,0,0,0,0,0,0,0,0,0,No Flights,0,0,0,0,0,N/A,OpenSky Network
2026-09-24 22:28:28,NONE,N/A,N/A,N/A,N/A,-8.7482,115.1672,0,0,0,0,0,0,0,0,0,No Flights,0,0,0,0,0,N/A,OpenSky Network
2026-09-24 22:37:44,NONE,N/A,N/A,N/A,N/A,-8.7482,115.1672,0,0,0,0,0,0,0,0,0,No Flights,0,0,0,0,0,N/A,OpenSky Network
2026-09-24 22:42:26,NONE,N/A,N/A,N/A,N/A,-8.7482,115.1672,0,0,0,0,0,0,0,0,0,No Flights,0,0,0,0,0,N/A,OpenSky Network
2026-09-24 22:49:28,NONE,N/A,N/A,N/A,N/A,-8.7482,115.1672,0,0,0,0,0,0,0,0,0,No Flights,0,0,0,0,0,N/A,OpenSky Network
2026-09-24 22:56:25,NONE,N/A,N/A,N/A,N/A,-8.7482,115.1672,0,0,0,0,0,0,0,0,0,No Flights,0,0,0,0,0,N/A,OpenSky Network
2026-09-24 23:00:44,NONE,N/A,N/A,N/A,N/A,-8.7482,115.1672,0,0,0,0,0,0,0,0,0,No Flights,0,0,0,0,0,N/A,OpenSky Network
2026-09-24 23:07:25,NONE,N/A,N/A,N/A,N/A,-8.7482,115.1672,0,0,0,0,0,0,0,0,0,No Flights,0,0,0,0,0,N/A,OpenSky Network
2026-09-24 23:15:03,NONE,N/A,N/A,N/A,N/A,-8.7482,115.1672,0,0,0,0,0,0,0,0,0,No Flights,0,0,0,0,0,N/A,OpenSky Network
2026-09-24 23:21:25,NONE,N/A,N/A,N/A,N/A,-8.7482,115.1672,0,0,0,0,0,0,0,0,0,No Flights,0,0,0,0,0,N/A,OpenSky Network
2026-09-24 23:28:28,NONE,N/A,N/A,N/A,N/A,-8.7482,115.1672,0,0,0,0,0,0,0,0,0,No Flights,0,0,0,0,0,N/A,OpenSky Network
2026-09-24 23:35:30,NONE,N/A,N/A,N/A,N/A,-8.7482,115.1672,0,0,0,0,0,0,0,0,0,No Flights,0,0,0,0,0,N/A,OpenSky Network
2026-09-24 23:42:33,NONE,N/A,N/A,N/A,N/A,-8.7482,115.1672,0,0,0,0,0,0,0,0,0,No Flights,0,0,0,0,0,N/A,OpenSky Network
2026-09-24 23:49:27,NONE,N/A,N/A,N/A,N/A,-8.7482,115.1672,0,0,0,0,0,0,0,0,0,No Flights,0,0,0,0,0,N/A,OpenSky Network
2026-09-24 23:56:26,NONE,N/A,N/A,N/A,N/A,-8.7482,115.1672,0,0,0,0,0,0,0,0,0,No Flights,0,0,0,0,0,N/A,OpenSky Network
2026-09-25 00:00:58,NONE,N/A,N/A,N/A,N/A,-8.7482,115.1672,0,0,0,0,0,0,0,0,0,No Flights,0,0,0,0,0,N/A,OpenSky Network
2026-09-25 00:07:26,NONE,N/A,N/A,N/A,N/A,-8.7482,115.1672,0,0,0,0,0,0,0,0,0,No Flights,0,0,0,0,0,N/A,OpenSky Network
2026-09-25 00:14:21,NONE,N/A,N/A,N/A,N/A,-8.7482,115.1672,0,0,0,0,0,0,0,0,0,No Flights,0,0,0,0,0,N/A,OpenSky Network
2026-09-25 00:21:26,NONE,N/A,N/A,N/A,N/A,-8.7482,115.1672,0,0,0,0,0,0,0,0,0,No Flights,0,0,0,0,0,N/A,OpenSky Network
2026-09-25 00:28:28,NONE,N/A,N/A,N/A,N/A,-8.7482,115.1672,0,0,0,0,0,0,0,0,0,No Flights,0,0,0,0,0,N/A,OpenSky Network
2026-09-25 00:35:28,NONE,N/A,N/A,N/A,N/A,-8.7482,115.1672,0,0,0,0,0,0,0,0,0,No Flights,0,0,0,0,0,N/A,OpenSky Network
2026-09-25 00:42:24,NONE,N/A,N/A,N/A,N/A,-8.7482,115.1672,0,0,0,0,0,0,0,0,0,No Flights,0,0,0,0,0,N/A,OpenSky Network
2026-09-25 00:49:25,NONE,N/A,N/A,N/A,N/A,-8.7482,115.1672,0,0,0,0,0,0,0,0,0,No Flights,0,0,0,0,0,N/A,OpenSky Network
2026-09-25 00:56:28,NONE,N/A,N/A,N/A,N/A,-8.7482,115.1672,0,0,0,0,0,0,0,0,0,No Flights,0,0,0,0,0,N/A,OpenSky Network
2026-09-25 01:00:53,NONE,N/A,N/A,N/A,N/A,-8.7482,115.1672,0,0,0,0,0,0,0,0,0,No Flights,0,0,0,0,0,N/A,OpenSky Network
2026-09-25 01:07:23,NONE,N/A,N/A,N/A,N/A,-8.7482,115.1672,0,0,0,0,0,0,0,0,0,No Flights,0,0,0,0,0,N/A,OpenSky Network
2026-09-25 01:14:25,NONE,N/A,N/A,N/A,N/A,-8.7482,115.1672,0,0,0,0,0,0,0,0,0,No Flights,0,0,0,0,0,N/A,OpenSky Network
2026-09-25 01:21:25,NONE,N/A,N/A,N/A,N/A,-8.7482,115.1672,0,0,0,0,0,0,0,0,0,No Flights,0,0,0,0,0,N/A,OpenSky Network
2026-09-25 01:28:24,NONE,N/A,N/A,N/A,N/A,-8.7482,115.1672,0,0,0,0,0,0,0,0,0,No Flights,0,0,0,0,0,N/A,OpenSky Network
2026-09-25 01:35:28,NONE,N/A,N/A,N/A,N/A,-8.7482,115.1672,0,0,0,0,0,0,0,0,0,No Flights,0,0,0,0,0,N/A,OpenSky Network
2026-09-25 01:42:26,NONE,N/A,N/A,N/A,N/A,-8.7482,115.1672,0,0,0,0,0,0,0,0,0,No Flights,0,0,0,0,0,N/A,OpenSky Network
2026-09-25 01:49:25,NONE,N/A,N/A,N/A,N/A,-8.7482,115.1672,0,0,0,0,0,0,0,0,0,No Flights,0,0,0,0,0,N/A,OpenSky Network
2026-09-25 01:56:25,NONE,N/A,N/A,N/A,N/A,-8.7482,115.1672,0,0,0,0,0,0,0,0,0,No Flights,0,0,0,0,0,N/A,OpenSky Network
2026-09-25 02:00:47,NONE,N/A,N/A,N/A,N/A,-8.7482,115.1672,0,0,0,0,0,0,0,0,0,No Flights,0,0,0,0,0,N/A,OpenSky Network
2026-09-25 02:07:59,NONE,N/A,N/A,N/A,N/A,-8.7482,115.1672,0,0,0,0,0,0,0,0,0,No Flights,0,0,0,0,0,N/A,OpenSky Network
2026-09-25 02:14:26,NONE,N/A,N/A,N/A,N/A,-8.7482,115.1672,0,0,0,0,0,0,0,0,0,No Flights,0,0,0,0,0,N/A,OpenSky Network
2026-09-25 02:21:33,NONE,N/A,N/A,N/A,N/A,-8.7482,115.1672,0,0,0,0,0,0,0,0,0,No Flights,0,0,0,0,0,N/A,OpenSky Network
2026-09-25 02:28:24,NONE,N/A,N/A,N/A,N/A,-8.7482,115.1672,0,0,0,0,0,0,0,0,0,No Flights,0,0,0,0,0,N/A,OpenSky Network
2026-09-25 02:35:26,NONE,N/A,N/A,N/A,N/A,-8.7482,115.1672,0,0,0,0,0,0,0,0,0,No Flights,0,0,0,0,0,N/A,OpenSky Network
2026-09-25 02:42:26,NONE,N/A,N/A,N/A,N/A,-8.7482,115.1672,0,0,0,0,0,0,0,0,0,No Flights,0,0,0,0,0,N/A,OpenSky Network
2026-09-25 02:49:32,N/A,Unknown,8a05d5,Indonesia,N/A,-6.9809,110.7497,10660.38,34975.0,0,0.0,828.0,447.1,0,0.0,91.03,Cruising,0,0,0,1790279342,1790279342,N/A,OpenSky Network
2026-09-25 02:56:27,BTK6540,Batik Air,8a0604,Indonesia,N/A,-6.9949,111.428,10058.4,33000.0,10767.06,35325.0,851.0,459.5,0,0.0,96.0,Cruising,0,0,0,1790279647,1790279648,N/A,OpenSky Network
2026-09-25 02:56:27,CTV602,Citilink,8a05d5,Indonesia,N/A,-6.9887,111.2048,10668.0,35000.0,11407.14,37425.0,831.7,449.1,0,0.0,91.02,Cruising,0,0,0,1790279560,1790279560,N/A,OpenSky Network
2026-09-25 03:00:46,NONE,N/A,N/A,N/A,N/A,-8.7482,115.1672,0,0,0,0,0,0,0,0,0,No Flights,0,0,0,0,0,N/A,OpenSky Network
2026-09-25 03:07:34,NONE,N/A,N/A,N/A,N/A,-8.7482,115.1672,0,0,0,0,0,0,0,0,0,No Flights,0,0,0,0,0,N/A,OpenSky Network
2026-09-25 03:14:31,NONE,N/A,N/A,N/A,N/A,-8.7482,115.1672,0,0,0,0,0,0,0,0,0,No Flights,0,0,0,0,0,N/A,OpenSky Network
2026-09-25 03:22:08,NONE,N/A,N/A,N/A,N/A,-8.7482,115.1672,0,0,0,0,0,0,0,0,0,No Flights,0,0,0,0,0,N/A,OpenSky Network
2026-09-25 03:28:26,NONE,N/A,N/A,N/A,N/A,-8.7482,115.1672,0,0,0,0,0,0,0,0,0,No Flights,0,0,0,0,0,N/A,OpenSky Network
2026-09-25 03:35:29,NONE,N/A,N/A,N/A,N/A,-8.7482,115.1672,0,0,0,0,0,0,0,0,0,No Flights,0,0,0,0,0,N/A,OpenSky Network
2026-09-25 03:42:28,NONE,N/A,N/A,N/A,N/A,-8.7482,115.1672,0,0,0,0,0,0,0,0,0,No Flights,0,0,0,0,0,N/A,OpenSky Network
2026-09-25 03:49:30,NONE,N/A,N/A,N/A,N/A,-8.7482,115.1672,0,0,0,0,0,0,0,0,0,No Flights,0,0,0,0,0,N/A,OpenSky Network
2026-09-25 03:56:29,NONE,N/A,N/A,N/A,N/A,-8.7482,115.1672,0,0,0,0,0,0,0,0,0,No Flights,0,0,0,0,0,N/A,OpenSky Network
2026-09-25 04:00:43,NONE,N/A,N/A,N/A,N/A,-8.7482,115.1672,0,0,0,0,0,0,0,0,0,No Flights,0,0,0,0,0,N/A,OpenSky Network
2026-09-25 04:07:29,NONE,N/A,N/A,N/A,N/A,-8.7482,115.1672,0,0,0,0,0,0,0,0,0,No Flights,0,0,0,0,0,N/A,OpenSky Network
2026-09-25 04:14:39,NONE,N/A,N/A,N/A,N/A,-8.7482,115.1672,0,0,0,0,0,0,0,0,0,No Flights,0,0,0,0,0,N/A,OpenSky Network
2026-09-25 04:21:23,NONE,N/A,N/A,N/A,N/A,-8.7482,115.1672,0,0,0,0,0,0,0,0,0,No Flights,0,0,0,0,0,N/A,OpenSky Network
2026-09-25 04:28:25,NONE,N/A,N/A,N/A,N/A,-8.7482,115.1672,0,0,0,0,0,0,0,0,0,No Flights,0,0,0,0,0,N/A,OpenSky Network
2026-09-25 04:35:29,LNI690,Lion Air,8a0578,Indonesia,N/A,-7.056,110.9759,7650.48,25100.0,8176.26,26825.0,715.6,386.4,0,0.0,100.44,Cruising,0,0,0,1790285694,1790285710,N/A,OpenSky Network
2026-09-25 04:42:37,NONE,N/A,N/A,N/A,N/A,-8.7482,115.1672,0,0,0,0,0,0,0,0,0,No Flights,0,0,0,0,0,N/A,OpenSky Network
2026-09-25 04:49:28,NONE,N/A,N/A,N/A,N/A,-8.7482,115.1672,0,0,0,0,0,0,0,0,0,No Flights,0,0,0,0,0,N/A,OpenSky Network
2026-09-25 04:56:29,NONE,N/A,N/A,N/A,N/A,-8.7482,115.1672,0,0,0,0,0,0,0,0,0,No Flights,0,0,0,0,0,N/A,OpenSky Network
2026-09-25 05:00:41,NONE,N/A,N/A,N/A,N/A,-8.7482,115.1672,0,0,0,0,0,0,0,0,0,No Flights,0,0,0,0,0,N/A,OpenSky Network
2026-09-25 05:07:29,NONE,N/A,N/A,N/A,N/A,-8.7482,115.1672,0,0,0,0,0,0,0,0,0,No Flights,0,0,0,0,0,N/A,OpenSky Network
2026-09-25 05:14:24,NONE,N/A,N/A,N/A,N/A,-8.7482,115.1672,0,0,0,0,0,0,0,0,0,No Flights,0,0,0,0,0,N/A,OpenSky Network
2026-09-25 05:21:28,LNI020,Lion Air,8a097b,Indonesia,N/A,-6.9894,111.2193,10668,35000.0,11399.52,37400.0,850.2,459.1,0.33,65.0,91,Cruising,0,0,0,1790288402,1790288402,N/A,OpenSky Network
2026-09-25 05:28:27,LNI020,Lion Air,8a097b,Indonesia,N/A,-7.0686,111.6005,10668,35000.0,11399.52,37400.0,860.9,464.8,0,0.0,112.65,Cruising,0,0,0,1790288587,1790288587,N/A,OpenSky Network
2026-09-25 05:35:26,CTV680,Citilink,8a06d0,Indonesia,N/A,-6.9812,110.7508,10668,35000.0,0,0.0,815.0,440.1,0,0.0,91.04,Cruising,0,0,0,1790289311,1790289311,N/A,OpenSky Network
2026-09-25 05:42:23,CTV680,Citilink,8a06d0,Indonesia,N/A,-6.9889,111.2082,10668,35000.0,11414.76,37450.0,818.7,442.1,0,0.0,91.04,Cruising,0,0,0,1790289535,1790289535,N/A,OpenSky Network
2026-09-25 05:49:27,NONE,N/A,N/A,N/A,N/A,-8.7482,115.1672,0,0,0,0,0,0,0,0,0,No Flights,0,0,0,0,0,N/A,OpenSky Network
2026-09-25 05:56:30,LNI656,Lion Air,8a082a,Indonesia,N/A,-6.9216,110.9478,10675.62,35025.0,11414.76,37450.0,841.0,454.1,0.33,65.0,98.61,Cruising,0,0,0,1790290587,1790290587,N/A,OpenSky Network
2026-09-25 05:56:30,TNU5161,TransNusa,8a0a67,Indonesia,N/A,-6.976,111.2395,10668.0,35000.0,11407.14,37425.0,829.5,447.9,0.0,0.0,95.25,Cruising,0,0,0,1790290355,1790290355,N/A,OpenSky Network
2026-09-25 06:00:48,LNI656,Lion Air,8a082a,Indonesia,N/A,-7.0017,111.4772,10675.62,35025.0,11422.38,37475.0,844.7,456.1,-0.33,-65.0,98.57,Cruising,0,0,0,1790290840,1790290840,N/A,OpenSky Network
2026-09-25 06:07:21,BTK7511,Batik Air,8a063c,Indonesia,N/A,-7.0742,110.9465,9334.5,30625.0,10027.92,32900.0,819.0,442.2,-10.08,-1984.2,99.63,Descending (Landing/Approach),0,0,0,1790291219,1790291219,N/A,OpenSky Network
2026-09-25 06:15:02,SJV777,Sriwijaya Air / Super Air Jet,8a09c4,Indonesia,N/A,-7.5617,110.6924,7338.06,24075.0,7917.18,25975.0,739.9,399.5,-11.7,-2303.1,228.45,Descending (Landing/Approach),0,0,0,1790291699,1790291699,N/A,OpenSky Network
2026-09-25 06:15:02,RJWL40,Other Airline,8a08cf,Indonesia,N/A,-6.9894,111.1475,7018.02,23025.0,7475.22,24525.0,539.0,291.1,0.0,0.0,90.98,Cruising,0,0,0,1790291656,1790291656,N/A,OpenSky Network
2026-09-25 06:21:25,NONE,N/A,N/A,N/A,N/A,-8.7482,115.1672,0,0,0,0,0,0,0,0,0,No Flights,0,0,0,0,0,N/A,OpenSky Network
2026-09-25 06:28:27,LKN280,Lion Air (Alt),8a054f,Indonesia,N/A,-6.9895,111.222,10073.64,33050.0,10782.3,35375.0,798.3,431.0,0,0.0,90.93,Cruising,0,0,0,1790292301,1790292301,N/A,OpenSky Network
2026-09-25 06:35:31,NONE,N/A,N/A,N/A,N/A,-8.7482,115.1672,0,0,0,0,0,0,0,0,0,No Flights,0,0,0,0,0,N/A,OpenSky Network
2026-09-25 06:42:28,NONE,N/A,N/A,N/A,N/A,-8.7482,115.1672,0,0,0,0,0,0,0,0,0,No Flights,0,0,0,0,0,N/A,OpenSky Network
2026-09-25 06:49:19,AWQ806,Indonesia AirAsia,8a03f3,Indonesia,N/A,-6.9476,111.1453,9456.42,31025.0,10119.36,33200.0,859.5,464.1,0,0.0,99.3,Cruising,0,0,0,1790293757,1790293757,N/A,OpenSky Network
2026-09-25 06:49:19,SJV796,Sriwijaya Air / Super Air Jet,8a0955,Indonesia,N/A,-6.9812,110.7568,11879.58,38975.0,12702.54,41675.0,824.3,445.1,0,0.0,91.03,Cruising,0,0,0,1790293742,1790293742,N/A,OpenSky Network
2026-09-25 06:56:24,SJV796,Sriwijaya Air / Super Air Jet,8a0955,Indonesia,N/A,-6.9959,111.4385,11887.2,39000.0,12710.16,41700.0,831.6,449.0,0,0.0,90.89,Cruising,0,0,0,1790294070,1790294070,N/A,OpenSky Network
2026-09-25 06:56:24,SJV665,Sriwijaya Air / Super Air Jet,8a08eb,Indonesia,N/A,-6.9348,110.8806,10363.2,34000.0,11109.96,36450.0,888.7,479.9,0,0.0,206.08,Cruising,0,0,0,1790294160,1790294160,N/A,OpenSky Network
2026-09-25 07:00:43,CTV738,Citilink,8a061c,Indonesia,N/A,-6.9872,111.1202,7680.96,25200.0,8237.22,27025.0,733.5,396.1,-8.13,-1600.4,91.01,Descending (Landing/Approach),0,0,0,1790294348,1790294348,N/A,OpenSky Network
2026-09-25 07:00:43,SJV796,Sriwijaya Air / Super Air Jet,8a0955,Indonesia,N/A,-6.9959,111.4385,11887.2,39000.0,12710.16,41700.0,838.2,452.6,0.0,0.0,99.03,Cruising,0,0,0,1790294070,1790294197,N/A,OpenSky Network
2026-09-25 07:00:43,SJV321,Sriwijaya Air / Super Air Jet,8a0950,Indonesia,N/A,-6.669,111.0624,9700.26,31825.0,10386.06,34075.0,864.4,466.7,4.88,960.6,315.87,Climbing (Takeoff),0,0,0,1790294434,1790294434,N/A,OpenSky Network
2026-09-25 07:00:43,SJV665,Sriwijaya Air / Super Air Jet,8a08eb,Indonesia,N/A,-7.4641,110.6922,8054.34,26425.0,8763.0,28750.0,808.4,436.5,-20.48,-4031.5,209.21,Descending (Landing/Approach),0,0,0,1790294427,1790294427,N/A,OpenSky Network
2026-09-25 07:07:23,NONE,N/A,N/A,N/A,N/A,-8.7482,115.1672,0,0,0,0,0,0,0,0,0,No Flights,0,0,0,0,0,N/A,OpenSky Network
2026-09-25 07:14:25,BTK6375,Batik Air,8a0638,Indonesia,N/A,-7.3097,110.7779,2606.04,8550.0,2773.68,9100.0,539.2,291.1,15.61,3072.8,347.3,Climbing (Takeoff),0,0,0,1790295227,1790295227,N/A,OpenSky Network
2026-09-25 07:21:22,SJV127,Sriwijaya Air / Super Air Jet,8a08b7,Indonesia,N/A,-7.0535,110.8135,5120.64,16800.0,5318.76,17450.0,681.9,368.2,10.73,2112.2,2.02,Climbing (Takeoff),0,0,0,1790295636,1790295636,N/A,OpenSky Network
2026-09-25 07:28:24,PAS200,Pelita Air Service,8a0914,Indonesia,N/A,-6.9883,111.1603,7802.88,25600.0,8397.24,27550.0,748.3,404.1,-10.08,-1984.2,90.99,Descending (Landing/Approach),0,0,0,1790295984,1790295984,N/A,OpenSky Network
2026-09-25 07:28:24,PAS646,Pelita Air Service,8a0915,Indonesia,N/A,-6.6185,111.1938,10972.8,36000.0,11750.04,38550.0,864.2,466.6,0.0,0.0,217.34,Cruising,0,0,0,1790296081,1790296083,N/A,OpenSky Network
2026-09-25 07:28:24,SJV127,Sriwijaya Air / Super Air Jet,8a08b7,Indonesia,N/A,-6.8976,111.2434,7673.34,25175.0,8206.74,26925.0,794.6,429.0,7.8,1535.4,89.2,Climbing (Takeoff),0,0,0,1790295929,1790295929,N/A,OpenSky Network
2026-09-25 07:35:28,PAS646,Pelita Air Service,8a0915,Indonesia,N/A,-7.3993,110.749,8549.64,28050.0,9189.72,30150.0,770.6,416.1,-6.83,-1344.5,181.24,Descending (Landing/Approach),0,0,0,1790296514,1790296514,N/A,OpenSky Network
2026-09-25 07:42:28,LNI668,Lion Air,8a1812,Indonesia,N/A,-7.2025,110.7574,8648.7,28375.0,9258.3,30375.0,785.5,424.1,-2.28,-448.8,197.28,Descending (Landing/Approach),0,0,0,1790296938,1790296938,N/A,OpenSky Network
2026-09-25 07:49:26,SJV316,Sriwijaya Air / Super Air Jet,8a096e,Indonesia,N/A,-6.9879,111.1232,7368.54,24175.0,7901.94,25925.0,716.9,387.1,-5.2,-1023.6,91.18,Descending (Landing/Approach),0,0,0,1790297186,1790297188,N/A,OpenSky Network
2026-09-25 07:56:29,N/A,Unknown,8a043a,Indonesia,N/A,-7.0865,111.0296,8252.46,27075.0,8900.16,29200.0,739.6,399.4,-10.08,-1984.2,100.24,Descending (Landing/Approach),0,0,0,1790297464,1790297464,N/A,OpenSky Network
2026-09-25 07:56:29,ATLAS01,Other Airline,8a0a25,Indonesia,N/A,-6.9886,111.1762,9441.18,30975.0,10119.36,33200.0,692.7,374.1,0.0,0.0,90.92,Cruising,0,0,0,1790297474,1790297474,N/A,OpenSky Network
2026-09-25 08:00:39,NONE,N/A,N/A,N/A,N/A,-8.7482,115.1672,0,0,0,0,0,0,0,0,0,No Flights,0,0,0,0,0,N/A,OpenSky Network
2026-09-25 08:07:24,GIA402,Garuda Indonesia,8a0a65,Indonesia,N/A,-6.9863,111.0391,10058.4,33000.0,10774.68,35350.0,816.9,441.1,0,0.0,91.04,Cruising,0,0,0,1790298413,1790298413,N/A,OpenSky Network
2026-09-25 08:14:28,NONE,N/A,N/A,N/A,N/A,-8.7482,115.1672,0,0,0,0,0,0,0,0,0,No Flights,0,0,0,0,0,N/A,OpenSky Network
2026-09-25 08:21:25,NONE,N/A,N/A,N/A,N/A,-8.7482,115.1672,0,0,0,0,0,0,0,0,0,No Flights,0,0,0,0,0,N/A,OpenSky Network
2026-09-25 08:28:27,NONE,N/A,N/A,N/A,N/A,-8.7482,115.1672,0,0,0,0,0,0,0,0,0,No Flights,0,0,0,0,0,N/A,OpenSky Network
2026-09-25 08:35:29,GIA432,Garuda Indonesia,8a01dd,Indonesia,N/A,-6.989,111.203,10668,35000.0,11414.76,37450.0,831.6,449.0,0,0.0,90.89,Cruising,0,0,0,1790300038,1790300038,N/A,OpenSky Network
2026-09-25 08:42:29,GIA302,Garuda Indonesia,8a023f,Indonesia,N/A,-6.985,110.9609,8976.36,29450.0,9624.06,31575.0,779.8,421.1,-10.4,-2047.2,91.09,Descending (Landing/Approach),0,0,0,1790300538,1790300538,N/A,OpenSky Network
2026-09-25 08:49:28,GIA406,Garuda Indonesia,8a02d3,Indonesia,N/A,-6.989,111.1979,10058.4,33000.0,10774.68,35350.0,816.8,441.1,0.0,0.0,90.91,Cruising,0,0,0,1790300833,1790300833,N/A,OpenSky Network
2026-09-25 08:49:28,N/A,Unknown,8a09a0,Indonesia,N/A,-6.9813,110.7519,10447.02,34275.0,11216.64,36800.0,835.4,451.1,-4.55,-895.7,91.02,Descending (Landing/Approach),0,0,0,1790300937,1790300938,N/A,OpenSky Network
2026-09-25 08:49:28,GIA302,Garuda Indonesia,8a023f,Indonesia,N/A,-6.9884,111.1457,8016.24,26300.0,8641.08,28350.0,739.1,399.1,-10.73,-2112.2,91.15,Descending (Landing/Approach),0,0,0,1790300635,1790300635,N/A,OpenSky Network
2026-09-25 08:56:23,BTK6584,Batik Air,8a09a0,Indonesia,N/A,-6.988,111.1504,8161.02,26775.0,8831.58,28975.0,779.8,421.1,-11.05,-2175.2,91.09,Descending (Landing/Approach),0,0,0,1790301131,1790301131,N/A,OpenSky Network
2026-09-25 09:00:45,LNI641,Lion Air,8a01ae,Indonesia,N/A,-6.8075,111.3331,10660.38,34975.0,11430.0,37500.0,879.4,474.8,-4.88,-960.6,236.08,Descending (Landing/Approach),0,0,0,1790301622,1790301625,N/A,OpenSky Network
2026-09-25 09:00:45,PAS647,Pelita Air Service,8a0915,Indonesia,N/A,-7.466,110.8085,7360.92,24150.0,7901.94,25925.0,788.8,425.9,2.93,576.8,51.87,Climbing (Takeoff),0,0,0,1790301625,1790301625,N/A,OpenSky Network
2026-09-25 09:07:26,LNI641,Lion Air,8a01ae,Indonesia,N/A,-7.3077,110.7502,7025.64,23050.0,7543.8,24750.0,724.2,391.0,-13.33,-2624.0,180.88,Descending (Landing/Approach),0,0,0,1790302011,1790302023,N/A,OpenSky Network
2026-09-25 09:07:26,PAS647,Pelita Air Service,8a0915,Indonesia,N/A,-7.1346,111.2808,9128.76,29950.0,9799.32,32150.0,778.9,420.6,4.55,895.7,71.57,Climbing (Takeoff),0,0,0,1790301912,1790301919,N/A,OpenSky Network
2026-09-25 09:07:26,TNU5105,TransNusa,8a0aad,Indonesia,N/A,-6.431,111.2359,10972.8,36000.0,11765.28,38600.0,833.8,450.2,0.0,0.0,298.67,Cruising,0,0,0,1790301978,1790301978,N/A,OpenSky Network
2026-09-25 09:14:29,NONE,N/A,N/A,N/A,N/A,-8.7482,115.1672,0,0,0,0,0,0,0,0,0,No Flights,0,0,0,0,0,N/A,OpenSky Network
2026-09-25 09:21:22,LNI030,Lion Air,8a0311,Indonesia,N/A,-6.9889,111.1895,10058.4,33000.0,10767.06,35325.0,826.1,446.1,0.0,0.0,90.9,Cruising,0,0,0,1790302846,1790302850,N/A,OpenSky Network
2026-09-25 09:21:22,PAS202,Pelita Air Service,8a09bb,Indonesia,N/A,-7.0065,111.1673,8039.1,26375.0,8625.84,28300.0,741.2,400.2,-10.73,-2112.2,103.58,Descending (Landing/Approach),0,0,0,1790302725,1790302727,N/A,OpenSky Network
2026-09-25 09:21:22,J843KT,Other Airline,8a1011,Indonesia,N/A,-7.7926,110.7348,2103.12,6900.0,2247.9,7375.0,343.2,185.3,7.48,1472.4,70.78,Climbing (Takeoff),0,0,0,1790302712,1790302712,N/A,OpenSky Network
2026-09-25 09:21:22,AWQ808,Indonesia AirAsia,8a017c,Indonesia,N/A,-6.9831,110.8583,10668.0,35000.0,11407.14,37425.0,844.6,456.1,0.0,0.0,91.01,Cruising,0,0,0,1790302851,1790302865,N/A,OpenSky Network
2026-09-25 09:29:00,SJV370,Sriwijaya Air / Super Air Jet,8a0951,Indonesia,N/A,-6.9857,111.0146,10058.4,33000.0,10797.54,35425.0,824.3,445.1,0,0.0,90.9,Cruising,0,0,0,1790303133,1790303133,N/A,OpenSky Network
2026-09-25 09:35:31,LNI522,Lion Air,8a082d,Indonesia,N/A,-7.1818,111.1702,9448.8,31000.0,10111.74,33175.0,837.4,452.1,0,0.0,51.74,Cruising,0,0,0,1790303647,1790303647,N/A,OpenSky Network
2026-09-25 09:43:01,NONE,N/A,N/A,N/A,N/A,-8.7482,115.1672,0,0,0,0,0,0,0,0,0,No Flights,0,0,0,0,0,N/A,OpenSky Network
2026-09-25 09:49:22,SJV170,Sriwijaya Air / Super Air Jet,8a08de,Indonesia,N/A,-6.9858,111.027,10058.4,33000.0,10782.3,35375.0,826.1,446.1,0,0.0,90.9,Cruising,0,0,0,1790304416,1790304416,N/A,OpenSky Network
2026-09-25 09:56:22,GIA222,Garuda Indonesia,8a01e0,Indonesia,N/A,-7.4772,110.9387,601.98,1975.0,670.56,2200.0,347.3,187.5,-0.65,-128.0,274.28,Cruising,0,0,0,1790304803,1790304806,N/A,OpenSky Network
2026-09-25 09:56:22,BTK6566,Batik Air,8a0638,Indonesia,N/A,-6.9841,111.2115,9448.8,31000.0,10165.08,33350.0,850.8,459.4,0.0,0.0,92.37,Cruising,0,0,0,1790304946,1790304946,N/A,OpenSky Network
2026-09-25 09:56:22,SJV122,Sriwijaya Air / Super Air Jet,8a08b7,Indonesia,N/A,-7.5295,110.7304,6416.04,21050.0,6896.1,22625.0,761.1,411.0,-9.75,-1919.3,226.48,Descending (Landing/Approach),0,0,0,1790304978,1790304978,N/A,OpenSky Network
2026-09-25 10:00:44,BTK6566,Batik Air,8a0638,Indonesia,N/A,-6.9841,111.2115,9448.8,31000.0,10165.08,33350.0,850.8,459.4,0.0,0.0,92.37,Cruising,0,0,0,1790304946,1790304946,N/A,OpenSky Network
2026-09-25 10:00:44,CTV718,Citilink,8a0508,Indonesia,N/A,-6.9803,110.6983,9791.7,32125.0,11811.0,38750.0,774.3,418.1,-10.4,-2047.2,91.1,Descending (Landing/Approach),0,0,0,1790305209,1790305209,N/A,OpenSky Network
2026-09-25 10:07:25,CTV718,Citilink,8a0508,Indonesia,N/A,-6.9879,111.1514,7498.08,24600.0,8061.96,26450.0,679.8,367.1,-9.75,-1919.3,90.94,Descending (Landing/Approach),0,0,0,1790305458,1790305462,N/A,OpenSky Network
2026-09-25 10:07:25,N/A,Unknown,8a0837,Indonesia,N/A,-6.9481,110.8892,9075.42,29775.0,9723.12,31900.0,780.7,421.5,-5.2,-1023.6,94.9,Descending (Landing/Approach),0,0,0,1790305636,1790305637,N/A,OpenSky Network
2026-09-25 10:07:25,WALET15,Other Airline,8a095f,Indonesia,N/A,-7.5047,110.8047,2766.06,9075.0,2964.18,9725.0,333.4,180.0,0.33,65.0,69.85,Cruising,0,0,0,1790305565,1790305565,N/A,OpenSky Network
2026-09-25 10:07:25,PAS102,Pelita Air Service,8a0a89,Indonesia,N/A,-6.9633,111.1716,11277.6,37000.0,12077.7,39625.0,835.5,451.1,0.0,0.0,96.75,Cruising,0,0,0,1790305631,1790305633,N/A,OpenSky Network
2026-09-25 10:14:25,GIA322,Garuda Indonesia,8a044f,Indonesia,N/A,-6.988,111.1411,8351.52,27400.0,8953.5,29375.0,779.9,421.1,-11.7,-2303.1,91.22,Descending (Landing/Approach),0,0,0,1790306034,1790306035,N/A,OpenSky Network
2026-09-25 10:14:25,LNI694,Lion Air,8a0837,Indonesia,N/A,-6.9833,111.1984,7490.46,24575.0,8244.84,27050.0,730.4,394.4,-10.4,-2047.2,103.19,Descending (Landing/Approach),0,0,0,1790305801,1790305801,N/A,OpenSky Network
2026-09-25 10:14:25,WALET15,Other Airline,8a095f,Indonesia,N/A,-7.4237,111.1666,2766.06,9075.0,2948.94,9675.0,349.5,188.7,0.65,128.0,77.14,Cruising,0,0,0,1790305985,1790305985,N/A,OpenSky Network
2026-09-25 10:14:25,PAS102,Pelita Air Service,8a0a89,Indonesia,N/A,-7.0623,111.5855,11277.6,37000.0,12077.7,39625.0,835.5,451.1,0.0,0.0,96.75,Cruising,0,0,0,1790305834,1790305834,N/A,OpenSky Network
2026-09-25 10:21:27,NONE,N/A,N/A,N/A,N/A,-8.7482,115.1672,0,0,0,0,0,0,0,0,0,No Flights,0,0,0,0,0,N/A,OpenSky Network
2026-09-25 10:28:24,CTV822,Citilink,8a03b3,Indonesia,N/A,-6.9859,111.0206,11277.6,37000.0,12054.84,39550.0,794.6,429.1,-0.33,-65.0,90.93,Cruising,0,0,0,1790306663,1790306663,N/A,OpenSky Network
2026-09-25 10:35:22,GIA404,Garuda Indonesia,8a04d7,Indonesia,N/A,-6.967,111.2741,12496.8,41000.0,13327.38,43725.0,869.1,469.3,0,0.0,112.69,Cruising,0,0,0,1790307173,1790307307,N/A,OpenSky Network
2026-09-25 10:42:30,LNI640,Lion Air,8a01ae,Indonesia,N/A,-7.5303,110.7365,7543.8,24750.0,8069.58,26475.0,841.1,454.2,5.53,1088.6,35.23,Climbing (Takeoff),0,0,0,1790307743,1790307743,N/A,OpenSky Network
2026-09-25 10:42:30,LNI669,Lion Air,8a1812,Indonesia,N/A,-7.2491,110.9746,9685.02,31775.0,10363.2,34000.0,810.3,437.5,4.23,832.7,40.64,Climbing (Takeoff),0,0,0,1790307740,1790307741,N/A,OpenSky Network
2026-09-25 10:49:30,LNI640,Lion Air,8a01ae,Indonesia,N/A,-7.0373,111.2097,10401.3,34125.0,11117.58,36475.0,729.5,393.9,1.63,320.9,44.07,Climbing (Takeoff),0,0,0,1790308089,1790308089,N/A,OpenSky Network
2026-09-25 10:49:30,LNI669,Lion Air,8a1812,Indonesia,N/A,-6.8841,111.2873,10058.4,33000.0,10767.06,35325.0,810.5,437.7,0.0,0.0,40.46,Cruising,0,0,0,1790307977,1790307980,N/A,OpenSky Network
2026-09-25 10:56:25,AWQ802,Indonesia AirAsia,8a02ca,Indonesia,N/A,-6.933,110.9973,10058.4,33000.0,10774.68,35350.0,868.2,468.8,0.33,65.0,109.83,Cruising,0,0,0,1790308584,1790308584,N/A,OpenSky Network
2026-09-25 10:56:25,TGW249,Scoot,76b862,Singapore,N/A,-7.4527,110.7414,7452.36,24450.0,7985.76,26200.0,848.3,458.0,4.55,895.7,10.06,Climbing (Takeoff),0,0,0,1790308584,1790308584,N/A,OpenSky Network
2026-09-25 10:56:25,N/A,Unknown,8a03ae,Indonesia,N/A,-6.9829,110.8569,10668.0,35000.0,11407.14,37425.0,816.9,441.1,0.0,0.0,91.04,Cruising,0,0,0,1790308582,1790308583,N/A,OpenSky Network
2026-09-25 10:56:25,LNI034,Lion Air,8a097b,Indonesia,N/A,-6.9895,111.2048,10668.0,35000.0,11414.76,37450.0,861.3,465.0,0.0,0.0,90.86,Cruising,0,0,0,1790308446,1790308448,N/A,OpenSky Network
2026-09-25 11:00:47,AWQ802,Indonesia AirAsia,8a02ca,Indonesia,N/A,-7.1066,111.4559,10058.4,33000.0,10774.68,35350.0,869.2,469.3,0.0,0.0,110.71,Cruising,0,0,0,1790308808,1790308821,N/A,OpenSky Network
2026-09-25 11:00:47,J922G,Other Airline,8a0428,Indonesia,N/A,-7.7464,110.6842,2141.22,7025.0,2270.76,7450.0,324.1,175.0,3.25,639.8,57.13,Climbing (Takeoff),0,0,0,1790308839,1790308839,N/A,OpenSky Network
2026-09-25 11:00:47,N/A,Unknown,8a03ae,Indonesia,N/A,-6.9844,110.9446,10668.0,35000.0,11407.14,37425.0,816.9,441.1,0.0,0.0,91.04,Cruising,0,0,0,1790308624,1790308650,N/A,OpenSky Network
2026-09-25 11:00:47,LNI034,Lion Air,8a097b,Indonesia,N/A,-7.0627,111.5863,10668.0,35000.0,11414.76,37450.0,861.3,465.0,0.0,0.0,90.86,Cruising,0,0,0,1790308627,1790308627,N/A,OpenSky Network
2026-09-25 11:07:22,J922G,Other Airline,8a0428,Indonesia,N/A,-7.764,110.7211,2529.84,8300.0,2667,8750.0,107.6,58.1,-4.55,-895.7,272.96,Descending (Landing/Approach),0,0,0,1790309220,1790309220,N/A,OpenSky Network
2026-09-25 11:14:25,NONE,N/A,N/A,N/A,N/A,-8.7482,115.1672,0,0,0,0,0,0,0,0,0,No Flights,0,0,0,0,0,N/A,OpenSky Network
2026-09-25 11:21:22,MLWCW,Other Airline,424b6b,United Kingdom,N/A,-6.9863,111.0337,12496.8,41000.0,13304.52,43650.0,920.6,497.1,0,0.0,91.04,Cruising,0,0,0,1790309947,1790310002,N/A,OpenSky Network
2026-09-25 11:28:24,TNU5104,TransNusa,8a095b,Indonesia,N/A,-6.9858,111.0134,11277.6,37000.0,12077.7,39625.0,829.8,448.1,0.0,0.0,91.02,Cruising,0,0,0,1790310392,1790310392,N/A,OpenSky Network
2026-09-25 11:28:24,SJV356,Sriwijaya Air / Super Air Jet,8a094d,Indonesia,N/A,-6.984,110.904,8892.54,29175.0,9555.48,31350.0,800.2,432.1,-10.73,-2112.2,90.93,Descending (Landing/Approach),0,0,0,1790310496,1790310496,N/A,OpenSky Network
2026-09-25 11:28:24,SJV123,Sriwijaya Air / Super Air Jet,8a08b7,Indonesia,N/A,-7.4262,110.7478,7139.94,23425.0,7665.72,25150.0,803.8,434.0,7.48,1472.4,0.79,Climbing (Takeoff),0,0,0,1790310484,1790310488,N/A,OpenSky Network
2026-09-25 11:35:26,TNU5104,TransNusa,8a095b,Indonesia,N/A,-7.064,111.5892,11277.6,37000.0,12085.32,39650.0,845.1,456.3,0.0,0.0,112.69,Cruising,0,0,0,1790310672,1790310672,N/A,OpenSky Network
2026-09-25 11:35:26,SJV356,Sriwijaya Air / Super Air Jet,8a094d,Indonesia,N/A,-6.9881,111.1469,7726.68,25350.0,8328.66,27325.0,744.6,402.0,-9.43,-1856.3,90.86,Descending (Landing/Approach),0,0,0,1790310621,1790310621,N/A,OpenSky Network
2026-09-25 11:35:26,SJV123,Sriwijaya Air / Super Air Jet,8a08b7,Indonesia,N/A,-7.0336,111.2841,9677.4,31750.0,10347.96,33950.0,833.6,450.1,6.18,1216.5,72.81,Climbing (Takeoff),0,0,0,1790310850,1790310850,N/A,OpenSky Network
2026-09-25 11:42:29,PAS204,Pelita Air Service,8a0a8a,Indonesia,N/A,-7.0239,111.159,7917.18,25975.0,8503.92,27900.0,736.4,397.6,-12.68,-2496.1,102.64,Descending (Landing/Approach),0,0,0,1790311229,1790311229,N/A,OpenSky Network
2026-09-25 11:42:29,TNU5106,TransNusa,8a0aad,Indonesia,N/A,-6.9857,111.0134,10058.4,33000.0,10782.3,35375.0,811.3,438.1,0.0,0.0,91.05,Cruising,0,0,0,1790311296,1790311298,N/A,OpenSky Network
2026-09-25 11:49:23,BTK6050,Batik Air,8a09a1,Indonesia,N/A,-6.983,110.8565,10668,35000.0,11414.76,37450.0,850.2,459.1,0,0.0,91,Cruising,0,0,0,1790311757,1790311757,N/A,OpenSky Network
2026-09-25 11:56:23,BTK7583,Batik Air,8a0494,Indonesia,N/A,-7.0448,110.9705,10058.4,33000.0,10789.92,35400.0,836.2,451.5,0.0,0.0,100.46,Cruising,0,0,0,1790312162,1790312162,N/A,OpenSky Network
2026-09-25 11:56:23,GIA254,Garuda Indonesia,8a043b,Indonesia,N/A,-7.3708,110.9205,8534.4,28000.0,9121.14,29925.0,749.7,404.8,9.43,1856.3,35.14,Climbing (Takeoff),0,0,0,1790312170,1790312170,N/A,OpenSky Network
2026-09-25 11:56:23,GIA253,Garuda Indonesia,8a043a,Indonesia,N/A,-6.8289,111.2729,10972.8,36000.0,11719.56,38450.0,844.1,455.8,0.0,0.0,258.1,Cruising,0,0,0,1790312170,1790312170,N/A,OpenSky Network
2026-09-25 12:00:41,BTK7583,Batik Air,8a0494,Indonesia,N/A,-7.0728,111.1224,10058.4,33000.0,10789.92,35400.0,835.8,451.3,0.0,0.0,100.34,Cruising,0,0,0,1790312235,1790312262,N/A,OpenSky Network
2026-09-25 12:00:41,GIA254,Garuda Indonesia,8a043b,Indonesia,N/A,-7.0958,111.1592,9509.76,31200.0,10119.36,33200.0,758.3,409.5,5.2,1023.6,68.51,Climbing (Takeoff),0,0,0,1790312377,1790312377,N/A,OpenSky Network
2026-09-25 12:00:41,GIA253,Garuda Indonesia,8a043a,Indonesia,N/A,-7.0247,110.8713,10972.8,36000.0,11719.56,38450.0,854.7,461.5,0.0,0.0,214.14,Cruising,0,0,0,1790312394,1790312395,N/A,OpenSky Network
2026-09-25 12:00:41,N/A,Unknown,8a0508,Indonesia,N/A,-6.4263,111.2454,10515.6,34500.0,11262.36,36950.0,753.8,407.0,1.3,255.9,297.51,Cruising,0,0,0,1790312210,1790312211,N/A,OpenSky Network
2026-09-25 12:07:33,NONE,N/A,N/A,N/A,N/A,-8.7482,115.1672,0,0,0,0,0,0,0,0,0,No Flights,0,0,0,0,0,N/A,OpenSky Network
2026-09-25 12:14:23,T7JRG,Private / Business Jet / General Aviation,500567,San Marino,N/A,-6.9894,111.2485,11269.98,36975.0,12062.46,39575.0,837.3,452.1,-0.33,-65.0,91.01,Cruising,0,0,0,1790313198,1790313198,N/A,OpenSky Network
2026-09-25 12:21:26,BTK6656,Batik Air,8a04e4,Indonesia,N/A,-7.0222,110.8189,10668.0,35000.0,11399.52,37400.0,830.6,448.5,0,0.0,97.17,Cruising,0,0,0,1790313675,1790313675,N/A,OpenSky Network
2026-09-25 12:21:26,T7JRG,Private / Business Jet / General Aviation,500567,San Marino,N/A,-7.0827,111.635,11269.98,36975.0,12062.46,39575.0,855.8,462.1,0,0.0,112.79,Cruising,0,0,0,1790313387,1790313388,N/A,OpenSky Network
2026-09-25 12:28:23,BTK6656,Batik Air,8a04e4,Indonesia,N/A,-7.0702,111.2038,10668.0,35000.0,11399.52,37400.0,836.1,451.5,0.33,65.0,97.13,Cruising,0,0,0,1790313860,1790313860,N/A,OpenSky Network
2026-09-25 12:28:23,BTK7309,Batik Air,8a0634,Indonesia,N/A,-6.9856,111.0099,11277.6,37000.0,12054.84,39550.0,831.7,449.1,0.0,0.0,91.02,Cruising,0,0,0,1790313949,1790313954,N/A,OpenSky Network
2026-09-25 12:28:23,BTK7531,Batik Air,8a0603,Indonesia,N/A,-7.475,110.9361,647.7,2125.0,701.04,2300.0,300.7,162.4,1.3,255.9,253.91,Cruising,0,0,0,1790313986,1790314002,N/A,OpenSky Network
2026-09-25 12:35:28,NONE,N/A,N/A,N/A,N/A,-8.7482,115.1672,0,0,0,0,0,0,0,0,0,No Flights,0,0,0,0,0,N/A,OpenSky Network
2026-09-25 12:42:24,GIA408,Garuda Indonesia,8a0290,Indonesia,N/A,-6.9886,111.1668,10668,35000.0,11407.14,37425.0,818.7,442.1,0.33,65.0,91.04,Cruising,0,0,0,1790314909,1790314927,N/A,OpenSky Network
2026-09-25 12:49:23,NONE,N/A,N/A,N/A,N/A,-8.7482,115.1672,0,0,0,0,0,0,0,0,0,No Flights,0,0,0,0,0,N/A,OpenSky Network
2026-09-25 12:56:29,N/A,Unknown,8a0441,Indonesia,N/A,-6.9104,110.9286,11285.22,37025.0,12062.46,39575.0,816.9,441.1,0.0,0.0,99.53,Cruising,0,0,0,1790315785,1790315785,N/A,OpenSky Network
2026-09-25 12:56:29,CTV736,Citilink,8a0376,Indonesia,N/A,-7.1114,111.1465,7696.2,25250.0,8260.08,27100.0,720.7,389.1,-10.4,-2047.2,99.32,Descending (Landing/Approach),0,0,0,1790315784,1790315785,N/A,OpenSky Network
2026-09-25 13:00:44,AWQ860,Indonesia AirAsia,8a0441,Indonesia,N/A,-6.9468,111.1455,11277.6,37000.0,12054.84,39550.0,822.3,444.0,0.0,0.0,99.46,Cruising,0,0,0,1790315892,1790315918,N/A,OpenSky Network
2026-09-25 13:00:44,CTV736,Citilink,8a0376,Indonesia,N/A,-7.1149,111.1675,7581.9,24875.0,8267.7,27125.0,718.8,388.1,-10.4,-2047.2,99.34,Descending (Landing/Approach),0,0,0,1790315796,1790315796,N/A,OpenSky Network
2026-09-25 13:00:44,GIA312,Garuda Indonesia,8a03c8,Indonesia,N/A,-7.063,110.8467,9479.28,31100.0,10172.7,33375.0,819.6,442.6,-5.2,-1023.6,99.1,Descending (Landing/Approach),0,0,0,1790316035,1790316035,N/A,OpenSky Network
2026-09-25 13:00:44,N/A,Unknown,8a094d,Indonesia,N/A,-6.4964,111.2306,10203.18,33475.0,0.0,0.0,837.6,452.3,5.53,1088.6,301.9,Climbing (Takeoff),0,0,0,1790315996,1790315996,N/A,OpenSky Network
2026-09-25 13:07:43,GIA312,Garuda Indonesia,8a03c8,Indonesia,N/A,-7.105,111.1049,8191.5,26875.0,8907.78,29225.0,772.5,417.1,-14.96,-2944.9,99.8,Descending (Landing/Approach),0,0,0,1790316167,1790316167,N/A,OpenSky Network
2026-09-25 13:07:43,AWQ814,Indonesia AirAsia,8a09ad,Indonesia,N/A,-6.9399,111.0238,10668.0,35000.0,11414.76,37450.0,850.0,458.9,0.0,0.0,97.51,Cruising,0,0,0,1790316455,1790316455,N/A,OpenSky Network
2026-09-25 13:07:43,PAS103,Pelita Air Service,8a0a89,Indonesia,N/A,-6.4214,111.2419,10972.8,36000.0,11750.04,38550.0,844.2,455.8,0.0,0.0,297.86,Cruising,0,0,0,1790316138,1790316143,N/A,OpenSky Network
2026-09-25 13:14:25,AWQ814,Indonesia AirAsia,8a09ad,Indonesia,N/A,-7.068,111.5999,10675.62,35025.0,11414.76,37450.0,851.8,459.9,0,0.0,97.5,Cruising,0,0,0,1790316731,1790316731,N/A,OpenSky Network
2026-09-25 13:21:20,BTK6526,Batik Air,8a063a,Indonesia,N/A,-6.9832,110.8682,10668,35000.0,11422.38,37475.0,846.5,457.1,0,0.0,91,Cruising,0,0,0,1790317277,1790317277,N/A,OpenSky Network
2026-09-25 13:28:30,BTK6526,Batik Air,8a063a,Indonesia,N/A,-7.022,111.6055,10668.0,35000.0,11430.0,37500.0,855.0,461.6,0.0,0.0,98.97,Cruising,0,0,0,1790317624,1790317625,N/A,OpenSky Network
2026-09-25 13:28:30,CTV176,Citilink,8a061d,Indonesia,N/A,-6.9884,111.152,7757.16,25450.0,8336.28,27350.0,737.2,398.0,-11.05,-2175.2,90.86,Descending (Landing/Approach),0,0,0,1790317684,1790317684,N/A,OpenSky Network
2026-09-25 13:35:33,PAS108,Pelita Air Service,8a0993,Indonesia,N/A,-6.989,111.2217,11277.6,37000.0,12047.22,39525.0,824.3,445.1,0,0.0,91.03,Cruising,0,0,0,1790318072,1790318072,N/A,OpenSky Network
2026-09-25 13:42:27,PAS142,Pelita Air Service,8a09e4,Indonesia,N/A,-6.9856,111.0151,11269.98,36975.0,12062.46,39575.0,827.9,447.0,0,0.0,90.9,Cruising,0,0,0,1790318315,1790318318,N/A,OpenSky Network
2026-09-25 13:42:27,PAS108,Pelita Air Service,8a0993,Indonesia,N/A,-7.0494,111.5551,11277.6,37000.0,12047.22,39525.0,845.1,456.3,0,0.0,112.69,Cruising,0,0,0,1790318236,1790318267,N/A,OpenSky Network
2026-09-25 13:49:22,NONE,N/A,N/A,N/A,N/A,-8.7482,115.1672,0,0,0,0,0,0,0,0,0,No Flights,0,0,0,0,0,N/A,OpenSky Network
2026-09-25 13:56:23,GIA252,Garuda Indonesia,8a043a,Indonesia,N/A,-7.4241,110.8635,9448.8,31000.0,9959.34,32675.0,739.0,399.1,9.1,1791.3,52.13,Climbing (Takeoff),0,0,0,1790319360,1790319360,N/A,OpenSky Network
2026-09-25 13:56:23,SJV722,Sriwijaya Air / Super Air Jet,8a0908,Indonesia,N/A,-6.986,111.0233,11277.6,37000.0,12054.84,39550.0,829.8,448.1,0.0,0.0,90.9,Cruising,0,0,0,1790319239,1790319240,N/A,OpenSky Network
2026-09-25 14:00:44,GIA252,Garuda Indonesia,8a043a,Indonesia,N/A,-7.1391,111.2305,10668.0,35000.0,11399.52,37400.0,790.6,426.9,0.0,0.0,52.14,Cruising,0,0,0,1790319601,1790319626,N/A,OpenSky Network
2026-09-25 14:00:44,SJV722,Sriwijaya Air / Super Air Jet,8a0908,Indonesia,N/A,-7.021,111.5976,11277.6,37000.0,12054.84,39550.0,838.1,452.5,0.33,65.0,96.09,Cruising,0,0,0,1790319515,1790319515,N/A,OpenSky Network
2026-09-25 14:07:22,GIA252,Garuda Indonesia,8a043a,Indonesia,N/A,-7.068,111.5988,10668.0,35000.0,11399.52,37400.0,822.7,444.2,0.0,0.0,112.64,Cruising,0,0,0,1790319809,1790319809,N/A,OpenSky Network
2026-09-25 14:07:22,SJV676,Sriwijaya Air / Super Air Jet,8a08eb,Indonesia,N/A,-7.1474,110.9684,8229.6,27000.0,8801.1,28875.0,827.6,446.9,2.93,576.8,54.1,Climbing (Takeoff),0,0,0,1790320029,1790320030,N/A,OpenSky Network
2026-09-25 14:14:27,N/A,Unknown,8a04d7,Indonesia,N/A,-6.3809,111.2546,12192.0,40000.0,12999.72,42650.0,857.4,462.9,0.0,0.0,295.46,Cruising,0,0,0,1790320416,1790320416,N/A,OpenSky Network
2026-09-25 14:14:27,SJV676,Sriwijaya Air / Super Air Jet,8a08eb,Indonesia,N/A,-6.8955,111.3166,9174.48,30100.0,9669.78,31725.0,846.1,456.9,3.58,704.7,54.08,Climbing (Takeoff),0,0,0,1790320232,1790320232,N/A,OpenSky Network
2026-09-25 14:21:19,NONE,N/A,N/A,N/A,N/A,-8.7482,115.1672,0,0,0,0,0,0,0,0,0,No Flights,0,0,0,0,0,N/A,OpenSky Network
2026-09-25 14:28:27,BTK7501,Batik Air,8a063c,Indonesia,N/A,-6.9807,110.6999,9822.18,32225.0,10767.06,35325.0,839.1,453.1,0,0.0,95.45,Cruising,0,0,0,1790321285,1790321285,N/A,OpenSky Network
2026-09-25 14:35:31,GIA334,Garuda Indonesia,8a02d3,Indonesia,N/A,-6.9895,111.2267,10668.0,35000.0,11407.14,37425.0,818.7,442.0,0,0.0,90.91,Cruising,0,0,0,1790321624,1790321624,N/A,OpenSky Network
2026-09-25 14:35:31,BTK7501,Batik Air,8a063c,Indonesia,N/A,-6.9882,111.1434,8008.62,26275.0,8610.6,28250.0,783.5,423.0,-13,-2559.0,90.81,Descending (Landing/Approach),0,0,0,1790321500,1790321500,N/A,OpenSky Network
2026-09-25 14:42:23,NONE,N/A,N/A,N/A,N/A,-8.7482,115.1672,0,0,0,0,0,0,0,0,0,No Flights,0,0,0,0,0,N/A,OpenSky Network
2026-09-25 14:49:24,NONE,N/A,N/A,N/A,N/A,-8.7482,115.1672,0,0,0,0,0,0,0,0,0,No Flights,0,0,0,0,0,N/A,OpenSky Network
2026-09-25 14:56:24,SJY272,Sriwijaya Air,8a0a11,Indonesia,N/A,-6.9894,111.2193,10675.62,35025.0,11407.14,37425.0,840.9,454.1,0,0.0,91.01,Cruising,0,0,0,1790322906,1790322906,N/A,OpenSky Network
2026-09-25 15:00:38,BTK6564,Batik Air,8a0638,Indonesia,N/A,-6.9877,111.1281,9448.8,31000.0,10142.22,33275.0,835.4,451.1,0,0.0,91.02,Cruising,0,0,0,1790323228,1790323228,N/A,OpenSky Network
2026-09-25 15:00:38,SJY272,Sriwijaya Air,8a0a11,Indonesia,N/A,-7.0703,111.6047,10675.62,35025.0,11399.52,37400.0,854.4,461.3,0,0.0,112.56,Cruising,0,0,0,1790323094,1790323097,N/A,OpenSky Network
2026-09-25 15:07:30,BTK6564,Batik Air,8a0638,Indonesia,N/A,-6.9962,111.4092,9448.8,31000.0,10142.22,33275.0,841.9,454.6,0.0,0.0,97.2,Cruising,0,0,0,1790323362,1790323362,N/A,OpenSky Network
2026-09-25 15:07:30,BTK6406,Batik Air,8a07ce,Indonesia,N/A,-6.9887,111.1947,8892.54,29175.0,9517.38,31225.0,837.2,452.1,-12.03,-2368.1,90.89,Descending (Landing/Approach),0,0,0,1790323535,1790323536,N/A,OpenSky Network
2026-09-25 15:07:30,PAS106,Pelita Air Service,8a0915,Indonesia,N/A,-6.9821,110.801,11277.6,37000.0,12062.46,39575.0,822.4,444.1,0.0,0.0,91.03,Cruising,0,0,0,1790323612,1790323614,N/A,OpenSky Network
2026-09-25 15:14:25,PAS106,Pelita Air Service,8a0915,Indonesia,N/A,-7.0625,111.5856,11285.22,37025.0,12062.46,39575.0,822.4,444.1,0,0.0,90.9,Cruising,0,0,0,1790323996,1790323996,N/A,OpenSky Network
2026-09-25 15:21:30,GIA228,Garuda Indonesia,8a0a65,Indonesia,N/A,-7.3444,110.7723,2796.54,9175.0,2979.42,9775.0,538.2,290.6,-6.5,-1279.5,172.29,Descending (Landing/Approach),0,0,0,1790324369,1790324369,N/A,OpenSky Network
2026-09-25 15:28:28,SJV764,Sriwijaya Air / Super Air Jet,8a090a,Indonesia,N/A,-6.9877,111.1271,10668.0,35000.0,11422.38,37475.0,839.1,453.1,0.0,0.0,90.89,Cruising,0,0,0,1790324730,1790324730,N/A,OpenSky Network
2026-09-25 15:28:28,GIA228,Garuda Indonesia,8a0a65,Indonesia,N/A,-7.4732,110.9484,716.28,2350.0,762.0,2500.0,422.2,228.0,-7.15,-1407.5,255.78,Descending (Landing/Approach),0,0,0,1790324748,1790324753,N/A,OpenSky Network
2026-09-25 15:35:34,NONE,N/A,N/A,N/A,N/A,-8.7482,115.1672,0,0,0,0,0,0,0,0,0,No Flights,0,0,0,0,0,N/A,OpenSky Network
2026-09-25 15:42:26,N/A,Unknown,8a040a,Indonesia,N/A,-6.9879,111.1283,8580.12,28150.0,9159.24,30050.0,780.7,421.5,-11.38,-2240.2,104.0,Descending (Landing/Approach),0,0,0,1790325466,1790325494,N/A,OpenSky Network
2026-09-25 15:42:26,BTK6508,Batik Air,8a0604,Indonesia,N/A,-6.9857,111.0137,10668.0,35000.0,11422.38,37475.0,840.9,454.1,0.0,0.0,91.01,Cruising,0,0,0,1790325690,1790325694,N/A,OpenSky Network
2026-09-25 15:42:26,CTV784,Citilink,8a03ac,Indonesia,N/A,-7.394,110.7047,6873.24,22550.0,7216.14,23675.0,735.0,396.9,6.83,1344.5,9.87,Climbing (Takeoff),0,0,0,1790325741,1790325741,N/A,OpenSky Network
2026-09-25 15:42:26,SJV120,Sriwijaya Air / Super Air Jet,8a0949,Indonesia,N/A,-6.9918,111.0823,9745.98,31975.0,10431.78,34225.0,839.8,453.5,-0.65,-128.0,236.7,Cruising,0,0,0,1790325742,1790325742,N/A,OpenSky Network
2026-09-25 15:49:22,CTV833,Citilink,8a03b3,Indonesia,N/A,-6.988,111.1435,7711.44,25300.0,8260.08,27100.0,740.9,400.1,-9.43,-1856.3,91.0,Descending (Landing/Approach),0,0,0,1790326151,1790326151,N/A,OpenSky Network
2026-09-25 15:49:22,CTV784,Citilink,8a03ac,Indonesia,N/A,-7.1075,110.753,7924.8,26000.0,8481.06,27825.0,785.2,424.0,5.53,1088.6,9.64,Climbing (Takeoff),0,0,0,1790325893,1790325929,N/A,OpenSky Network
2026-09-25 15:49:22,GIA410,Garuda Indonesia,8a020e,Indonesia,N/A,-6.9894,111.2206,10668.0,35000.0,11399.52,37400.0,820.5,443.1,0.0,0.0,90.91,Cruising,0,0,0,1790325978,1790325978,N/A,OpenSky Network
2026-09-25 15:56:27,CTV646,Citilink,8a0377,Indonesia,N/A,-6.9844,110.9177,10058.4,33000.0,10728.96,35200.0,822.4,444.1,0.0,0.0,91.03,Cruising,0,0,0,1790326575,1790326576,N/A,OpenSky Network
2026-09-25 15:56:27,SJV128,Sriwijaya Air / Super Air Jet,8a092e,Indonesia,N/A,-7.4011,110.9099,1714.5,5625.0,1866.9,6125.0,497.9,268.8,-3.25,-639.8,226.81,Descending (Landing/Approach),0,0,0,1790326490,1790326490,N/A,OpenSky Network
2026-09-25 15:56:27,PAS206,Pelita Air Service,8a0a89,Indonesia,N/A,-7.0084,111.2133,7536.18,24725.0,8084.82,26525.0,740.7,399.9,-9.75,-1919.3,104.04,Descending (Landing/Approach),0,0,0,1790326559,1790326560,N/A,OpenSky Network
2026-09-25 16:00:40,CTV646,Citilink,8a0377,Indonesia,N/A,-6.9876,111.1091,10058.4,33000.0,10728.96,35200.0,824.3,445.1,0.33,65.0,91.03,Cruising,0,0,0,1790326668,1790326668,N/A,OpenSky Network
2026-09-25 16:00:40,SJV131,Sriwijaya Air / Super Air Jet,8a08b7,Indonesia,N/A,-6.9534,111.0323,6408.42,21025.0,6903.72,22650.0,765.0,413.0,9.1,1791.3,95.7,Climbing (Takeoff),0,0,0,1790326697,1790326770,N/A,OpenSky Network
2026-09-25 16:00:40,PAS206,Pelita Air Service,8a0a89,Indonesia,N/A,-7.0084,111.2133,7536.18,24725.0,8084.82,26525.0,740.7,399.9,-9.75,-1919.3,104.04,Descending (Landing/Approach),0,0,0,1790326559,1790326560,N/A,OpenSky Network
2026-09-25 16:07:21,LNI692,Lion Air,8a01cd,Indonesia,N/A,-6.989,111.1964,7840.98,25725.0,8641.08,28350.0,746.5,403.1,-9.75,-1919.3,91.0,Descending (Landing/Approach),0,0,0,1790327157,1790327157,N/A,OpenSky Network
2026-09-25 16:07:21,SJV128,Sriwijaya Air / Super Air Jet,8a092e,Indonesia,N/A,-7.4764,110.9348,708.66,2325.0,754.38,2475.0,287.0,155.0,-3.58,-704.7,255.43,Descending (Landing/Approach),0,0,0,1790326920,1790326923,N/A,OpenSky Network
2026-09-25 16:14:25,NONE,N/A,N/A,N/A,N/A,-8.7482,115.1672,0,0,0,0,0,0,0,0,0,No Flights,0,0,0,0,0,N/A,OpenSky Network
2026-09-25 16:21:27,LNI857,Lion Air,8a0455,Indonesia,N/A,-6.9852,110.969,9738.36,31950.0,10469.88,34350.0,820.5,443.1,-12.03,-2368.1,90.91,Descending (Landing/Approach),0,0,0,1790328078,1790328078,N/A,OpenSky Network
2026-09-25 16:28:36,NONE,N/A,N/A,N/A,N/A,-8.7482,115.1672,0,0,0,0,0,0,0,0,0,No Flights,0,0,0,0,0,N/A,OpenSky Network
2026-09-25 16:35:27,BTK7311,Batik Air,8a0494,Indonesia,N/A,-6.9858,111.025,11277.6,37000.0,12070.08,39600.0,818.7,442.0,0,0.0,90.91,Cruising,0,0,0,1790328693,1790328786,N/A,OpenSky Network
2026-09-25 16:35:27,GIA255,Garuda Indonesia,8a043b,Indonesia,N/A,-7.1445,111.0394,10972.8,36000.0,11719.56,38450.0,826.4,446.2,0,0.0,259.67,Cruising,0,0,0,1790328921,1790328924,N/A,OpenSky Network
2026-09-25 16:42:29,NONE,N/A,N/A,N/A,N/A,-8.7482,115.1672,0,0,0,0,0,0,0,0,0,No Flights,0,0,0,0,0,N/A,OpenSky Network
2026-09-25 16:49:25,CTV688,Citilink,8a03b2,Indonesia,N/A,-6.9641,111.2279,11277.6,37000.0,12039.6,39500.0,788.4,425.7,0.0,0.0,98.51,Cruising,0,0,0,1790329703,1790329706,N/A,OpenSky Network
2026-09-25 16:49:25,SJV950,Sriwijaya Air / Super Air Jet,8a09c4,Indonesia,N/A,-7.4078,110.7155,8641.08,28350.0,9258.3,30375.0,752.0,406.0,-10.73,-2112.2,163.84,Descending (Landing/Approach),0,0,0,1790329755,1790329756,N/A,OpenSky Network
2026-09-25 16:56:26,BTK6578,Batik Air,8a0a1f,Indonesia,N/A,-6.9592,111.1892,7780.02,25525.0,8343.9,27375.0,750.6,405.3,-13.33,-2624.0,98.37,Descending (Landing/Approach),0,0,0,1790330105,1790330105,N/A,OpenSky Network
2026-09-25 17:00:50,SJV121,Sriwijaya Air / Super Air Jet,8a0949,Indonesia,N/A,-7.5107,110.7511,6629.4,21750.0,7078.98,23225.0,751.4,405.7,8.13,1600.4,54.43,Climbing (Takeoff),0,0,0,1790330445,1790330445,N/A,OpenSky Network
2026-09-25 17:07:29,LNI521,Lion Air,8a082d,Indonesia,N/A,-7.28,110.7507,7726.68,25350.0,8260.08,27100.0,741.0,400.1,-13.98,-2752.0,181.15,Descending (Landing/Approach),0,0,0,1790330848,1790330848,N/A,OpenSky Network
2026-09-25 17:07:29,SJV121,Sriwijaya Air / Super Air Jet,8a0949,Indonesia,N/A,-7.1486,111.2182,8610.6,28250.0,9197.34,30175.0,843.5,455.5,4.55,895.7,52.22,Climbing (Takeoff),0,0,0,1790330737,1790330737,N/A,OpenSky Network
2026-09-25 17:14:23,N/A,Unknown,8a02d5,Indonesia,N/A,-6.9876,111.1175,10058.4,33000.0,10744.2,35250.0,816.9,441.1,0.33,65.0,91.04,Cruising,0,0,0,1790331255,1790331255,N/A,OpenSky Network
2026-09-25 17:21:28,N/A,Unknown,8a02d5,Indonesia,N/A,-7.0495,111.5545,10058.4,33000.0,10744.2,35250.0,816.9,441.1,0.33,65.0,91.04,Cruising,0,0,0,1790331473,1790331473,N/A,OpenSky Network
2026-09-25 17:21:28,TNU5108,TransNusa,8a0aad,Indonesia,N/A,-6.9883,111.1661,11277.6,37000.0,12070.08,39600.0,805.8,435.1,0.0,0.0,91.05,Cruising,0,0,0,1790331584,1790331602,N/A,OpenSky Network
2026-09-25 17:28:28,CTV662,Citilink,8a05d5,Indonesia,N/A,-6.9843,110.9446,10668.0,35000.0,11407.14,37425.0,822.5,444.1,0.0,0.0,91.16,Cruising,0,0,0,1790332096,1790332096,N/A,OpenSky Network
2026-09-25 17:28:28,TNU5108,TransNusa,8a0aad,Indonesia,N/A,-7.0668,111.5961,11277.6,37000.0,12070.08,39600.0,816.9,441.1,-0.33,-65.0,112.67,Cruising,0,0,0,1790331801,1790331806,N/A,OpenSky Network
2026-09-25 17:35:27,CTV662,Citilink,8a05d5,Indonesia,N/A,-6.9867,111.094,10668.0,35000.0,11414.76,37450.0,832.0,449.2,0.0,0.0,112.51,Cruising,0,0,0,1790332168,1790332416,N/A,OpenSky Network
2026-09-25 17:35:27,BTK7503,Batik Air,8a0515,Indonesia,N/A,-6.9968,111.1167,8343.9,27375.0,8945.88,29350.0,752.4,406.3,-4.88,-960.6,103.52,Descending (Landing/Approach),0,0,0,1790332222,1790332225,N/A,OpenSky Network
2026-09-25 17:42:25,NONE,N/A,N/A,N/A,N/A,-8.7482,115.1672,0,0,0,0,0,0,0,0,0,No Flights,0,0,0,0,0,N/A,OpenSky Network
2026-09-25 17:49:32,NONE,N/A,N/A,N/A,N/A,-8.7482,115.1672,0,0,0,0,0,0,0,0,0,No Flights,0,0,0,0,0,N/A,OpenSky Network
2026-09-25 17:56:24,NONE,N/A,N/A,N/A,N/A,-8.7482,115.1672,0,0,0,0,0,0,0,0,0,No Flights,0,0,0,0,0,N/A,OpenSky Network
2026-09-25 18:00:49,GIA420,Garuda Indonesia,8a03c7,Indonesia,N/A,-6.9892,111.2046,10668,35000.0,11407.14,37425.0,815.0,440.0,0,0.0,90.91,Cruising,0,0,0,1790334000,1790334001,N/A,OpenSky Network
2026-09-25 18:07:29,GIA420,Garuda Indonesia,8a03c7,Indonesia,N/A,-6.9892,111.2046,10668.0,35000.0,11407.14,37425.0,822.0,443.8,0.33,65.0,112.52,Cruising,0,0,0,1790334000,1790334199,N/A,OpenSky Network
2026-09-25 18:07:29,SJV778,Sriwijaya Air / Super Air Jet,8a09c4,Indonesia,N/A,-7.4726,110.8009,6827.52,22400.0,7307.58,23975.0,767.7,414.5,6.5,1279.5,51.86,Climbing (Takeoff),0,0,0,1790334447,1790334448,N/A,OpenSky Network
2026-09-25 18:07:29,BTK6576,Batik Air,8a091b,Indonesia,N/A,-7.0334,111.1842,7764.78,25475.0,8336.28,27350.0,768.7,415.1,-11.38,-2240.2,102.66,Descending (Landing/Approach),0,0,0,1790334414,1790334414,N/A,OpenSky Network
2026-09-25 18:07:29,PAS104,Pelita Air Service,8a0914,Indonesia,N/A,-6.9991,111.4298,10668.0,35000.0,11407.14,37425.0,829.9,448.1,0.0,0.0,109.28,Cruising,0,0,0,1790334442,1790334446,N/A,OpenSky Network
2026-09-25 18:14:28,PAS210,Pelita Air Service,8a09bb,Indonesia,N/A,-6.9974,111.1869,7917.18,25975.0,8481.06,27825.0,734.4,396.5,-9.1,-1791.3,103.86,Descending (Landing/Approach),0,0,0,1790334821,1790334821,N/A,OpenSky Network
2026-09-25 18:14:28,SJV778,Sriwijaya Air / Super Air Jet,8a09c4,Indonesia,N/A,-7.1531,111.4997,9243.06,30325.0,9906.0,32500.0,839.0,453.0,6.5,1279.5,89.75,Climbing (Takeoff),0,0,0,1790334838,1790334841,N/A,OpenSky Network
2026-09-25 18:21:24,BTK7368,Batik Air,8a09a2,Indonesia,N/A,-7.3832,110.7147,2072.64,6800.0,2232.66,7325.0,481.4,259.9,-9.75,-1919.3,147.41,Descending (Landing/Approach),0,0,0,1790335168,1790335168,N/A,OpenSky Network
2026-09-25 18:28:24,SJY712,Sriwijaya Air,8a0365,Indonesia,N/A,-7.5604,110.6963,3870.96,12700.0,4130.04,13550.0,633.2,341.9,-5.2,-1023.6,227.73,Descending (Landing/Approach),0,0,0,1790335695,1790335695,N/A,OpenSky Network
2026-09-25 18:28:24,BTK7368,Batik Air,8a09a2,Indonesia,N/A,-7.4817,110.9124,670.56,2200.0,769.62,2525.0,256.9,138.7,-2.28,-448.8,256.66,Descending (Landing/Approach),0,0,0,1790335630,1790335630,N/A,OpenSky Network
2026-09-25 18:35:30,AWQ818,Indonesia AirAsia,8a09ad,Indonesia,N/A,-7.0175,111.4738,10675.62,35025.0,11407.14,37425.0,811.3,438.1,0,0.0,90.92,Cruising,0,0,0,1790336089,1790336089,N/A,OpenSky Network
2026-09-25 18:42:25,GIA320,Garuda Indonesia,8a04f4,Indonesia,N/A,-6.9652,111.1702,7795.26,25575.0,8366.76,27450.0,675.2,364.6,-8.78,-1728.3,103.16,Descending (Landing/Approach),0,0,0,1790336454,1790336454,N/A,OpenSky Network
2026-09-25 18:49:23,CTV765,Citilink,8a061c,Indonesia,N/A,-7.1918,110.7311,3825.24,12550.0,4076.7,13375.0,613.7,331.3,16.58,3263.8,329.33,Climbing (Takeoff),0,0,0,1790336878,1790336878,N/A,OpenSky Network
2026-09-25 18:56:25,NONE,N/A,N/A,N/A,N/A,-8.7482,115.1672,0,0,0,0,0,0,0,0,0,No Flights,0,0,0,0,0,N/A,OpenSky Network
2026-09-25 19:00:49,NONE,N/A,N/A,N/A,N/A,-8.7482,115.1672,0,0,0,0,0,0,0,0,0,No Flights,0,0,0,0,0,N/A,OpenSky Network
2026-09-25 19:07:29,NONE,N/A,N/A,N/A,N/A,-8.7482,115.1672,0,0,0,0,0,0,0,0,0,No Flights,0,0,0,0,0,N/A,OpenSky Network
2026-09-25 19:14:25,NONE,N/A,N/A,N/A,N/A,-8.7482,115.1672,0,0,0,0,0,0,0,0,0,No Flights,0,0,0,0,0,N/A,OpenSky Network
2026-09-25 19:22:03,SJV320,Sriwijaya Air / Super Air Jet,8a0909,Indonesia,N/A,-6.989,111.2124,7757.16,25450.0,8450.58,27725.0,790.9,427.1,-13.33,-2624.0,90.94,Descending (Landing/Approach),0,0,0,1790338875,1790338875,N/A,OpenSky Network
2026-09-25 19:28:26,GIA717,Garuda Indonesia,8a0479,Indonesia,N/A,-6.4928,111.374,11582.4,38000.0,12397.74,40675.0,873.1,471.4,0,0.0,297.54,Cruising,0,0,0,1790339293,1790339294,N/A,OpenSky Network
2026-09-25 19:35:28,SJV677,Sriwijaya Air / Super Air Jet,8a0973,Indonesia,N/A,-7.4291,110.7523,5814.06,19075.0,6240.78,20475.0,750.1,405.0,-12.35,-2431.1,179.72,Descending (Landing/Approach),0,0,0,1790339714,1790339714,N/A,OpenSky Network
2026-09-25 19:42:26,GIA426,Garuda Indonesia,8a05ae,Indonesia,N/A,-6.9861,111.0326,11887.2,39000.0,12694.92,41650.0,818.7,442.1,0,0.0,91.04,Cruising,0,0,0,1790340088,1790340096,N/A,OpenSky Network
2026-09-25 19:49:21,GIA426,Garuda Indonesia,8a05ae,Indonesia,N/A,-7.0831,111.6348,11887.2,39000.0,12702.54,41675.0,850.9,459.5,0,0.0,112.66,Cruising,0,0,0,1790340386,1790340389,N/A,OpenSky Network
2026-09-25 19:56:25,SJY713,Sriwijaya Air,8a0365,Indonesia,N/A,-7.1521,111.111,8366.76,27450.0,8953.5,29375.0,796.2,429.9,4.88,960.6,68.87,Climbing (Takeoff),0,0,0,1790340975,1790340975,N/A,OpenSky Network
2026-09-25 20:00:42,SJY713,Sriwijaya Air,8a0365,Indonesia,N/A,-7.129,111.1696,8503.92,27900.0,9144,30000.0,808.9,436.8,8.45,1663.4,68.37,Climbing (Takeoff),0,0,0,1790341006,1790341078,N/A,OpenSky Network
2026-09-25 20:07:24,N/A,Unknown,8a04a9,Indonesia,N/A,-7.0119,111.1804,7772.4,25500.0,8709.66,28575.0,785.6,424.2,-12.35,-2431.1,104.33,Descending (Landing/Approach),0,0,0,1790341376,1790341376,N/A,OpenSky Network
2026-09-25 20:14:24,NONE,N/A,N/A,N/A,N/A,-8.7482,115.1672,0,0,0,0,0,0,0,0,0,No Flights,0,0,0,0,0,N/A,OpenSky Network
2026-09-25 20:21:26,LNI664,Lion Air,8a0380,Indonesia,N/A,-7.3774,110.7673,6713.22,22025.0,7178.04,23550.0,786.9,424.9,5.85,1151.6,27.17,Climbing (Takeoff),0,0,0,1790342318,1790342318,N/A,OpenSky Network
2026-09-25 20:28:26,NONE,N/A,N/A,N/A,N/A,-8.7482,115.1672,0,0,0,0,0,0,0,0,0,No Flights,0,0,0,0,0,N/A,OpenSky Network
2026-09-25 20:35:27,NONE,N/A,N/A,N/A,N/A,-8.7482,115.1672,0,0,0,0,0,0,0,0,0,No Flights,0,0,0,0,0,N/A,OpenSky Network
2026-09-25 20:42:23,NONE,N/A,N/A,N/A,N/A,-8.7482,115.1672,0,0,0,0,0,0,0,0,0,No Flights,0,0,0,0,0,N/A,OpenSky Network
2026-09-25 20:49:25,GIA424,Garuda Indonesia,8a01de,Indonesia,N/A,-7.0494,111.5547,10668,35000.0,11414.76,37450.0,827.6,446.8,0,0.0,112.78,Cruising,0,0,0,1790344150,1790344150,N/A,OpenSky Network
2026-09-25 20:56:26,PKELA,Private / Business Jet / General Aviation,8a0a71,Indonesia,N/A,-6.9895,111.2097,9090.66,29825.0,9730.74,31925.0,774.4,418.1,-12.68,-2496.1,91.51,Descending (Landing/Approach),0,0,0,1790344567,1790344572,N/A,OpenSky Network
2026-09-25 21:00:48,PKELA,Private / Business Jet / General Aviation,8a0a71,Indonesia,N/A,-7.0427,111.4403,7650.48,25100.0,8564.88,28100.0,758.4,409.5,-12.03,-2368.1,105.29,Descending (Landing/Approach),0,0,0,1790344691,1790344691,N/A,OpenSky Network
2026-09-25 21:07:28,NONE,N/A,N/A,N/A,N/A,-8.7482,115.1672,0,0,0,0,0,0,0,0,0,No Flights,0,0,0,0,0,N/A,OpenSky Network
2026-09-25 21:14:25,NONE,N/A,N/A,N/A,N/A,-8.7482,115.1672,0,0,0,0,0,0,0,0,0,No Flights,0,0,0,0,0,N/A,OpenSky Network
2026-09-25 21:21:24,NONE,N/A,N/A,N/A,N/A,-8.7482,115.1672,0,0,0,0,0,0,0,0,0,No Flights,0,0,0,0,0,N/A,OpenSky Network
2026-09-25 21:28:28,CTV726,Citilink,8a04aa,Indonesia,N/A,-6.9854,111.1951,7566.66,24825.0,8161.02,26775.0,730.0,394.2,-10.73,-2112.2,104.85,Descending (Landing/Approach),0,0,0,1790346479,1790346479,N/A,OpenSky Network
2026-09-25 21:35:28,GIA324,Garuda Indonesia,8a02d6,Indonesia,N/A,-6.925,111.0,9326.88,30600.0,10005.06,32825.0,819.9,442.7,-12.35,-2431.1,99.23,Descending (Landing/Approach),0,0,0,1790346923,1790346924,N/A,OpenSky Network
2026-09-25 21:35:28,BTK6588,Batik Air,8a06fd,Indonesia,N/A,-6.9625,111.2227,7231.38,23725.0,7787.64,25550.0,681.8,368.1,-4.88,-960.6,98.59,Descending (Landing/Approach),0,0,0,1790346836,1790346836,N/A,OpenSky Network
2026-09-25 21:42:25,GIA324,Garuda Indonesia,8a02d6,Indonesia,N/A,-6.9625,111.2289,8328.66,27325.0,8945.88,29350.0,731.6,395.0,-7.48,-1472.4,99.18,Descending (Landing/Approach),0,0,0,1790347041,1790347041,N/A,OpenSky Network
2026-09-25 21:42:25,BTK7521,Batik Air,8a0634,Indonesia,N/A,-6.9354,110.9886,9235.44,30300.0,9928.86,32575.0,827.4,446.8,-11.7,-2303.1,97.46,Descending (Landing/Approach),0,0,0,1790347335,1790347335,N/A,OpenSky Network
2026-09-25 21:49:22,NONE,N/A,N/A,N/A,N/A,-8.7482,115.1672,0,0,0,0,0,0,0,0,0,No Flights,0,0,0,0,0,N/A,OpenSky Network
2026-09-25 21:56:27,NONE,N/A,N/A,N/A,N/A,-8.7482,115.1672,0,0,0,0,0,0,0,0,0,No Flights,0,0,0,0,0,N/A,OpenSky Network
2026-09-25 22:00:51,LNI012,Lion Air,8a0311,Indonesia,N/A,-6.966,111.2473,11277.6,37000.0,12077.7,39625.0,819.1,442.3,0,0.0,98.84,Cruising,0,0,0,1790348402,1790348402,N/A,OpenSky Network
2026-09-25 22:07:31,LNI012,Lion Air,8a0311,Indonesia,N/A,-7.0758,111.6173,11277.6,37000.0,12077.7,39625.0,845.8,456.7,0,0.0,112.8,Cruising,0,0,0,1790348588,1790348588,N/A,OpenSky Network
2026-09-25 22:14:25,NONE,N/A,N/A,N/A,N/A,-8.7482,115.1672,0,0,0,0,0,0,0,0,0,No Flights,0,0,0,0,0,N/A,OpenSky Network
2026-09-25 22:21:25,NONE,N/A,N/A,N/A,N/A,-8.7482,115.1672,0,0,0,0,0,0,0,0,0,No Flights,0,0,0,0,0,N/A,OpenSky Network
2026-09-25 22:28:26,NONE,N/A,N/A,N/A,N/A,-8.7482,115.1672,0,0,0,0,0,0,0,0,0,No Flights,0,0,0,0,0,N/A,OpenSky Network
2026-09-25 22:35:25,CTV728,Citilink,8a0376,Indonesia,N/A,-6.9868,111.1476,7947.66,26075.0,8519.16,27950.0,789.1,426.1,-9.43,-1856.3,91.08,Descending (Landing/Approach),0,0,0,1790350328,1790350351,N/A,OpenSky Network
2026-09-25 22:42:26,NONE,N/A,N/A,N/A,N/A,-8.7482,115.1672,0,0,0,0,0,0,0,0,0,No Flights,0,0,0,0,0,N/A,OpenSky Network
2026-09-25 22:49:28,NONE,N/A,N/A,N/A,N/A,-8.7482,115.1672,0,0,0,0,0,0,0,0,0,No Flights,0,0,0,0,0,N/A,OpenSky Network
2026-09-25 22:56:23,NONE,N/A,N/A,N/A,N/A,-8.7482,115.1672,0,0,0,0,0,0,0,0,0,No Flights,0,0,0,0,0,N/A,OpenSky Network
2026-09-25 23:00:46,NONE,N/A,N/A,N/A,N/A,-8.7482,115.1672,0,0,0,0,0,0,0,0,0,No Flights,0,0,0,0,0,N/A,OpenSky Network
2026-09-25 23:07:27,NONE,N/A,N/A,N/A,N/A,-8.7482,115.1672,0,0,0,0,0,0,0,0,0,No Flights,0,0,0,0,0,N/A,OpenSky Network
2026-09-25 23:14:39,NONE,N/A,N/A,N/A,N/A,-8.7482,115.1672,0,0,0,0,0,0,0,0,0,No Flights,0,0,0,0,0,N/A,OpenSky Network
2026-09-25 23:21:24,NONE,N/A,N/A,N/A,N/A,-8.7482,115.1672,0,0,0,0,0,0,0,0,0,No Flights,0,0,0,0,0,N/A,OpenSky Network
2026-09-25 23:28:24,NONE,N/A,N/A,N/A,N/A,-8.7482,115.1672,0,0,0,0,0,0,0,0,0,No Flights,0,0,0,0,0,N/A,OpenSky Network
2026-09-25 23:35:31,NONE,N/A,N/A,N/A,N/A,-8.7482,115.1672,0,0,0,0,0,0,0,0,0,No Flights,0,0,0,0,0,N/A,OpenSky Network
2026-09-25 23:42:23,NONE,N/A,N/A,N/A,N/A,-8.7482,115.1672,0,0,0,0,0,0,0,0,0,No Flights,0,0,0,0,0,N/A,OpenSky Network
2026-09-25 23:49:24,NONE,N/A,N/A,N/A,N/A,-8.7482,115.1672,0,0,0,0,0,0,0,0,0,No Flights,0,0,0,0,0,N/A,OpenSky Network
2026-09-25 23:56:27,NONE,N/A,N/A,N/A,N/A,-8.7482,115.1672,0,0,0,0,0,0,0,0,0,No Flights,0,0,0,0,0,N/A,OpenSky Network
2026-09-26 00:00:44,NONE,N/A,N/A,N/A,N/A,-8.7482,115.1672,0,0,0,0,0,0,0,0,0,No Flights,0,0,0,0,0,N/A,OpenSky Network
2026-09-26 00:07:23,NONE,N/A,N/A,N/A,N/A,-8.7482,115.1672,0,0,0,0,0,0,0,0,0,No Flights,0,0,0,0,0,N/A,OpenSky Network
2026-09-26 00:14:27,NONE,N/A,N/A,N/A,N/A,-8.7482,115.1672,0,0,0,0,0,0,0,0,0,No Flights,0,0,0,0,0,N/A,OpenSky Network
2026-09-26 00:21:21,NONE,N/A,N/A,N/A,N/A,-8.7482,115.1672,0,0,0,0,0,0,0,0,0,No Flights,0,0,0,0,0,N/A,OpenSky Network
2026-09-26 00:28:27,N/A,Unknown,8a0311,Indonesia,N/A,-6.4395,111.2332,10363.2,34000.0,11087.1,36375.0,839.9,453.5,0,0.0,299.17,Cruising,0,0,0,1790357272,1790357274,N/A,OpenSky Network
2026-09-26 00:35:31,NONE,N/A,N/A,N/A,N/A,-8.7482,115.1672,0,0,0,0,0,0,0,0,0,No Flights,0,0,0,0,0,N/A,OpenSky Network
2026-09-26 00:42:27,NONE,N/A,N/A,N/A,N/A,-8.7482,115.1672,0,0,0,0,0,0,0,0,0,No Flights,0,0,0,0,0,N/A,OpenSky Network
2026-09-26 00:49:29,NONE,N/A,N/A,N/A,N/A,-8.7482,115.1672,0,0,0,0,0,0,0,0,0,No Flights,0,0,0,0,0,N/A,OpenSky Network
2026-09-26 00:56:26,NONE,N/A,N/A,N/A,N/A,-8.7482,115.1672,0,0,0,0,0,0,0,0,0,No Flights,0,0,0,0,0,N/A,OpenSky Network
2026-09-26 01:00:40,NONE,N/A,N/A,N/A,N/A,-8.7482,115.1672,0,0,0,0,0,0,0,0,0,No Flights,0,0,0,0,0,N/A,OpenSky Network
2026-09-26 01:07:23,NONE,N/A,N/A,N/A,N/A,-8.7482,115.1672,0,0,0,0,0,0,0,0,0,No Flights,0,0,0,0,0,N/A,OpenSky Network
2026-09-26 01:14:28,NONE,N/A,N/A,N/A,N/A,-8.7482,115.1672,0,0,0,0,0,0,0,0,0,No Flights,0,0,0,0,0,N/A,OpenSky Network
2026-09-26 01:21:27,NONE,N/A,N/A,N/A,N/A,-8.7482,115.1672,0,0,0,0,0,0,0,0,0,No Flights,0,0,0,0,0,N/A,OpenSky Network
2026-09-26 01:28:28,NONE,N/A,N/A,N/A,N/A,-8.7482,115.1672,0,0,0,0,0,0,0,0,0,No Flights,0,0,0,0,0,N/A,OpenSky Network
2026-09-26 01:35:27,NONE,N/A,N/A,N/A,N/A,-8.7482,115.1672,0,0,0,0,0,0,0,0,0,No Flights,0,0,0,0,0,N/A,OpenSky Network
2026-09-26 01:42:36,NONE,N/A,N/A,N/A,N/A,-8.7482,115.1672,0,0,0,0,0,0,0,0,0,No Flights,0,0,0,0,0,N/A,OpenSky Network
2026-09-26 01:49:27,NONE,N/A,N/A,N/A,N/A,-8.7482,115.1672,0,0,0,0,0,0,0,0,0,No Flights,0,0,0,0,0,N/A,OpenSky Network
2026-09-26 01:56:26,NONE,N/A,N/A,N/A,N/A,-8.7482,115.1672,0,0,0,0,0,0,0,0,0,No Flights,0,0,0,0,0,N/A,OpenSky Network
2026-09-26 02:00:42,NONE,N/A,N/A,N/A,N/A,-8.7482,115.1672,0,0,0,0,0,0,0,0,0,No Flights,0,0,0,0,0,N/A,OpenSky Network
2026-09-26 02:07:25,NONE,N/A,N/A,N/A,N/A,-8.7482,115.1672,0,0,0,0,0,0,0,0,0,No Flights,0,0,0,0,0,N/A,OpenSky Network
2026-09-26 02:14:27,NONE,N/A,N/A,N/A,N/A,-8.7482,115.1672,0,0,0,0,0,0,0,0,0,No Flights,0,0,0,0,0,N/A,OpenSky Network
2026-09-26 02:21:24,NONE,N/A,N/A,N/A,N/A,-8.7482,115.1672,0,0,0,0,0,0,0,0,0,No Flights,0,0,0,0,0,N/A,OpenSky Network
2026-09-26 02:28:32,NONE,N/A,N/A,N/A,N/A,-8.7482,115.1672,0,0,0,0,0,0,0,0,0,No Flights,0,0,0,0,0,N/A,OpenSky Network
2026-09-26 02:35:30,NONE,N/A,N/A,N/A,N/A,-8.7482,115.1672,0,0,0,0,0,0,0,0,0,No Flights,0,0,0,0,0,N/A,OpenSky Network
2026-09-26 02:42:25,NONE,N/A,N/A,N/A,N/A,-8.7482,115.1672,0,0,0,0,0,0,0,0,0,No Flights,0,0,0,0,0,N/A,OpenSky Network
2026-09-26 02:49:26,BTK6540,Batik Air,8a091b,Indonesia,N/A,-6.9857,111.0068,10058.4,33000.0,10744.2,35250.0,846.5,457.1,0,0.0,91,Cruising,0,0,0,1790365689,1790365691,N/A,OpenSky Network
2026-09-26 02:56:23,BTK6540,Batik Air,8a091b,Indonesia,N/A,-6.989,111.2048,10058.4,33000.0,10744.2,35250.0,848.1,457.9,0,0.0,95.26,Cruising,0,0,0,1790365782,1790365885,N/A,OpenSky Network
2026-09-26 03:00:45,NONE,N/A,N/A,N/A,N/A,-8.7482,115.1672,0,0,0,0,0,0,0,0,0,No Flights,0,0,0,0,0,N/A,OpenSky Network
2026-09-26 03:07:26,NONE,N/A,N/A,N/A,N/A,-8.7482,115.1672,0,0,0,0,0,0,0,0,0,No Flights,0,0,0,0,0,N/A,OpenSky Network
2026-09-26 03:14:27,NONE,N/A,N/A,N/A,N/A,-8.7482,115.1672,0,0,0,0,0,0,0,0,0,No Flights,0,0,0,0,0,N/A,OpenSky Network
2026-09-26 03:21:23,NONE,N/A,N/A,N/A,N/A,-8.7482,115.1672,0,0,0,0,0,0,0,0,0,No Flights,0,0,0,0,0,N/A,OpenSky Network
2026-09-26 03:28:26,NONE,N/A,N/A,N/A,N/A,-8.7482,115.1672,0,0,0,0,0,0,0,0,0,No Flights,0,0,0,0,0,N/A,OpenSky Network
2026-09-26 03:35:28,NONE,N/A,N/A,N/A,N/A,-8.7482,115.1672,0,0,0,0,0,0,0,0,0,No Flights,0,0,0,0,0,N/A,OpenSky Network
2026-09-26 03:42:29,NONE,N/A,N/A,N/A,N/A,-8.7482,115.1672,0,0,0,0,0,0,0,0,0,No Flights,0,0,0,0,0,N/A,OpenSky Network
2026-09-26 03:49:33,NONE,N/A,N/A,N/A,N/A,-8.7482,115.1672,0,0,0,0,0,0,0,0,0,No Flights,0,0,0,0,0,N/A,OpenSky Network
2026-09-26 03:56:32,NONE,N/A,N/A,N/A,N/A,-8.7482,115.1672,0,0,0,0,0,0,0,0,0,No Flights,0,0,0,0,0,N/A,OpenSky Network
2026-09-26 04:00:42,NONE,N/A,N/A,N/A,N/A,-8.7482,115.1672,0,0,0,0,0,0,0,0,0,No Flights,0,0,0,0,0,N/A,OpenSky Network
2026-09-26 04:07:25,NONE,N/A,N/A,N/A,N/A,-8.7482,115.1672,0,0,0,0,0,0,0,0,0,No Flights,0,0,0,0,0,N/A,OpenSky Network
2026-09-26 04:14:28,NONE,N/A,N/A,N/A,N/A,-8.7482,115.1672,0,0,0,0,0,0,0,0,0,No Flights,0,0,0,0,0,N/A,OpenSky Network
2026-09-26 04:21:25,NONE,N/A,N/A,N/A,N/A,-8.7482,115.1672,0,0,0,0,0,0,0,0,0,No Flights,0,0,0,0,0,N/A,OpenSky Network
2026-09-26 04:28:27,NONE,N/A,N/A,N/A,N/A,-8.7482,115.1672,0,0,0,0,0,0,0,0,0,No Flights,0,0,0,0,0,N/A,OpenSky Network
2026-09-26 04:35:28,LNI690,Lion Air,8a082a,Indonesia,N/A,-6.9976,111.4292,9883.14,32425.0,10576.56,34700.0,842.8,455.1,-5.2,-1023.6,99.36,Descending (Landing/Approach),0,0,0,1790372113,1790372113,N/A,OpenSky Network
2026-09-26 04:42:24,NONE,N/A,N/A,N/A,N/A,-8.7482,115.1672,0,0,0,0,0,0,0,0,0,No Flights,0,0,0,0,0,N/A,OpenSky Network
2026-09-26 04:49:24,NONE,N/A,N/A,N/A,N/A,-8.7482,115.1672,0,0,0,0,0,0,0,0,0,No Flights,0,0,0,0,0,N/A,OpenSky Network
2026-09-26 04:56:25,NONE,N/A,N/A,N/A,N/A,-8.7482,115.1672,0,0,0,0,0,0,0,0,0,No Flights,0,0,0,0,0,N/A,OpenSky Network
2026-09-26 05:00:41,NONE,N/A,N/A,N/A,N/A,-8.7482,115.1672,0,0,0,0,0,0,0,0,0,No Flights,0,0,0,0,0,N/A,OpenSky Network
2026-09-26 05:07:27,NONE,N/A,N/A,N/A,N/A,-8.7482,115.1672,0,0,0,0,0,0,0,0,0,No Flights,0,0,0,0,0,N/A,OpenSky Network
2026-09-26 05:14:23,NONE,N/A,N/A,N/A,N/A,-8.7482,115.1672,0,0,0,0,0,0,0,0,0,No Flights,0,0,0,0,0,N/A,OpenSky Network
2026-09-26 05:21:23,LNI020,Lion Air,8a0311,Indonesia,N/A,-6.9894,111.2208,10668,35000.0,11399.52,37400.0,844.6,456.1,0,0.0,91.01,Cruising,0,0,0,1790374773,1790374773,N/A,OpenSky Network
2026-09-26 05:28:26,NONE,N/A,N/A,N/A,N/A,-8.7482,115.1672,0,0,0,0,0,0,0,0,0,No Flights,0,0,0,0,0,N/A,OpenSky Network
2026-09-26 05:35:30,LKN280,Lion Air (Alt),8a054f,Indonesia,N/A,-6.938,111.1835,10058.4,33000.0,10774.68,35350.0,805.9,435.2,0.0,0.0,103.01,Cruising,0,0,0,1790375716,1790375716,N/A,OpenSky Network
2026-09-26 05:35:30,CTV680,Citilink,8a04a4,Indonesia,N/A,-6.9845,110.9601,10668.0,35000.0,11414.76,37450.0,839.1,453.1,-0.33,-65.0,91.01,Cruising,0,0,0,1790375721,1790375723,N/A,OpenSky Network
2026-09-26 05:35:30,PKOFI,Private / Business Jet / General Aviation,8a09fa,Indonesia,N/A,-6.9894,111.2213,10668.0,35000.0,11414.76,37450.0,850.2,459.1,0.0,0.0,91.0,Cruising,0,0,0,1790375605,1790375605,N/A,OpenSky Network
2026-09-26 05:42:26,CTV680,Citilink,8a04a4,Indonesia,N/A,-6.9855,111.0148,10660.38,34975.0,11399.52,37400.0,837.3,452.1,0,0.0,91.01,Cruising,0,0,0,1790375747,1790375829,N/A,OpenSky Network
2026-09-26 05:49:24,BTK7508,Batik Air,8a06fd,Indonesia,N/A,-6.5825,111.1121,9860.28,32350.0,10500.36,34450.0,835.6,451.2,9.43,1856.3,274.19,Climbing (Takeoff),0,0,0,1790376401,1790376401,N/A,OpenSky Network
2026-09-26 05:56:26,NONE,N/A,N/A,N/A,N/A,-8.7482,115.1672,0,0,0,0,0,0,0,0,0,No Flights,0,0,0,0,0,N/A,OpenSky Network
2026-09-26 06:00:42,NONE,N/A,N/A,N/A,N/A,-8.7482,115.1672,0,0,0,0,0,0,0,0,0,No Flights,0,0,0,0,0,N/A,OpenSky Network
2026-09-26 06:07:25,BTK7511,Batik Air,8a0515,Indonesia,N/A,-6.9874,111.1145,9265.92,30400.0,10005.06,32825.0,859.5,464.1,-20.48,-4031.5,90.99,Descending (Landing/Approach),0,0,0,1790377560,1790377560,N/A,OpenSky Network
2026-09-26 06:07:25,SJV777,Sriwijaya Air / Super Air Jet,8a09c4,Indonesia,N/A,-7.1815,110.9077,9464.04,31050.0,10149.84,33300.0,836.7,451.8,-11.7,-2303.1,263.65,Descending (Landing/Approach),0,0,0,1790377635,1790377636,N/A,OpenSky Network
2026-09-26 06:14:29,NONE,N/A,N/A,N/A,N/A,-8.7482,115.1672,0,0,0,0,0,0,0,0,0,No Flights,0,0,0,0,0,N/A,OpenSky Network
2026-09-26 06:21:27,NONE,N/A,N/A,N/A,N/A,-8.7482,115.1672,0,0,0,0,0,0,0,0,0,No Flights,0,0,0,0,0,N/A,OpenSky Network
2026-09-26 06:28:29,NONE,N/A,N/A,N/A,N/A,-8.7482,115.1672,0,0,0,0,0,0,0,0,0,No Flights,0,0,0,0,0,N/A,OpenSky Network
2026-09-26 06:35:29,NONE,N/A,N/A,N/A,N/A,-8.7482,115.1672,0,0,0,0,0,0,0,0,0,No Flights,0,0,0,0,0,N/A,OpenSky Network
2026-09-26 06:42:26,N/A,Unknown,8a09bb,Indonesia,N/A,-6.6395,111.0978,9258.3,30375.0,9890.76,32450.0,877.7,473.9,3.58,704.7,284.42,Climbing (Takeoff),0,0,0,1790379516,1790379516,N/A,OpenSky Network
2026-09-26 06:49:26,NONE,N/A,N/A,N/A,N/A,-8.7482,115.1672,0,0,0,0,0,0,0,0,0,No Flights,0,0,0,0,0,N/A,OpenSky Network
2026-09-26 06:56:21,SJV796,Sriwijaya Air / Super Air Jet,8a0951,Indonesia,N/A,-6.9889,111.2048,10058.4,33000.0,10782.3,35375.0,850.2,459.1,0,0.0,91,Cruising,0,0,0,1790380523,1790380524,N/A,OpenSky Network
2026-09-26 07:00:41,SJV796,Sriwijaya Air / Super Air Jet,8a0951,Indonesia,N/A,-6.9953,111.4328,10058.4,33000.0,10782.3,35375.0,850.2,459.1,0,0.0,91,Cruising,0,0,0,1790380630,1790380630,N/A,OpenSky Network
2026-09-26 07:07:27,AWQ806,Indonesia AirAsia,8a09b8,Indonesia,N/A,-6.9889,111.2064,10675.62,35025.0,11430,37500.0,813.1,439.1,0,0.0,90.91,Cruising,0,0,0,1790381144,1790381144,N/A,OpenSky Network
2026-09-26 07:14:26,PAS646,Pelita Air Service,8a0a89,Indonesia,N/A,-7.2906,110.7528,9906,32500.0,10637.52,34900.0,852.3,460.2,-10.4,-2047.2,186.74,Descending (Landing/Approach),0,0,0,1790381647,1790381649,N/A,OpenSky Network
2026-09-26 07:21:23,BTK6375,Batik Air,8a09a2,Indonesia,N/A,-7.2085,110.7373,3497.58,11475.0,3741.42,12275.0,666.0,359.6,11.38,2240.2,342.52,Climbing (Takeoff),0,0,0,1790382016,1790382016,N/A,OpenSky Network
2026-09-26 07:21:23,SJV127,Sriwijaya Air / Super Air Jet,8a092e,Indonesia,N/A,-7.2088,111.0997,5295.9,17375.0,5212.08,17100.0,713.5,385.2,10.4,2047.2,55.9,Climbing (Takeoff),0,0,0,1790381841,1790381841,N/A,OpenSky Network
2026-09-26 07:21:23,SJV132,Sriwijaya Air / Super Air Jet,8a08b7,Indonesia,N/A,-6.9897,111.1441,6804.66,22325.0,7299.96,23950.0,772.3,417.0,9.1,1791.3,90.69,Climbing (Takeoff),0,0,0,1790381944,1790381951,N/A,OpenSky Network
2026-09-26 07:28:26,NONE,N/A,N/A,N/A,N/A,-8.7482,115.1672,0,0,0,0,0,0,0,0,0,No Flights,0,0,0,0,0,N/A,OpenSky Network
2026-09-26 07:35:26,GIA456,Garuda Indonesia,8a02d3,Indonesia,N/A,-6.9879,111.1291,10668,35000.0,11414.76,37450.0,840.9,454.1,0,0.0,90.88,Cruising,0,0,0,1790382908,1790382908,N/A,OpenSky Network
2026-09-26 07:42:26,NONE,N/A,N/A,N/A,N/A,-8.7482,115.1672,0,0,0,0,0,0,0,0,0,No Flights,0,0,0,0,0,N/A,OpenSky Network
2026-09-26 07:49:20,CTV178,Citilink,8a04a5,Indonesia,N/A,-6.9892,111.1957,7597.14,24925.0,8191.5,26875.0,717.9,387.6,-6.5,-1279.5,93.25,Descending (Landing/Approach),0,0,0,1790383626,1790383626,N/A,OpenSky Network
2026-09-26 07:56:19,SJV316,Sriwijaya Air / Super Air Jet,8a0948,Indonesia,N/A,-7.025,111.1648,7612.38,24975.0,8229.6,27000.0,775.0,418.5,-11.05,-2175.2,102.84,Descending (Landing/Approach),0,0,0,1790384175,1790384175,N/A,OpenSky Network
2026-09-26 08:00:39,SJV316,Sriwijaya Air / Super Air Jet,8a0948,Indonesia,N/A,-7.0352,111.2097,7360.92,24150.0,8199.12,26900.0,775.0,418.5,-11.05,-2175.2,102.84,Descending (Landing/Approach),0,0,0,1790384199,1790384199,N/A,OpenSky Network
2026-09-26 08:00:39,SJV762,Sriwijaya Air / Super Air Jet,8a0974,Indonesia,N/A,-6.989,111.2097,10058.4,33000.0,10805.16,35450.0,853.9,461.1,0.0,0.0,90.87,Cruising,0,0,0,1790384392,1790384392,N/A,OpenSky Network
2026-09-26 08:07:30,GIA402,Garuda Indonesia,8a05ad,Indonesia,N/A,-6.986,111.0236,11277.6,37000.0,12062.46,39575.0,844.6,456.1,0,0.0,91.01,Cruising,0,0,0,1790384771,1790384772,N/A,OpenSky Network
2026-09-26 08:07:30,SJV762,Sriwijaya Air / Super Air Jet,8a0974,Indonesia,N/A,-6.9977,111.4503,10066.02,33025.0,10820.4,35500.0,856.8,462.6,0,0.0,98.95,Cruising,0,0,0,1790384504,1790384576,N/A,OpenSky Network
2026-09-26 08:14:25,GIA402,Garuda Indonesia,8a05ad,Indonesia,N/A,-7.0852,111.6397,11277.6,37000.0,12062.46,39575.0,853.3,460.8,0,0.0,112.73,Cruising,0,0,0,1790385068,1790385068,N/A,OpenSky Network
2026-09-26 08:21:25,GIA432,Garuda Indonesia,8a0a43,Indonesia,N/A,-6.9852,110.9757,11277.6,37000.0,12062.46,39575.0,826.1,446.1,0,0.0,91.03,Cruising,0,0,0,1790385675,1790385675,N/A,OpenSky Network
2026-09-26 08:28:26,GIA432,Garuda Indonesia,8a0a43,Indonesia,N/A,-6.9893,111.2086,11277.6,37000.0,12070.08,39600.0,824.4,445.2,0,0.0,91.54,Cruising,0,0,0,1790385788,1790385794,N/A,OpenSky Network
2026-09-26 08:35:30,NONE,N/A,N/A,N/A,N/A,-8.7482,115.1672,0,0,0,0,0,0,0,0,0,No Flights,0,0,0,0,0,N/A,OpenSky Network
2026-09-26 08:42:29,N/A,Unknown,8a043a,Indonesia,N/A,-6.924,111.053,10668,35000.0,11407.14,37425.0,834.7,450.7,0,0.0,100.61,Cruising,0,0,0,1790386941,1790386941,N/A,OpenSky Network
2026-09-26 08:49:25,GIA406,Garuda Indonesia,8a043a,Indonesia,N/A,-7.0671,111.5964,10668.0,35000.0,11414.76,37450.0,837.5,452.2,0.0,0.0,112.77,Cruising,0,0,0,1790387211,1790387211,N/A,OpenSky Network
2026-09-26 08:49:25,N/A,Unknown,8a03c7,Indonesia,N/A,-6.9502,111.187,7993.38,26225.0,8602.98,28225.0,721.1,389.4,-10.08,-1984.2,100.36,Descending (Landing/Approach),0,0,0,1790387267,1790387267,N/A,OpenSky Network
2026-09-26 08:49:25,PAS647,Pelita Air Service,8a0a89,Indonesia,N/A,-7.019,111.1712,8115.3,26625.0,8717.28,28600.0,838.0,452.5,5.53,1088.6,40.52,Climbing (Takeoff),0,0,0,1790387356,1790387356,N/A,OpenSky Network
2026-09-26 08:56:24,BTK6584,Batik Air,8a05ef,Indonesia,N/A,-7.0057,111.1101,8290.56,27200.0,8923.02,29275.0,778.1,420.1,-10.73,-2112.2,103.21,Descending (Landing/Approach),0,0,0,1790387748,1790387752,N/A,OpenSky Network
2026-09-26 08:56:24,PAS647,Pelita Air Service,8a0a89,Indonesia,N/A,-6.7328,111.4162,8930.64,29300.0,9593.58,31475.0,852.5,460.3,3.58,704.7,40.51,Climbing (Takeoff),0,0,0,1790387535,1790387535,N/A,OpenSky Network
2026-09-26 09:00:44,TGW248,Scoot,76b861,Singapore,N/A,-7.2045,110.69,9311.64,30550.0,10005.06,32825.0,897.2,484.4,-4.23,-832.7,156.13,Descending (Landing/Approach),0,0,0,1790388031,1790388031,N/A,OpenSky Network
2026-09-26 09:00:44,BTK6584,Batik Air,8a05ef,Indonesia,N/A,-7.0057,111.1101,8290.56,27200.0,8923.02,29275.0,778.1,420.1,-10.73,-2112.2,103.21,Descending (Landing/Approach),0,0,0,1790387748,1790387752,N/A,OpenSky Network
2026-09-26 09:07:26,LNI641,Lion Air,8a01ae,Indonesia,N/A,-7.4005,110.8891,7200.9,23625.0,7734.3,25375.0,779.7,421.0,-13.66,-2689.0,217.28,Descending (Landing/Approach),0,0,0,1790388436,1790388436,N/A,OpenSky Network
2026-09-26 09:07:26,AWQ808,Indonesia AirAsia,8a06f0,Indonesia,N/A,-6.9858,111.0113,10675.62,35025.0,11422.38,37475.0,837.3,452.1,0.0,0.0,91.01,Cruising,0,0,0,1790388188,1790388188,N/A,OpenSky Network
2026-09-26 09:14:23,BTK6566,Batik Air,8a063a,Indonesia,N/A,-6.9803,110.7009,10668,35000.0,11445.24,37550.0,842.8,455.1,0,0.0,91.01,Cruising,0,0,0,1790388849,1790388849,N/A,OpenSky Network
2026-09-26 09:21:22,BTK6566,Batik Air,8a063a,Indonesia,N/A,-7.0278,111.5429,10668.0,35000.0,11452.86,37575.0,839.7,453.4,0.65,128.0,99.65,Cruising,0,0,0,1790389251,1790389251,N/A,OpenSky Network
2026-09-26 09:21:22,LNI669,Lion Air,8a026b,Indonesia,N/A,-7.5724,110.6796,5448.3,17875.0,5638.8,18500.0,741.9,400.6,11.38,2240.2,49.15,Climbing (Takeoff),0,0,0,1790389072,1790389072,N/A,OpenSky Network
2026-09-26 09:28:23,PAS202,Pelita Air Service,8a09bb,Indonesia,N/A,-6.9891,111.1938,7840.98,25725.0,8435.34,27675.0,744.9,402.2,-11.38,-2240.2,94.42,Descending (Landing/Approach),0,0,0,1790389695,1790389695,N/A,OpenSky Network
2026-09-26 09:35:26,LNI522,Lion Air,8a082d,Indonesia,N/A,-7.5281,110.731,5440.68,17850.0,5806.44,19050.0,759.5,410.1,9.43,1856.3,48.26,Climbing (Takeoff),0,0,0,1790390112,1790390115,N/A,OpenSky Network
2026-09-26 09:35:26,BTK7513,Batik Air,8a06fd,Indonesia,N/A,-7.012,111.1147,7962.9,26125.0,8580.12,28150.0,769.6,415.5,-11.38,-2240.2,102.93,Descending (Landing/Approach),0,0,0,1790389891,1790389893,N/A,OpenSky Network
2026-09-26 09:35:26,TNU5104,TransNusa,8a095b,Indonesia,N/A,-7.0617,111.5839,11285.22,37025.0,12092.94,39675.0,820.2,442.9,0.0,0.0,99.36,Cruising,0,0,0,1790390089,1790390089,N/A,OpenSky Network
2026-09-26 09:35:26,SJV370,Sriwijaya Air / Super Air Jet,8a094d,Indonesia,N/A,-6.986,111.0184,11887.2,39000.0,12710.16,41700.0,827.9,447.0,0.0,0.0,90.9,Cruising,0,0,0,1790389932,1790389932,N/A,OpenSky Network
2026-09-26 09:42:26,CTV640,Citilink,8a064e,Indonesia,N/A,-6.988,111.1635,10660.38,34975.0,11430.0,37500.0,802.0,433.0,0.0,0.0,90.93,Cruising,0,0,0,1790390528,1790390529,N/A,OpenSky Network
2026-09-26 09:42:26,LNI522,Lion Air,8a082d,Indonesia,N/A,-7.1872,111.0275,7338.06,24075.0,7848.6,25750.0,830.0,448.2,8.78,1728.3,40.66,Climbing (Takeoff),0,0,0,1790390341,1790390343,N/A,OpenSky Network
2026-09-26 09:42:26,SJV370,Sriwijaya Air / Super Air Jet,8a094d,Indonesia,N/A,-7.0815,111.6307,11879.58,38975.0,12702.54,41675.0,836.8,451.8,0.0,0.0,112.65,Cruising,0,0,0,1790390232,1790390232,N/A,OpenSky Network
2026-09-26 09:49:27,CTV640,Citilink,8a064e,Indonesia,N/A,-7.0365,111.6989,10668,35000.0,11437.62,37525.0,808.1,436.3,0,0.0,98.97,Cruising,0,0,0,1790390795,1790390795,N/A,OpenSky Network
2026-09-26 09:56:29,CTV763,Citilink,8a03b3,Indonesia,N/A,-7.1694,110.7079,4709.16,15450.0,5036.82,16525.0,572.4,309.1,11.7,2303.1,299.88,Climbing (Takeoff),0,0,0,1790391353,1790391353,N/A,OpenSky Network
2026-09-26 09:56:29,PAS102,Pelita Air Service,8a09e4,Indonesia,N/A,-6.9813,110.7628,11277.6,37000.0,12085.32,39650.0,815.0,440.1,-0.33,-65.0,91.04,Cruising,0,0,0,1790391375,1790391375,N/A,OpenSky Network
2026-09-26 10:00:42,PAS102,Pelita Air Service,8a09e4,Indonesia,N/A,-6.9856,111.0174,11277.6,37000.0,12077.7,39625.0,816.9,441.1,0.33,65.0,91.04,Cruising,0,0,0,1790391500,1790391500,N/A,OpenSky Network
2026-09-26 10:07:26,LNI694,Lion Air,8a0486,Indonesia,N/A,-7.0002,111.1821,8031.48,26350.0,8633.46,28325.0,745.6,402.6,-12.03,-2368.1,104.38,Descending (Landing/Approach),0,0,0,1790392037,1790392037,N/A,OpenSky Network
2026-09-26 10:07:26,CTV718,Citilink,8a05d5,Indonesia,N/A,-7.0211,111.152,7536.18,24725.0,8100.06,26575.0,710.7,383.8,-10.08,-1984.2,102.95,Descending (Landing/Approach),0,0,0,1790391843,1790391852,N/A,OpenSky Network
2026-09-26 10:07:26,PAS102,Pelita Air Service,8a09e4,Indonesia,N/A,-6.9856,111.0174,11277.6,37000.0,12085.32,39650.0,829.3,447.8,0.0,0.0,112.73,Cruising,0,0,0,1790391500,1790391782,N/A,OpenSky Network
2026-09-26 10:07:26,SJV122,Sriwijaya Air / Super Air Jet,8a092e,Indonesia,N/A,-7.2206,110.7963,9090.66,29825.0,9791.7,32125.0,891.6,481.4,-13.98,-2752.0,222.14,Descending (Landing/Approach),0,0,0,1790392037,1790392037,N/A,OpenSky Network
2026-09-26 10:14:25,NONE,N/A,N/A,N/A,N/A,-8.7482,115.1672,0,0,0,0,0,0,0,0,0,No Flights,0,0,0,0,0,N/A,OpenSky Network
2026-09-26 10:21:23,CTV752,Citilink,8a060d,Indonesia,N/A,-6.9855,111.0196,10668,35000.0,11422.38,37475.0,816.9,441.1,-2.6,-511.8,91.04,Descending (Landing/Approach),0,0,0,1790392787,1790392858,N/A,OpenSky Network
2026-09-26 10:28:25,CTV752,Citilink,8a060d,Indonesia,N/A,-6.9976,111.4228,10195.56,33450.0,10934.7,35875.0,839.5,453.3,-3.25,-639.8,98.76,Descending (Landing/Approach),0,0,0,1790392982,1790392983,N/A,OpenSky Network
2026-09-26 10:35:26,NONE,N/A,N/A,N/A,N/A,-8.7482,115.1672,0,0,0,0,0,0,0,0,0,No Flights,0,0,0,0,0,N/A,OpenSky Network
2026-09-26 10:42:25,LNI640,Lion Air,8a01ae,Indonesia,N/A,-7.2443,111.0091,8275.32,27150.0,8808.72,28900.0,758.3,409.5,9.1,1791.3,44.11,Climbing (Takeoff),0,0,0,1790394135,1790394135,N/A,OpenSky Network
2026-09-26 10:42:25,CTV686,Citilink,8a0507,Indonesia,N/A,-6.9829,110.871,11277.6,37000.0,12062.46,39575.0,813.2,439.1,0.33,65.0,91.04,Cruising,0,0,0,1790394129,1790394129,N/A,OpenSky Network
2026-09-26 10:42:25,LNI034,Lion Air,8a097c,Indonesia,N/A,-6.9894,111.2215,10058.4,33000.0,10774.68,35350.0,859.5,464.1,0.0,0.0,90.99,Cruising,0,0,0,1790394055,1790394055,N/A,OpenSky Network
2026-09-26 10:49:23,GIA404,Garuda Indonesia,8a01e0,Indonesia,N/A,-6.9851,110.9657,10668.0,35000.0,11414.76,37450.0,815.0,440.0,0.0,0.0,90.91,Cruising,0,0,0,1790394555,1790394555,N/A,OpenSky Network
2026-09-26 10:49:23,LNI640,Lion Air,8a01ae,Indonesia,N/A,-7.1426,111.1812,9083.04,29800.0,9707.88,31850.0,758.3,409.5,5.2,1023.6,68.51,Climbing (Takeoff),0,0,0,1790394242,1790394242,N/A,OpenSky Network
2026-09-26 10:56:30,GIA404,Garuda Indonesia,8a01e0,Indonesia,N/A,-7.0646,111.5905,10668,35000.0,11414.76,37450.0,838.5,452.8,0,0.0,112.6,Cruising,0,0,0,1790394863,1790394878,N/A,OpenSky Network
2026-09-26 11:00:41,NONE,N/A,N/A,N/A,N/A,-8.7482,115.1672,0,0,0,0,0,0,0,0,0,No Flights,0,0,0,0,0,N/A,OpenSky Network
2026-09-26 11:07:25,AWQ802,Indonesia AirAsia,8a03f3,Indonesia,N/A,-6.9873,111.1026,10668.0,35000.0,11414.76,37450.0,842.8,455.1,0.0,0.0,91.01,Cruising,0,0,0,1790395373,1790395373,N/A,OpenSky Network
2026-09-26 11:07:25,GIA225,Garuda Indonesia,8a03c8,Indonesia,N/A,-7.235,110.6832,3771.9,12375.0,3947.16,12950.0,604.2,326.2,19.83,3903.5,304.76,Climbing (Takeoff),0,0,0,1790395381,1790395381,N/A,OpenSky Network
2026-09-26 11:14:24,NONE,N/A,N/A,N/A,N/A,-8.7482,115.1672,0,0,0,0,0,0,0,0,0,No Flights,0,0,0,0,0,N/A,OpenSky Network
2026-09-26 11:21:27,NONE,N/A,N/A,N/A,N/A,-8.7482,115.1672,0,0,0,0,0,0,0,0,0,No Flights,0,0,0,0,0,N/A,OpenSky Network
2026-09-26 11:28:44,SJV123,Sriwijaya Air / Super Air Jet,8a092e,Indonesia,N/A,-7.5049,110.7514,6377.94,20925.0,6835.14,22425.0,760.9,410.8,5.53,1088.6,52.52,Climbing (Takeoff),0,0,0,1790396915,1790396915,N/A,OpenSky Network
2026-09-26 11:35:29,T7111,Private / Business Jet / General Aviation,50031e,San Marino,N/A,-7.0661,111.5941,11887.2,39000.0,12694.92,41650.0,919.0,496.2,0.0,0.0,112.64,Cruising,0,0,0,1790397315,1790397316,N/A,OpenSky Network
2026-09-26 11:35:29,BTK6050,Batik Air,8a09a5,Indonesia,N/A,-6.986,111.0216,10668.0,35000.0,11422.38,37475.0,833.5,450.1,0.0,0.0,90.89,Cruising,0,0,0,1790397181,1790397181,N/A,OpenSky Network
2026-09-26 11:35:29,SJV123,Sriwijaya Air / Super Air Jet,8a092e,Indonesia,N/A,-7.189,111.1633,8084.82,26525.0,8724.9,28625.0,843.9,455.7,3.9,767.7,56.28,Climbing (Takeoff),0,0,0,1790397172,1790397279,N/A,OpenSky Network
2026-09-26 11:35:29,TTNU5106,Other Airline,8a0a8c,Indonesia,N/A,-6.9815,110.7541,11285.22,37025.0,12077.7,39625.0,833.5,450.1,0.0,0.0,91.02,Cruising,0,0,0,1790397278,1790397278,N/A,OpenSky Network
2026-09-26 11:42:30,BTK7309,Batik Air,8a063c,Indonesia,N/A,-6.9861,111.0235,11277.6,37000.0,12070.08,39600.0,802.0,433.1,0.0,0.0,91.06,Cruising,0,0,0,1790397691,1790397691,N/A,OpenSky Network
2026-09-26 11:42:30,PAS204,Pelita Air Service,8a0914,Indonesia,N/A,-6.9983,111.1843,7772.4,25500.0,8366.76,27450.0,783.4,423.0,-11.38,-2240.2,104.23,Descending (Landing/Approach),0,0,0,1790397737,1790397737,N/A,OpenSky Network
2026-09-26 11:42:30,TNU5106,TransNusa,8a0a8c,Indonesia,N/A,-7.0664,111.5946,11277.6,37000.0,12062.46,39575.0,845.1,456.3,0.0,0.0,112.69,Cruising,0,0,0,1790397688,1790397689,N/A,OpenSky Network
2026-09-26 11:50:04,GIA430,Garuda Indonesia,8a044e,Indonesia,N/A,-6.9888,111.1849,10668.0,35000.0,11407.14,37425.0,813.1,439.1,0,0.0,90.91,Cruising,0,0,0,1790398178,1790398178,N/A,OpenSky Network
2026-09-26 11:50:04,BTK7309,Batik Air,8a063c,Indonesia,N/A,-7.0668,111.5954,11277.6,37000.0,12070.08,39600.0,821.0,443.3,0,0.0,112.69,Cruising,0,0,0,1790397979,1790397979,N/A,OpenSky Network
2026-09-26 11:56:28,BTK6656,Batik Air,8a04e4,Indonesia,N/A,-6.9536,111.1643,10668.0,35000.0,11407.14,37425.0,830.1,448.2,-0.33,-65.0,98.73,Cruising,0,0,0,1790398576,1790398578,N/A,OpenSky Network
2026-09-26 11:56:28,BTK7583,Batik Air,8a0515,Indonesia,N/A,-6.9849,110.9713,10058.4,33000.0,10797.54,35425.0,835.4,451.1,0.0,0.0,91.02,Cruising,0,0,0,1790398583,1790398583,N/A,OpenSky Network
2026-09-26 11:56:28,MLWCW,Other Airline,424b6b,United Kingdom,N/A,-6.3935,111.2627,12192.0,40000.0,12984.48,42600.0,955.0,515.7,0.0,0.0,295.87,Cruising,0,0,0,1790398490,1790398490,N/A,OpenSky Network
2026-09-26 12:00:40,BTK6656,Batik Air,8a04e4,Indonesia,N/A,-6.9668,111.25,10668.0,35000.0,11407.14,37425.0,831.9,449.2,0,0.0,98.71,Cruising,0,0,0,1790398617,1790398617,N/A,OpenSky Network
2026-09-26 12:00:40,BTK7583,Batik Air,8a0515,Indonesia,N/A,-6.9981,111.423,10066.02,33025.0,10805.16,35450.0,838.9,453.0,0,0.0,98.51,Cruising,0,0,0,1790398798,1790398798,N/A,OpenSky Network
2026-09-26 12:07:24,NONE,N/A,N/A,N/A,N/A,-8.7482,115.1672,0,0,0,0,0,0,0,0,0,No Flights,0,0,0,0,0,N/A,OpenSky Network
2026-09-26 12:14:26,LNI024,Lion Air,8a0966,Indonesia,N/A,-6.9814,110.7508,10058.4,33000.0,10767.06,35325.0,849.6,458.7,0,0.0,100.55,Cruising,0,0,0,1790399647,1790399647,N/A,OpenSky Network
2026-09-26 12:21:25,LNI024,Lion Air,8a0966,Indonesia,N/A,-6.9894,111.2195,10058.4,33000.0,10767.06,35325.0,837.3,452.1,0,0.0,91.01,Cruising,0,0,0,1790399870,1790399877,N/A,OpenSky Network
2026-09-26 12:28:27,GIA254,Garuda Indonesia,8a0240,Indonesia,N/A,-7.4127,110.8493,8199.12,26900.0,8785.86,28825.0,723.0,390.4,11.05,2175.2,53.54,Climbing (Takeoff),0,0,0,1790400412,1790400446,N/A,OpenSky Network
2026-09-26 12:35:26,GIA254,Garuda Indonesia,8a0240,Indonesia,N/A,-7.1552,111.1985,9928.86,32575.0,10561.32,34650.0,785.3,424.0,5.53,1088.6,53.54,Climbing (Takeoff),0,0,0,1790400644,1790400644,N/A,OpenSky Network
2026-09-26 12:42:28,CTV736,Citilink,8a03b3,Indonesia,N/A,-7.0206,111.1618,7627.62,25025.0,8206.74,26925.0,741.7,400.5,-10.73,-2112.2,103.13,Descending (Landing/Approach),0,0,0,1790401308,1790401308,N/A,OpenSky Network
2026-09-26 12:49:27,T71818,Private / Business Jet / General Aviation,50040d,San Marino,N/A,-7.4219,110.6777,2987.04,9800.0,3162.3,10375.0,455.3,245.9,-9.43,-1856.3,215.56,Descending (Landing/Approach),0,0,0,1790401758,1790401758,N/A,OpenSky Network
2026-09-26 12:56:24,AWQ860,Indonesia AirAsia,8a0419,Indonesia,N/A,-6.986,111.0234,11277.6,37000.0,12054.84,39550.0,809.4,437.1,0,0.0,90.92,Cruising,0,0,0,1790402044,1790402044,N/A,OpenSky Network
2026-09-26 12:56:24,PAS108,Pelita Air Service,8a0993,Indonesia,N/A,-6.9811,110.753,10668.0,35000.0,11407.14,37425.0,824.3,445.1,0,0.0,90.9,Cruising,0,0,0,1790402166,1790402166,N/A,OpenSky Network
2026-09-26 13:00:42,AWQ860,Indonesia AirAsia,8a0419,Indonesia,N/A,-7.0286,111.6475,11277.6,37000.0,12054.84,39550.0,817.2,441.3,0,0.0,98.86,Cruising,0,0,0,1790402351,1790402351,N/A,OpenSky Network
2026-09-26 13:00:42,PAS108,Pelita Air Service,8a0993,Indonesia,N/A,-6.9857,111.0222,10675.62,35025.0,11414.76,37450.0,822.4,444.1,0,0.0,91.03,Cruising,0,0,0,1790402294,1790402296,N/A,OpenSky Network
2026-09-26 13:07:22,PAS108,Pelita Air Service,8a0993,Indonesia,N/A,-7.0685,111.6005,10668,35000.0,11407.14,37425.0,831.0,448.7,-0.33,-65.0,112.68,Cruising,0,0,0,1790402580,1790402580,N/A,OpenSky Network
2026-09-26 13:07:22,AWQ814,Indonesia AirAsia,8a017c,Indonesia,N/A,-6.9373,111.0248,10668,35000.0,11399.52,37400.0,821.1,443.4,0.0,0.0,98.04,Cruising,0,0,0,1790402830,1790402830,N/A,OpenSky Network
2026-09-26 13:14:25,AWQ814,Indonesia AirAsia,8a017c,Indonesia,N/A,-7.0429,111.5391,10675.62,35025.0,11407.14,37425.0,828.5,447.4,0.0,0.0,112.61,Cruising,0,0,0,1790403085,1790403094,N/A,OpenSky Network
2026-09-26 13:14:25,GIA312,Garuda Indonesia,8a0a73,Indonesia,N/A,-6.9891,111.191,8244.84,27050.0,8846.82,29025.0,809.4,437.1,-7.8,-1535.4,90.92,Descending (Landing/Approach),0,0,0,1790403047,1790403048,N/A,OpenSky Network
2026-09-26 13:21:23,CTV764,Citilink,8a03ae,Indonesia,N/A,-7.3548,110.7623,2613.66,8575.0,2819.4,9250.0,544.4,294.0,-7.48,-1472.4,166.63,Descending (Landing/Approach),0,0,0,1790403608,1790403608,N/A,OpenSky Network
2026-09-26 13:28:25,CTV764,Citilink,8a03ae,Indonesia,N/A,-7.483,110.9441,937.26,3075.0,0,0.0,378.1,204.2,-1.3,-255.9,293.68,Cruising,0,0,0,1790403929,1790403929,N/A,OpenSky Network
2026-09-26 13:35:29,NONE,N/A,N/A,N/A,N/A,-8.7482,115.1672,0,0,0,0,0,0,0,0,0,No Flights,0,0,0,0,0,N/A,OpenSky Network
2026-09-26 13:42:32,CTV176,Citilink,8a061d,Indonesia,N/A,-6.9877,111.1209,8039.1,26375.0,8648.7,28375.0,779.8,421.0,-12.68,-2496.1,90.82,Descending (Landing/Approach),0,0,0,1790404950,1790404950,N/A,OpenSky Network
2026-09-26 13:42:32,PAS142,Pelita Air Service,8a0a4a,Indonesia,N/A,-6.989,111.2088,9448.8,31000.0,10119.36,33200.0,816.8,441.1,0.0,0.0,90.91,Cruising,0,0,0,1790404755,1790404755,N/A,OpenSky Network
2026-09-26 13:49:23,NONE,N/A,N/A,N/A,N/A,-8.7482,115.1672,0,0,0,0,0,0,0,0,0,No Flights,0,0,0,0,0,N/A,OpenSky Network
2026-09-26 13:56:28,NONE,N/A,N/A,N/A,N/A,-8.7482,115.1672,0,0,0,0,0,0,0,0,0,No Flights,0,0,0,0,0,N/A,OpenSky Network
2026-09-26 14:00:38,LNI983,Lion Air,8a1822,Indonesia,N/A,-6.9848,110.9576,9814.56,32200.0,10500.36,34450.0,837.3,452.1,-18.53,-3647.6,91.01,Descending (Landing/Approach),0,0,0,1790406025,1790406026,N/A,OpenSky Network
2026-09-26 14:07:23,BTK7501,Batik Air,8a06fd,Indonesia,N/A,-6.9348,110.9901,8892.54,29175.0,9563.1,31375.0,842.9,455.1,-11.7,-2303.1,97.7,Descending (Landing/Approach),0,0,0,1790406357,1790406358,N/A,OpenSky Network
2026-09-26 14:07:23,SJV676,Sriwijaya Air / Super Air Jet,8a0973,Indonesia,N/A,-7.219,110.7513,7978.14,26175.0,8488.68,27850.0,772.4,417.1,3.58,704.7,0.96,Climbing (Takeoff),0,0,0,1790406429,1790406429,N/A,OpenSky Network
2026-09-26 14:07:23,N/A,Unknown,8a0a8c,Indonesia,N/A,-6.3909,111.2583,10972.8,36000.0,11742.42,38525.0,870.6,470.1,0.0,0.0,295.86,Cruising,0,0,0,1790406248,1790406248,N/A,OpenSky Network
2026-09-26 14:14:26,N/A,Unknown,8a043a,Indonesia,N/A,-6.9885,111.1627,10668.0,35000.0,11399.52,37400.0,796.5,430.1,0.0,0.0,90.93,Cruising,0,0,0,1790406567,1790406585,N/A,OpenSky Network
2026-09-26 14:14:26,BTK6564,Batik Air,8a063a,Indonesia,N/A,-6.9956,111.4279,10058.4,33000.0,10782.3,35375.0,843.4,455.4,0.0,0.0,99.61,Cruising,0,0,0,1790406851,1790406852,N/A,OpenSky Network
2026-09-26 14:14:26,SJV676,Sriwijaya Air / Super Air Jet,8a0973,Indonesia,N/A,-6.9832,110.7558,8747.76,28700.0,8679.18,28475.0,789.1,426.1,7.8,1535.4,1.08,Climbing (Takeoff),0,0,0,1790406548,1790406548,N/A,OpenSky Network
2026-09-26 14:21:27,NONE,N/A,N/A,N/A,N/A,-8.7482,115.1672,0,0,0,0,0,0,0,0,0,No Flights,0,0,0,0,0,N/A,OpenSky Network
2026-09-26 14:28:28,BTK7308,Batik Air,8a063c,Indonesia,N/A,-6.3927,111.262,10972.8,36000.0,11734.8,38500.0,852.3,460.2,0,0.0,295.9,Cruising,0,0,0,1790407634,1790407634,N/A,OpenSky Network
2026-09-26 14:28:28,N/A,Unknown,8a03c8,Indonesia,N/A,-6.986,111.0079,11277.6,37000.0,12039.6,39500.0,839.1,453.1,0,0.0,90.89,Cruising,0,0,0,1790407498,1790407504,N/A,OpenSky Network
2026-09-26 14:35:41,NONE,N/A,N/A,N/A,N/A,-8.7482,115.1672,0,0,0,0,0,0,0,0,0,No Flights,0,0,0,0,0,N/A,OpenSky Network
2026-09-26 14:42:25,NONE,N/A,N/A,N/A,N/A,-8.7482,115.1672,0,0,0,0,0,0,0,0,0,No Flights,0,0,0,0,0,N/A,OpenSky Network
2026-09-26 14:49:23,NONE,N/A,N/A,N/A,N/A,-8.7482,115.1672,0,0,0,0,0,0,0,0,0,No Flights,0,0,0,0,0,N/A,OpenSky Network
2026-09-26 14:56:25,NONE,N/A,N/A,N/A,N/A,-8.7482,115.1672,0,0,0,0,0,0,0,0,0,No Flights,0,0,0,0,0,N/A,OpenSky Network
2026-09-26 15:00:44,PAS106,Pelita Air Service,8a0a89,Indonesia,N/A,-6.9122,111.0236,11277.6,37000.0,12062.46,39575.0,820.5,443.0,0,0.0,101.59,Cruising,0,0,0,1790409637,1790409637,N/A,OpenSky Network
2026-09-26 15:07:24,PAS106,Pelita Air Service,8a0a89,Indonesia,N/A,-7.0642,111.5904,11277.6,37000.0,12062.46,39575.0,845.1,456.3,0,0.0,112.69,Cruising,0,0,0,1790409921,1790409921,N/A,OpenSky Network
2026-09-26 15:14:27,BTK6406,Batik Air,8a09a3,Indonesia,N/A,-6.9799,111.1437,9151.62,30025.0,9799.32,32150.0,875.0,472.5,-12.68,-2496.1,92.55,Descending (Landing/Approach),0,0,0,1790410374,1790410402,N/A,OpenSky Network
2026-09-26 15:21:25,SJV128,Sriwijaya Air / Super Air Jet,8a08b7,Indonesia,N/A,-7.4748,110.9429,746.76,2450.0,792.48,2600.0,337.4,182.2,-4.23,-832.7,256.35,Descending (Landing/Approach),0,0,0,1790410558,1790410571,N/A,OpenSky Network
2026-09-26 15:28:25,CTV784,Citilink,8a03ac,Indonesia,N/A,-7.1289,111.0771,8001.0,26250.0,8458.2,27750.0,755.3,407.8,5.85,1151.6,40.53,Climbing (Takeoff),0,0,0,1790411293,1790411293,N/A,OpenSky Network
2026-09-26 15:28:25,PAS206,Pelita Air Service,8a09e4,Indonesia,N/A,-6.9718,111.1627,7741.92,25400.0,8420.1,27625.0,769.3,415.4,-10.4,-2047.2,94.69,Descending (Landing/Approach),0,0,0,1790411211,1790411211,N/A,OpenSky Network
2026-09-26 15:28:25,GIA410,Garuda Indonesia,8a0a65,Indonesia,N/A,-6.9648,111.2295,10668.0,35000.0,11399.52,37400.0,782.6,422.6,0.0,0.0,98.44,Cruising,0,0,0,1790411159,1790411166,N/A,OpenSky Network
2026-09-26 15:35:32,GIA326,Garuda Indonesia,8a0448,Indonesia,N/A,-6.988,111.1447,8046.72,26400.0,8587.74,28175.0,771.8,416.8,-10.4,-2047.2,99.53,Descending (Landing/Approach),0,0,0,1790411567,1790411587,N/A,OpenSky Network
2026-09-26 15:35:32,SJV131,Sriwijaya Air / Super Air Jet,8a092e,Indonesia,N/A,-6.9741,111.1617,6972.3,22875.0,7459.98,24475.0,776.1,419.1,8.78,1728.3,94.11,Climbing (Takeoff),0,0,0,1790411702,1790411704,N/A,OpenSky Network
2026-09-26 15:42:26,SJV120,Sriwijaya Air / Super Air Jet,8a0949,Indonesia,N/A,-7.1184,111.1305,9921.24,32550.0,10629.9,34875.0,872.1,470.9,-12.03,-2368.1,258.24,Descending (Landing/Approach),0,0,0,1790412122,1790412144,N/A,OpenSky Network
2026-09-26 15:49:26,BTK6508,Batik Air,8a0604,Indonesia,N/A,-6.988,111.1495,10668.0,35000.0,11407.14,37425.0,829.8,448.1,0.0,0.0,90.9,Cruising,0,0,0,1790412292,1790412292,N/A,OpenSky Network
2026-09-26 15:49:26,CTV833,Citilink,8a04a7,Indonesia,N/A,-7.0058,111.1213,7962.9,26125.0,8534.4,28000.0,756.9,408.7,-10.4,-2047.2,103.15,Descending (Landing/Approach),0,0,0,1790412425,1790412426,N/A,OpenSky Network
2026-09-26 15:49:26,SJY272,Sriwijaya Air,8a06b3,Indonesia,N/A,-7.0448,111.543,11277.6,37000.0,12016.74,39425.0,846.5,457.1,0.0,0.0,91.0,Cruising,0,0,0,1790412563,1790412563,N/A,OpenSky Network
2026-09-26 15:56:25,NONE,N/A,N/A,N/A,N/A,-8.7482,115.1672,0,0,0,0,0,0,0,0,0,No Flights,0,0,0,0,0,N/A,OpenSky Network
2026-09-26 16:00:44,N/A,Unknown,8a0377,Indonesia,N/A,-6.8816,111.0218,8389.62,27525.0,8938.26,29325.0,698.8,377.3,-8.13,-1600.4,105.84,Descending (Landing/Approach),0,0,0,1790413169,1790413203,N/A,OpenSky Network
2026-09-26 16:00:44,AWQ820,Indonesia AirAsia,8a03f3,Indonesia,N/A,-6.982,110.7918,11277.6,37000.0,12047.22,39525.0,850.2,459.1,0.0,0.0,90.87,Cruising,0,0,0,1790413236,1790413236,N/A,OpenSky Network
2026-09-26 16:00:44,T7CPA,Private / Business Jet / General Aviation,50051f,San Marino,N/A,-6.99,111.2666,9448.8,31000.0,10119.36,33200.0,822.4,444.1,0.33,65.0,91.03,Cruising,0,0,0,1790413224,1790413224,N/A,OpenSky Network
2026-09-26 16:07:22,LNI692,Lion Air,8a0458,Indonesia,N/A,-7.027,111.1537,7840.98,25725.0,8389.62,27525.0,782.1,422.3,-14.63,-2879.9,103.28,Descending (Landing/Approach),0,0,0,1790413591,1790413591,N/A,OpenSky Network
2026-09-26 16:07:22,AWQ820,Indonesia AirAsia,8a03f3,Indonesia,N/A,-6.9874,111.0967,11277.6,37000.0,12047.22,39525.0,853.9,461.1,0.33,65.0,90.87,Cruising,0,0,0,1790413377,1790413377,N/A,OpenSky Network
2026-09-26 16:07:22,TNU5165,TransNusa,8a09f8,Indonesia,N/A,-6.9453,111.0645,11277.6,37000.0,12062.46,39575.0,837.1,452.0,0.0,0.0,97.63,Cruising,0,0,0,1790413594,1790413594,N/A,OpenSky Network
2026-09-26 16:07:22,T7CPA,Private / Business Jet / General Aviation,50051f,San Marino,N/A,-7.0749,111.615,9448.8,31000.0,10119.36,33200.0,835.1,450.9,0.0,0.0,112.7,Cruising,0,0,0,1790413399,1790413401,N/A,OpenSky Network
2026-09-26 16:14:25,NONE,N/A,N/A,N/A,N/A,-8.7482,115.1672,0,0,0,0,0,0,0,0,0,No Flights,0,0,0,0,0,N/A,OpenSky Network
2026-09-26 16:21:24,N/A,Unknown,8a0375,Indonesia,N/A,-6.9811,110.7494,10668,35000.0,11399.52,37400.0,815.0,440.1,0,0.0,91.04,Cruising,0,0,0,1790414466,1790414467,N/A,OpenSky Network
2026-09-26 16:28:27,CTV688,Citilink,8a0375,Indonesia,N/A,-7.066,111.5941,10668.0,35000.0,11391.9,37375.0,813.1,439.1,0,0.0,90.91,Cruising,0,0,0,1790414884,1790414884,N/A,OpenSky Network
2026-09-26 16:28:27,BTK7311,Batik Air,8a0515,Indonesia,N/A,-6.9855,111.0074,10660.38,34975.0,11399.52,37400.0,824.3,445.1,0,0.0,90.9,Cruising,0,0,0,1790414893,1790414893,N/A,OpenSky Network
2026-09-26 16:35:30,BTK7515,Batik Air,8a063c,Indonesia,N/A,-6.9884,111.153,8176.26,26825.0,8755.38,28725.0,809.4,437.0,-6.83,-1344.5,90.79,Descending (Landing/Approach),0,0,0,1790415269,1790415288,N/A,OpenSky Network
2026-09-26 16:42:25,SJV950,Sriwijaya Air / Super Air Jet,8a09c4,Indonesia,N/A,-7.3482,110.7495,7901.94,25925.0,8458.2,27750.0,757.6,409.1,-9.75,-1919.3,180.98,Descending (Landing/Approach),0,0,0,1790415735,1790415735,N/A,OpenSky Network
2026-09-26 16:42:25,TNU5108,TransNusa,8a0a8c,Indonesia,N/A,-6.986,111.0222,11277.6,37000.0,12062.46,39575.0,835.4,451.1,0.0,0.0,91.02,Cruising,0,0,0,1790415714,1790415714,N/A,OpenSky Network
2026-09-26 16:49:27,PAS104,Pelita Air Service,8a0998,Indonesia,N/A,-6.9433,110.9738,11277.6,37000.0,12047.22,39525.0,840.6,453.9,0,0.0,96.45,Cruising,0,0,0,1790416146,1790416146,N/A,OpenSky Network
2026-09-26 16:56:27,PAS104,Pelita Air Service,8a0998,Indonesia,N/A,-7.0682,111.5989,11277.6,37000.0,12047.22,39525.0,848.2,458.0,0.0,0.0,112.87,Cruising,0,0,0,1790416449,1790416449,N/A,OpenSky Network
2026-09-26 16:56:27,SJV660,Sriwijaya Air / Super Air Jet,8a094b,Indonesia,N/A,-7.0509,110.7552,7360.92,24150.0,7863.84,25800.0,792.7,428.0,4.23,832.7,0.4,Climbing (Takeoff),0,0,0,1790416376,1790416376,N/A,OpenSky Network
2026-09-26 16:56:27,BTK6578,Batik Air,8a0a1e,Indonesia,N/A,-7.0636,111.1362,8549.64,28050.0,9182.1,30125.0,847.4,457.5,-13.0,-2559.0,101.09,Descending (Landing/Approach),0,0,0,1790416472,1790416472,N/A,OpenSky Network
2026-09-26 17:00:40,BTK7041,Batik Air,8a09a2,Indonesia,N/A,-7.3775,110.745,2560.32,8400.0,2743.2,9000.0,542.1,292.7,-6.5,-1279.5,159.4,Descending (Landing/Approach),0,0,0,1790416691,1790416691,N/A,OpenSky Network
2026-09-26 17:07:27,GIA413,Garuda Indonesia,8a043a,Indonesia,N/A,-6.6397,111.0776,10972.8,36000.0,11711.94,38425.0,857.1,462.8,0.0,0.0,284.52,Cruising,0,0,0,1790417186,1790417186,N/A,OpenSky Network
2026-09-26 17:07:27,BTK7041,Batik Air,8a09a2,Indonesia,N/A,-7.4847,110.9,807.72,2650.0,853.44,2800.0,374.7,202.3,1.63,320.9,256.86,Climbing (Takeoff),0,0,0,1790417067,1790417067,N/A,OpenSky Network
2026-09-26 17:07:27,SJV121,Sriwijaya Air / Super Air Jet,8a0949,Indonesia,N/A,-7.3824,110.7816,7170.42,23525.0,7642.86,25075.0,791.3,427.3,7.15,1407.5,57.91,Climbing (Takeoff),0,0,0,1790417245,1790417245,N/A,OpenSky Network
2026-09-26 17:14:22,SJV121,Sriwijaya Air / Super Air Jet,8a0949,Indonesia,N/A,-7.0297,111.379,9357.36,30700.0,10020.3,32875.0,849.5,458.7,9.43,1856.3,74.96,Climbing (Takeoff),0,0,0,1790417580,1790417581,N/A,OpenSky Network
2026-09-26 17:21:21,CTV174,Citilink,8a03b3,Indonesia,N/A,-7.0234,111.1198,7795.26,25575.0,8427.72,27650.0,754.9,407.6,-10.4,-2047.2,102.47,Descending (Landing/Approach),0,0,0,1790417874,1790417874,N/A,OpenSky Network
2026-09-26 17:28:26,CTV662,Citilink,8a03b2,Indonesia,N/A,-6.9403,111.0458,10668.0,35000.0,11399.52,37400.0,819.3,442.4,0.0,0.0,98.06,Cruising,0,0,0,1790418284,1790418284,N/A,OpenSky Network
2026-09-26 17:28:26,GIA320,Garuda Indonesia,8a03c4,Indonesia,N/A,-6.9651,110.9747,9182.1,30125.0,9837.42,32275.0,803.6,433.9,-11.38,-2240.2,93.7,Descending (Landing/Approach),0,0,0,1790418449,1790418455,N/A,OpenSky Network
2026-09-26 17:28:26,N/A,Unknown,8a082d,Indonesia,N/A,-7.1994,111.0752,8801.1,28875.0,9403.08,30850.0,847.6,457.7,-8.78,-1728.3,215.84,Descending (Landing/Approach),0,0,0,1790418434,1790418438,N/A,OpenSky Network
2026-09-26 17:35:25,SJV677,Sriwijaya Air / Super Air Jet,8a0973,Indonesia,N/A,-7.0261,110.8869,9669.78,31725.0,10325.1,33875.0,859.9,464.3,-8.45,-1663.4,218.18,Descending (Landing/Approach),0,0,0,1790418907,1790418911,N/A,OpenSky Network
2026-09-26 17:35:25,SJV768,Sriwijaya Air / Super Air Jet,8a0974,Indonesia,N/A,-6.9688,110.9357,10668.0,35000.0,11437.62,37525.0,828.8,447.5,0.0,0.0,92.82,Cruising,0,0,0,1790418915,1790418916,N/A,OpenSky Network
2026-09-26 17:35:25,PAS107,Pelita Air Service,8a0a89,Indonesia,N/A,-6.4121,111.292,10972.8,36000.0,11742.42,38525.0,849.0,458.4,0.0,0.0,296.01,Cruising,0,0,0,1790418588,1790418611,N/A,OpenSky Network
2026-09-26 17:42:25,SJV768,Sriwijaya Air / Super Air Jet,8a0974,Indonesia,N/A,-7.022,111.6052,10668,35000.0,11437.62,37525.0,834.3,450.5,0,0.0,98.94,Cruising,0,0,0,1790419240,1790419240,N/A,OpenSky Network
2026-09-26 17:49:23,CTV194,Citilink,8a061d,Indonesia,N/A,-6.9892,111.2032,10660.38,34975.0,11414.76,37450.0,809.4,437.1,-0.33,-65.0,90.92,Cruising,0,0,0,1790419653,1790419653,N/A,OpenSky Network
2026-09-26 17:56:25,NONE,N/A,N/A,N/A,N/A,-8.7482,115.1672,0,0,0,0,0,0,0,0,0,No Flights,0,0,0,0,0,N/A,OpenSky Network
2026-09-26 18:00:46,NONE,N/A,N/A,N/A,N/A,-8.7482,115.1672,0,0,0,0,0,0,0,0,0,No Flights,0,0,0,0,0,N/A,OpenSky Network
2026-09-26 18:07:24,BTK7040,Batik Air,8a09a2,Indonesia,N/A,-7.3809,110.7008,2575.56,8450.0,2727.96,8950.0,477.3,257.7,10.73,2112.2,15.76,Climbing (Takeoff),0,0,0,1790420821,1790420821,N/A,OpenSky Network
2026-09-26 18:07:24,PAS210,Pelita Air Service,8a0927,Indonesia,N/A,-6.9316,111.0674,8244.84,27050.0,8877.3,29125.0,763.3,412.2,-9.75,-1919.3,99.92,Descending (Landing/Approach),0,0,0,1790420834,1790420834,N/A,OpenSky Network
2026-09-26 18:14:25,NONE,N/A,N/A,N/A,N/A,-8.7482,115.1672,0,0,0,0,0,0,0,0,0,No Flights,0,0,0,0,0,N/A,OpenSky Network
2026-09-26 18:21:22,SJV778,Sriwijaya Air / Super Air Jet,8a09c4,Indonesia,N/A,-7.1497,111.2166,8648.7,28375.0,9113.52,29900.0,839.4,453.3,6.18,1216.5,52.17,Climbing (Takeoff),0,0,0,1790421660,1790421660,N/A,OpenSky Network
2026-09-26 18:21:22,AWQ818,Indonesia AirAsia,8a017c,Indonesia,N/A,-6.9604,110.8641,11277.6,37000.0,12047.22,39525.0,832.9,449.7,-0.33,-65.0,93.31,Cruising,0,0,0,1790421669,1790421669,N/A,OpenSky Network
2026-09-26 18:28:24,SJV778,Sriwijaya Air / Super Air Jet,8a09c4,Indonesia,N/A,-7.0802,111.5001,9448.8,31000.0,9113.52,29900.0,839.4,453.3,6.18,1216.5,52.17,Climbing (Takeoff),0,0,0,1790421805,1790421805,N/A,OpenSky Network
2026-09-26 18:28:24,BTK7368,Batik Air,8a09a7,Indonesia,N/A,-7.4773,110.9337,701.04,2300.0,762.0,2500.0,312.2,168.6,-5.53,-1088.6,256.62,Descending (Landing/Approach),0,0,0,1790421819,1790421824,N/A,OpenSky Network
2026-09-26 18:28:24,AWQ818,Indonesia AirAsia,8a017c,Indonesia,N/A,-7.1203,111.5095,11277.6,37000.0,12039.6,39500.0,844.7,456.1,0.0,0.0,110.94,Cruising,0,0,0,1790421987,1790421987,N/A,OpenSky Network
2026-09-26 18:35:26,LNI665,Lion Air,8a0454,Indonesia,N/A,-7.1681,110.8707,9144,30000.0,9822.18,32225.0,828.2,447.2,-10.4,-2047.2,199.33,Descending (Landing/Approach),0,0,0,1790422474,1790422474,N/A,OpenSky Network
2026-09-26 18:42:26,JDE701,IndiGo / Eastindo Charter,8a0a4d,Indonesia,N/A,-6.9831,110.8376,10066.02,33025.0,10721.34,35175.0,785.3,424.0,0.33,65.0,90.95,Cruising,0,0,0,1790422923,1790422925,N/A,OpenSky Network
2026-09-26 18:49:24,AWQ821,Indonesia AirAsia,8a03f3,Indonesia,N/A,-6.411,111.2257,10972.8,36000.0,11734.8,38500.0,860.8,464.8,0.0,0.0,297.83,Cruising,0,0,0,1790423313,1790423313,N/A,OpenSky Network
2026-09-26 18:49:24,JDE701,IndiGo / Eastindo Charter,8a0a4d,Indonesia,N/A,-6.994,111.4238,10058.4,33000.0,10721.34,35175.0,787.2,425.1,0.33,65.0,96.89,Cruising,0,0,0,1790423221,1790423224,N/A,OpenSky Network
2026-09-26 18:56:22,NONE,N/A,N/A,N/A,N/A,-8.7482,115.1672,0,0,0,0,0,0,0,0,0,No Flights,0,0,0,0,0,N/A,OpenSky Network
2026-09-26 19:00:47,NONE,N/A,N/A,N/A,N/A,-8.7482,115.1672,0,0,0,0,0,0,0,0,0,No Flights,0,0,0,0,0,N/A,OpenSky Network
2026-09-26 19:07:22,NONE,N/A,N/A,N/A,N/A,-8.7482,115.1672,0,0,0,0,0,0,0,0,0,No Flights,0,0,0,0,0,N/A,OpenSky Network
2026-09-26 19:14:24,CTV785,Citilink,8a03ac,Indonesia,N/A,-7.1186,110.8924,11506.2,37750.0,12329.16,40450.0,846.7,457.2,-5.2,-1023.6,200.22,Descending (Landing/Approach),0,0,0,1790424856,1790424856,N/A,OpenSky Network
2026-09-26 19:21:25,SJV320,Sriwijaya Air / Super Air Jet,8a092c,Indonesia,N/A,-7.0344,111.1577,7277.1,23875.0,7825.74,25675.0,758.9,409.8,-10.08,-1984.2,102.54,Descending (Landing/Approach),0,0,0,1790425108,1790425108,N/A,OpenSky Network
2026-09-26 19:21:25,SJV664,Sriwijaya Air / Super Air Jet,8a0955,Indonesia,N/A,-7.1675,110.929,9151.62,30025.0,9860.28,32350.0,823.5,444.7,10.73,2112.2,54.06,Climbing (Takeoff),0,0,0,1790425233,1790425274,N/A,OpenSky Network
2026-09-26 19:28:22,SJV664,Sriwijaya Air / Super Air Jet,8a0955,Indonesia,N/A,-6.8699,111.3418,10668.0,35000.0,11460.48,37600.0,797.2,430.5,0,0.0,54.17,Cruising,0,0,0,1790425486,1790425499,N/A,OpenSky Network
2026-09-26 19:28:22,N/A,Unknown,8a0a8c,Indonesia,N/A,-6.3891,111.2644,10972.8,36000.0,11757.66,38575.0,842.4,454.9,0,0.0,295.66,Cruising,0,0,0,1790425655,1790425655,N/A,OpenSky Network
2026-09-26 19:35:28,GIA426,Garuda Indonesia,8a03c6,Indonesia,N/A,-6.9885,111.1657,10668,35000.0,11414.76,37450.0,815.0,440.0,0,0.0,90.91,Cruising,0,0,0,1790426104,1790426105,N/A,OpenSky Network
2026-09-26 19:42:20,GIA426,Garuda Indonesia,8a03c6,Indonesia,N/A,-7.062,111.5846,10668,35000.0,11414.76,37450.0,815.0,440.1,0,0.0,91.04,Cruising,0,0,0,1790426314,1790426314,N/A,OpenSky Network
2026-09-26 19:49:26,NONE,N/A,N/A,N/A,N/A,-8.7482,115.1672,0,0,0,0,0,0,0,0,0,No Flights,0,0,0,0,0,N/A,OpenSky Network
2026-09-26 19:56:25,NONE,N/A,N/A,N/A,N/A,-8.7482,115.1672,0,0,0,0,0,0,0,0,0,No Flights,0,0,0,0,0,N/A,OpenSky Network
2026-09-26 20:00:41,NONE,N/A,N/A,N/A,N/A,-8.7482,115.1672,0,0,0,0,0,0,0,0,0,No Flights,0,0,0,0,0,N/A,OpenSky Network
2026-09-26 20:07:24,NONE,N/A,N/A,N/A,N/A,-8.7482,115.1672,0,0,0,0,0,0,0,0,0,No Flights,0,0,0,0,0,N/A,OpenSky Network
2026-09-26 20:14:24,SJY713,Sriwijaya Air,8a034e,Indonesia,N/A,-7.0713,111.0224,8244.84,27050.0,8846.82,29025.0,801.5,432.8,3.9,767.7,44.63,Climbing (Takeoff),0,0,0,1790428451,1790428456,N/A,OpenSky Network
2026-09-26 20:21:28,SJY713,Sriwijaya Air,8a034e,Indonesia,N/A,-6.9015,111.2954,9128.76,29950.0,9799.32,32150.0,822.9,444.3,9.75,1919.3,71.36,Climbing (Takeoff),0,0,0,1790428611,1790428611,N/A,OpenSky Network
2026-09-26 20:21:28,CTV684,Citilink,8a06d0,Indonesia,N/A,-6.9823,110.8153,11277.6,37000.0,12077.7,39625.0,822.4,444.1,0.0,0.0,91.03,Cruising,0,0,0,1790428616,1790428616,N/A,OpenSky Network
2026-09-26 20:28:26,NONE,N/A,N/A,N/A,N/A,-8.7482,115.1672,0,0,0,0,0,0,0,0,0,No Flights,0,0,0,0,0,N/A,OpenSky Network
2026-09-26 20:35:24,CTV726,Citilink,8a064c,Indonesia,N/A,-7.0126,111.2409,8061.96,26450.0,8648.7,28375.0,797.3,430.5,-11.7,-2303.1,104.39,Descending (Landing/Approach),0,0,0,1790429637,1790429641,N/A,OpenSky Network
2026-09-26 20:42:22,CTV783,Citilink,8a03ac,Indonesia,N/A,-7.467,110.7136,6507.48,21350.0,6964.68,22850.0,761.5,411.2,6.5,1279.5,42.54,Climbing (Takeoff),0,0,0,1790430130,1790430131,N/A,OpenSky Network
2026-09-26 20:49:23,LNI664,Lion Air,8a0454,Indonesia,N/A,-7.1834,111.0462,7383.78,24225.0,7901.94,25925.0,817.2,441.2,5.2,1023.6,45.18,Climbing (Takeoff),0,0,0,1790430465,1790430467,N/A,OpenSky Network
2026-09-26 20:49:23,CTV783,Citilink,8a03ac,Indonesia,N/A,-7.121,111.1566,8389.62,27525.0,8732.52,28650.0,805.5,434.9,6.5,1279.5,68.98,Climbing (Takeoff),0,0,0,1790430421,1790430421,N/A,OpenSky Network
2026-09-26 20:56:28,BTK7521,Batik Air,8a063c,Indonesia,N/A,-6.9889,111.1367,8427.72,27650.0,9098.28,29850.0,805.4,434.9,-10.4,-2047.2,93.69,Descending (Landing/Approach),0,0,0,1790430828,1790430828,N/A,OpenSky Network
2026-09-26 21:00:40,NONE,N/A,N/A,N/A,N/A,-8.7482,115.1672,0,0,0,0,0,0,0,0,0,No Flights,0,0,0,0,0,N/A,OpenSky Network
2026-09-26 21:07:27,NONE,N/A,N/A,N/A,N/A,-8.7482,115.1672,0,0,0,0,0,0,0,0,0,No Flights,0,0,0,0,0,N/A,OpenSky Network
2026-09-26 21:14:29,NONE,N/A,N/A,N/A,N/A,-8.7482,115.1672,0,0,0,0,0,0,0,0,0,No Flights,0,0,0,0,0,N/A,OpenSky Network
2026-09-26 21:21:20,NONE,N/A,N/A,N/A,N/A,-8.7482,115.1672,0,0,0,0,0,0,0,0,0,No Flights,0,0,0,0,0,N/A,OpenSky Network
2026-09-26 21:28:26,GIA324,Garuda Indonesia,8a09ef,Indonesia,N/A,-6.9882,111.0839,8214.36,26950.0,9349.74,30675.0,805.8,435.1,-11.38,-2240.2,91.05,Descending (Landing/Approach),0,0,0,1790432890,1790432890,N/A,OpenSky Network
2026-09-26 21:35:29,NONE,N/A,N/A,N/A,N/A,-8.7482,115.1672,0,0,0,0,0,0,0,0,0,No Flights,0,0,0,0,0,N/A,OpenSky Network
2026-09-26 21:42:24,NONE,N/A,N/A,N/A,N/A,-8.7482,115.1672,0,0,0,0,0,0,0,0,0,No Flights,0,0,0,0,0,N/A,OpenSky Network
2026-09-26 21:49:29,N/A,Unknown,8a0374,Indonesia,N/A,-6.9843,110.946,8892.54,29175.0,9563.1,31375.0,798.5,431.1,-11.38,-2240.2,91.46,Descending (Landing/Approach),0,0,0,1790434014,1790434024,N/A,OpenSky Network
2026-09-26 21:56:30,NONE,N/A,N/A,N/A,N/A,-8.7482,115.1672,0,0,0,0,0,0,0,0,0,No Flights,0,0,0,0,0,N/A,OpenSky Network
2026-09-26 22:00:41,NONE,N/A,N/A,N/A,N/A,-8.7482,115.1672,0,0,0,0,0,0,0,0,0,No Flights,0,0,0,0,0,N/A,OpenSky Network
2026-09-26 22:07:29,TNU5110,TransNusa,8a09f8,Indonesia,N/A,-6.9542,111.1985,11277.6,37000.0,12085.32,39650.0,825.4,445.7,0,0.0,99.95,Cruising,0,0,0,1790435151,1790435151,N/A,OpenSky Network
2026-09-26 22:14:26,TNU5110,TransNusa,8a09f8,Indonesia,N/A,-6.9542,111.1985,11277.6,37000.0,12085.32,39650.0,827.6,446.8,0,0.0,112.78,Cruising,0,0,0,1790435151,1790435344,N/A,OpenSky Network
2026-09-26 22:21:24,GIA652,Garuda Indonesia,8a02d3,Indonesia,N/A,-6.9315,111.0701,11277.6,37000.0,12070.08,39600.0,836.7,451.8,-0.65,-128.0,99.94,Cruising,0,0,0,1790436041,1790436041,N/A,OpenSky Network
2026-09-26 22:21:24,LNI012,Lion Air,8a097c,Indonesia,N/A,-6.9826,110.8313,10668.0,35000.0,11430.0,37500.0,840.9,454.1,-0.33,-65.0,90.88,Cruising,0,0,0,1790436075,1790436075,N/A,OpenSky Network
2026-09-26 22:28:25,LNI012,Lion Air,8a097c,Indonesia,N/A,-7.0619,111.5845,10668,35000.0,11430,37500.0,826.1,446.1,0,0.0,112.54,Cruising,0,0,0,1790436444,1790436444,N/A,OpenSky Network
2026-09-26 22:35:30,NONE,N/A,N/A,N/A,N/A,-8.7482,115.1672,0,0,0,0,0,0,0,0,0,No Flights,0,0,0,0,0,N/A,OpenSky Network
2026-09-26 22:42:25,NONE,N/A,N/A,N/A,N/A,-8.7482,115.1672,0,0,0,0,0,0,0,0,0,No Flights,0,0,0,0,0,N/A,OpenSky Network
2026-09-26 22:49:23,NONE,N/A,N/A,N/A,N/A,-8.7482,115.1672,0,0,0,0,0,0,0,0,0,No Flights,0,0,0,0,0,N/A,OpenSky Network
2026-09-26 22:56:28,NONE,N/A,N/A,N/A,N/A,-8.7482,115.1672,0,0,0,0,0,0,0,0,0,No Flights,0,0,0,0,0,N/A,OpenSky Network
2026-09-26 23:00:44,NONE,N/A,N/A,N/A,N/A,-8.7482,115.1672,0,0,0,0,0,0,0,0,0,No Flights,0,0,0,0,0,N/A,OpenSky Network
2026-09-26 23:07:25,NONE,N/A,N/A,N/A,N/A,-8.7482,115.1672,0,0,0,0,0,0,0,0,0,No Flights,0,0,0,0,0,N/A,OpenSky Network
2026-09-26 23:14:27,NONE,N/A,N/A,N/A,N/A,-8.7482,115.1672,0,0,0,0,0,0,0,0,0,No Flights,0,0,0,0,0,N/A,OpenSky Network
2026-09-26 23:21:26,NONE,N/A,N/A,N/A,N/A,-8.7482,115.1672,0,0,0,0,0,0,0,0,0,No Flights,0,0,0,0,0,N/A,OpenSky Network
2026-09-26 23:28:23,NONE,N/A,N/A,N/A,N/A,-8.7482,115.1672,0,0,0,0,0,0,0,0,0,No Flights,0,0,0,0,0,N/A,OpenSky Network
2026-09-26 23:35:25,NONE,N/A,N/A,N/A,N/A,-8.7482,115.1672,0,0,0,0,0,0,0,0,0,No Flights,0,0,0,0,0,N/A,OpenSky Network
2026-09-26 23:42:28,NONE,N/A,N/A,N/A,N/A,-8.7482,115.1672,0,0,0,0,0,0,0,0,0,No Flights,0,0,0,0,0,N/A,OpenSky Network
2026-09-26 23:49:26,NONE,N/A,N/A,N/A,N/A,-8.7482,115.1672,0,0,0,0,0,0,0,0,0,No Flights,0,0,0,0,0,N/A,OpenSky Network
2026-09-26 23:56:30,NONE,N/A,N/A,N/A,N/A,-8.7482,115.1672,0,0,0,0,0,0,0,0,0,No Flights,0,0,0,0,0,N/A,OpenSky Network
2026-09-27 00:00:43,NONE,N/A,N/A,N/A,N/A,-8.7482,115.1672,0,0,0,0,0,0,0,0,0,No Flights,0,0,0,0,0,N/A,OpenSky Network
2026-09-27 00:07:25,NONE,N/A,N/A,N/A,N/A,-8.7482,115.1672,0,0,0,0,0,0,0,0,0,No Flights,0,0,0,0,0,N/A,OpenSky Network
2026-09-27 00:14:26,NONE,N/A,N/A,N/A,N/A,-8.7482,115.1672,0,0,0,0,0,0,0,0,0,No Flights,0,0,0,0,0,N/A,OpenSky Network
2026-09-27 00:21:23,NONE,N/A,N/A,N/A,N/A,-8.7482,115.1672,0,0,0,0,0,0,0,0,0,No Flights,0,0,0,0,0,N/A,OpenSky Network
2026-09-27 00:28:24,NONE,N/A,N/A,N/A,N/A,-8.7482,115.1672,0,0,0,0,0,0,0,0,0,No Flights,0,0,0,0,0,N/A,OpenSky Network
2026-09-27 00:35:29,NONE,N/A,N/A,N/A,N/A,-8.7482,115.1672,0,0,0,0,0,0,0,0,0,No Flights,0,0,0,0,0,N/A,OpenSky Network
2026-09-27 00:42:24,NONE,N/A,N/A,N/A,N/A,-8.7482,115.1672,0,0,0,0,0,0,0,0,0,No Flights,0,0,0,0,0,N/A,OpenSky Network
2026-09-27 00:49:24,NONE,N/A,N/A,N/A,N/A,-8.7482,115.1672,0,0,0,0,0,0,0,0,0,No Flights,0,0,0,0,0,N/A,OpenSky Network
2026-09-27 00:56:29,NONE,N/A,N/A,N/A,N/A,-8.7482,115.1672,0,0,0,0,0,0,0,0,0,No Flights,0,0,0,0,0,N/A,OpenSky Network
2026-09-27 01:00:42,NONE,N/A,N/A,N/A,N/A,-8.7482,115.1672,0,0,0,0,0,0,0,0,0,No Flights,0,0,0,0,0,N/A,OpenSky Network
2026-09-27 01:07:23,NONE,N/A,N/A,N/A,N/A,-8.7482,115.1672,0,0,0,0,0,0,0,0,0,No Flights,0,0,0,0,0,N/A,OpenSky Network
2026-09-27 01:14:27,NONE,N/A,N/A,N/A,N/A,-8.7482,115.1672,0,0,0,0,0,0,0,0,0,No Flights,0,0,0,0,0,N/A,OpenSky Network
2026-09-27 01:21:28,NONE,N/A,N/A,N/A,N/A,-8.7482,115.1672,0,0,0,0,0,0,0,0,0,No Flights,0,0,0,0,0,N/A,OpenSky Network
2026-09-27 01:28:27,NONE,N/A,N/A,N/A,N/A,-8.7482,115.1672,0,0,0,0,0,0,0,0,0,No Flights,0,0,0,0,0,N/A,OpenSky Network
2026-09-27 01:35:29,NONE,N/A,N/A,N/A,N/A,-8.7482,115.1672,0,0,0,0,0,0,0,0,0,No Flights,0,0,0,0,0,N/A,OpenSky Network
2026-09-27 01:42:28,NONE,N/A,N/A,N/A,N/A,-8.7482,115.1672,0,0,0,0,0,0,0,0,0,No Flights,0,0,0,0,0,N/A,OpenSky Network
2026-09-27 01:49:28,NONE,N/A,N/A,N/A,N/A,-8.7482,115.1672,0,0,0,0,0,0,0,0,0,No Flights,0,0,0,0,0,N/A,OpenSky Network
2026-09-27 01:56:25,NONE,N/A,N/A,N/A,N/A,-8.7482,115.1672,0,0,0,0,0,0,0,0,0,No Flights,0,0,0,0,0,N/A,OpenSky Network
2026-09-27 02:00:42,NONE,N/A,N/A,N/A,N/A,-8.7482,115.1672,0,0,0,0,0,0,0,0,0,No Flights,0,0,0,0,0,N/A,OpenSky Network
2026-09-27 02:07:24,NONE,N/A,N/A,N/A,N/A,-8.7482,115.1672,0,0,0,0,0,0,0,0,0,No Flights,0,0,0,0,0,N/A,OpenSky Network
2026-09-27 02:14:25,NONE,N/A,N/A,N/A,N/A,-8.7482,115.1672,0,0,0,0,0,0,0,0,0,No Flights,0,0,0,0,0,N/A,OpenSky Network
2026-09-27 02:21:19,NONE,N/A,N/A,N/A,N/A,-8.7482,115.1672,0,0,0,0,0,0,0,0,0,No Flights,0,0,0,0,0,N/A,OpenSky Network
2026-09-27 02:28:26,NONE,N/A,N/A,N/A,N/A,-8.7482,115.1672,0,0,0,0,0,0,0,0,0,No Flights,0,0,0,0,0,N/A,OpenSky Network
2026-09-27 02:35:33,NONE,N/A,N/A,N/A,N/A,-8.7482,115.1672,0,0,0,0,0,0,0,0,0,No Flights,0,0,0,0,0,N/A,OpenSky Network
2026-09-27 02:42:29,NONE,N/A,N/A,N/A,N/A,-8.7482,115.1672,0,0,0,0,0,0,0,0,0,No Flights,0,0,0,0,0,N/A,OpenSky Network
2026-09-27 02:49:26,NONE,N/A,N/A,N/A,N/A,-8.7482,115.1672,0,0,0,0,0,0,0,0,0,No Flights,0,0,0,0,0,N/A,OpenSky Network
2026-09-27 02:56:28,N/A,Unknown,8a04aa,Indonesia,N/A,-6.9481,111.1813,10675.62,35025.0,11414.76,37450.0,810.0,437.4,0.0,0.0,100.54,Cruising,0,0,0,1790452475,1790452496,N/A,OpenSky Network
2026-09-27 02:56:28,BTK6540,Batik Air,8a091b,Indonesia,N/A,-6.9892,111.2115,10058.4,33000.0,10744.2,35250.0,815.0,440.0,0.33,65.0,90.91,Cruising,0,0,0,1790452491,1790452491,N/A,OpenSky Network
2026-09-27 03:00:41,BTK6540,Batik Air,8a091b,Indonesia,N/A,-6.9949,111.4284,10058.4,33000.0,10744.2,35250.0,813.4,439.2,0,0.0,95.75,Cruising,0,0,0,1790452598,1790452598,N/A,OpenSky Network
2026-09-27 03:07:32,NONE,N/A,N/A,N/A,N/A,-8.7482,115.1672,0,0,0,0,0,0,0,0,0,No Flights,0,0,0,0,0,N/A,OpenSky Network
2026-09-27 03:14:25,NONE,N/A,N/A,N/A,N/A,-8.7482,115.1672,0,0,0,0,0,0,0,0,0,No Flights,0,0,0,0,0,N/A,OpenSky Network
2026-09-27 03:21:30,NONE,N/A,N/A,N/A,N/A,-8.7482,115.1672,0,0,0,0,0,0,0,0,0,No Flights,0,0,0,0,0,N/A,OpenSky Network
2026-09-27 03:28:23,NONE,N/A,N/A,N/A,N/A,-8.7482,115.1672,0,0,0,0,0,0,0,0,0,No Flights,0,0,0,0,0,N/A,OpenSky Network
2026-09-27 03:35:32,NONE,N/A,N/A,N/A,N/A,-8.7482,115.1672,0,0,0,0,0,0,0,0,0,No Flights,0,0,0,0,0,N/A,OpenSky Network
2026-09-27 03:42:26,NONE,N/A,N/A,N/A,N/A,-8.7482,115.1672,0,0,0,0,0,0,0,0,0,No Flights,0,0,0,0,0,N/A,OpenSky Network
2026-09-27 03:49:27,NONE,N/A,N/A,N/A,N/A,-8.7482,115.1672,0,0,0,0,0,0,0,0,0,No Flights,0,0,0,0,0,N/A,OpenSky Network
2026-09-27 03:56:27,NONE,N/A,N/A,N/A,N/A,-8.7482,115.1672,0,0,0,0,0,0,0,0,0,No Flights,0,0,0,0,0,N/A,OpenSky Network
2026-09-27 04:00:44,NONE,N/A,N/A,N/A,N/A,-8.7482,115.1672,0,0,0,0,0,0,0,0,0,No Flights,0,0,0,0,0,N/A,OpenSky Network
2026-09-27 04:07:26,NONE,N/A,N/A,N/A,N/A,-8.7482,115.1672,0,0,0,0,0,0,0,0,0,No Flights,0,0,0,0,0,N/A,OpenSky Network
2026-09-27 04:14:33,NONE,N/A,N/A,N/A,N/A,-8.7482,115.1672,0,0,0,0,0,0,0,0,0,No Flights,0,0,0,0,0,N/A,OpenSky Network
2026-09-27 04:21:25,NONE,N/A,N/A,N/A,N/A,-8.7482,115.1672,0,0,0,0,0,0,0,0,0,No Flights,0,0,0,0,0,N/A,OpenSky Network
2026-09-27 04:28:30,LNI690,Lion Air,8a0311,Indonesia,N/A,-6.9181,110.985,8831.58,28975.0,9448.8,31000.0,708.2,382.4,-5.2,-1023.6,99.63,Descending (Landing/Approach),0,0,0,1790458105,1790458105,N/A,OpenSky Network
2026-09-27 04:35:31,LNI690,Lion Air,8a0311,Indonesia,N/A,-6.9539,111.1909,7825.74,25675.0,8374.38,27475.0,687.5,371.2,-8.45,-1663.4,99.61,Descending (Landing/Approach),0,0,0,1790458223,1790458223,N/A,OpenSky Network
2026-09-27 04:42:27,NONE,N/A,N/A,N/A,N/A,-8.7482,115.1672,0,0,0,0,0,0,0,0,0,No Flights,0,0,0,0,0,N/A,OpenSky Network
2026-09-27 04:49:22,NONE,N/A,N/A,N/A,N/A,-8.7482,115.1672,0,0,0,0,0,0,0,0,0,No Flights,0,0,0,0,0,N/A,OpenSky Network
2026-09-27 04:56:26,NONE,N/A,N/A,N/A,N/A,-8.7482,115.1672,0,0,0,0,0,0,0,0,0,No Flights,0,0,0,0,0,N/A,OpenSky Network
2026-09-27 05:00:43,NONE,N/A,N/A,N/A,N/A,-8.7482,115.1672,0,0,0,0,0,0,0,0,0,No Flights,0,0,0,0,0,N/A,OpenSky Network
2026-09-27 05:07:27,NONE,N/A,N/A,N/A,N/A,-8.7482,115.1672,0,0,0,0,0,0,0,0,0,No Flights,0,0,0,0,0,N/A,OpenSky Network
2026-09-27 05:14:26,LNI020,Lion Air,8a097b,Indonesia,N/A,-6.923,111.0374,9448.8,31000.0,10096.5,33125.0,866.0,467.6,0,0.0,100.35,Cruising,0,0,0,1790460850,1790460850,N/A,OpenSky Network
2026-09-27 05:21:24,NONE,N/A,N/A,N/A,N/A,-8.7482,115.1672,0,0,0,0,0,0,0,0,0,No Flights,0,0,0,0,0,N/A,OpenSky Network
2026-09-27 05:28:26,N/A,Unknown,8a03b3,Indonesia,N/A,-6.9846,110.9455,10675.62,35025.0,11391.9,37375.0,822.4,444.1,0.33,65.0,91.03,Cruising,0,0,0,1790461675,1790461675,N/A,OpenSky Network
2026-09-27 05:35:26,NONE,N/A,N/A,N/A,N/A,-8.7482,115.1672,0,0,0,0,0,0,0,0,0,No Flights,0,0,0,0,0,N/A,OpenSky Network
2026-09-27 05:42:27,NONE,N/A,N/A,N/A,N/A,-8.7482,115.1672,0,0,0,0,0,0,0,0,0,No Flights,0,0,0,0,0,N/A,OpenSky Network
2026-09-27 05:49:27,TNU5161,TransNusa,8a0ab8,Indonesia,N/A,-6.9856,111.0062,11277.6,37000.0,12039.6,39500.0,826.1,446.1,0,0.0,91.03,Cruising,0,0,0,1790462957,1790462957,N/A,OpenSky Network
2026-09-27 05:56:30,TNU5161,TransNusa,8a0ab8,Indonesia,N/A,-7.0362,111.6945,11277.6,37000.0,12039.6,39500.0,828.8,447.5,0,0.0,99,Cruising,0,0,0,1790463290,1790463290,N/A,OpenSky Network
2026-09-27 06:01:19,NONE,N/A,N/A,N/A,N/A,-8.7482,115.1672,0,0,0,0,0,0,0,0,0,No Flights,0,0,0,0,0,N/A,OpenSky Network
2026-09-27 06:07:25,NONE,N/A,N/A,N/A,N/A,-8.7482,115.1672,0,0,0,0,0,0,0,0,0,No Flights,0,0,0,0,0,N/A,OpenSky Network
2026-09-27 06:14:28,NONE,N/A,N/A,N/A,N/A,-8.7482,115.1672,0,0,0,0,0,0,0,0,0,No Flights,0,0,0,0,0,N/A,OpenSky Network
2026-09-27 06:21:23,SJV777,Sriwijaya Air / Super Air Jet,8a0974,Indonesia,N/A,-7.3762,110.7495,8656.32,28400.0,9296.4,30500.0,837.3,452.1,-9.43,-1856.3,181.14,Descending (Landing/Approach),0,0,0,1790464874,1790464874,N/A,OpenSky Network
2026-09-27 06:28:25,LKN280,Lion Air (Alt),8a054f,Indonesia,N/A,-6.9893,111.2145,10050.78,32975.0,10751.82,35275.0,761.2,411.0,0,0.0,90.7,Cruising,0,0,0,1790465191,1790465192,N/A,OpenSky Network
2026-09-27 06:35:31,NONE,N/A,N/A,N/A,N/A,-8.7482,115.1672,0,0,0,0,0,0,0,0,0,No Flights,0,0,0,0,0,N/A,OpenSky Network
2026-09-27 06:42:24,NONE,N/A,N/A,N/A,N/A,-8.7482,115.1672,0,0,0,0,0,0,0,0,0,No Flights,0,0,0,0,0,N/A,OpenSky Network
2026-09-27 06:49:26,AWQ806,Indonesia AirAsia,8a09b8,Indonesia,N/A,-6.9889,111.2072,10668,35000.0,11430,37500.0,831.6,449.0,0,0.0,90.89,Cruising,0,0,0,1790466428,1790466428,N/A,OpenSky Network
2026-09-27 06:56:29,CTV738,Citilink,8a03aa,Indonesia,N/A,-7.0592,111.1259,7917.18,25975.0,8549.64,28050.0,779.2,420.7,-12.03,-2368.1,96.55,Descending (Landing/Approach),0,0,0,1790466980,1790466980,N/A,OpenSky Network
2026-09-27 07:00:44,PKJCO,Private / Business Jet / General Aviation,8a0395,Indonesia,N/A,-6.9862,111.0312,12496.8,41000.0,13266.42,43525.0,794.6,429.1,0.0,0.0,90.93,Cruising,0,0,0,1790467158,1790467158,N/A,OpenSky Network
2026-09-27 07:00:44,CTV738,Citilink,8a03aa,Indonesia,N/A,-7.0592,111.1259,7917.18,25975.0,8549.64,28050.0,779.2,420.7,-12.03,-2368.1,96.55,Descending (Landing/Approach),0,0,0,1790466980,1790466980,N/A,OpenSky Network
2026-09-27 07:07:26,PKJCO,Private / Business Jet / General Aviation,8a0395,Indonesia,N/A,-7.0829,111.6341,12496.8,41000.0,13266.42,43525.0,793.8,428.6,0.0,0.0,112.5,Cruising,0,0,0,1790467469,1790467469,N/A,OpenSky Network
2026-09-27 07:07:26,PAS646,Pelita Air Service,8a09e4,Indonesia,N/A,-7.0198,110.853,9281.16,30450.0,9974.58,32725.0,866.7,468.0,-9.43,-1856.3,209.58,Descending (Landing/Approach),0,0,0,1790467628,1790467629,N/A,OpenSky Network
2026-09-27 07:14:25,CTV780,Citilink,8a0376,Indonesia,N/A,-6.931,111.1489,10972.8,36000.0,11734.8,38500.0,851.7,459.9,0,0.0,236.17,Cruising,0,0,0,1790468014,1790468014,N/A,OpenSky Network
2026-09-27 07:21:31,BTK6375,Batik Air,8a09a7,Indonesia,N/A,-7.1872,110.7246,4008.12,13150.0,4282.44,14050.0,649.8,350.9,13.33,2624.0,319.04,Climbing (Takeoff),0,0,0,1790468374,1790468376,N/A,OpenSky Network
2026-09-27 07:28:26,SJV127,Sriwijaya Air / Super Air Jet,8a08b7,Indonesia,N/A,-7.1197,111.0532,5737.86,18825.0,6111.24,20050.0,757.9,409.3,8.13,1600.4,70.59,Climbing (Takeoff),0,0,0,1790468860,1790468860,N/A,OpenSky Network
2026-09-27 07:35:30,BTK7581,Batik Air,8a0515,Indonesia,N/A,-6.9846,110.9553,10668.0,35000.0,11437.62,37525.0,826.1,446.1,0.0,0.0,91.03,Cruising,0,0,0,1790469327,1790469328,N/A,OpenSky Network
2026-09-27 07:35:30,PKOFM,Private / Business Jet / General Aviation,8a09fb,Indonesia,N/A,-7.5107,110.7373,5372.1,17625.0,5730.24,18800.0,730.7,394.6,5.85,1151.6,29.62,Climbing (Takeoff),0,0,0,1790469328,1790469328,N/A,OpenSky Network
2026-09-27 07:42:32,BTK7581,Batik Air,8a0515,Indonesia,N/A,-6.989,111.2126,10668.0,35000.0,11437.62,37525.0,822.4,444.1,0.0,0.0,90.9,Cruising,0,0,0,1790469451,1790469454,N/A,OpenSky Network
2026-09-27 07:42:32,CTV196,Citilink,8a04a5,Indonesia,N/A,-6.9859,111.0197,11277.6,37000.0,12062.46,39575.0,829.8,448.1,0.0,0.0,91.02,Cruising,0,0,0,1790469703,1790469704,N/A,OpenSky Network
2026-09-27 07:42:32,PKOFM,Private / Business Jet / General Aviation,8a09fb,Indonesia,N/A,-7.141,111.0395,7048.5,23125.0,7467.6,24500.0,757.6,409.1,7.48,1472.4,54.25,Climbing (Takeoff),0,0,0,1790469593,1790469593,N/A,OpenSky Network
2026-09-27 07:49:23,GIA304,Garuda Indonesia,8a044e,Indonesia,N/A,-6.9889,111.1572,8343.9,27375.0,8930.64,29300.0,763.6,412.3,-7.48,-1472.4,94.59,Descending (Landing/Approach),0,0,0,1790470018,1790470019,N/A,OpenSky Network
2026-09-27 07:49:23,CTV196,Citilink,8a04a5,Indonesia,N/A,-7.0415,111.5352,11277.6,37000.0,12070.08,39600.0,829.8,448.1,0.0,0.0,90.9,Cruising,0,0,0,1790469953,1790469953,N/A,OpenSky Network
2026-09-27 07:56:26,SJV316,Sriwijaya Air / Super Air Jet,8a096e,Indonesia,N/A,-6.9924,110.9607,8183.88,26850.0,8801.1,28875.0,795.7,429.6,-11.7,-2303.1,102.77,Descending (Landing/Approach),0,0,0,1790470576,1790470576,N/A,OpenSky Network
2026-09-27 08:00:44,SJV316,Sriwijaya Air / Super Air Jet,8a096e,Indonesia,N/A,-7.0312,111.1333,7284.72,23900.0,7802.88,25600.0,749.1,404.5,-9.75,-1919.3,102.42,Descending (Landing/Approach),0,0,0,1790470667,1790470675,N/A,OpenSky Network
2026-09-27 08:00:44,SJV665,Sriwijaya Air / Super Air Jet,8a08c5,Indonesia,N/A,-6.9529,110.8542,10919.46,35825.0,11742.42,38525.0,870.9,470.2,-4.55,-895.7,202.64,Descending (Landing/Approach),0,0,0,1790470839,1790470839,N/A,OpenSky Network
2026-09-27 08:00:44,TNU5104,TransNusa,8a0a8c,Indonesia,N/A,-6.9814,110.7557,11887.2,39000.0,12702.54,41675.0,853.9,461.1,0.0,0.0,90.99,Cruising,0,0,0,1790470827,1790470827,N/A,OpenSky Network
2026-09-27 08:00:44,GIA402,Garuda Indonesia,8a0a65,Indonesia,N/A,-6.9824,110.81,9448.8,31000.0,10119.36,33200.0,739.0,399.1,0.0,0.0,91.01,Cruising,0,0,0,1790470838,1790470838,N/A,OpenSky Network
2026-09-27 08:07:24,SJV762,Sriwijaya Air / Super Air Jet,8a08a0,Indonesia,N/A,-6.9847,110.948,10668.0,35000.0,11437.62,37525.0,829.8,448.1,0,0.0,91.02,Cruising,0,0,0,1790471234,1790471234,N/A,OpenSky Network
2026-09-27 08:07:24,TNU5104,TransNusa,8a0a8c,Indonesia,N/A,-7.0803,111.5802,11894.82,39025.0,12710.16,41700.0,862.2,465.5,0,0.0,112.21,Cruising,0,0,0,1790471218,1790471218,N/A,OpenSky Network
2026-09-27 08:07:24,GIA402,Garuda Indonesia,8a0a65,Indonesia,N/A,-7.1481,111.4824,9448.8,31000.0,10119.36,33200.0,751.8,405.9,0,0.0,110.18,Cruising,0,0,0,1790471213,1790471213,N/A,OpenSky Network
2026-09-27 08:14:25,SJV762,Sriwijaya Air / Super Air Jet,8a08a0,Indonesia,N/A,-6.9891,111.2054,10668,35000.0,11437.62,37525.0,827.1,446.6,0,0.0,96.17,Cruising,0,0,0,1790471357,1790471466,N/A,OpenSky Network
2026-09-27 08:21:26,NONE,N/A,N/A,N/A,N/A,-8.7482,115.1672,0,0,0,0,0,0,0,0,0,No Flights,0,0,0,0,0,N/A,OpenSky Network
2026-09-27 08:28:23,NONE,N/A,N/A,N/A,N/A,-8.7482,115.1672,0,0,0,0,0,0,0,0,0,No Flights,0,0,0,0,0,N/A,OpenSky Network
2026-09-27 08:35:26,NONE,N/A,N/A,N/A,N/A,-8.7482,115.1672,0,0,0,0,0,0,0,0,0,No Flights,0,0,0,0,0,N/A,OpenSky Network
2026-09-27 08:42:26,GIA432,Garuda Indonesia,8a0a9e,Indonesia,N/A,-6.9973,111.4473,11277.6,37000.0,12054.84,39550.0,813.1,439.1,0,0.0,90.91,Cruising,0,0,0,1790473314,1790473314,N/A,OpenSky Network
2026-09-27 08:49:32,PAS647,Pelita Air Service,8a09e4,Indonesia,N/A,-6.9625,110.8062,7322.82,24025.0,7833.36,25700.0,792.8,428.1,4.55,895.7,5.63,Climbing (Takeoff),0,0,0,1790473731,1790473731,N/A,OpenSky Network
2026-09-27 08:49:32,N/A,Unknown,8a021e,Indonesia,N/A,-7.0082,111.1125,8488.68,27850.0,0.0,0.0,752.0,406.0,-11.7,-2303.1,103.39,Descending (Landing/Approach),0,0,0,1790473721,1790473721,N/A,OpenSky Network
2026-09-27 08:56:23,GIA406,Garuda Indonesia,8a044f,Indonesia,N/A,-6.9881,111.1401,9448.8,31000.0,10119.36,33200.0,790.9,427.1,0.0,0.0,90.94,Cruising,0,0,0,1790473869,1790473869,N/A,OpenSky Network
2026-09-27 08:56:23,BTK6584,Batik Air,8a09a0,Indonesia,N/A,-6.9853,110.9854,9113.52,29900.0,9913.62,32525.0,779.8,421.1,-11.05,-2175.2,91.09,Descending (Landing/Approach),0,0,0,1790474176,1790474176,N/A,OpenSky Network
2026-09-27 09:00:42,BTK6584,Batik Air,8a09a0,Indonesia,N/A,-7.0058,111.1775,8138.16,26700.0,8785.86,28825.0,797.3,430.5,-11.05,-2175.2,103.84,Descending (Landing/Approach),0,0,0,1790474275,1790474275,N/A,OpenSky Network
2026-09-27 09:07:27,NONE,N/A,N/A,N/A,N/A,-8.7482,115.1672,0,0,0,0,0,0,0,0,0,No Flights,0,0,0,0,0,N/A,OpenSky Network
2026-09-27 09:14:25,NONE,N/A,N/A,N/A,N/A,-8.7482,115.1672,0,0,0,0,0,0,0,0,0,No Flights,0,0,0,0,0,N/A,OpenSky Network
2026-09-27 09:21:29,AWQ808,Indonesia AirAsia,8a09ad,Indonesia,N/A,-6.9856,111.0221,10668.0,35000.0,11422.38,37475.0,828.0,447.1,0.0,0.0,91.03,Cruising,0,0,0,1790475576,1790475577,N/A,OpenSky Network
2026-09-27 09:21:29,PAS202,Pelita Air Service,8a0927,Indonesia,N/A,-7.0602,111.1359,8237.22,27025.0,8884.92,29150.0,764.1,412.6,-10.4,-2047.2,96.4,Descending (Landing/Approach),0,0,0,1790475507,1790475507,N/A,OpenSky Network
2026-09-27 09:21:29,LNI669,Lion Air,8a026b,Indonesia,N/A,-7.1713,110.7815,7216.14,23675.0,7719.06,25325.0,784.7,423.7,9.1,1791.3,48.64,Climbing (Takeoff),0,0,0,1790475668,1790475668,N/A,OpenSky Network
2026-09-27 09:28:26,BTK7513,Batik Air,8a0494,Indonesia,N/A,-7.0423,111.0879,8587.74,28175.0,9243.06,30325.0,814.1,439.6,-12.68,-2496.1,97.32,Descending (Landing/Approach),0,0,0,1790476083,1790476086,N/A,OpenSky Network
2026-09-27 09:28:26,AWQ808,Indonesia AirAsia,8a09ad,Indonesia,N/A,-7.0482,111.5523,10668.0,35000.0,11422.38,37475.0,829.3,447.8,0.0,0.0,112.73,Cruising,0,0,0,1790475836,1790475836,N/A,OpenSky Network
2026-09-27 09:28:26,LNI669,Lion Air,8a026b,Indonesia,N/A,-6.8342,111.2678,8793.48,28850.0,9380.22,30775.0,872.3,471.0,6.18,1216.5,55.47,Climbing (Takeoff),0,0,0,1790475949,1790475949,N/A,OpenSky Network
2026-09-27 09:35:28,LNI522,Lion Air,8a082d,Indonesia,N/A,-6.8205,111.2917,9525.0,31250.0,10165.08,33350.0,810.6,437.7,5.53,1088.6,55.33,Climbing (Takeoff),0,0,0,1790476515,1790476515,N/A,OpenSky Network
2026-09-27 09:35:28,SJV370,Sriwijaya Air / Super Air Jet,8a0908,Indonesia,N/A,-6.986,111.0198,11277.6,37000.0,12062.46,39575.0,831.6,449.0,0.0,0.0,90.89,Cruising,0,0,0,1790476515,1790476515,N/A,OpenSky Network
2026-09-27 09:42:28,SJV370,Sriwijaya Air / Super Air Jet,8a0908,Indonesia,N/A,-7.0653,111.5921,11277.6,37000.0,12062.46,39575.0,835.1,450.9,0.0,0.0,112.7,Cruising,0,0,0,1790476795,1790476795,N/A,OpenSky Network
2026-09-27 09:42:28,N/A,Unknown,8a0ad5,Indonesia,N/A,-6.8893,110.8457,10477.5,34375.0,11224.26,36825.0,794.4,429.0,-4.88,-960.6,100.34,Descending (Landing/Approach),0,0,0,1790476939,1790476939,N/A,OpenSky Network
2026-09-27 09:49:23,LNI694,Lion Air,8a02ea,Indonesia,N/A,-6.9844,110.9159,9791.7,32125.0,10500.36,34450.0,783.5,423.1,-11.7,-2303.1,90.95,Descending (Landing/Approach),0,0,0,1790477355,1790477356,N/A,OpenSky Network
2026-09-27 09:49:23,CTV640,Citilink,8a064e,Indonesia,N/A,-6.9852,111.0023,10668.0,35000.0,11422.38,37475.0,811.3,438.1,0.0,0.0,91.05,Cruising,0,0,0,1790477222,1790477222,N/A,OpenSky Network
2026-09-27 09:49:23,GIA222,Garuda Indonesia,8a03c7,Indonesia,N/A,-7.4729,110.7858,2407.92,7900.0,3177.54,10425.0,536.3,289.6,-9.75,-1919.3,166.01,Descending (Landing/Approach),0,0,0,1790477233,1790477233,N/A,OpenSky Network
2026-09-27 09:49:23,GIA322,Garuda Indonesia,8a0ad5,Indonesia,N/A,-6.9591,111.2329,8122.92,26650.0,8717.28,28600.0,766.4,413.8,-11.05,-2175.2,100.44,Descending (Landing/Approach),0,0,0,1790477139,1790477139,N/A,OpenSky Network
2026-09-27 09:56:37,LNI694,Lion Air,8a02ea,Indonesia,N/A,-7.0072,111.1803,7932.42,26025.0,8526.78,27975.0,792.8,428.1,-12.03,-2368.1,104.2,Descending (Landing/Approach),0,0,0,1790477490,1790477490,N/A,OpenSky Network
2026-09-27 09:56:37,GIA222,Garuda Indonesia,8a03c7,Indonesia,N/A,-7.4779,110.9304,1043.94,3425.0,1143.0,3750.0,402.5,217.3,-5.53,-1088.6,256.16,Descending (Landing/Approach),0,0,0,1790477499,1790477500,N/A,OpenSky Network
2026-09-27 09:56:37,CTV718,Citilink,8a0509,Indonesia,N/A,-6.9825,110.8417,9250.68,30350.0,9944.1,32625.0,798.3,431.0,-11.05,-2175.2,90.93,Descending (Landing/Approach),0,0,0,1790477785,1790477786,N/A,OpenSky Network
2026-09-27 10:00:37,CTV718,Citilink,8a0509,Indonesia,N/A,-6.9878,111.1443,7627.62,25025.0,8252.46,27075.0,761.3,411.1,-11.38,-2240.2,91.12,Descending (Landing/Approach),0,0,0,1790477938,1790477938,N/A,OpenSky Network
2026-09-27 10:07:31,BTK6566,Batik Air,8a0638,Indonesia,N/A,-6.9874,111.1095,9441.18,30975.0,10149.84,33300.0,802.0,433.1,0,0.0,91.06,Cruising,0,0,0,1790478446,1790478446,N/A,OpenSky Network
2026-09-27 10:14:25,BTK6566,Batik Air,8a0638,Indonesia,N/A,-6.9981,111.4241,9448.8,31000.0,10165.08,33350.0,801.8,432.9,-0.33,-65.0,98.64,Cruising,0,0,0,1790478603,1790478603,N/A,OpenSky Network
2026-09-27 10:14:25,N/A,Unknown,8a04a9,Indonesia,N/A,-7.1773,110.7212,4381.5,14375.0,4472.94,14675.0,570.1,307.8,8.45,1663.4,309.07,Climbing (Takeoff),0,0,0,1790478632,1790478632,N/A,OpenSky Network
2026-09-27 10:14:25,PAS102,Pelita Air Service,8a0a44,Indonesia,N/A,-6.9878,111.1108,10066.02,33025.0,10782.3,35375.0,785.3,424.0,1.3,255.9,90.95,Cruising,0,0,0,1790478662,1790478690,N/A,OpenSky Network
2026-09-27 10:21:26,LNI641,Lion Air,8a01af,Indonesia,N/A,-6.8459,111.0906,10187.94,33425.0,10919.46,35825.0,899.4,485.6,-16.58,-3263.8,249.89,Descending (Landing/Approach),0,0,0,1790479272,1790479273,N/A,OpenSky Network
2026-09-27 10:21:26,CTV632,Citilink,8a04aa,Indonesia,N/A,-6.9853,110.9998,10058.4,33000.0,10782.3,35375.0,792.8,428.1,0.0,0.0,91.07,Cruising,0,0,0,1790479205,1790479210,N/A,OpenSky Network
2026-09-27 10:21:26,CTV752,Citilink,8a04a4,Indonesia,N/A,-6.9888,111.2135,11277.6,37000.0,12062.46,39575.0,829.9,448.1,0.0,0.0,91.15,Cruising,0,0,0,1790479118,1790479118,N/A,OpenSky Network
2026-09-27 10:21:26,SJV122,Sriwijaya Air / Super Air Jet,8a08b7,Indonesia,N/A,-7.2973,110.8815,7459.98,24475.0,8031.48,26350.0,827.5,446.8,-14.63,-2879.9,211.73,Descending (Landing/Approach),0,0,0,1790479228,1790479228,N/A,OpenSky Network
2026-09-27 10:28:29,LNI641,Lion Air,8a01af,Indonesia,N/A,-7.5673,110.6941,6347.46,20825.0,6789.42,22275.0,712.4,384.7,-8.45,-1663.4,225.21,Descending (Landing/Approach),0,0,0,1790479705,1790479705,N/A,OpenSky Network
2026-09-27 10:28:29,N/A,Unknown,8a0a8c,Indonesia,N/A,-6.4341,111.4033,11582.4,38000.0,12390.12,40650.0,843.6,455.5,0.0,0.0,294.65,Cruising,0,0,0,1790479673,1790479673,N/A,OpenSky Network
2026-09-27 10:35:28,LNI034,Lion Air,8a097b,Indonesia,N/A,-6.9629,111.2231,9448.8,31000.0,10119.36,33200.0,863.6,466.3,0,0.0,98.63,Cruising,0,0,0,1790480106,1790480106,N/A,OpenSky Network
2026-09-27 10:42:24,CTV686,Citilink,8a03ac,Indonesia,N/A,-6.9818,110.8026,10668.0,35000.0,11422.38,37475.0,815.0,440.1,0,0.0,91.04,Cruising,0,0,0,1790480523,1790480535,N/A,OpenSky Network
2026-09-27 10:42:24,GIA404,Garuda Indonesia,8a0ad6,Indonesia,N/A,-6.9689,110.98,9448.8,31000.0,10126.98,33225.0,790.7,426.9,0,0.0,108.86,Cruising,0,0,0,1790480534,1790480534,N/A,OpenSky Network
2026-09-27 10:49:24,LNI030,Lion Air,8a0458,Indonesia,N/A,-6.9895,111.2182,10058.4,33000.0,10767.06,35325.0,798.3,431.0,0,0.0,90.93,Cruising,0,0,0,1790480927,1790480928,N/A,OpenSky Network
2026-09-27 10:49:24,AWQ802,Indonesia AirAsia,8a03f3,Indonesia,N/A,-6.9545,111.2025,11277.6,37000.0,12054.84,39550.0,846.1,456.9,0,0.0,99.96,Cruising,0,0,0,1790480882,1790480891,N/A,OpenSky Network
2026-09-27 10:49:24,BTK6526,Batik Air,8a091b,Indonesia,N/A,-6.9862,111.0237,10668.0,35000.0,11414.76,37450.0,796.4,430.0,0,0.0,90.8,Cruising,0,0,0,1790480935,1790480935,N/A,OpenSky Network
2026-09-27 10:49:24,SJV170,Sriwijaya Air / Super Air Jet,8a08d8,Indonesia,N/A,-6.9824,110.8049,11277.6,37000.0,12054.84,39550.0,831.6,449.0,0,0.0,90.89,Cruising,0,0,0,1790480956,1790480956,N/A,OpenSky Network
2026-09-27 10:49:24,GIA404,Garuda Indonesia,8a0ad6,Indonesia,N/A,-7.1471,111.5069,9448.8,31000.0,10119.36,33200.0,786.6,424.7,0,0.0,108.82,Cruising,0,0,0,1790480817,1790480817,N/A,OpenSky Network
2026-09-27 10:56:24,LNI030,Lion Air,8a0458,Indonesia,N/A,-7.0751,111.6155,10058.4,33000.0,10767.06,35325.0,812.7,438.8,-0.33,-65.0,112.65,Cruising,0,0,0,1790481131,1790481135,N/A,OpenSky Network
2026-09-27 11:01:18,GIA225,Garuda Indonesia,8a03c7,Indonesia,N/A,-7.1808,110.7259,4206.24,13800.0,4465.32,14650.0,629.0,339.6,13.33,2624.0,302.01,Climbing (Takeoff),0,0,0,1790481639,1790481639,N/A,OpenSky Network
2026-09-27 11:07:31,NONE,N/A,N/A,N/A,N/A,-8.7482,115.1672,0,0,0,0,0,0,0,0,0,No Flights,0,0,0,0,0,N/A,OpenSky Network
2026-09-27 11:14:32,NONE,N/A,N/A,N/A,N/A,-8.7482,115.1672,0,0,0,0,0,0,0,0,0,No Flights,0,0,0,0,0,N/A,OpenSky Network
2026-09-27 11:21:24,NONE,N/A,N/A,N/A,N/A,-8.7482,115.1672,0,0,0,0,0,0,0,0,0,No Flights,0,0,0,0,0,N/A,OpenSky Network
2026-09-27 11:28:27,BTK6658,Batik Air,8a09a1,Indonesia,N/A,-6.9855,111.0058,10668.0,35000.0,11414.76,37450.0,816.9,441.1,0,0.0,91.04,Cruising,0,0,0,1790483142,1790483204,N/A,OpenSky Network
2026-09-27 11:28:27,SJV356,Sriwijaya Air / Super Air Jet,8a090b,Indonesia,N/A,-6.9831,110.8594,10043.16,32950.0,10812.78,35475.0,803.9,434.1,-13,-2559.0,90.92,Descending (Landing/Approach),0,0,0,1790483296,1790483296,N/A,OpenSky Network
2026-09-27 11:35:27,SJV356,Sriwijaya Air / Super Air Jet,8a090b,Indonesia,N/A,-7.0127,111.25,7482.84,24550.0,8503.92,27900.0,840.0,453.5,-22.43,-4415.3,104.04,Descending (Landing/Approach),0,0,0,1790483486,1790483486,N/A,OpenSky Network
2026-09-27 11:35:27,SJV123,Sriwijaya Air / Super Air Jet,8a08b7,Indonesia,N/A,-7.3638,110.9146,7307.58,23975.0,7833.36,25700.0,777.2,419.6,1.95,383.9,51.19,Climbing (Takeoff),0,0,0,1790483709,1790483709,N/A,OpenSky Network
2026-09-27 11:42:24,SJV123,Sriwijaya Air / Super Air Jet,8a08b7,Indonesia,N/A,-7.0867,111.2932,8183.88,26850.0,8854.44,29050.0,829.5,447.9,5.85,1151.6,112.44,Climbing (Takeoff),0,0,0,1790483936,1790484069,N/A,OpenSky Network
2026-09-27 11:49:22,GIA254,Garuda Indonesia,8a043a,Indonesia,N/A,-7.3282,110.9926,8389.62,27525.0,8953.5,29375.0,799.2,431.5,8.13,1600.4,51.78,Climbing (Takeoff),0,0,0,1790484549,1790484549,N/A,OpenSky Network
2026-09-27 11:56:28,GIA254,Garuda Indonesia,8a043a,Indonesia,N/A,-7.1558,111.4555,10485.12,34400.0,11201.4,36750.0,814.1,439.6,6.5,1279.5,109.26,Climbing (Takeoff),0,0,0,1790484816,1790484820,N/A,OpenSky Network
2026-09-27 11:56:28,BTK6656,Batik Air,8a04ce,Indonesia,N/A,-6.9281,111.2907,10668.0,35000.0,11399.52,37400.0,809.9,437.3,0.0,0.0,99.74,Cruising,0,0,0,1790484832,1790484832,N/A,OpenSky Network
2026-09-27 11:56:28,BTK7309,Batik Air,8a06fd,Indonesia,N/A,-7.0437,111.5405,11277.6,37000.0,12062.46,39575.0,835.8,451.3,0.0,0.0,112.82,Cruising,0,0,0,1790484970,1790484971,N/A,OpenSky Network
2026-09-27 11:56:28,PAS204,Pelita Air Service,8a09bb,Indonesia,N/A,-6.9188,110.9119,9349.74,30675.0,10035.54,32925.0,804.6,434.4,-11.05,-2175.2,98.2,Descending (Landing/Approach),0,0,0,1790484975,1790484975,N/A,OpenSky Network
2026-09-27 11:56:28,TNU5106,TransNusa,8a0aad,Indonesia,N/A,-6.9477,111.063,11285.22,37025.0,12077.7,39625.0,830.9,448.6,0.0,0.0,97.3,Cruising,0,0,0,1790484903,1790484904,N/A,OpenSky Network
2026-09-27 12:00:43,BTK7583,Batik Air,8a0515,Indonesia,N/A,-6.9859,111.0272,10058.4,33000.0,10782.3,35375.0,789.0,426.1,0.0,0.0,90.94,Cruising,0,0,0,1790485181,1790485232,N/A,OpenSky Network
2026-09-27 12:00:43,BTK7309,Batik Air,8a06fd,Indonesia,N/A,-7.0678,111.5983,11269.98,36975.0,12054.84,39550.0,836.8,451.8,0.0,0.0,112.65,Cruising,0,0,0,1790485000,1790485000,N/A,OpenSky Network
2026-09-27 12:00:43,PAS204,Pelita Air Service,8a09bb,Indonesia,N/A,-6.9746,111.2164,7589.52,24900.0,8145.78,26725.0,785.8,424.3,-12.68,-2496.1,105.44,Descending (Landing/Approach),0,0,0,1790485129,1790485129,N/A,OpenSky Network
2026-09-27 12:00:43,TNU5106,TransNusa,8a0aad,Indonesia,N/A,-7.0669,111.5963,11277.6,37000.0,12062.46,39575.0,831.0,448.7,0.0,0.0,112.68,Cruising,0,0,0,1790485167,1790485170,N/A,OpenSky Network
2026-09-27 12:07:29,LNI640,Lion Air,8a01af,Indonesia,N/A,-7.1918,111.0648,7162.8,23500.0,7642.86,25075.0,797.2,430.5,4.55,895.7,56.75,Climbing (Takeoff),0,0,0,1790485643,1790485648,N/A,OpenSky Network
2026-09-27 12:07:29,BTK7583,Batik Air,8a0515,Indonesia,N/A,-6.9976,111.4238,10058.4,33000.0,10782.3,35375.0,799.9,431.9,0.0,0.0,98.66,Cruising,0,0,0,1790485381,1790485382,N/A,OpenSky Network
2026-09-27 12:14:25,T71818,Private / Business Jet / General Aviation,50040d,San Marino,N/A,-7.2182,110.7354,5029.2,16500.0,5341.62,17525.0,695.7,375.7,13,2559.0,333.78,Climbing (Takeoff),0,0,0,1790486054,1790486054,N/A,OpenSky Network
2026-09-27 12:21:23,NONE,N/A,N/A,N/A,N/A,-8.7482,115.1672,0,0,0,0,0,0,0,0,0,No Flights,0,0,0,0,0,N/A,OpenSky Network
2026-09-27 12:29:00,N/A,Unknown,8a021d,Indonesia,N/A,-6.9836,110.8786,10668,35000.0,11391.9,37375.0,803.9,434.1,0,0.0,90.92,Cruising,0,0,0,1790486929,1790486929,N/A,OpenSky Network
2026-09-27 12:35:28,GIA430,Garuda Indonesia,8a021d,Indonesia,N/A,-6.9894,111.2224,10668,35000.0,11391.9,37375.0,805.8,435.1,0.33,65.0,91.05,Cruising,0,0,0,1790487099,1790487099,N/A,OpenSky Network
2026-09-27 12:42:26,NONE,N/A,N/A,N/A,N/A,-8.7482,115.1672,0,0,0,0,0,0,0,0,0,No Flights,0,0,0,0,0,N/A,OpenSky Network
2026-09-27 12:49:24,NONE,N/A,N/A,N/A,N/A,-8.7482,115.1672,0,0,0,0,0,0,0,0,0,No Flights,0,0,0,0,0,N/A,OpenSky Network
2026-09-27 12:56:24,N/A,Unknown,8a04a9,Indonesia,N/A,-7.0132,111.1224,7482.84,24550.0,8031.48,26350.0,791.1,427.2,-10.73,-2112.2,103.13,Descending (Landing/Approach),0,0,0,1790488499,1790488501,N/A,OpenSky Network
2026-09-27 13:00:42,AWQ860,Indonesia AirAsia,8a0419,Indonesia,N/A,-6.9377,111.0539,10668,35000.0,11407.14,37425.0,820.3,442.9,0,0.0,98.57,Cruising,0,0,0,1790488830,1790488834,N/A,OpenSky Network
2026-09-27 13:00:42,BTK6050,Batik Air,8a0636,Indonesia,N/A,-6.8967,110.76,10668,35000.0,11414.76,37450.0,810.6,437.7,0,0.0,98.41,Cruising,0,0,0,1790488805,1790488820,N/A,OpenSky Network
2026-09-27 13:07:23,AWQ860,Indonesia AirAsia,8a0419,Indonesia,N/A,-6.9666,111.2464,10675.62,35025.0,11414.76,37450.0,820.0,442.8,0.0,0.0,98.44,Cruising,0,0,0,1790488924,1790488924,N/A,OpenSky Network
2026-09-27 13:07:23,BTK6050,Batik Air,8a0636,Indonesia,N/A,-7.1459,111.506,10668.0,35000.0,11414.76,37450.0,829.1,447.7,0.0,0.0,110.26,Cruising,0,0,0,1790489186,1790489186,N/A,OpenSky Network
2026-09-27 13:07:23,SJV357,Sriwijaya Air / Super Air Jet,8a090b,Indonesia,N/A,-6.5941,111.0538,9875.52,32400.0,10561.32,34650.0,907.9,490.2,5.85,1151.6,292.17,Climbing (Takeoff),0,0,0,1790489008,1790489008,N/A,OpenSky Network
2026-09-27 13:07:23,T7GEL,Private / Business Jet / General Aviation,5004e8,San Marino,N/A,-6.9915,111.302,11887.2,39000.0,12672.06,41575.0,750.2,405.1,0.0,0.0,90.99,Cruising,0,0,0,1790489191,1790489191,N/A,OpenSky Network
2026-09-27 13:14:26,AWQ814,Indonesia AirAsia,8a017c,Indonesia,N/A,-6.9168,110.9362,11277.6,37000.0,12024.36,39450.0,819.1,442.3,0.0,0.0,98.84,Cruising,0,0,0,1790489657,1790489657,N/A,OpenSky Network
2026-09-27 13:14:26,T7GEL,Private / Business Jet / General Aviation,5004e8,San Marino,N/A,-7.0887,111.6454,11887.2,39000.0,12672.06,41575.0,755.3,407.8,-0.33,-65.0,112.79,Cruising,0,0,0,1790489382,1790489382,N/A,OpenSky Network
2026-09-27 13:14:26,GIA312,Garuda Indonesia,8a0a53,Indonesia,N/A,-7.0426,111.1335,7414.26,24325.0,7932.42,26025.0,782.4,422.5,-9.1,-1791.3,102.16,Descending (Landing/Approach),0,0,0,1790489547,1790489548,N/A,OpenSky Network
2026-09-27 13:21:27,N/A,Unknown,8a03b2,Indonesia,N/A,-7.2282,110.7563,3589.02,11775.0,3878.58,12725.0,481.4,259.9,-3.58,-704.7,171.37,Descending (Landing/Approach),0,0,0,1790490066,1790490066,N/A,OpenSky Network
2026-09-27 13:21:27,CTV176,Citilink,8a061d,Indonesia,N/A,-6.9884,111.1522,7734.3,25375.0,8298.18,27225.0,772.4,417.1,-11.7,-2303.1,91.1,Descending (Landing/Approach),0,0,0,1790490072,1790490073,N/A,OpenSky Network
2026-09-27 13:21:27,PAS108,Pelita Air Service,8a0993,Indonesia,N/A,-6.9332,110.9509,11277.6,37000.0,12031.98,39475.0,830.9,448.6,0.0,0.0,97.3,Cruising,0,0,0,1790490086,1790490086,N/A,OpenSky Network
2026-09-27 13:21:27,AWQ814,Indonesia AirAsia,8a017c,Indonesia,N/A,-6.9558,111.1849,11277.6,37000.0,12024.36,39450.0,819.1,442.3,0.0,0.0,98.84,Cruising,0,0,0,1790489779,1790489779,N/A,OpenSky Network
2026-09-27 13:28:27,CTV764,Citilink,8a03b2,Indonesia,N/A,-7.3506,110.773,2971.8,9750.0,3177.54,10425.0,467.5,252.4,-6.18,-1216.5,172.03,Descending (Landing/Approach),0,0,0,1790490170,1790490179,N/A,OpenSky Network
2026-09-27 13:28:27,PAS108,Pelita Air Service,8a0993,Indonesia,N/A,-6.9678,111.2255,11277.6,37000.0,12039.6,39500.0,832.7,449.6,0.0,0.0,112.63,Cruising,0,0,0,1790490219,1790490412,N/A,OpenSky Network
2026-09-27 13:28:27,PAS142,Pelita Air Service,8a0a8a,Indonesia,N/A,-7.0619,111.1218,11277.6,37000.0,12054.84,39550.0,832.2,449.4,0.0,0.0,97.03,Cruising,0,0,0,1790490485,1790490489,N/A,OpenSky Network
2026-09-27 13:35:32,PAS142,Pelita Air Service,8a0a8a,Indonesia,N/A,-7.1136,111.5421,11277.6,37000.0,12054.84,39550.0,834.1,450.4,0,0.0,97.01,Cruising,0,0,0,1790490688,1790490688,N/A,OpenSky Network
2026-09-27 13:42:24,NONE,N/A,N/A,N/A,N/A,-8.7482,115.1672,0,0,0,0,0,0,0,0,0,No Flights,0,0,0,0,0,N/A,OpenSky Network
2026-09-27 13:49:24,LNI024,Lion Air,8a0966,Indonesia,N/A,-6.9856,110.9891,10058.4,33000.0,10759.44,35300.0,824.3,445.1,0.33,65.0,91.03,Cruising,0,0,0,1790491754,1790491755,N/A,OpenSky Network
2026-09-27 13:56:24,N/A,Unknown,8a0458,Indonesia,N/A,-7.0017,111.6251,10363.2,34000.0,11079.48,36350.0,890.4,480.8,0.0,0.0,289.57,Cruising,0,0,0,1790492141,1790492141,N/A,OpenSky Network
2026-09-27 13:56:24,N/A,Unknown,8a0515,Indonesia,N/A,-6.6084,111.1183,9898.38,32475.0,10591.8,34750.0,886.9,478.9,5.85,1151.6,289.65,Climbing (Takeoff),0,0,0,1790491977,1790491977,N/A,OpenSky Network
2026-09-27 13:56:24,LNI024,Lion Air,8a0966,Indonesia,N/A,-7.0769,111.6202,10058.4,33000.0,10759.44,35300.0,836.8,451.8,0.0,0.0,112.65,Cruising,0,0,0,1790492066,1790492066,N/A,OpenSky Network
2026-09-27 14:00:46,LNI031,Lion Air,8a0458,Indonesia,N/A,-6.7878,111.006,10363.2,34000.0,11079.48,36350.0,892.5,481.9,0,0.0,288.89,Cruising,0,0,0,1790492434,1790492434,N/A,OpenSky Network
2026-09-27 14:07:29,GIA252,Garuda Indonesia,8a044e,Indonesia,N/A,-7.1569,111.2076,10287,33750.0,10965.18,35975.0,805.0,434.7,4.55,895.7,52.1,Climbing (Takeoff),0,0,0,1790492835,1790492835,N/A,OpenSky Network
2026-09-27 14:14:24,BTK7501,Batik Air,8a063b,Indonesia,N/A,-6.9707,111.2203,7856.22,25775.0,8458.2,27750.0,760.4,410.6,-10.4,-2047.2,96.43,Descending (Landing/Approach),0,0,0,1790493241,1790493241,N/A,OpenSky Network
2026-09-27 14:21:20,CTV765,Citilink,8a03b2,Indonesia,N/A,-7.3429,110.7488,3406.14,11175.0,3589.02,11775.0,456.6,246.6,16.26,3200.8,343.99,Climbing (Takeoff),0,0,0,1790493670,1790493670,N/A,OpenSky Network
2026-09-27 14:21:20,BTK6564,Batik Air,8a0638,Indonesia,N/A,-6.9814,110.7493,9448.8,31000.0,10134.6,33250.0,835.4,451.1,0.0,0.0,91.02,Cruising,0,0,0,1790493653,1790493653,N/A,OpenSky Network
2026-09-27 14:21:20,LNI661,Lion Air,8a026b,Indonesia,N/A,-7.5682,110.6858,5090.16,16700.0,5402.58,17725.0,730.9,394.6,11.38,2240.2,48.6,Climbing (Takeoff),0,0,0,1790493524,1790493526,N/A,OpenSky Network
2026-09-27 14:28:24,T7111,Private / Business Jet / General Aviation,50031e,San Marino,N/A,-6.4262,111.2418,11582.4,38000.0,12367.26,40575.0,923.1,498.4,0.0,0.0,298.26,Cruising,0,0,0,1790493841,1790493841,N/A,OpenSky Network
2026-09-27 14:28:24,BTK6564,Batik Air,8a0638,Indonesia,N/A,-6.9891,111.2068,9448.8,31000.0,10134.6,33250.0,835.2,451.0,0.33,65.0,95.34,Cruising,0,0,0,1790493872,1790493973,N/A,OpenSky Network
2026-09-27 14:35:32,N/A,Unknown,8a09a1,Indonesia,N/A,-6.3847,111.2639,10972.8,36000.0,11727.18,38475.0,869.8,469.7,0,0.0,295.47,Cruising,0,0,0,1790494431,1790494431,N/A,OpenSky Network
2026-09-27 14:42:28,BTK6406,Batik Air,8a091f,Indonesia,N/A,-6.9822,110.812,9875.52,32400.0,10607.04,34800.0,820.6,443.1,-13.33,-2624.0,91.03,Descending (Landing/Approach),0,0,0,1790494935,1790494935,N/A,OpenSky Network
2026-09-27 14:42:28,SJV722,Sriwijaya Air / Super Air Jet,8a08c0,Indonesia,N/A,-6.9858,111.0335,10675.62,35025.0,11414.76,37450.0,796.5,430.1,0.0,0.0,91.07,Cruising,0,0,0,1790494840,1790494840,N/A,OpenSky Network
2026-09-27 14:49:28,GIA452,Garuda Indonesia,8a03c7,Indonesia,N/A,-6.9886,111.1647,10058.4,33000.0,10736.58,35225.0,794.6,429.1,0.33,65.0,91.07,Cruising,0,0,0,1790495356,1790495356,N/A,OpenSky Network
2026-09-27 14:49:28,BTK6406,Batik Air,8a091f,Indonesia,N/A,-6.9879,111.1555,8069.58,26475.0,8648.7,28375.0,829.8,448.1,-12.03,-2368.1,91.02,Descending (Landing/Approach),0,0,0,1790495101,1790495103,N/A,OpenSky Network
2026-09-27 14:49:28,GIA310,Garuda Indonesia,8a0ad5,Indonesia,N/A,-6.9841,110.8845,9814.56,32200.0,10523.22,34525.0,813.2,439.1,-9.75,-1919.3,91.17,Descending (Landing/Approach),0,0,0,1790495357,1790495357,N/A,OpenSky Network
2026-09-27 14:56:33,GIA310,Garuda Indonesia,8a0ad5,Indonesia,N/A,-6.989,111.202,8031.48,26350.0,8572.5,28125.0,779.9,421.1,-9.75,-1919.3,91.22,Descending (Landing/Approach),0,0,0,1790495518,1790495559,N/A,OpenSky Network
2026-09-27 15:00:42,PAS106,Pelita Air Service,8a09e4,Indonesia,N/A,-6.9822,110.8202,11277.6,37000.0,12054.84,39550.0,837.3,452.1,0.0,0.0,91.01,Cruising,0,0,0,1790496025,1790496025,N/A,OpenSky Network
2026-09-27 15:00:42,SJV764,Sriwijaya Air / Super Air Jet,8a0948,Indonesia,N/A,-6.9859,111.0264,10660.38,34975.0,11414.76,37450.0,796.5,430.1,0.0,0.0,90.93,Cruising,0,0,0,1790495970,1790496032,N/A,OpenSky Network
2026-09-27 15:00:42,GIA975,Garuda Indonesia,8a0a6b,Indonesia,N/A,-6.8882,111.2572,6979.92,22900.0,7459.98,24475.0,799.6,431.7,-9.1,-1791.3,109.48,Descending (Landing/Approach),0,0,0,1790495977,1790495977,N/A,OpenSky Network
2026-09-27 15:07:25,CTV784,Citilink,8a0376,Indonesia,N/A,-7.1434,111.0653,7620.0,25000.0,8069.58,26475.0,755.3,407.8,3.58,704.7,40.53,Climbing (Takeoff),0,0,0,1790496399,1790496399,N/A,OpenSky Network
2026-09-27 15:07:25,PAS106,Pelita Air Service,8a09e4,Indonesia,N/A,-6.989,111.212,11277.6,37000.0,12062.46,39575.0,839.0,453.0,0.0,0.0,113.0,Cruising,0,0,0,1790496211,1790496378,N/A,OpenSky Network
2026-09-27 15:07:25,SJV764,Sriwijaya Air / Super Air Jet,8a0948,Indonesia,N/A,-7.0356,111.6921,10668.0,35000.0,11422.38,37475.0,789.2,426.1,0.33,65.0,98.91,Cruising,0,0,0,1790496304,1790496304,N/A,OpenSky Network
2026-09-27 15:07:25,GIA228,Garuda Indonesia,8a0a65,Indonesia,N/A,-7.5041,110.9824,647.7,2125.0,685.8,2250.0,357.7,193.1,-0.65,-128.0,353.76,Cruising,0,0,0,1790496394,1790496401,N/A,OpenSky Network
2026-09-27 15:14:30,N/A,Unknown,8a03b3,Indonesia,N/A,-6.5083,111.3168,11582.4,38000.0,12344.4,40500.0,810.0,437.4,0.33,65.0,300.2,Cruising,0,0,0,1790496835,1790496836,N/A,OpenSky Network
2026-09-27 15:21:27,SJV120,Sriwijaya Air / Super Air Jet,8a092c,Indonesia,N/A,-7.1691,110.8764,8892.54,29175.0,9555.48,31350.0,886.7,478.8,-12.03,-2368.1,251.49,Descending (Landing/Approach),0,0,0,1790497283,1790497283,N/A,OpenSky Network
2026-09-27 15:28:59,NONE,N/A,N/A,N/A,N/A,-8.7482,115.1672,0,0,0,0,0,0,0,0,0,No Flights,0,0,0,0,0,N/A,OpenSky Network
2026-09-27 15:35:27,N/A,Unknown,8a03b1,Indonesia,N/A,-7.0137,111.1066,8107.68,26600.0,9288.78,30475.0,714.7,385.9,-6.83,-1344.5,103.03,Descending (Landing/Approach),0,0,0,1790498120,1790498120,N/A,OpenSky Network
2026-09-27 15:35:27,N/A,Unknown,8a020e,Indonesia,N/A,-7.0754,111.6163,11277.6,37000.0,12039.6,39500.0,835.0,450.9,0.0,0.0,97.52,Cruising,0,0,0,1790498054,1790498054,N/A,OpenSky Network
2026-09-27 15:42:28,GIA713,Garuda Indonesia,8a04d7,Indonesia,N/A,-6.6052,111.4655,12192.0,40000.0,12999.72,42650.0,849.3,458.6,0.33,65.0,300.54,Cruising,0,0,0,1790498527,1790498531,N/A,OpenSky Network
2026-09-27 15:42:28,PAS206,Pelita Air Service,8a0a44,Indonesia,N/A,-6.9768,111.2182,7871.46,25825.0,8420.1,27625.0,764.7,412.9,-10.4,-2047.2,105.45,Descending (Landing/Approach),0,0,0,1790498423,1790498436,N/A,OpenSky Network
2026-09-27 15:49:29,GIA713,Garuda Indonesia,8a04d7,Indonesia,N/A,-6.4475,111.1984,12192.0,40000.0,12999.72,42650.0,851.9,460.0,0,0.0,300.58,Cruising,0,0,0,1790498673,1790498673,N/A,OpenSky Network
2026-09-27 15:49:29,SJY272,Sriwijaya Air,8a0a11,Indonesia,N/A,-6.989,111.199,10660.38,34975.0,11391.9,37375.0,820.5,443.1,0,0.0,90.91,Cruising,0,0,0,1790498965,1790498965,N/A,OpenSky Network
2026-09-27 15:56:26,SJY272,Sriwijaya Air,8a0a11,Indonesia,N/A,-7.0761,111.6186,10660.38,34975.0,11391.9,37375.0,826.8,446.5,0,0.0,112.66,Cruising,0,0,0,1790499175,1790499175,N/A,OpenSky Network
2026-09-27 16:00:41,CTV646,Citilink,8a060d,Indonesia,N/A,-6.9857,111.0215,10668.0,35000.0,11399.52,37400.0,800.2,432.1,0.0,0.0,91.06,Cruising,0,0,0,1790499566,1790499567,N/A,OpenSky Network
2026-09-27 16:00:41,N/A,Unknown,8a03ab,Indonesia,N/A,-6.9838,110.9036,9319.26,30575.0,10050.78,32975.0,772.4,417.1,-5.2,-1023.6,90.82,Descending (Landing/Approach),0,0,0,1790499622,1790499622,N/A,OpenSky Network
2026-09-27 16:07:26,BTK6565,Batik Air,8a0638,Indonesia,N/A,-6.6275,111.0954,9128.76,29950.0,9791.7,32125.0,853.1,460.7,1.3,255.9,296.01,Cruising,0,0,0,1790499912,1790499912,N/A,OpenSky Network
2026-09-27 16:07:26,CTV646,Citilink,8a060d,Indonesia,N/A,-7.0291,111.6518,10668.0,35000.0,11407.14,37425.0,802.3,433.2,0.33,65.0,94.24,Cruising,0,0,0,1790499881,1790499881,N/A,OpenSky Network
2026-09-27 16:07:26,AWQ820,Indonesia AirAsia,8a03f4,Indonesia,N/A,-6.9857,111.0209,11277.6,37000.0,12054.84,39550.0,842.8,455.1,0.0,0.0,90.88,Cruising,0,0,0,1790499905,1790499906,N/A,OpenSky Network
2026-09-27 16:07:26,CTV716,Citilink,8a03ab,Indonesia,N/A,-6.988,111.1513,7970.52,26150.0,8823.96,28950.0,766.8,414.1,-11.7,-2303.1,90.97,Descending (Landing/Approach),0,0,0,1790499749,1790499749,N/A,OpenSky Network
2026-09-27 16:07:26,SJV131,Sriwijaya Air / Super Air Jet,8a08b7,Indonesia,N/A,-6.9591,111.1822,6736.08,22100.0,7147.56,23450.0,762.9,412.0,9.1,1791.3,97.95,Climbing (Takeoff),0,0,0,1790500007,1790500007,N/A,OpenSky Network
2026-09-27 16:14:23,AWQ820,Indonesia AirAsia,8a03f4,Indonesia,N/A,-7.063,111.5871,11277.6,37000.0,12062.46,39575.0,847.8,457.8,0,0.0,112.48,Cruising,0,0,0,1790500178,1790500178,N/A,OpenSky Network
2026-09-27 16:21:23,NONE,N/A,N/A,N/A,N/A,-8.7482,115.1672,0,0,0,0,0,0,0,0,0,No Flights,0,0,0,0,0,N/A,OpenSky Network
2026-09-27 16:28:28,LNI022,Lion Air,8a0458,Indonesia,N/A,-6.9813,110.7529,10668.0,35000.0,11407.14,37425.0,811.3,438.1,0.0,0.0,90.92,Cruising,0,0,0,1790501295,1790501296,N/A,OpenSky Network
2026-09-27 16:28:28,BTK7311,Batik Air,8a0515,Indonesia,N/A,-6.9858,111.0215,10660.38,34975.0,11422.38,37475.0,802.0,433.0,0.33,65.0,90.93,Cruising,0,0,0,1790501248,1790501249,N/A,OpenSky Network
2026-09-27 16:28:28,PKOFI,Private / Business Jet / General Aviation,8a09fa,Indonesia,N/A,-7.4155,110.8782,8458.2,27750.0,9067.8,29750.0,857.1,462.8,-18.53,-3647.6,233.08,Descending (Landing/Approach),0,0,0,1790501303,1790501306,N/A,OpenSky Network
2026-09-27 16:35:28,LNI022,Lion Air,8a0458,Indonesia,N/A,-7.067,111.5967,10668,35000.0,11407.14,37425.0,821.0,443.3,0,0.0,112.69,Cruising,0,0,0,1790501716,1790501716,N/A,OpenSky Network
2026-09-27 16:35:28,BTK7311,Batik Air,8a0515,Indonesia,N/A,-7.0498,111.5552,10668,35000.0,11430.0,37500.0,803.9,434.1,0,0.0,91.06,Cruising,0,0,0,1790501516,1790501516,N/A,OpenSky Network
2026-09-27 16:42:33,CTV688,Citilink,8a03ac,Indonesia,N/A,-6.9857,111.0211,11277.6,37000.0,12054.84,39550.0,840.9,454.1,-0.33,-65.0,91.01,Cruising,0,0,0,1790501944,1790501944,N/A,OpenSky Network
2026-09-27 16:42:33,GIA255,Garuda Indonesia,8a0289,Indonesia,N/A,-7.4433,110.8299,10157.46,33325.0,10873.74,35675.0,895.7,483.6,-14.63,-2879.9,229.36,Descending (Landing/Approach),0,0,0,1790502144,1790502145,N/A,OpenSky Network
2026-09-27 16:42:33,BTK6578,Batik Air,8a0a1f,Indonesia,N/A,-6.9847,110.9449,9265.92,30400.0,9928.86,32575.0,790.9,427.1,-5.2,-1023.6,90.94,Descending (Landing/Approach),0,0,0,1790502147,1790502147,N/A,OpenSky Network
2026-09-27 16:49:27,LNI692,Lion Air,8a0837,Indonesia,N/A,-7.0051,111.1726,7780.02,25525.0,8351.52,27400.0,793.3,428.3,-10.73,-2112.2,103.78,Descending (Landing/Approach),0,0,0,1790502514,1790502514,N/A,OpenSky Network
2026-09-27 16:49:27,SJV121,Sriwijaya Air / Super Air Jet,8a092c,Indonesia,N/A,-7.1772,111.2245,7985.76,26200.0,8549.64,28050.0,835.4,451.1,6.5,1279.5,91.02,Climbing (Takeoff),0,0,0,1790502525,1790502535,N/A,OpenSky Network
2026-09-27 16:49:27,BTK6578,Batik Air,8a0a1f,Indonesia,N/A,-6.9889,111.1888,8282.94,27175.0,8884.92,29150.0,790.9,427.1,-14.63,-2879.9,90.94,Descending (Landing/Approach),0,0,0,1790502270,1790502272,N/A,OpenSky Network
2026-09-27 16:56:27,NONE,N/A,N/A,N/A,N/A,-8.7482,115.1672,0,0,0,0,0,0,0,0,0,No Flights,0,0,0,0,0,N/A,OpenSky Network
2026-09-27 17:00:43,NONE,N/A,N/A,N/A,N/A,-8.7482,115.1672,0,0,0,0,0,0,0,0,0,No Flights,0,0,0,0,0,N/A,OpenSky Network
2026-09-27 17:07:28,NONE,N/A,N/A,N/A,N/A,-8.7482,115.1672,0,0,0,0,0,0,0,0,0,No Flights,0,0,0,0,0,N/A,OpenSky Network
2026-09-27 17:14:26,N/A,Unknown,8a0521,Indonesia,N/A,-7.4747,110.9448,754.38,2475.0,807.72,2650.0,310.6,167.7,-1.95,-383.9,261.77,Descending (Landing/Approach),0,0,0,1790504061,1790504062,N/A,OpenSky Network
2026-09-27 17:21:27,SJV660,Sriwijaya Air / Super Air Jet,8a094b,Indonesia,N/A,-7.0328,110.7524,7162.8,23500.0,7604.76,24950.0,786.5,424.7,3.9,767.7,12.24,Climbing (Takeoff),0,0,0,1790504398,1790504398,N/A,OpenSky Network
2026-09-27 17:28:30,GIA414,Garuda Indonesia,8a03c8,Indonesia,N/A,-6.9516,111.1835,9448.8,31000.0,10096.5,33125.0,769.4,415.5,0.33,65.0,100.12,Cruising,0,0,0,1790504893,1790504893,N/A,OpenSky Network
2026-09-27 17:28:30,BTK7515,Batik Air,8a06fd,Indonesia,N/A,-6.9858,110.9951,9090.66,29825.0,9784.08,32100.0,779.8,421.0,-12.03,-2368.1,90.82,Descending (Landing/Approach),0,0,0,1790504894,1790504894,N/A,OpenSky Network
2026-09-27 17:28:30,TNU5108,TransNusa,8a0aad,Indonesia,N/A,-6.9859,111.025,10668.0,35000.0,11422.38,37475.0,813.2,439.1,0.0,0.0,91.04,Cruising,0,0,0,1790504834,1790504834,N/A,OpenSky Network
2026-09-27 17:35:31,CTV662,Citilink,8a0377,Indonesia,N/A,-6.9854,110.9819,9448.8,31000.0,10081.26,33075.0,755.7,408.1,0.33,65.0,91.12,Cruising,0,0,0,1790505246,1790505327,N/A,OpenSky Network
2026-09-27 17:35:31,GIA320,Garuda Indonesia,8a04f5,Indonesia,N/A,-6.9597,111.1769,7680.96,25200.0,8206.74,26925.0,755.0,407.7,-11.7,-2303.1,105.95,Descending (Landing/Approach),0,0,0,1790505229,1790505232,N/A,OpenSky Network
2026-09-27 17:35:31,BTK7515,Batik Air,8a06fd,Indonesia,N/A,-7.0198,111.2487,7917.18,25975.0,8511.54,27925.0,822.5,444.1,-13.33,-2624.0,103.94,Descending (Landing/Approach),0,0,0,1790505023,1790505023,N/A,OpenSky Network
2026-09-27 17:42:28,BTK7503,Batik Air,8a0494,Indonesia,N/A,-6.9859,111.0264,9456.42,31025.0,10492.74,34425.0,818.7,442.1,-12.68,-2496.1,91.17,Descending (Landing/Approach),0,0,0,1790505711,1790505711,N/A,OpenSky Network
2026-09-27 17:49:24,SJV950,Sriwijaya Air / Super Air Jet,8a0974,Indonesia,N/A,-7.4218,110.7,6156.96,20200.0,6614.16,21700.0,700.7,378.3,-8.45,-1663.4,153.64,Descending (Landing/Approach),0,0,0,1790506147,1790506147,N/A,OpenSky Network
2026-09-27 17:56:24,N/A,Unknown,8a0914,Indonesia,N/A,-6.905,110.8478,10675.62,35025.0,11414.76,37450.0,816.9,441.1,0,0.0,98.74,Cruising,0,0,0,1790506571,1790506571,N/A,OpenSky Network
2026-09-27 18:00:41,PAS104,Pelita Air Service,8a0914,Indonesia,N/A,-6.9685,111.2609,10668.0,35000.0,11414.76,37450.0,822.7,444.2,0.0,0.0,98.8,Cruising,0,0,0,1790506774,1790506774,N/A,OpenSky Network
2026-09-27 18:00:41,PAS210,Pelita Air Service,8a0a4a,Indonesia,N/A,-6.9859,111.0274,8404.86,27575.0,9014.46,29575.0,740.9,400.1,-10.4,-2047.2,91.0,Descending (Landing/Approach),0,0,0,1790506796,1790506798,N/A,OpenSky Network
2026-09-27 18:07:31,NONE,N/A,N/A,N/A,N/A,-8.7482,115.1672,0,0,0,0,0,0,0,0,0,No Flights,0,0,0,0,0,N/A,OpenSky Network
2026-09-27 18:14:28,BTK7040,Batik Air,8a0521,Indonesia,N/A,-7.263,110.675,3406.14,11175.0,3627.12,11900.0,576.4,311.2,9.75,1919.3,313.44,Climbing (Takeoff),0,0,0,1790507517,1790507517,N/A,OpenSky Network
2026-09-27 18:14:28,GIA420,Garuda Indonesia,8a0a53,Indonesia,N/A,-6.9895,111.2238,10668.0,35000.0,11422.38,37475.0,815.0,440.0,0.0,0.0,90.91,Cruising,0,0,0,1790507648,1790507648,N/A,OpenSky Network
2026-09-27 18:21:27,GIA420,Garuda Indonesia,8a0a53,Indonesia,N/A,-7.0769,111.6197,10668,35000.0,11422.38,37475.0,819.3,442.4,0,0.0,112.74,Cruising,0,0,0,1790507848,1790507848,N/A,OpenSky Network
2026-09-27 18:28:28,LNI521,Lion Air,8a082d,Indonesia,N/A,-7.2137,110.8216,8168.64,26800.0,8763,28750.0,800.0,432.0,-13,-2559.0,194.07,Descending (Landing/Approach),0,0,0,1790508454,1790508454,N/A,OpenSky Network
2026-09-27 18:35:29,NONE,N/A,N/A,N/A,N/A,-8.7482,115.1672,0,0,0,0,0,0,0,0,0,No Flights,0,0,0,0,0,N/A,OpenSky Network
2026-09-27 18:42:25,N/A,Unknown,8a0376,Indonesia,N/A,-7.0117,110.8296,8625.84,28300.0,9273.54,30425.0,792.8,428.1,-4.55,-895.7,202.67,Descending (Landing/Approach),0,0,0,1790509331,1790509331,N/A,OpenSky Network
2026-09-27 18:49:23,BTK6576,Batik Air,8a0636,Indonesia,N/A,-6.9854,110.9985,8831.58,28975.0,9517.38,31225.0,783.5,423.0,-15.93,-3135.8,90.81,Descending (Landing/Approach),0,0,0,1790509746,1790509746,N/A,OpenSky Network
2026-09-27 18:49:23,AWQ818,Indonesia AirAsia,8a017c,Indonesia,N/A,-6.9813,111.1379,10668.0,35000.0,11399.52,37400.0,804.3,434.3,0.0,0.0,92.11,Cruising,0,0,0,1790509686,1790509686,N/A,OpenSky Network
2026-09-27 18:56:29,AWQ818,Indonesia AirAsia,8a017c,Indonesia,N/A,-6.9813,111.1379,10668,35000.0,11407.14,37425.0,813.7,439.4,-0.33,-65.0,112.48,Cruising,0,0,0,1790509686,1790509919,N/A,OpenSky Network
2026-09-27 19:00:44,NONE,N/A,N/A,N/A,N/A,-8.7482,115.1672,0,0,0,0,0,0,0,0,0,No Flights,0,0,0,0,0,N/A,OpenSky Network
2026-09-27 19:07:25,NONE,N/A,N/A,N/A,N/A,-8.7482,115.1672,0,0,0,0,0,0,0,0,0,No Flights,0,0,0,0,0,N/A,OpenSky Network
2026-09-27 19:14:27,N/A,Unknown,8a0603,Indonesia,N/A,-7.3708,110.7268,2133.6,7000.0,2316.48,7600.0,525.1,283.5,-11.05,-2175.2,153.62,Descending (Landing/Approach),0,0,0,1790511112,1790511112,N/A,OpenSky Network
2026-09-27 19:21:29,GIA426,Garuda Indonesia,8a047a,Indonesia,N/A,-7.0692,111.6018,11277.6,37000.0,12070.08,39600.0,821.0,443.3,-0.33,-65.0,112.69,Cruising,0,0,0,1790511668,1790511668,N/A,OpenSky Network
2026-09-27 19:28:25,SJY712,Sriwijaya Air,8a06b3,Indonesia,N/A,-7.2312,110.865,9372.6,30750.0,10020.3,32875.0,911.5,492.2,-10.4,-2047.2,185.36,Descending (Landing/Approach),0,0,0,1790512090,1790512095,N/A,OpenSky Network
2026-09-27 19:28:25,N/A,Unknown,8a08b7,Indonesia,N/A,-7.4771,110.9337,624.84,2050.0,693.42,2275.0,346.9,187.3,0.33,65.0,259.23,Cruising,0,0,0,1790511931,1790511931,N/A,OpenSky Network
2026-09-27 19:35:30,SJV664,Sriwijaya Air / Super Air Jet,8a0974,Indonesia,N/A,-6.9199,111.0918,9555.48,31350.0,10233.66,33575.0,806.5,435.5,5.53,1088.6,55.76,Climbing (Takeoff),0,0,0,1790512529,1790512529,N/A,OpenSky Network
2026-09-27 19:42:29,LNI023,Lion Air,8a0458,Indonesia,N/A,-6.478,111.2034,10972.8,36000.0,11750.04,38550.0,871.4,470.5,0.0,0.0,302.24,Cruising,0,0,0,1790512857,1790512857,N/A,OpenSky Network
2026-09-27 19:42:29,SJV664,Sriwijaya Air / Super Air Jet,8a0974,Indonesia,N/A,-6.6156,111.5416,10058.4,33000.0,10797.54,35425.0,800.3,432.1,0.0,0.0,55.94,Cruising,0,0,0,1790512800,1790512800,N/A,OpenSky Network
2026-09-27 19:42:29,SJV778,Sriwijaya Air / Super Air Jet,8a08b8,Indonesia,N/A,-7.0965,111.0787,8641.08,28350.0,9258.3,30375.0,820.1,442.8,4.88,960.6,72.79,Climbing (Takeoff),0,0,0,1790512935,1790512935,N/A,OpenSky Network
2026-09-27 19:49:25,LNI665,Lion Air,8a0574,Indonesia,N/A,-6.9833,111.1593,10873.74,35675.0,11681.46,38325.0,872.2,471.0,-13.0,-2559.0,242.56,Descending (Landing/Approach),0,0,0,1790513348,1790513348,N/A,OpenSky Network
2026-09-27 19:49:25,SJV778,Sriwijaya Air / Super Air Jet,8a08b8,Indonesia,N/A,-7.0068,111.4082,9669.78,31725.0,10378.44,34050.0,800.5,432.3,3.58,704.7,85.62,Climbing (Takeoff),0,0,0,1790513105,1790513111,N/A,OpenSky Network
2026-09-27 19:56:29,SJV320,Sriwijaya Air / Super Air Jet,8a094d,Indonesia,N/A,-6.9856,110.9908,8930.64,29300.0,9685.02,31775.0,790.9,427.1,-4.88,-960.6,90.94,Descending (Landing/Approach),0,0,0,1790513760,1790513760,N/A,OpenSky Network
2026-09-27 20:00:43,SJV320,Sriwijaya Air / Super Air Jet,8a094d,Indonesia,N/A,-7.0101,111.1311,8161.02,26775.0,8793.48,28850.0,793.3,428.4,-12.35,-2431.1,103.23,Descending (Landing/Approach),0,0,0,1790513832,1790513832,N/A,OpenSky Network
2026-09-27 20:07:27,CTV172,Citilink,8a05c4,Indonesia,N/A,-6.9879,111.1428,7955.28,26100.0,8610.6,28250.0,748.3,404.1,-11.7,-2303.1,90.99,Descending (Landing/Approach),0,0,0,1790514315,1790514315,N/A,OpenSky Network
2026-09-27 20:14:30,NONE,N/A,N/A,N/A,N/A,-8.7482,115.1672,0,0,0,0,0,0,0,0,0,No Flights,0,0,0,0,0,N/A,OpenSky Network
2026-09-27 20:21:27,TNU5109,TransNusa,8a0aad,Indonesia,N/A,-6.4829,111.1988,10965.18,35975.0,11765.28,38600.0,857.5,463.0,0,0.0,302.39,Cruising,0,0,0,1790515179,1790515179,N/A,OpenSky Network
2026-09-27 20:28:28,CTV684,Citilink,8a03ab,Indonesia,N/A,-6.9859,111.0216,10668,35000.0,11422.38,37475.0,781.7,422.1,0,0.0,90.95,Cruising,0,0,0,1790515598,1790515598,N/A,OpenSky Network
2026-09-27 20:35:26,BTK7502,Batik Air,8a0636,Indonesia,N/A,-6.6208,111.0689,9060.18,29725.0,9700.26,31825.0,923.7,498.8,3.9,767.7,287.38,Climbing (Takeoff),0,0,0,1790515880,1790515880,N/A,OpenSky Network
2026-09-27 20:35:26,CTV684,Citilink,8a03ab,Indonesia,N/A,-7.0637,111.5884,10675.62,35025.0,11422.38,37475.0,794.2,428.8,0.0,0.0,112.92,Cruising,0,0,0,1790515891,1790515891,N/A,OpenSky Network
2026-09-27 20:42:26,CTV726,Citilink,8a0509,Indonesia,N/A,-7.0047,111.1751,7802.88,25600.0,8397.24,27550.0,749.7,404.8,-14.63,-2879.9,103.86,Descending (Landing/Approach),0,0,0,1790516367,1790516368,N/A,OpenSky Network
2026-09-27 20:49:24,PAS105,Pelita Air Service,8a0914,Indonesia,N/A,-6.3919,111.2597,10972.8,36000.0,11750.04,38550.0,868.9,469.2,0,0.0,295.91,Cruising,0,0,0,1790516803,1790516807,N/A,OpenSky Network
2026-09-27 20:56:28,NONE,N/A,N/A,N/A,N/A,-8.7482,115.1672,0,0,0,0,0,0,0,0,0,No Flights,0,0,0,0,0,N/A,OpenSky Network
2026-09-27 21:00:47,SJY713,Sriwijaya Air,8a06b3,Indonesia,N/A,-7.3649,110.7651,6347.46,20825.0,6766.56,22200.0,773.7,417.8,11.38,2240.2,27.67,Climbing (Takeoff),0,0,0,1790517638,1790517638,N/A,OpenSky Network
2026-09-27 21:07:28,BTK6588,Batik Air,8a0521,Indonesia,N/A,-7.0605,111.1316,8305.8,27250.0,8938.26,29325.0,772.2,416.9,-12.03,-2368.1,101.2,Descending (Landing/Approach),0,0,0,1790517978,1790517978,N/A,OpenSky Network
2026-09-27 21:07:28,SJY713,Sriwijaya Air,8a06b3,Indonesia,N/A,-6.9815,111.1944,8084.82,26525.0,8641.08,28350.0,824.3,445.1,4.88,960.6,41.17,Climbing (Takeoff),0,0,0,1790517922,1790517923,N/A,OpenSky Network
2026-09-27 21:14:27,GIA324,Garuda Indonesia,8a09f0,Indonesia,N/A,-7.017,111.1772,8016.24,26300.0,8793.48,28850.0,724.5,391.2,-6.18,-1216.5,103.75,Descending (Landing/Approach),0,0,0,1790518381,1790518381,N/A,OpenSky Network
2026-09-27 21:21:27,NONE,N/A,N/A,N/A,N/A,-8.7482,115.1672,0,0,0,0,0,0,0,0,0,No Flights,0,0,0,0,0,N/A,OpenSky Network
2026-09-27 21:28:30,LNI664,Lion Air,8a0574,Indonesia,N/A,-7.0486,110.9736,8023.86,26325.0,8595.36,28200.0,830.1,448.2,8.45,1663.4,56.1,Climbing (Takeoff),0,0,0,1790519295,1790519297,N/A,OpenSky Network
2026-09-27 21:28:30,BTK7521,Batik Air,8a06fd,Indonesia,N/A,-6.9874,111.1074,9136.38,29975.0,9837.42,32275.0,794.6,429.1,-13.0,-2559.0,90.93,Descending (Landing/Approach),0,0,0,1790519135,1790519144,N/A,OpenSky Network
2026-09-27 21:35:31,LNI664,Lion Air,8a0574,Indonesia,N/A,-6.7962,111.35,9616.44,31550.0,10294.62,33775.0,799.2,431.6,3.25,639.8,56.05,Climbing (Takeoff),0,0,0,1790519519,1790519521,N/A,OpenSky Network
2026-09-27 21:42:29,NONE,N/A,N/A,N/A,N/A,-8.7482,115.1672,0,0,0,0,0,0,0,0,0,No Flights,0,0,0,0,0,N/A,OpenSky Network
2026-09-27 21:49:24,NONE,N/A,N/A,N/A,N/A,-8.7482,115.1672,0,0,0,0,0,0,0,0,0,No Flights,0,0,0,0,0,N/A,OpenSky Network
2026-09-27 21:56:28,NONE,N/A,N/A,N/A,N/A,-8.7482,115.1672,0,0,0,0,0,0,0,0,0,No Flights,0,0,0,0,0,N/A,OpenSky Network
2026-09-27 22:00:42,NONE,N/A,N/A,N/A,N/A,-8.7482,115.1672,0,0,0,0,0,0,0,0,0,No Flights,0,0,0,0,0,N/A,OpenSky Network
2026-09-27 22:07:26,CTV685,Citilink,8a064c,Indonesia,N/A,-6.4197,111.2396,11582.4,38000.0,12382.5,40625.0,865.8,467.5,0.33,65.0,297.94,Cruising,0,0,0,1790521621,1790521624,N/A,OpenSky Network
2026-09-27 22:14:26,NONE,N/A,N/A,N/A,N/A,-8.7482,115.1672,0,0,0,0,0,0,0,0,0,No Flights,0,0,0,0,0,N/A,OpenSky Network
2026-09-27 22:21:27,NONE,N/A,N/A,N/A,N/A,-8.7482,115.1672,0,0,0,0,0,0,0,0,0,No Flights,0,0,0,0,0,N/A,OpenSky Network
2026-09-27 22:28:27,LNI012,Lion Air,8a097b,Indonesia,N/A,-6.9576,111.2066,10058.4,33000.0,10774.68,35350.0,827.9,447.0,0,0.0,99.4,Cruising,0,0,0,1790522885,1790522885,N/A,OpenSky Network
2026-09-27 22:35:32,CTV728,Citilink,8a03ac,Indonesia,N/A,-7.0173,111.174,8115.3,26625.0,8717.28,28600.0,753.8,407.0,-11.05,-2175.2,103.35,Descending (Landing/Approach),0,0,0,1790523135,1790523136,N/A,OpenSky Network
2026-09-27 22:35:32,LNI012,Lion Air,8a097b,Indonesia,N/A,-7.0507,111.5578,10058.4,33000.0,10774.68,35350.0,837.5,452.2,0.0,0.0,112.77,Cruising,0,0,0,1790523060,1790523083,N/A,OpenSky Network
2026-09-27 22:42:28,NONE,N/A,N/A,N/A,N/A,-8.7482,115.1672,0,0,0,0,0,0,0,0,0,No Flights,0,0,0,0,0,N/A,OpenSky Network
2026-09-27 22:49:23,NONE,N/A,N/A,N/A,N/A,-8.7482,115.1672,0,0,0,0,0,0,0,0,0,No Flights,0,0,0,0,0,N/A,OpenSky Network
2026-09-27 22:56:30,NONE,N/A,N/A,N/A,N/A,-8.7482,115.1672,0,0,0,0,0,0,0,0,0,No Flights,0,0,0,0,0,N/A,OpenSky Network
2026-09-27 23:00:44,NONE,N/A,N/A,N/A,N/A,-8.7482,115.1672,0,0,0,0,0,0,0,0,0,No Flights,0,0,0,0,0,N/A,OpenSky Network
2026-09-27 23:07:28,TNU5110,TransNusa,8a0aad,Indonesia,N/A,-6.9892,111.2133,10668,35000.0,11437.62,37525.0,805.8,435.1,0,0.0,91.05,Cruising,0,0,0,1790525111,1790525111,N/A,OpenSky Network
2026-09-27 23:14:26,NONE,N/A,N/A,N/A,N/A,-8.7482,115.1672,0,0,0,0,0,0,0,0,0,No Flights,0,0,0,0,0,N/A,OpenSky Network
2026-09-27 23:21:28,NONE,N/A,N/A,N/A,N/A,-8.7482,115.1672,0,0,0,0,0,0,0,0,0,No Flights,0,0,0,0,0,N/A,OpenSky Network
2026-09-27 23:28:26,NONE,N/A,N/A,N/A,N/A,-8.7482,115.1672,0,0,0,0,0,0,0,0,0,No Flights,0,0,0,0,0,N/A,OpenSky Network
2026-09-27 23:35:31,NONE,N/A,N/A,N/A,N/A,-8.7482,115.1672,0,0,0,0,0,0,0,0,0,No Flights,0,0,0,0,0,N/A,OpenSky Network
2026-09-27 23:42:29,NONE,N/A,N/A,N/A,N/A,-8.7482,115.1672,0,0,0,0,0,0,0,0,0,No Flights,0,0,0,0,0,N/A,OpenSky Network
2026-09-27 23:49:25,NONE,N/A,N/A,N/A,N/A,-8.7482,115.1672,0,0,0,0,0,0,0,0,0,No Flights,0,0,0,0,0,N/A,OpenSky Network
2026-09-27 23:56:29,NONE,N/A,N/A,N/A,N/A,-8.7482,115.1672,0,0,0,0,0,0,0,0,0,No Flights,0,0,0,0,0,N/A,OpenSky Network
2026-09-28 00:00:48,NONE,N/A,N/A,N/A,N/A,-8.7482,115.1672,0,0,0,0,0,0,0,0,0,No Flights,0,0,0,0,0,N/A,OpenSky Network
2026-09-28 00:07:27,NONE,N/A,N/A,N/A,N/A,-8.7482,115.1672,0,0,0,0,0,0,0,0,0,No Flights,0,0,0,0,0,N/A,OpenSky Network
2026-09-28 00:14:25,NONE,N/A,N/A,N/A,N/A,-8.7482,115.1672,0,0,0,0,0,0,0,0,0,No Flights,0,0,0,0,0,N/A,OpenSky Network
2026-09-28 00:21:25,NONE,N/A,N/A,N/A,N/A,-8.7482,115.1672,0,0,0,0,0,0,0,0,0,No Flights,0,0,0,0,0,N/A,OpenSky Network
2026-09-28 00:28:28,NONE,N/A,N/A,N/A,N/A,-8.7482,115.1672,0,0,0,0,0,0,0,0,0,No Flights,0,0,0,0,0,N/A,OpenSky Network
2026-09-28 00:35:28,NONE,N/A,N/A,N/A,N/A,-8.7482,115.1672,0,0,0,0,0,0,0,0,0,No Flights,0,0,0,0,0,N/A,OpenSky Network
2026-09-28 00:42:28,NONE,N/A,N/A,N/A,N/A,-8.7482,115.1672,0,0,0,0,0,0,0,0,0,No Flights,0,0,0,0,0,N/A,OpenSky Network
2026-09-28 00:49:29,NONE,N/A,N/A,N/A,N/A,-8.7482,115.1672,0,0,0,0,0,0,0,0,0,No Flights,0,0,0,0,0,N/A,OpenSky Network
2026-09-28 00:56:27,NONE,N/A,N/A,N/A,N/A,-8.7482,115.1672,0,0,0,0,0,0,0,0,0,No Flights,0,0,0,0,0,N/A,OpenSky Network
2026-09-28 01:00:45,NONE,N/A,N/A,N/A,N/A,-8.7482,115.1672,0,0,0,0,0,0,0,0,0,No Flights,0,0,0,0,0,N/A,OpenSky Network
2026-09-28 01:07:24,NONE,N/A,N/A,N/A,N/A,-8.7482,115.1672,0,0,0,0,0,0,0,0,0,No Flights,0,0,0,0,0,N/A,OpenSky Network
2026-09-28 01:16:11,NONE,N/A,N/A,N/A,N/A,-8.7482,115.1672,0,0,0,0,0,0,0,0,0,No Flights,0,0,0,0,0,N/A,OpenSky Network
2026-09-28 01:21:22,NONE,N/A,N/A,N/A,N/A,-8.7482,115.1672,0,0,0,0,0,0,0,0,0,No Flights,0,0,0,0,0,N/A,OpenSky Network
2026-09-28 01:28:26,NONE,N/A,N/A,N/A,N/A,-8.7482,115.1672,0,0,0,0,0,0,0,0,0,No Flights,0,0,0,0,0,N/A,OpenSky Network
2026-09-28 01:35:28,NONE,N/A,N/A,N/A,N/A,-8.7482,115.1672,0,0,0,0,0,0,0,0,0,No Flights,0,0,0,0,0,N/A,OpenSky Network
2026-09-28 01:42:28,NONE,N/A,N/A,N/A,N/A,-8.7482,115.1672,0,0,0,0,0,0,0,0,0,No Flights,0,0,0,0,0,N/A,OpenSky Network
2026-09-28 01:49:22,NONE,N/A,N/A,N/A,N/A,-8.7482,115.1672,0,0,0,0,0,0,0,0,0,No Flights,0,0,0,0,0,N/A,OpenSky Network
2026-09-28 01:56:25,NONE,N/A,N/A,N/A,N/A,-8.7482,115.1672,0,0,0,0,0,0,0,0,0,No Flights,0,0,0,0,0,N/A,OpenSky Network
2026-09-28 02:00:46,NONE,N/A,N/A,N/A,N/A,-8.7482,115.1672,0,0,0,0,0,0,0,0,0,No Flights,0,0,0,0,0,N/A,OpenSky Network
2026-09-28 02:07:33,NONE,N/A,N/A,N/A,N/A,-8.7482,115.1672,0,0,0,0,0,0,0,0,0,No Flights,0,0,0,0,0,N/A,OpenSky Network
2026-09-28 02:14:24,NONE,N/A,N/A,N/A,N/A,-8.7482,115.1672,0,0,0,0,0,0,0,0,0,No Flights,0,0,0,0,0,N/A,OpenSky Network
2026-09-28 02:21:25,NONE,N/A,N/A,N/A,N/A,-8.7482,115.1672,0,0,0,0,0,0,0,0,0,No Flights,0,0,0,0,0,N/A,OpenSky Network
2026-09-28 02:28:29,NONE,N/A,N/A,N/A,N/A,-8.7482,115.1672,0,0,0,0,0,0,0,0,0,No Flights,0,0,0,0,0,N/A,OpenSky Network
2026-09-28 02:35:34,NONE,N/A,N/A,N/A,N/A,-8.7482,115.1672,0,0,0,0,0,0,0,0,0,No Flights,0,0,0,0,0,N/A,OpenSky Network
2026-09-28 02:42:29,NONE,N/A,N/A,N/A,N/A,-8.7482,115.1672,0,0,0,0,0,0,0,0,0,No Flights,0,0,0,0,0,N/A,OpenSky Network
2026-09-28 02:49:25,NONE,N/A,N/A,N/A,N/A,-8.7482,115.1672,0,0,0,0,0,0,0,0,0,No Flights,0,0,0,0,0,N/A,OpenSky Network
2026-09-28 02:56:30,CTV602,Citilink,8a03b3,Indonesia,N/A,-6.9856,111.0017,10660.38,34975.0,11369.04,37300.0,800.2,432.1,0,0.0,91.06,Cruising,0,0,0,1790538804,1790538804,N/A,OpenSky Network
2026-09-28 03:00:41,NONE,N/A,N/A,N/A,N/A,-8.7482,115.1672,0,0,0,0,0,0,0,0,0,No Flights,0,0,0,0,0,N/A,OpenSky Network
2026-09-28 03:07:25,BTK6540,Batik Air,8a091b,Indonesia,N/A,-6.9861,111.0241,10668,35000.0,11391.9,37375.0,803.9,434.1,0,0.0,91.06,Cruising,0,0,0,1790539572,1790539630,N/A,OpenSky Network
2026-09-28 03:14:27,BTK6540,Batik Air,8a091b,Indonesia,N/A,-6.9951,111.4304,10668,35000.0,11391.9,37375.0,807.5,436.0,0,0.0,97.78,Cruising,0,0,0,1790539773,1790539781,N/A,OpenSky Network
2026-09-28 03:21:23,NONE,N/A,N/A,N/A,N/A,-8.7482,115.1672,0,0,0,0,0,0,0,0,0,No Flights,0,0,0,0,0,N/A,OpenSky Network
2026-09-28 03:28:29,NONE,N/A,N/A,N/A,N/A,-8.7482,115.1672,0,0,0,0,0,0,0,0,0,No Flights,0,0,0,0,0,N/A,OpenSky Network
2026-09-28 03:35:32,NONE,N/A,N/A,N/A,N/A,-8.7482,115.1672,0,0,0,0,0,0,0,0,0,No Flights,0,0,0,0,0,N/A,OpenSky Network
2026-09-28 03:42:27,NONE,N/A,N/A,N/A,N/A,-8.7482,115.1672,0,0,0,0,0,0,0,0,0,No Flights,0,0,0,0,0,N/A,OpenSky Network
2026-09-28 03:49:27,NONE,N/A,N/A,N/A,N/A,-8.7482,115.1672,0,0,0,0,0,0,0,0,0,No Flights,0,0,0,0,0,N/A,OpenSky Network
2026-09-28 03:56:29,NONE,N/A,N/A,N/A,N/A,-8.7482,115.1672,0,0,0,0,0,0,0,0,0,No Flights,0,0,0,0,0,N/A,OpenSky Network
2026-09-28 04:00:45,NONE,N/A,N/A,N/A,N/A,-8.7482,115.1672,0,0,0,0,0,0,0,0,0,No Flights,0,0,0,0,0,N/A,OpenSky Network
2026-09-28 04:07:30,NONE,N/A,N/A,N/A,N/A,-8.7482,115.1672,0,0,0,0,0,0,0,0,0,No Flights,0,0,0,0,0,N/A,OpenSky Network
2026-09-28 04:14:23,NONE,N/A,N/A,N/A,N/A,-8.7482,115.1672,0,0,0,0,0,0,0,0,0,No Flights,0,0,0,0,0,N/A,OpenSky Network
2026-09-28 04:21:21,NONE,N/A,N/A,N/A,N/A,-8.7482,115.1672,0,0,0,0,0,0,0,0,0,No Flights,0,0,0,0,0,N/A,OpenSky Network
2026-09-28 04:28:28,NONE,N/A,N/A,N/A,N/A,-8.7482,115.1672,0,0,0,0,0,0,0,0,0,No Flights,0,0,0,0,0,N/A,OpenSky Network
2026-09-28 04:35:25,LNI690,Lion Air,8a0486,Indonesia,N/A,-6.9894,111.2218,10668,35000.0,11391.9,37375.0,805.7,435.1,0,0.0,90.92,Cruising,0,0,0,1790544841,1790544841,N/A,OpenSky Network
2026-09-28 04:42:30,LNI690,Lion Air,8a0486,Indonesia,N/A,-6.9894,111.2218,10668,35000.0,11353.8,37250.0,824.2,445.0,-4.88,-960.6,105.91,Descending (Landing/Approach),0,0,0,1790544841,1790545051,N/A,OpenSky Network
2026-09-28 04:49:26,NONE,N/A,N/A,N/A,N/A,-8.7482,115.1672,0,0,0,0,0,0,0,0,0,No Flights,0,0,0,0,0,N/A,OpenSky Network
2026-09-28 04:56:25,NONE,N/A,N/A,N/A,N/A,-8.7482,115.1672,0,0,0,0,0,0,0,0,0,No Flights,0,0,0,0,0,N/A,OpenSky Network
2026-09-28 05:00:45,NONE,N/A,N/A,N/A,N/A,-8.7482,115.1672,0,0,0,0,0,0,0,0,0,No Flights,0,0,0,0,0,N/A,OpenSky Network
2026-09-28 05:07:22,NONE,N/A,N/A,N/A,N/A,-8.7482,115.1672,0,0,0,0,0,0,0,0,0,No Flights,0,0,0,0,0,N/A,OpenSky Network
2026-09-28 05:14:29,NONE,N/A,N/A,N/A,N/A,-8.7482,115.1672,0,0,0,0,0,0,0,0,0,No Flights,0,0,0,0,0,N/A,OpenSky Network
2026-09-28 05:21:29,NONE,N/A,N/A,N/A,N/A,-8.7482,115.1672,0,0,0,0,0,0,0,0,0,No Flights,0,0,0,0,0,N/A,OpenSky Network
2026-09-28 05:28:21,LNI020,Lion Air,8a097c,Indonesia,N/A,-6.9554,111.1595,9448.8,31000.0,10104.12,33150.0,840.0,453.5,0,0.0,98.11,Cruising,0,0,0,1790548093,1790548093,N/A,OpenSky Network
2026-09-28 05:35:29,LNI020,Lion Air,8a097c,Indonesia,N/A,-6.9591,111.185,9448.8,31000.0,10104.12,33150.0,850.2,459.1,0,0.0,112.54,Cruising,0,0,0,1790548105,1790548278,N/A,OpenSky Network
2026-09-28 05:42:28,NONE,N/A,N/A,N/A,N/A,-8.7482,115.1672,0,0,0,0,0,0,0,0,0,No Flights,0,0,0,0,0,N/A,OpenSky Network
2026-09-28 05:49:27,CTV680,Citilink,8a0507,Indonesia,N/A,-7.0199,111.2087,11277.6,37000.0,12054.84,39550.0,802.9,433.5,0,0.0,110.53,Cruising,0,0,0,1790549294,1790549294,N/A,OpenSky Network
2026-09-28 05:56:28,NONE,N/A,N/A,N/A,N/A,-8.7482,115.1672,0,0,0,0,0,0,0,0,0,No Flights,0,0,0,0,0,N/A,OpenSky Network
2026-09-28 06:00:39,NONE,N/A,N/A,N/A,N/A,-8.7482,115.1672,0,0,0,0,0,0,0,0,0,No Flights,0,0,0,0,0,N/A,OpenSky Network
2026-09-28 06:07:24,NONE,N/A,N/A,N/A,N/A,-8.7482,115.1672,0,0,0,0,0,0,0,0,0,No Flights,0,0,0,0,0,N/A,OpenSky Network
2026-09-28 06:14:28,SJV777,Sriwijaya Air / Super Air Jet,8a08b8,Indonesia,N/A,-7.2185,110.8774,8503.92,27900.0,9128.76,29950.0,847.9,457.8,-12.03,-2368.1,233.71,Descending (Landing/Approach),0,0,0,1790550850,1790550851,N/A,OpenSky Network
2026-09-28 06:21:26,NONE,N/A,N/A,N/A,N/A,-8.7482,115.1672,0,0,0,0,0,0,0,0,0,No Flights,0,0,0,0,0,N/A,OpenSky Network
2026-09-28 06:28:30,NONE,N/A,N/A,N/A,N/A,-8.7482,115.1672,0,0,0,0,0,0,0,0,0,No Flights,0,0,0,0,0,N/A,OpenSky Network
2026-09-28 06:35:31,NONE,N/A,N/A,N/A,N/A,-8.7482,115.1672,0,0,0,0,0,0,0,0,0,No Flights,0,0,0,0,0,N/A,OpenSky Network
2026-09-28 06:42:28,LKN280,Lion Air (Alt),8a054f,Indonesia,N/A,-6.9856,111.0009,10660.38,34975.0,11407.14,37425.0,766.8,414.0,0,0.0,90.83,Cruising,0,0,0,1790552530,1790552531,N/A,OpenSky Network
2026-09-28 06:49:27,LKN280,Lion Air (Alt),8a054f,Indonesia,N/A,-6.9893,111.2139,10668.0,35000.0,11414.76,37450.0,768.7,415.0,-0.33,-65.0,90.97,Cruising,0,0,0,1790552641,1790552645,N/A,OpenSky Network
2026-09-28 06:49:27,SJV796,Sriwijaya Air / Super Air Jet,8a08eb,Indonesia,N/A,-6.9894,111.2199,10675.62,35025.0,11430.0,37500.0,820.6,443.1,0.0,0.0,91.03,Cruising,0,0,0,1790552925,1790552925,N/A,OpenSky Network
2026-09-28 06:57:04,NONE,N/A,N/A,N/A,N/A,-8.7482,115.1672,0,0,0,0,0,0,0,0,0,No Flights,0,0,0,0,0,N/A,OpenSky Network
2026-09-28 07:00:42,NONE,N/A,N/A,N/A,N/A,-8.7482,115.1672,0,0,0,0,0,0,0,0,0,No Flights,0,0,0,0,0,N/A,OpenSky Network
2026-09-28 07:07:32,PAS646,Pelita Air Service,8a0a44,Indonesia,N/A,-7.0015,110.8882,11582.4,38000.0,12367.26,40575.0,854.4,461.3,-1.63,-320.9,214.76,Descending (Landing/Approach),0,0,0,1790554014,1790554014,N/A,OpenSky Network
2026-09-28 07:14:25,CTV738,Citilink,8a03aa,Indonesia,N/A,-6.9854,111.1283,10660.38,34975.0,11422.38,37475.0,791.1,427.1,0.0,0.0,91.48,Cruising,0,0,0,1790554444,1790554444,N/A,OpenSky Network
2026-09-28 07:14:25,SJV127,Sriwijaya Air / Super Air Jet,8a08b7,Indonesia,N/A,-7.3513,110.831,3368.04,11050.0,3611.88,11850.0,623.5,336.7,4.55,895.7,58.48,Climbing (Takeoff),0,0,0,1790554457,1790554458,N/A,OpenSky Network
2026-09-28 07:14:25,N/A,Unknown,8a026b,Indonesia,N/A,-7.2912,110.7505,7025.64,23050.0,0.0,0.0,724.2,391.0,-7.8,-1535.4,180.88,Descending (Landing/Approach),0,0,0,1790554459,1790554459,N/A,OpenSky Network
2026-09-28 07:21:27,CTV738,Citilink,8a03aa,Indonesia,N/A,-6.9982,111.4398,10622.28,34850.0,11384.28,37350.0,800.0,432.0,-2.93,-576.8,104.62,Descending (Landing/Approach),0,0,0,1790554601,1790554602,N/A,OpenSky Network
2026-09-28 07:21:27,SJV127,Sriwijaya Air / Super Air Jet,8a08b7,Indonesia,N/A,-7.1998,111.0789,5387.34,17675.0,5775.96,18950.0,712.4,384.7,13.33,2624.0,58.5,Climbing (Takeoff),0,0,0,1790554627,1790554628,N/A,OpenSky Network
2026-09-28 07:28:24,BTK6375,Batik Air,8a0603,Indonesia,N/A,-7.2236,110.7433,3360.42,11025.0,3764.28,12350.0,748.3,404.0,8.45,1663.4,300.82,Climbing (Takeoff),0,0,0,1790555015,1790555266,N/A,OpenSky Network
2026-09-28 07:28:24,PAS200,Pelita Air Service,8a0914,Indonesia,N/A,-6.9667,110.7611,10668.0,35000.0,11407.14,37425.0,811.9,438.4,0.0,0.0,92.35,Cruising,0,0,0,1790555285,1790555285,N/A,OpenSky Network
2026-09-28 07:35:34,PAS200,Pelita Air Service,8a0914,Indonesia,N/A,-7.047,111.5618,10096.5,33125.0,11269.98,36975.0,828.2,447.2,-9.75,-1919.3,109.33,Descending (Landing/Approach),0,0,0,1790555682,1790555682,N/A,OpenSky Network
2026-09-28 07:42:30,SJV665,Sriwijaya Air / Super Air Jet,8a0974,Indonesia,N/A,-7.3394,110.8006,6728.46,22075.0,7231.38,23725.0,790.8,427.0,-9.75,-1919.3,197.16,Descending (Landing/Approach),0,0,0,1790556147,1790556148,N/A,OpenSky Network
2026-09-28 07:49:27,CTV196,Citilink,8a04a5,Indonesia,N/A,-6.9833,110.8765,11285.22,37025.0,12070.08,39600.0,802.0,433.0,0.33,65.0,90.93,Cruising,0,0,0,1790556557,1790556557,N/A,OpenSky Network
2026-09-28 07:56:25,BTK7510,Batik Air,8a0636,Indonesia,N/A,-6.5176,111.1659,9646.92,31650.0,10347.96,33950.0,798.2,431.0,2.28,448.8,292.22,Climbing (Takeoff),0,0,0,1790556953,1790556954,N/A,OpenSky Network
2026-09-28 07:56:25,CTV196,Citilink,8a04a5,Indonesia,N/A,-7.0699,111.6032,11277.6,37000.0,12070.08,39600.0,803.5,433.8,0.0,0.0,112.78,Cruising,0,0,0,1790556925,1790556925,N/A,OpenSky Network
2026-09-28 07:56:25,GIA304,Garuda Indonesia,8a0a9e,Indonesia,N/A,-6.9643,111.246,10668.0,35000.0,11407.14,37425.0,807.2,435.8,-0.65,-128.0,99.38,Cruising,0,0,0,1790556976,1790556977,N/A,OpenSky Network
2026-09-28 07:56:25,N198RL,Private / Business Jet / General Aviation,a18765,United States,N/A,-6.9861,111.0257,12496.8,41000.0,13335.0,43750.0,824.3,445.1,-0.33,-65.0,91.03,Cruising,0,0,0,1790556894,1790556894,N/A,OpenSky Network
2026-09-28 08:00:37,BTK7510,Batik Air,8a0636,Indonesia,N/A,-6.5176,111.1659,9646.92,31650.0,10347.96,33950.0,798.2,431.0,2.28,448.8,292.22,Climbing (Takeoff),0,0,0,1790556953,1790556954,N/A,OpenSky Network
2026-09-28 08:00:37,CTV196,Citilink,8a04a5,Indonesia,N/A,-7.0699,111.6032,11277.6,37000.0,12070.08,39600.0,803.5,433.8,0.0,0.0,112.78,Cruising,0,0,0,1790556925,1790556925,N/A,OpenSky Network
2026-09-28 08:00:37,SJV316,Sriwijaya Air / Super Air Jet,8a090a,Indonesia,N/A,-6.9327,111.054,7924.8,26000.0,8526.78,27975.0,739.5,399.3,-12.68,-2496.1,99.37,Descending (Landing/Approach),0,0,0,1790557188,1790557188,N/A,OpenSky Network
2026-09-28 08:00:37,SJV762,Sriwijaya Air / Super Air Jet,8a0950,Indonesia,N/A,-6.9156,110.9158,10050.78,32975.0,10774.68,35350.0,831.9,449.2,0.33,65.0,98.71,Cruising,0,0,0,1790557218,1790557218,N/A,OpenSky Network
2026-09-28 08:00:37,GIA304,Garuda Indonesia,8a0a9e,Indonesia,N/A,-6.9653,111.2521,10668.0,35000.0,11414.76,37450.0,807.2,435.8,-2.28,-448.8,99.38,Descending (Landing/Approach),0,0,0,1790556979,1790556979,N/A,OpenSky Network
2026-09-28 08:00:37,N198RL,Private / Business Jet / General Aviation,a18765,United States,N/A,-7.0751,111.6155,12496.8,41000.0,13335.0,43750.0,849.2,458.5,0.0,0.0,112.71,Cruising,0,0,0,1790557183,1790557183,N/A,OpenSky Network
2026-09-28 08:07:30,SJV762,Sriwijaya Air / Super Air Jet,8a0950,Indonesia,N/A,-6.9664,111.247,10050.78,32975.0,10774.68,35350.0,801.8,432.9,-0.33,-65.0,98.64,Cruising,0,0,0,1790557379,1790557379,N/A,OpenSky Network
2026-09-28 08:07:30,GIA402,Garuda Indonesia,8a020e,Indonesia,N/A,-6.9848,110.9487,10058.4,33000.0,0.0,0.0,776.1,419.1,0.0,0.0,90.96,Cruising,0,0,0,1790557511,1790557511,N/A,OpenSky Network
2026-09-28 08:14:26,BTK7581,Batik Air,8a0515,Indonesia,N/A,-6.9861,111.0385,10066.02,33025.0,10805.16,35450.0,824.3,445.1,0,0.0,90.9,Cruising,0,0,0,1790558051,1790558051,N/A,OpenSky Network
2026-09-28 08:14:26,TNU5104,TransNusa,8a0987,Indonesia,N/A,-6.9453,111.0799,10668.0,35000.0,11422.38,37475.0,813.5,439.2,0,0.0,97.98,Cruising,0,0,0,1790557992,1790558034,N/A,OpenSky Network
2026-09-28 08:21:25,BTK7581,Batik Air,8a0515,Indonesia,N/A,-6.9982,111.4245,10058.4,33000.0,10797.54,35425.0,827.4,446.8,0,0.0,98.37,Cruising,0,0,0,1790558238,1790558239,N/A,OpenSky Network
2026-09-28 08:21:25,TNU5104,TransNusa,8a0987,Indonesia,N/A,-7.0592,111.5779,10668.0,35000.0,11422.38,37475.0,816.9,441.1,0,0.0,112.67,Cruising,0,0,0,1790558244,1790558244,N/A,OpenSky Network
2026-09-28 08:28:31,J994G,Other Airline,8a0423,Indonesia,N/A,-7.748,110.6801,1905.0,6250.0,2072.64,6800.0,242.1,130.7,-2.28,-448.8,60.69,Descending (Landing/Approach),0,0,0,1790558902,1790558902,N/A,OpenSky Network
2026-09-28 08:28:31,N/A,Unknown,8a09e2,Indonesia,N/A,-6.9779,110.8919,6164.58,20225.0,6454.14,21175.0,659.6,356.1,14.63,2879.9,91.61,Climbing (Takeoff),0,0,0,1790558907,1790558907,N/A,OpenSky Network
2026-09-28 08:35:32,WGB14,Other Airline,8a02d9,Indonesia,N/A,-7.4531,110.8187,3368.04,11050.0,3604.26,11825.0,407.1,219.8,0.0,0.0,336.12,Cruising,0,0,0,1790559327,1790559327,N/A,OpenSky Network
2026-09-28 08:35:32,GIA432,Garuda Indonesia,8a03c6,Indonesia,N/A,-6.9895,111.2336,10058.4,33000.0,10767.06,35325.0,798.3,431.0,0.33,65.0,90.93,Cruising,0,0,0,1790559136,1790559136,N/A,OpenSky Network
2026-09-28 08:35:32,SPRN1,Other Airline,8a09e2,Indonesia,N/A,-6.8698,111.3347,9502.14,31175.0,10195.56,33450.0,727.4,392.8,8.13,1600.4,72.21,Climbing (Takeoff),0,0,0,1790559168,1790559171,N/A,OpenSky Network
2026-09-28 08:42:31,WGB14,Other Airline,8a02d9,Indonesia,N/A,-7.289,110.7776,3398.52,11150.0,3642.36,11950.0,417.2,225.3,-7.48,-1472.4,353.88,Descending (Landing/Approach),0,0,0,1790559496,1790559499,N/A,OpenSky Network
2026-09-28 08:49:26,GIA302,Garuda Indonesia,8a01dd,Indonesia,N/A,-6.9889,111.1904,8138.16,26700.0,8983.98,29475.0,705.8,381.1,-9.75,-1919.3,91.2,Descending (Landing/Approach),0,0,0,1790560016,1790560016,N/A,OpenSky Network
2026-09-28 08:49:26,BTK6584,Batik Air,8a091f,Indonesia,N/A,-6.9841,110.9443,9075.42,29775.0,9776.46,32075.0,768.7,415.0,-11.05,-2175.2,90.97,Descending (Landing/Approach),0,0,0,1790560156,1790560156,N/A,OpenSky Network
2026-09-28 08:56:24,BTK6584,Batik Air,8a091f,Indonesia,N/A,-6.9877,111.1611,7871.46,25825.0,8488.68,27850.0,746.5,403.1,-10.73,-2112.2,91,Descending (Landing/Approach),0,0,0,1790560270,1790560270,N/A,OpenSky Network
2026-09-28 09:00:41,LNI641,Lion Air,8a01af,Indonesia,N/A,-7.3459,110.9196,8564.88,28100.0,9212.58,30225.0,842.1,454.7,-11.38,-2240.2,225.45,Descending (Landing/Approach),0,0,0,1790560834,1790560834,N/A,OpenSky Network
2026-09-28 09:00:41,BTK6566,Batik Air,8a051f,Indonesia,N/A,-6.9813,110.753,10660.38,34975.0,11437.62,37525.0,816.9,441.1,0.0,0.0,91.04,Cruising,0,0,0,1790560833,1790560833,N/A,OpenSky Network
2026-09-28 09:00:41,PAS647,Pelita Air Service,8a0a44,Indonesia,N/A,-7.0912,110.8198,9563.1,31375.0,10248.9,33625.0,654.9,353.6,3.25,639.8,45.92,Climbing (Takeoff),0,0,0,1790560835,1790560835,N/A,OpenSky Network
2026-09-28 09:07:29,AWQ808,Indonesia AirAsia,8a036b,Indonesia,N/A,-6.9679,111.0206,10668.0,35000.0,11430.0,37500.0,822.0,443.8,0.0,0.0,93.49,Cruising,0,0,0,1790561235,1790561235,N/A,OpenSky Network
2026-09-28 09:07:29,BTK6566,Batik Air,8a051f,Indonesia,N/A,-6.9985,111.4266,10675.62,35025.0,11452.86,37575.0,813.0,439.0,0.0,0.0,98.65,Cruising,0,0,0,1790561162,1790561162,N/A,OpenSky Network
2026-09-28 09:07:29,PAS647,Pelita Air Service,8a0a44,Indonesia,N/A,-6.6481,111.2767,10873.74,35675.0,11635.74,38175.0,723.0,390.4,3.58,704.7,45.83,Climbing (Takeoff),0,0,0,1790561195,1790561195,N/A,OpenSky Network
2026-09-28 09:14:29,AWQ808,Indonesia AirAsia,8a036b,Indonesia,N/A,-7.0028,111.4286,10675.62,35025.0,11437.62,37525.0,818.0,441.7,0.0,0.0,104.29,Cruising,0,0,0,1790561434,1790561435,N/A,OpenSky Network
2026-09-28 09:14:29,PAS202,Pelita Air Service,8a0a4a,Indonesia,N/A,-6.9854,110.9959,8892.54,29175.0,9593.58,31475.0,792.8,428.1,-12.35,-2431.1,90.94,Descending (Landing/Approach),0,0,0,1790561487,1790561487,N/A,OpenSky Network
2026-09-28 09:21:28,LNI669,Lion Air,8a026b,Indonesia,N/A,-7.4995,110.7595,7101.84,23300.0,7208.52,23650.0,779.0,420.6,8.78,1728.3,32.18,Climbing (Takeoff),0,0,0,1790562036,1790562036,N/A,OpenSky Network
2026-09-28 09:28:24,LNI030,Lion Air,8a0311,Indonesia,N/A,-6.9894,111.2211,10668.0,35000.0,11422.38,37475.0,816.9,441.1,0.0,0.0,91.04,Cruising,0,0,0,1790562487,1790562487,N/A,OpenSky Network
2026-09-28 09:28:24,CTV739,Citilink,8a03aa,Indonesia,N/A,-6.5597,111.1691,10195.56,33450.0,10873.74,35675.0,811.9,438.4,4.88,960.6,307.03,Climbing (Takeoff),0,0,0,1790562492,1790562492,N/A,OpenSky Network
2026-09-28 09:28:24,SJV370,Sriwijaya Air / Super Air Jet,8a0909,Indonesia,N/A,-6.9848,110.9513,10668.0,35000.0,11460.48,37600.0,816.8,441.1,0.0,0.0,90.91,Cruising,0,0,0,1790562493,1790562493,N/A,OpenSky Network
2026-09-28 09:35:32,LNI030,Lion Air,8a0311,Indonesia,N/A,-7.0822,111.628,10668.0,35000.0,11422.38,37475.0,819.4,442.5,0,0.0,115.0,Cruising,0,0,0,1790562694,1790562694,N/A,OpenSky Network
2026-09-28 09:35:32,SJV370,Sriwijaya Air / Super Air Jet,8a0909,Indonesia,N/A,-7.0629,111.5864,10660.38,34975.0,11452.86,37575.0,818.6,442.0,0,0.0,112.62,Cruising,0,0,0,1790562810,1790562829,N/A,OpenSky Network
2026-09-28 09:42:29,NONE,N/A,N/A,N/A,N/A,-8.7482,115.1672,0,0,0,0,0,0,0,0,0,No Flights,0,0,0,0,0,N/A,OpenSky Network
2026-09-28 09:49:30,BTK7580,Batik Air,8a0515,Indonesia,N/A,-6.7334,110.9533,9738.36,31950.0,10462.26,34325.0,911.6,492.2,2.28,448.8,279.83,Climbing (Takeoff),0,0,0,1790563750,1790563750,N/A,OpenSky Network
2026-09-28 09:49:30,N/A,Unknown,8a06fd,Indonesia,N/A,-6.9821,110.8054,10241.28,33600.0,10988.04,36050.0,824.3,445.1,-4.88,-960.6,91.03,Descending (Landing/Approach),0,0,0,1790563725,1790563726,N/A,OpenSky Network
2026-09-28 09:49:30,SJV170,Sriwijaya Air / Super Air Jet,8a08d9,Indonesia,N/A,-6.9857,111.008,10058.4,33000.0,10789.92,35400.0,833.5,450.1,0.0,0.0,91.02,Cruising,0,0,0,1790563508,1790563508,N/A,OpenSky Network
2026-09-28 09:49:30,WGB09,Other Airline,8a0131,Indonesia,N/A,-7.299,110.7805,3345.18,10975.0,3581.4,11750.0,424.3,229.1,-0.98,-192.9,358.25,Cruising,0,0,0,1790563723,1790563724,N/A,OpenSky Network
2026-09-28 09:56:27,LNI694,Lion Air,8a0487,Indonesia,N/A,-6.9809,110.7255,10568.94,34675.0,11323.32,37150.0,811.3,438.1,-5.2,-1023.6,91.18,Descending (Landing/Approach),0,0,0,1790564165,1790564166,N/A,OpenSky Network
2026-09-28 09:56:27,CTV640,Citilink,8a03ae,Indonesia,N/A,-6.9853,110.9951,10668.0,35000.0,11414.76,37450.0,811.3,438.1,0.0,0.0,90.92,Cruising,0,0,0,1790564166,1790564166,N/A,OpenSky Network
2026-09-28 09:56:27,N/A,Unknown,8a09d6,Indonesia,N/A,-6.8503,110.9648,9220.2,30250.0,9890.76,32450.0,778.5,420.3,-8.78,-1728.3,107.44,Descending (Landing/Approach),0,0,0,1790564168,1790564169,N/A,OpenSky Network
2026-09-28 09:56:27,GIA222,Garuda Indonesia,8a0a43,Indonesia,N/A,-7.4023,110.7276,2644.14,8675.0,2842.26,9325.0,560.1,302.4,-5.85,-1151.6,147.83,Descending (Landing/Approach),0,0,0,1790564029,1790564031,N/A,OpenSky Network
2026-09-28 10:00:45,LNI694,Lion Air,8a0487,Indonesia,N/A,-6.989,111.208,8206.74,26925.0,8846.82,29025.0,735.4,397.1,-10.73,-2112.2,91.15,Descending (Landing/Approach),0,0,0,1790564410,1790564410,N/A,OpenSky Network
2026-09-28 10:00:45,CTV640,Citilink,8a03ae,Indonesia,N/A,-6.9853,110.9951,10668.0,35000.0,11407.14,37425.0,810.9,437.8,0.65,128.0,95.24,Cruising,0,0,0,1790564166,1790564379,N/A,OpenSky Network
2026-09-28 10:00:45,N/A,Unknown,8a04a9,Indonesia,N/A,-7.1812,110.7281,4183.38,13725.0,4396.74,14425.0,505.4,272.9,13.33,2624.0,303.34,Climbing (Takeoff),0,0,0,1790564355,1790564355,N/A,OpenSky Network
2026-09-28 10:00:45,LNI522,Lion Air,8a082d,Indonesia,N/A,-7.4583,110.7754,7559.04,24800.0,8084.82,26525.0,814.6,439.9,5.85,1151.6,52.3,Climbing (Takeoff),0,0,0,1790564437,1790564437,N/A,OpenSky Network
2026-09-28 10:00:45,GIA322,Garuda Indonesia,8a09d6,Indonesia,N/A,-6.9277,111.2132,7871.46,25825.0,8442.96,27700.0,726.3,392.2,-9.75,-1919.3,107.51,Descending (Landing/Approach),0,0,0,1790564307,1790564309,N/A,OpenSky Network
2026-09-28 10:00:45,N/A,Unknown,8a0a43,Indonesia,N/A,-7.476,110.9512,845.82,2775.0,937.26,3075.0,391.5,211.4,-1.3,-255.9,276.52,Cruising,0,0,0,1790564336,1790564341,N/A,OpenSky Network
2026-09-28 10:07:26,LNI522,Lion Air,8a082d,Indonesia,N/A,-7.1695,111.1484,9113.52,29900.0,9753.6,32000.0,815.7,440.5,10.08,1984.2,52.19,Climbing (Takeoff),0,0,0,1790564663,1790564669,N/A,OpenSky Network
2026-09-28 10:14:28,SJV122,Sriwijaya Air / Super Air Jet,8a08db,Indonesia,N/A,-7.0694,110.9242,10965.18,35975.0,11742.42,38525.0,890.8,481.0,0,0.0,233.37,Cruising,0,0,0,1790565255,1790565255,N/A,OpenSky Network
2026-09-28 10:14:28,PAS102,Pelita Air Service,8a0a8a,Indonesia,N/A,-6.9828,110.8538,11277.6,37000.0,12070.08,39600.0,792.8,428.1,0,0.0,91.07,Cruising,0,0,0,1790565254,1790565255,N/A,OpenSky Network
2026-09-28 10:21:28,BTK7517,Batik Air,8a0636,Indonesia,N/A,-6.9824,110.806,10043.16,32950.0,10774.68,35350.0,818.7,442.1,-1.95,-383.9,91.04,Descending (Landing/Approach),0,0,0,1790565683,1790565683,N/A,OpenSky Network
2026-09-28 10:21:28,N/A,Unknown,8a04a7,Indonesia,N/A,-6.9853,111.0029,10668.0,35000.0,11430.0,37500.0,805.8,435.1,0.0,0.0,91.05,Cruising,0,0,0,1790565636,1790565636,N/A,OpenSky Network
2026-09-28 10:21:28,PAS102,Pelita Air Service,8a0a8a,Indonesia,N/A,-6.989,111.2208,11277.6,37000.0,12070.08,39600.0,798.3,431.0,0.0,0.0,90.93,Cruising,0,0,0,1790565439,1790565439,N/A,OpenSky Network
2026-09-28 10:28:31,WGB14,Other Airline,8a02d9,Indonesia,N/A,-7.419,110.784,3360.42,11025.0,3596.64,11800.0,424.2,229.0,-0.65,-128.0,0.75,Cruising,0,0,0,1790566080,1790566082,N/A,OpenSky Network
2026-09-28 10:28:31,GIA404,Garuda Indonesia,8a043a,Indonesia,N/A,-6.986,111.0173,11277.6,37000.0,12047.22,39525.0,796.5,430.1,0.33,65.0,91.07,Cruising,0,0,0,1790566076,1790566077,N/A,OpenSky Network
2026-09-28 10:28:31,CTV822,Citilink,8a03b1,Indonesia,N/A,-7.0132,111.4088,11285.22,37025.0,12062.46,39575.0,790.8,427.0,0.0,0.0,81.24,Cruising,0,0,0,1790566073,1790566073,N/A,OpenSky Network
2026-09-28 10:28:31,BTK7517,Batik Air,8a0636,Indonesia,N/A,-6.9978,111.2552,7909.56,25950.0,8724.9,28625.0,782.5,422.5,-10.08,-1984.2,92.85,Descending (Landing/Approach),0,0,0,1790565904,1790565904,N/A,OpenSky Network
2026-09-28 10:35:28,J918G,Other Airline,8a0423,Indonesia,N/A,-7.7943,110.7224,2110.74,6925.0,2278.38,7475.0,313.3,169.2,-0.33,-65.0,87.63,Cruising,0,0,0,1790566447,1790566447,N/A,OpenSky Network
2026-09-28 10:35:28,GIA404,Garuda Indonesia,8a043a,Indonesia,N/A,-7.0756,111.617,11277.6,37000.0,12047.22,39525.0,824.4,445.2,0.0,0.0,112.59,Cruising,0,0,0,1790566378,1790566387,N/A,OpenSky Network
2026-09-28 10:42:28,LNI640,Lion Air,8a01af,Indonesia,N/A,-7.3172,110.9384,8389.62,27525.0,8968.74,29425.0,771.4,416.5,5.2,1023.6,44.32,Climbing (Takeoff),0,0,0,1790566929,1790566929,N/A,OpenSky Network
2026-09-28 10:42:28,LNI034,Lion Air,8a097c,Indonesia,N/A,-6.9876,111.1038,10668.0,35000.0,11422.38,37475.0,828.0,447.1,0.33,65.0,91.15,Cruising,0,0,0,1790566930,1790566930,N/A,OpenSky Network
2026-09-28 10:49:49,GIA303,Garuda Indonesia,8a01dd,Indonesia,N/A,-6.6175,111.1021,10675.62,35025.0,11384.28,37350.0,860.9,464.8,4.55,895.7,288.43,Climbing (Takeoff),0,0,0,1790567313,1790567313,N/A,OpenSky Network
2026-09-28 10:49:49,LNI640,Lion Air,8a01af,Indonesia,N/A,-7.0702,111.1778,9585.96,31450.0,10226.04,33550.0,757.0,408.8,2.6,511.8,44.01,Climbing (Takeoff),0,0,0,1790567108,1790567108,N/A,OpenSky Network
2026-09-28 10:49:49,BTK6526,Batik Air,8a091b,Indonesia,N/A,-6.9813,110.7514,10668.0,35000.0,11414.76,37450.0,811.3,438.1,-0.33,-65.0,90.92,Cruising,0,0,0,1790567376,1790567376,N/A,OpenSky Network
2026-09-28 10:56:25,BTK6526,Batik Air,8a091b,Indonesia,N/A,-6.9966,111.4431,10668,35000.0,11422.38,37475.0,817.8,441.6,0,0.0,97.29,Cruising,0,0,0,1790567715,1790567715,N/A,OpenSky Network
2026-09-28 11:00:38,AWQ802,Indonesia AirAsia,8a0394,Indonesia,N/A,-6.976,111.0307,10668,35000.0,11430.0,37500.0,808.2,436.4,0.33,65.0,92.36,Cruising,0,0,0,1790568022,1790568023,N/A,OpenSky Network
2026-09-28 11:00:38,BTK6526,Batik Air,8a091b,Indonesia,N/A,-6.9966,111.4431,10668,35000.0,11422.38,37475.0,817.8,441.6,0.0,0.0,97.29,Cruising,0,0,0,1790567715,1790567715,N/A,OpenSky Network
2026-09-28 11:07:29,AWQ802,Indonesia AirAsia,8a0394,Indonesia,N/A,-7.0023,111.4221,10668.0,35000.0,11430.0,37500.0,819.3,442.4,0.0,0.0,112.74,Cruising,0,0,0,1790568215,1790568286,N/A,OpenSky Network
2026-09-28 11:07:29,T7TUN,Private / Business Jet / General Aviation,50005c,San Marino,N/A,-7.3929,110.7032,2110.74,6925.0,2255.52,7400.0,502.1,271.1,-10.4,-2047.2,141.44,Descending (Landing/Approach),0,0,0,1790568315,1790568316,N/A,OpenSky Network
2026-09-28 11:07:29,N/A,Unknown,8a06d0,Indonesia,N/A,-6.9344,111.0428,11292.84,37050.0,12085.32,39650.0,817.2,441.3,0.0,0.0,98.86,Cruising,0,0,0,1790568398,1790568400,N/A,OpenSky Network
2026-09-28 11:07:29,GIA225,Garuda Indonesia,8a0a43,Indonesia,N/A,-7.1864,110.7276,3939.54,12925.0,4419.6,14500.0,742.8,401.1,9.1,1791.3,303.1,Climbing (Takeoff),0,0,0,1790568134,1790568429,N/A,OpenSky Network
2026-09-28 11:14:32,NONE,N/A,N/A,N/A,N/A,-8.7482,115.1672,0,0,0,0,0,0,0,0,0,No Flights,0,0,0,0,0,N/A,OpenSky Network
2026-09-28 11:21:36,J918G,Other Airline,8a0423,Indonesia,N/A,-7.803,110.7129,2133.6,7000.0,2293.62,7525.0,319.1,172.3,0.98,192.9,298.8,Cruising,0,0,0,1790569293,1790569293,N/A,OpenSky Network
2026-09-28 11:21:36,WGB09,Other Airline,8a0131,Indonesia,N/A,-7.4043,110.8004,3352.8,11000.0,3581.4,11750.0,414.8,223.9,0.65,128.0,342.86,Cruising,0,0,0,1790569294,1790569294,N/A,OpenSky Network
2026-09-28 11:28:26,SJV356,Sriwijaya Air / Super Air Jet,8a08c0,Indonesia,N/A,-7.0341,111.1385,7018.02,23025.0,7536.18,24725.0,717.7,387.5,-15.93,-3135.8,110.07,Descending (Landing/Approach),0,0,0,1790569592,1790569594,N/A,OpenSky Network
2026-09-28 11:28:26,WGB09,Other Airline,8a0131,Indonesia,N/A,-7.2283,110.7669,3352.8,11000.0,3581.4,11750.0,428.8,231.5,1.63,320.9,351.55,Climbing (Takeoff),0,0,0,1790569463,1790569463,N/A,OpenSky Network
2026-09-28 11:35:31,T7JCI,Private / Business Jet / General Aviation,500164,San Marino,N/A,-7.0561,111.1251,7459.98,24475.0,7985.76,26200.0,806.7,435.6,-7.48,-1472.4,101.39,Descending (Landing/Approach),0,0,0,1790570063,1790570066,N/A,OpenSky Network
2026-09-28 11:35:31,BTK6050,Batik Air,8a09a1,Indonesia,N/A,-6.9833,110.8713,10668.0,35000.0,11422.38,37475.0,816.9,441.1,0.0,0.0,91.04,Cruising,0,0,0,1790570129,1790570129,N/A,OpenSky Network
2026-09-28 11:35:31,SJV371,Sriwijaya Air / Super Air Jet,8a0909,Indonesia,N/A,-6.6015,111.0464,10370.82,34025.0,11132.82,36525.0,906.0,489.2,0.0,0.0,283.84,Cruising,0,0,0,1790570113,1790570114,N/A,OpenSky Network
2026-09-28 11:42:30,BTK7309,Batik Air,8a063b,Indonesia,N/A,-6.9846,110.9576,10668.0,35000.0,11437.62,37525.0,803.9,434.1,0.0,0.0,91.06,Cruising,0,0,0,1790570530,1790570530,N/A,OpenSky Network
2026-09-28 11:42:30,BTK6050,Batik Air,8a09a1,Indonesia,N/A,-7.0491,111.5535,10668.0,35000.0,11422.38,37475.0,825.1,445.5,0.0,0.0,112.71,Cruising,0,0,0,1790570467,1790570501,N/A,OpenSky Network
2026-09-28 11:42:30,SJV123,Sriwijaya Air / Super Air Jet,8a08db,Indonesia,N/A,-7.5252,110.7235,8641.08,28350.0,9243.06,30325.0,765.3,413.2,6.18,1216.5,33.65,Climbing (Takeoff),0,0,0,1790570530,1790570530,N/A,OpenSky Network
2026-09-28 11:49:25,PKCAO,Private / Business Jet / General Aviation,8a02e2,Indonesia,N/A,-6.9891,111.1979,7620,25000.0,8153.4,26750.0,448.2,242.0,0,0.0,90.95,Cruising,0,0,0,1790570852,1790570855,N/A,OpenSky Network
2026-09-28 11:49:25,BTK7309,Batik Air,8a063b,Indonesia,N/A,-7.0761,111.6186,10668,35000.0,11430.0,37500.0,816.9,441.1,0,0.0,112.67,Cruising,0,0,0,1790570864,1790570873,N/A,OpenSky Network
2026-09-28 11:49:25,SJV123,Sriwijaya Air / Super Air Jet,8a08db,Indonesia,N/A,-7.0468,111.2415,10668,35000.0,11407.14,37425.0,775.0,418.5,0,0.0,72.91,Cruising,0,0,0,1790570948,1790570954,N/A,OpenSky Network
2026-09-28 11:56:27,BTK6656,Batik Air,8a04e4,Indonesia,N/A,-6.986,111.018,10668,35000.0,11399.52,37400.0,787.2,425.1,0,0.0,90.94,Cruising,0,0,0,1790571361,1790571363,N/A,OpenSky Network
2026-09-28 11:56:27,SJV123,Sriwijaya Air / Super Air Jet,8a08db,Indonesia,N/A,-7.0243,111.3147,10668,35000.0,11407.14,37425.0,805.2,434.8,0,0.0,112.73,Cruising,0,0,0,1790570987,1790571126,N/A,OpenSky Network
2026-09-28 12:00:43,BTK6656,Batik Air,8a04e4,Indonesia,N/A,-6.9946,111.4305,10668.0,35000.0,11399.52,37400.0,810.0,437.3,0,0.0,97.09,Cruising,0,0,0,1790571567,1790571568,N/A,OpenSky Network
2026-09-28 12:00:43,BTK7583,Batik Air,8a0515,Indonesia,N/A,-6.9808,110.7292,10058.4,33000.0,10782.3,35375.0,831.7,449.1,0,0.0,91.15,Cruising,0,0,0,1790571629,1790571629,N/A,OpenSky Network
2026-09-28 12:07:24,BTK7583,Batik Air,8a0515,Indonesia,N/A,-6.9987,111.4267,10058.4,33000.0,10789.92,35400.0,834.8,450.8,0.0,0.0,99.19,Cruising,0,0,0,1790571964,1790571965,N/A,OpenSky Network
2026-09-28 12:07:24,PAS204,Pelita Air Service,8a0914,Indonesia,N/A,-6.9139,110.9968,8785.86,28825.0,9425.94,30925.0,765.0,413.0,-11.05,-2175.2,100.6,Descending (Landing/Approach),0,0,0,1790572035,1790572035,N/A,OpenSky Network
2026-09-28 12:07:24,GIA253,Garuda Indonesia,8a0a9e,Indonesia,N/A,-7.1548,110.8621,9753.6,32000.0,10431.78,34225.0,807.2,435.9,0.0,0.0,249.03,Cruising,0,0,0,1790572035,1790572035,N/A,OpenSky Network
2026-09-28 12:14:32,PAS204,Pelita Air Service,8a0914,Indonesia,N/A,-6.9701,111.2191,7711.44,25300.0,8267.7,27125.0,737.0,397.9,-11.05,-2175.2,105.75,Descending (Landing/Approach),0,0,0,1790572156,1790572162,N/A,OpenSky Network
2026-09-28 12:21:23,NONE,N/A,N/A,N/A,N/A,-8.7482,115.1672,0,0,0,0,0,0,0,0,0,No Flights,0,0,0,0,0,N/A,OpenSky Network
2026-09-28 12:28:27,GIA254,Garuda Indonesia,8a021d,Indonesia,N/A,-7.1663,111.1951,9944.1,32625.0,10607.04,34800.0,797.2,430.5,5.2,1023.6,52.17,Climbing (Takeoff),0,0,0,1790573289,1790573289,N/A,OpenSky Network
2026-09-28 12:35:34,SPRN1,Other Airline,8a09e2,Indonesia,N/A,-7.4635,110.97,624.84,2050.0,685.8,2250.0,381.5,206.0,0.65,128.0,227.56,Cruising,0,0,0,1790573722,1790573723,N/A,OpenSky Network
2026-09-28 12:35:34,GIA408,Garuda Indonesia,8a0a65,Indonesia,N/A,-6.9883,111.1626,11277.6,37000.0,12039.6,39500.0,792.8,428.1,0.0,0.0,90.94,Cruising,0,0,0,1790573698,1790573700,N/A,OpenSky Network
2026-09-28 12:42:26,CTV736,Citilink,8a074d,Indonesia,N/A,-6.9879,111.1406,8633.46,28325.0,9250.68,30350.0,731.6,395.0,-10.4,-2047.2,90.87,Descending (Landing/Approach),0,0,0,1790574021,1790574021,N/A,OpenSky Network
2026-09-28 12:42:26,GIA408,Garuda Indonesia,8a0a65,Indonesia,N/A,-7.0731,111.6111,11277.6,37000.0,12039.6,39500.0,805.2,434.8,0.0,0.0,112.73,Cruising,0,0,0,1790573930,1790573933,N/A,OpenSky Network
2026-09-28 12:49:26,NONE,N/A,N/A,N/A,N/A,-8.7482,115.1672,0,0,0,0,0,0,0,0,0,No Flights,0,0,0,0,0,N/A,OpenSky Network
2026-09-28 12:56:27,AWQ860,Indonesia AirAsia,8a0441,Indonesia,N/A,-6.9837,110.8952,11277.6,37000.0,12054.84,39550.0,787.2,425.1,0,0.0,90.94,Cruising,0,0,0,1790574967,1790574967,N/A,OpenSky Network
2026-09-28 12:56:27,N15RU,Private / Business Jet / General Aviation,a0c960,United States,N/A,-7.0097,111.1911,9448.8,31000.0,10111.74,33175.0,505.3,272.8,0,0.0,110.83,Cruising,0,0,0,1790574952,1790574952,N/A,OpenSky Network
2026-09-28 13:00:48,AWQ860,Indonesia AirAsia,8a0441,Indonesia,N/A,-6.9924,111.399,11277.6,37000.0,12054.84,39550.0,786.2,424.5,-0.33,-65.0,94.86,Cruising,0,0,0,1790575223,1790575234,N/A,OpenSky Network
2026-09-28 13:00:48,N/A,Unknown,8a08c0,Indonesia,N/A,-6.594,111.2685,9403.08,30850.0,10066.02,33025.0,880.8,475.6,7.48,1472.4,305.33,Climbing (Takeoff),0,0,0,1790575202,1790575210,N/A,OpenSky Network
2026-09-28 13:00:48,N/A,Unknown,8a0a8a,Indonesia,N/A,-6.3829,111.2713,10972.8,36000.0,11734.8,38500.0,869.9,469.7,-0.33,-65.0,295.2,Cruising,0,0,0,1790575000,1790575000,N/A,OpenSky Network
2026-09-28 13:00:48,N15RU,Private / Business Jet / General Aviation,a0c960,United States,N/A,-7.0668,111.3422,9448.8,31000.0,10111.74,33175.0,505.3,272.8,-0.33,-65.0,110.83,Cruising,0,0,0,1790575079,1790575105,N/A,OpenSky Network
2026-09-28 13:07:28,AWQ814,Indonesia AirAsia,8a017c,Indonesia,N/A,-6.985,110.9835,10675.62,35025.0,11399.52,37400.0,778.0,420.1,0.0,0.0,90.95,Cruising,0,0,0,1790575645,1790575646,N/A,OpenSky Network
2026-09-28 13:07:28,GIA312,Garuda Indonesia,8a0ad6,Indonesia,N/A,-6.989,111.1976,8206.74,26925.0,8785.86,28825.0,715.0,386.0,-6.5,-1279.5,90.89,Descending (Landing/Approach),0,0,0,1790575529,1790575536,N/A,OpenSky Network
2026-09-28 13:14:26,T7G45,Private / Business Jet / General Aviation,50049a,San Marino,N/A,-6.9854,110.9896,12496.8,41000.0,13296.9,43625.0,824.3,445.1,0.33,65.0,91.03,Cruising,0,0,0,1790576047,1790576047,N/A,OpenSky Network
2026-09-28 13:14:26,AWQ814,Indonesia AirAsia,8a017c,Indonesia,N/A,-7.0048,111.4316,10675.62,35025.0,11399.52,37400.0,786.5,424.7,0.0,0.0,103.48,Cruising,0,0,0,1790575875,1790575876,N/A,OpenSky Network
2026-09-28 13:21:28,T7G45,Private / Business Jet / General Aviation,50049a,San Marino,N/A,-7.0698,111.603,12496.8,41000.0,13296.9,43625.0,857.5,463.0,0.33,65.0,112.74,Cruising,0,0,0,1790576347,1790576347,N/A,OpenSky Network
2026-09-28 13:21:28,N/A,Unknown,8a091f,Indonesia,N/A,-7.3287,110.7688,2506.98,8225.0,0.0,0.0,475.0,256.5,-8.13,-1600.4,170.57,Descending (Landing/Approach),0,0,0,1790576199,1790576199,N/A,OpenSky Network
2026-09-28 13:28:28,CTV176,Citilink,8a061d,Indonesia,N/A,-6.9788,111.1677,7848.6,25750.0,8435.34,27675.0,745.7,402.7,-11.05,-2175.2,104.97,Descending (Landing/Approach),0,0,0,1790576891,1790576891,N/A,OpenSky Network
2026-09-28 13:28:28,BTK7531,Batik Air,8a091f,Indonesia,N/A,-7.4756,110.9374,624.84,2050.0,670.56,2200.0,270.9,146.3,0.98,192.9,256.15,Cruising,0,0,0,1790576685,1790576685,N/A,OpenSky Network
2026-09-28 13:28:28,PAS142,Pelita Air Service,8a0a89,Indonesia,N/A,-6.9857,111.0203,11277.6,37000.0,12070.08,39600.0,796.5,430.1,0.0,0.0,90.93,Cruising,0,0,0,1790576888,1790576889,N/A,OpenSky Network
2026-09-28 13:35:32,PAS108,Pelita Air Service,8a0993,Indonesia,N/A,-6.9537,110.9792,11277.6,37000.0,12039.6,39500.0,797.5,430.6,0,0.0,94.93,Cruising,0,0,0,1790577314,1790577319,N/A,OpenSky Network
2026-09-28 13:35:32,PAS142,Pelita Air Service,8a0a89,Indonesia,N/A,-7.0296,111.6548,11277.6,37000.0,12070.08,39600.0,804.4,434.4,0,0.0,99.01,Cruising,0,0,0,1790577206,1790577206,N/A,OpenSky Network
2026-09-28 13:42:30,GIA452,Garuda Indonesia,8a01dd,Indonesia,N/A,-6.9942,111.4259,10668.0,35000.0,11399.52,37400.0,796.3,430.0,0.0,0.0,95.47,Cruising,0,0,0,1790577713,1790577713,N/A,OpenSky Network
2026-09-28 13:42:30,PAS108,Pelita Air Service,8a0993,Indonesia,N/A,-7.0485,111.553,11285.22,37025.0,12047.22,39525.0,813.5,439.2,-0.33,-65.0,112.77,Cruising,0,0,0,1790577606,1790577607,N/A,OpenSky Network
2026-09-28 13:49:26,J039KT,Other Airline,8a02d8,Indonesia,N/A,-7.7921,110.6702,1912.62,6275.0,2042.16,6700.0,337.9,182.4,6.5,1279.5,129.89,Climbing (Takeoff),0,0,0,1790578088,1790578088,N/A,OpenSky Network
2026-09-28 13:56:27,CTV765,Citilink,8a03b3,Indonesia,N/A,-7.1637,110.7046,4945.38,16225.0,5265.42,17275.0,592.2,319.8,13.66,2689.0,303.39,Climbing (Takeoff),0,0,0,1790578476,1790578478,N/A,OpenSky Network
2026-09-28 13:56:27,PAS205,Pelita Air Service,8a0914,Indonesia,N/A,-6.6333,111.1271,10271.76,33700.0,10957.56,35950.0,832.8,449.7,5.53,1088.6,284.16,Climbing (Takeoff),0,0,0,1790578583,1790578583,N/A,OpenSky Network
2026-09-28 14:00:44,PAS205,Pelita Air Service,8a0914,Indonesia,N/A,-6.6269,111.1017,10347.96,33950.0,11049,36250.0,832.3,449.4,5.2,1023.6,284.04,Climbing (Takeoff),0,0,0,1790578596,1790578599,N/A,OpenSky Network
2026-09-28 14:07:31,GIA252,Garuda Indonesia,8a0a9e,Indonesia,N/A,-7.4707,110.747,9220.2,30250.0,9852.66,32325.0,787.6,425.3,8.13,1600.4,2.16,Climbing (Takeoff),0,0,0,1790579244,1790579245,N/A,OpenSky Network
2026-09-28 14:14:29,SJV676,Sriwijaya Air / Super Air Jet,8a0974,Indonesia,N/A,-7.1601,111.0509,8534.4,28000.0,9144.0,30000.0,822.2,444.0,6.5,1279.5,40.62,Climbing (Takeoff),0,0,0,1790579650,1790579650,N/A,OpenSky Network
2026-09-28 14:14:29,GIA252,Garuda Indonesia,8a0a9e,Indonesia,N/A,-7.0374,111.2914,10668.0,35000.0,11399.52,37400.0,769.0,415.2,0.0,0.0,70.74,Cruising,0,0,0,1790579648,1790579648,N/A,OpenSky Network
2026-09-28 14:21:29,SJV676,Sriwijaya Air / Super Air Jet,8a0974,Indonesia,N/A,-6.6761,111.4651,10233.66,33575.0,10965.18,35975.0,801.3,432.7,4.23,832.7,40.5,Climbing (Takeoff),0,0,0,1790579960,1790579960,N/A,OpenSky Network
2026-09-28 14:21:29,GIA252,Garuda Indonesia,8a0a9e,Indonesia,N/A,-7.0749,111.6162,10668.0,35000.0,11391.9,37375.0,791.1,427.2,0.0,0.0,112.72,Cruising,0,0,0,1790579823,1790579825,N/A,OpenSky Network
2026-09-28 14:28:29,BTK7308,Batik Air,8a063b,Indonesia,N/A,-6.5775,111.4949,10972.8,36000.0,11742.42,38525.0,870.3,469.9,0.33,65.0,298.75,Cruising,0,0,0,1790580507,1790580507,N/A,OpenSky Network
2026-09-28 14:35:32,BTK7308,Batik Air,8a063b,Indonesia,N/A,-6.4237,111.2143,10972.8,36000.0,11742.42,38525.0,868.0,468.7,-0.33,-65.0,296.62,Cruising,0,0,0,1790580654,1790580654,N/A,OpenSky Network
2026-09-28 14:35:32,BTK7532,Batik Air,8a091f,Indonesia,N/A,-7.1783,110.7241,4381.5,14375.0,4671.06,15325.0,615.6,332.4,3.9,767.7,313.78,Climbing (Takeoff),0,0,0,1790580883,1790580883,N/A,OpenSky Network
2026-09-28 14:42:27,BTK6564,Batik Air,8a0638,Indonesia,N/A,-6.9863,111.0433,9448.8,31000.0,10142.22,33275.0,803.9,434.1,0,0.0,90.92,Cruising,0,0,0,1790581317,1790581318,N/A,OpenSky Network
2026-09-28 14:49:26,BTK6564,Batik Air,8a0638,Indonesia,N/A,-6.9989,111.4287,9448.8,31000.0,10142.22,33275.0,811.5,438.2,0.0,0.0,98.8,Cruising,0,0,0,1790581508,1790581508,N/A,OpenSky Network
2026-09-28 14:49:26,GIA310,Garuda Indonesia,8a09d6,Indonesia,N/A,-7.0098,111.1875,8336.28,27350.0,8846.82,29025.0,740.7,399.9,-10.73,-2112.2,104.04,Descending (Landing/Approach),0,0,0,1790581626,1790581716,N/A,OpenSky Network
2026-09-28 14:49:26,SJV764,Sriwijaya Air / Super Air Jet,8a08e0,Indonesia,N/A,-6.9874,111.1046,10066.02,33025.0,10774.68,35350.0,827.9,447.0,0.0,0.0,90.9,Cruising,0,0,0,1790581723,1790581733,N/A,OpenSky Network
2026-09-28 14:56:26,SJV764,Sriwijaya Air / Super Air Jet,8a08e0,Indonesia,N/A,-6.9947,111.4251,10050.78,32975.0,10774.68,35350.0,827.9,447.0,0,0.0,90.9,Cruising,0,0,0,1790581879,1790581879,N/A,OpenSky Network
2026-09-28 15:00:46,GIA422,Garuda Indonesia,8a03c7,Indonesia,N/A,-6.9836,110.8769,11277.6,37000.0,12039.6,39500.0,809.5,437.1,0.0,0.0,91.05,Cruising,0,0,0,1790582431,1790582434,N/A,OpenSky Network
2026-09-28 15:00:46,GIA228,Garuda Indonesia,8a03c6,Indonesia,N/A,-7.3639,110.7515,2430.78,7975.0,2590.8,8500.0,512.9,276.9,-9.43,-1856.3,168.12,Descending (Landing/Approach),0,0,0,1790582311,1790582314,N/A,OpenSky Network
2026-09-28 15:07:21,GIA422,Garuda Indonesia,8a03c7,Indonesia,N/A,-7.0659,111.5934,11277.6,37000.0,12039.6,39500.0,821.7,443.7,0.33,65.0,112.81,Cruising,0,0,0,1790582788,1790582788,N/A,OpenSky Network
2026-09-28 15:07:21,GIA228,Garuda Indonesia,8a03c6,Indonesia,N/A,-7.475,110.9477,762.0,2500.0,807.72,2650.0,330.5,178.5,-1.63,-320.9,274.18,Descending (Landing/Approach),0,0,0,1790582674,1790582675,N/A,OpenSky Network
2026-09-28 15:14:40,SJV128,Sriwijaya Air / Super Air Jet,8a094d,Indonesia,N/A,-7.4051,110.8919,1615.44,5300.0,1790.7,5875.0,510.9,275.9,-6.18,-1216.5,223.53,Descending (Landing/Approach),0,0,0,1790583082,1790583082,N/A,OpenSky Network
2026-09-28 15:21:27,CTV833,Citilink,8a03b1,Indonesia,N/A,-6.9854,110.9897,9128.76,29950.0,9784.08,32100.0,761.3,411.1,-11.7,-2303.1,90.98,Descending (Landing/Approach),0,0,0,1790583662,1790583666,N/A,OpenSky Network
2026-09-28 15:21:27,N/A,Unknown,8a094d,Indonesia,N/A,-7.477,110.9348,647.7,2125.0,685.8,2250.0,268.4,144.9,0.98,192.9,286.43,Cruising,0,0,0,1790583450,1790583450,N/A,OpenSky Network
2026-09-28 15:28:30,N/A,Unknown,500126,San Marino,N/A,-6.3268,111.3591,11887.2,39000.0,0.0,0.0,766.6,413.9,0.0,0.0,82.09,Cruising,0,0,0,1790583914,1790583919,N/A,OpenSky Network
2026-09-28 15:28:30,GIA326,Garuda Indonesia,8a03c9,Indonesia,N/A,-7.0089,111.1687,8206.74,26925.0,8778.24,28800.0,721.9,389.8,-13.66,-2689.0,103.5,Descending (Landing/Approach),0,0,0,1790583999,1790583999,N/A,OpenSky Network
2026-09-28 15:35:25,NONE,N/A,N/A,N/A,N/A,-8.7482,115.1672,0,0,0,0,0,0,0,0,0,No Flights,0,0,0,0,0,N/A,OpenSky Network
2026-09-28 15:42:24,PAS106,Pelita Air Service,8a0a8a,Indonesia,N/A,-6.9857,111.0287,11277.6,37000.0,12062.46,39575.0,818.7,442.1,0,0.0,91.04,Cruising,0,0,0,1790584876,1790584876,N/A,OpenSky Network
2026-09-28 15:49:27,CTV784,Citilink,8a0376,Indonesia,N/A,-7.0793,111.1203,8679.18,28475.0,9281.16,30450.0,697.5,376.6,3.58,704.7,40.58,Climbing (Takeoff),0,0,0,1790585347,1790585348,N/A,OpenSky Network
2026-09-28 15:49:27,PAS106,Pelita Air Service,8a0a8a,Indonesia,N/A,-7.0825,111.6344,11269.98,36975.0,12047.22,39525.0,826.8,446.5,0.0,0.0,112.66,Cruising,0,0,0,1790585180,1790585180,N/A,OpenSky Network
2026-09-28 15:49:27,GIA411,Garuda Indonesia,8a0a65,Indonesia,N/A,-6.398,111.2634,11582.4,38000.0,12352.02,40525.0,853.1,460.7,0.0,0.0,296.01,Cruising,0,0,0,1790585275,1790585275,N/A,OpenSky Network
2026-09-28 15:56:28,LNI692,Lion Air,8a01cd,Indonesia,N/A,-6.9855,110.9938,9570.72,31400.0,10226.04,33550.0,805.7,435.0,-11.38,-2240.2,90.79,Descending (Landing/Approach),0,0,0,1790585775,1790585775,N/A,OpenSky Network
2026-09-28 15:56:28,CTV784,Citilink,8a0376,Indonesia,N/A,-6.7971,111.3619,9456.42,31025.0,10119.36,33200.0,772.4,417.1,0.33,65.0,40.53,Cruising,0,0,0,1790585552,1790585590,N/A,OpenSky Network
2026-09-28 15:56:28,BTK6508,Batik Air,8a0519,Indonesia,N/A,-6.9191,111.0191,10675.62,35025.0,11437.62,37525.0,815.5,440.3,0.0,0.0,100.47,Cruising,0,0,0,1790585768,1790585768,N/A,OpenSky Network
2026-09-28 16:00:44,LNI692,Lion Air,8a01cd,Indonesia,N/A,-6.9922,111.2324,8199.12,26900.0,8877.3,29125.0,794.9,429.2,-8.78,-1728.3,91.74,Descending (Landing/Approach),0,0,0,1790585894,1790585894,N/A,OpenSky Network
2026-09-28 16:00:44,BTK6508,Batik Air,8a0519,Indonesia,N/A,-6.9581,111.232,10660.38,34975.0,11414.76,37450.0,809.7,437.2,0.33,65.0,100.41,Cruising,0,0,0,1790585874,1790585877,N/A,OpenSky Network
2026-09-28 16:00:44,T7TUN,Private / Business Jet / General Aviation,50005c,San Marino,N/A,-7.1695,110.7062,5036.82,16525.0,5379.72,17650.0,596.8,322.2,10.4,2047.2,301.42,Climbing (Takeoff),0,0,0,1790586035,1790586035,N/A,OpenSky Network
2026-09-28 16:07:29,N/A,Unknown,8a03c6,Indonesia,N/A,-7.2993,110.7807,2872.74,9425.0,3032.76,9950.0,552.1,298.1,16.26,3200.8,345.03,Climbing (Takeoff),0,0,0,1790586401,1790586401,N/A,OpenSky Network
2026-09-28 16:07:29,AWQ820,Indonesia AirAsia,8a06f0,Indonesia,N/A,-6.987,111.0943,10652.76,34950.0,11376.66,37325.0,794.6,429.1,-0.33,-65.0,90.93,Cruising,0,0,0,1790586390,1790586390,N/A,OpenSky Network
2026-09-28 16:07:29,TNU5108,TransNusa,8a09f8,Indonesia,N/A,-6.9844,110.9317,10058.4,33000.0,10774.68,35350.0,796.5,430.1,0.0,0.0,90.93,Cruising,0,0,0,1790586428,1790586429,N/A,OpenSky Network
2026-09-28 16:14:27,AWQ820,Indonesia AirAsia,8a06f0,Indonesia,N/A,-7.048,111.5517,10675.62,35025.0,11376.66,37325.0,794.6,429.1,-0.33,-65.0,90.93,Cruising,0,0,0,1790586621,1790586621,N/A,OpenSky Network
2026-09-28 16:14:27,TNU5108,TransNusa,8a09f8,Indonesia,N/A,-7.0497,111.555,10058.4,33000.0,10782.3,35375.0,799.1,431.5,0.0,0.0,102.04,Cruising,0,0,0,1790586745,1790586745,N/A,OpenSky Network
2026-09-28 16:14:27,AWQ819,Indonesia AirAsia,8a017c,Indonesia,N/A,-6.5979,111.1463,10965.18,35975.0,0.0,0.0,880.5,475.4,0.0,0.0,283.13,Cruising,0,0,0,1790586653,1790586653,N/A,OpenSky Network
2026-09-28 16:21:32,BTK7041,Batik Air,8a0a1f,Indonesia,N/A,-7.4802,110.7915,2392.68,7850.0,2613.66,8575.0,524.8,283.4,-12.35,-2431.1,164.44,Descending (Landing/Approach),0,0,0,1790587261,1790587261,N/A,OpenSky Network
2026-09-28 16:28:29,CTV688,Citilink,8a03aa,Indonesia,N/A,-6.9861,111.0224,11277.6,37000.0,12062.46,39575.0,805.7,435.1,0.0,0.0,90.92,Cruising,0,0,0,1790587578,1790587672,N/A,OpenSky Network
2026-09-28 16:28:29,BTK7041,Batik Air,8a0a1f,Indonesia,N/A,-7.4532,110.9416,822.96,2700.0,891.54,2925.0,325.9,176.0,-5.53,-1088.6,246.2,Descending (Landing/Approach),0,0,0,1790587511,1790587515,N/A,OpenSky Network
2026-09-28 16:35:32,CTV688,Citilink,8a03aa,Indonesia,N/A,-7.0638,111.5884,11277.6,37000.0,12054.84,39550.0,815.1,440.1,-0.33,-65.0,112.72,Cruising,0,0,0,1790587864,1790587887,N/A,OpenSky Network
2026-09-28 16:42:29,SJV660,Sriwijaya Air / Super Air Jet,8a094b,Indonesia,N/A,-7.1507,110.7613,7612.38,24975.0,8130.54,26675.0,822.5,444.1,5.85,1151.6,13.94,Climbing (Takeoff),0,0,0,1790588536,1790588536,N/A,OpenSky Network
2026-09-28 16:42:29,N/A,Unknown,8a021d,Indonesia,N/A,-6.8696,111.3524,11391.9,37375.0,12161.52,39900.0,888.3,479.6,-5.2,-1023.6,223.31,Descending (Landing/Approach),0,0,0,1790588533,1790588534,N/A,OpenSky Network
2026-09-28 16:49:27,BTK7311,Batik Air,8a0515,Indonesia,N/A,-7.0816,111.1743,10058.4,33000.0,10782.3,35375.0,839.2,453.1,-0.33,-65.0,94.05,Cruising,0,0,0,1790588911,1790588911,N/A,OpenSky Network
2026-09-28 16:49:27,PAS206,Pelita Air Service,8a0998,Indonesia,N/A,-6.9108,111.0441,8686.8,28500.0,9380.22,30775.0,748.0,403.9,-11.05,-2175.2,86.17,Descending (Landing/Approach),0,0,0,1790588886,1790588886,N/A,OpenSky Network
2026-09-28 16:49:27,GIA255,Garuda Indonesia,8a021d,Indonesia,N/A,-7.5384,110.72,7818.12,25650.0,8366.76,27450.0,791.8,427.5,-12.03,-2368.1,227.65,Descending (Landing/Approach),0,0,0,1790588956,1790588956,N/A,OpenSky Network
2026-09-28 16:56:28,BTK7515,Batik Air,8a063b,Indonesia,N/A,-6.9878,111.1466,7749.54,25425.0,8321.04,27300.0,761.3,411.1,-11.38,-2240.2,90.98,Descending (Landing/Approach),0,0,0,1790589146,1790589146,N/A,OpenSky Network
2026-09-28 16:56:28,BTK7311,Batik Air,8a0515,Indonesia,N/A,-7.1108,111.5835,10066.02,33025.0,10789.92,35400.0,830.4,448.4,0.0,0.0,94.48,Cruising,0,0,0,1790589108,1790589108,N/A,OpenSky Network
2026-09-28 16:56:28,LNI521,Lion Air,8a082d,Indonesia,N/A,-7.0475,110.8399,8496.3,27875.0,9090.66,29825.0,836.0,451.4,-10.73,-2112.2,210.48,Descending (Landing/Approach),0,0,0,1790589285,1790589290,N/A,OpenSky Network
2026-09-28 16:56:28,PAS104,Pelita Air Service,8a0914,Indonesia,N/A,-6.9836,110.8819,10668.0,35000.0,11399.52,37400.0,805.8,435.1,0.0,0.0,91.05,Cruising,0,0,0,1790589339,1790589340,N/A,OpenSky Network
2026-09-28 17:00:45,PAS104,Pelita Air Service,8a0914,Indonesia,N/A,-6.9857,111.0019,10668,35000.0,11399.52,37400.0,805.8,435.1,0,0.0,91.05,Cruising,0,0,0,1790589398,1790589399,N/A,OpenSky Network
2026-09-28 17:07:26,SJV120,Sriwijaya Air / Super Air Jet,8a08b7,Indonesia,N/A,-7.0951,111.0209,10904.22,35775.0,11689.08,38350.0,898.1,484.9,-7.15,-1407.5,249.1,Descending (Landing/Approach),0,0,0,1790590028,1790590028,N/A,OpenSky Network
2026-09-28 17:14:26,GIA414,Garuda Indonesia,8a040a,Indonesia,N/A,-6.9879,111.1225,10668.0,35000.0,11407.14,37425.0,796.5,430.1,0.33,65.0,90.93,Cruising,0,0,0,1790590179,1790590195,N/A,OpenSky Network
2026-09-28 17:14:26,BTK6578,Batik Air,8a099f,Indonesia,N/A,-6.9411,111.1345,8602.98,28225.0,9243.06,30325.0,770.1,415.8,-11.38,-2240.2,100.39,Descending (Landing/Approach),0,0,0,1790590455,1790590455,N/A,OpenSky Network
2026-09-28 17:21:28,TGW228,Scoot,76b86b,Singapore,N/A,-7.5394,110.7183,6720.84,22050.0,7231.38,23725.0,699.0,377.4,-17.56,-3456.7,217.36,Descending (Landing/Approach),0,0,0,1790590887,1790590887,N/A,OpenSky Network
2026-09-28 17:21:28,CTV174,Citilink,8a074d,Indonesia,N/A,-7.0046,110.8948,9928.86,32575.0,10645.14,34925.0,824.5,445.2,-10.4,-2047.2,101.66,Descending (Landing/Approach),0,0,0,1790590886,1790590887,N/A,OpenSky Network
2026-09-28 17:29:53,TNU5165,TransNusa,8a095b,Indonesia,N/A,-6.9814,110.7556,11887.2,39000.0,12694.92,41650.0,794.6,429.1,0.0,0.0,91.07,Cruising,0,0,0,1790591369,1790591385,N/A,OpenSky Network
2026-09-28 17:29:53,GIA320,Garuda Indonesia,8a0289,Indonesia,N/A,-6.9889,111.1889,7924.8,26000.0,8633.46,28325.0,746.4,403.0,-9.75,-1919.3,90.85,Descending (Landing/Approach),0,0,0,1790591122,1790591126,N/A,OpenSky Network
2026-09-28 17:36:05,TNU5165,TransNusa,8a095b,Indonesia,N/A,-6.986,111.0188,11894.82,39025.0,12710.16,41700.0,802.0,433.0,0.0,0.0,90.93,Cruising,0,0,0,1790591500,1790591500,N/A,OpenSky Network
2026-09-28 17:36:05,SJV768,Sriwijaya Air / Super Air Jet,8a0951,Indonesia,N/A,-7.0698,111.1532,11277.6,37000.0,12077.7,39625.0,798.7,431.3,-0.33,-65.0,97.06,Cruising,0,0,0,1790591757,1790591757,N/A,OpenSky Network
2026-09-28 17:50:02,CTV662,Citilink,8a03b2,Indonesia,N/A,-6.9892,111.2024,10675.62,35025.0,11399.52,37400.0,794.6,429.1,0.0,0.0,91.07,Cruising,0,0,0,1790592384,1790592384,N/A,OpenSky Network
2026-09-28 17:50:02,BTK6576,Batik Air,8a093c,Indonesia,N/A,-6.9806,110.721,9723.12,31900.0,10568.94,34675.0,811.3,438.1,-5.2,-1023.6,91.05,Descending (Landing/Approach),0,0,0,1790592599,1790592599,N/A,OpenSky Network
2026-09-28 17:56:30,BTK6576,Batik Air,8a093c,Indonesia,N/A,-6.9885,111.1922,7551.42,24775.0,8100.06,26575.0,746.5,403.1,-10.4,-2047.2,91.0,Descending (Landing/Approach),0,0,0,1790592842,1790592843,N/A,OpenSky Network
2026-09-28 17:56:30,N/A,Unknown,8a021e,Indonesia,N/A,-6.9884,111.1616,10668.0,35000.0,0.0,0.0,809.4,437.1,0.0,0.0,90.92,Cruising,0,0,0,1790592738,1790592738,N/A,OpenSky Network
2026-09-28 18:00:47,N/A,Unknown,8a05c4,Indonesia,N/A,-6.5922,111.1221,9441.18,30975.0,0,0.0,900.1,486.0,4.55,895.7,269.53,Climbing (Takeoff),0,0,0,1790593087,1790593087,N/A,OpenSky Network
2026-09-28 18:07:28,PAS210,Pelita Air Service,8a09bb,Indonesia,N/A,-6.9877,111.141,8031.48,26350.0,8641.08,28350.0,740.9,400.0,-10.73,-2112.2,90.86,Descending (Landing/Approach),0,0,0,1790593481,1790593481,N/A,OpenSky Network
2026-09-28 18:14:30,NONE,N/A,N/A,N/A,N/A,-8.7482,115.1672,0,0,0,0,0,0,0,0,0,No Flights,0,0,0,0,0,N/A,OpenSky Network
2026-09-28 18:21:29,SJV778,Sriwijaya Air / Super Air Jet,8a08b8,Indonesia,N/A,-7.2531,110.9025,7688.58,25225.0,8237.22,27025.0,816.7,441.0,6.83,1344.5,63.03,Climbing (Takeoff),0,0,0,1790594487,1790594487,N/A,OpenSky Network
2026-09-28 18:28:24,SJV778,Sriwijaya Air / Super Air Jet,8a08b8,Indonesia,N/A,-7.0215,111.603,10058.4,33000.0,10789.92,35400.0,789.8,426.5,-0.33,-65.0,99.18,Cruising,0,0,0,1790594859,1790594859,N/A,OpenSky Network
2026-09-28 18:28:24,AWQ818,Indonesia AirAsia,8a017c,Indonesia,N/A,-6.975,111.1437,10660.38,34975.0,11391.9,37375.0,790.5,426.8,0.0,0.0,93.63,Cruising,0,0,0,1790594832,1790594836,N/A,OpenSky Network
2026-09-28 18:35:33,SJY712,Sriwijaya Air,8a0365,Indonesia,N/A,-7.304,110.8721,7856.22,25775.0,8427.72,27650.0,818.5,442.0,-12.35,-2431.1,211.21,Descending (Landing/Approach),0,0,0,1790595268,1790595268,N/A,OpenSky Network
2026-09-28 18:35:33,N/A,Unknown,8a063b,Indonesia,N/A,-6.5404,111.2102,9105.9,29875.0,9776.46,32075.0,902.6,487.4,6.5,1279.5,281.84,Climbing (Takeoff),0,0,0,1790595091,1790595093,N/A,OpenSky Network
2026-09-28 18:35:33,AWQ818,Indonesia AirAsia,8a017c,Indonesia,N/A,-7.0812,111.6312,10675.62,35025.0,11407.14,37425.0,810.3,437.5,-0.33,-65.0,112.58,Cruising,0,0,0,1790595083,1790595084,N/A,OpenSky Network
2026-09-28 18:35:33,N/A,Unknown,8a0a9e,Indonesia,N/A,-6.6877,111.4074,10812.78,35475.0,11551.92,37900.0,881.6,476.0,4.88,960.6,282.37,Climbing (Takeoff),0,0,0,1790595313,1790595314,N/A,OpenSky Network
2026-09-28 18:42:29,LNI3983,Lion Air,8a02ea,Indonesia,N/A,-7.0117,110.9928,9639.3,31625.0,10355.58,33975.0,793.6,428.5,-5.53,-1088.6,98.32,Descending (Landing/Approach),0,0,0,1790595744,1790595744,N/A,OpenSky Network
2026-09-28 18:42:29,SJV121,Sriwijaya Air / Super Air Jet,8a08b7,Indonesia,N/A,-7.0161,110.8429,8084.82,26525.0,8618.22,28275.0,805.2,434.8,5.53,1088.6,30.4,Climbing (Takeoff),0,0,0,1790595740,1790595740,N/A,OpenSky Network
2026-09-28 18:42:29,GIA313,Garuda Indonesia,8a0a9e,Indonesia,N/A,-6.5567,111.1382,10972.8,36000.0,11727.18,38475.0,842.0,454.7,0.0,0.0,307.85,Cruising,0,0,0,1790595456,1790595457,N/A,OpenSky Network
2026-09-28 18:49:28,SJV121,Sriwijaya Air / Super Air Jet,8a08b7,Indonesia,N/A,-7.0628,111.587,10599.42,34775.0,11361.42,37275.0,821.0,443.3,4.88,960.6,112.69,Climbing (Takeoff),0,0,0,1790596153,1790596154,N/A,OpenSky Network
2026-09-28 18:56:28,NONE,N/A,N/A,N/A,N/A,-8.7482,115.1672,0,0,0,0,0,0,0,0,0,No Flights,0,0,0,0,0,N/A,OpenSky Network
2026-09-28 19:00:48,NONE,N/A,N/A,N/A,N/A,-8.7482,115.1672,0,0,0,0,0,0,0,0,0,No Flights,0,0,0,0,0,N/A,OpenSky Network
2026-09-28 19:07:27,BTK7368,Batik Air,8a0638,Indonesia,N/A,-7.4801,110.9197,716.28,2350.0,792.48,2600.0,284.3,153.5,-2.28,-448.8,256.05,Descending (Landing/Approach),0,0,0,1790597229,1790597229,N/A,OpenSky Network
2026-09-28 19:14:27,CTV785,Citilink,8a0376,Indonesia,N/A,-7.3385,110.7972,9867.9,32375.0,10599.42,34775.0,749.7,404.8,-12.03,-2368.1,196.06,Descending (Landing/Approach),0,0,0,1790597654,1790597655,N/A,OpenSky Network
2026-09-28 19:14:27,N/A,Unknown,8a074d,Indonesia,N/A,-6.443,111.2329,10645.14,34925.0,11399.52,37400.0,879.8,475.1,4.88,960.6,299.37,Climbing (Takeoff),0,0,0,1790597518,1790597519,N/A,OpenSky Network
2026-09-28 19:14:27,SJY272,Sriwijaya Air,8a0a11,Indonesia,N/A,-6.9861,111.0239,10675.62,35025.0,11414.76,37450.0,789.0,426.0,0.0,0.0,90.81,Cruising,0,0,0,1790597629,1790597629,N/A,OpenSky Network
2026-09-28 19:21:26,LNI665,Lion Air,8a0574,Indonesia,N/A,-7.5584,110.7528,8267.7,27125.0,8877.3,29125.0,817.9,441.6,-9.1,-1791.3,212.61,Descending (Landing/Approach),0,0,0,1790598076,1790598076,N/A,OpenSky Network
2026-09-28 19:21:26,SJV320,Sriwijaya Air / Super Air Jet,8a094a,Indonesia,N/A,-7.004,111.1884,7620.0,25000.0,8183.88,26850.0,738.9,399.0,-9.75,-1919.3,104.07,Descending (Landing/Approach),0,0,0,1790598063,1790598065,N/A,OpenSky Network
2026-09-28 19:21:26,SJY272,Sriwijaya Air,8a0a11,Indonesia,N/A,-7.0734,111.6123,10675.62,35025.0,11414.76,37450.0,813.7,439.4,0.0,0.0,112.48,Cruising,0,0,0,1790597930,1790597932,N/A,OpenSky Network
2026-09-28 19:28:29,SJV664,Sriwijaya Air / Super Air Jet,8a0974,Indonesia,N/A,-6.8502,111.1225,8976.36,29450.0,9639.3,31625.0,776.8,419.5,4.88,960.6,49.93,Climbing (Takeoff),0,0,0,1790598500,1790598501,N/A,OpenSky Network
2026-09-28 19:28:29,GIA426,Garuda Indonesia,8a0a43,Indonesia,N/A,-6.9862,111.0234,10668.0,35000.0,11414.76,37450.0,785.3,424.0,-0.33,-65.0,90.95,Cruising,0,0,0,1790598489,1790598489,N/A,OpenSky Network
2026-09-28 19:35:30,GIA426,Garuda Indonesia,8a0a43,Indonesia,N/A,-7.0646,111.5904,10668,35000.0,11414.76,37450.0,799.3,431.6,0,0.0,112.76,Cruising,0,0,0,1790598781,1790598787,N/A,OpenSky Network
2026-09-28 19:42:33,NONE,N/A,N/A,N/A,N/A,-8.7482,115.1672,0,0,0,0,0,0,0,0,0,No Flights,0,0,0,0,0,N/A,OpenSky Network
2026-09-28 19:49:27,SJV661,Sriwijaya Air / Super Air Jet,8a094b,Indonesia,N/A,-7.2384,110.7418,9890.76,32450.0,10637.52,34900.0,868.6,469.0,-13.33,-2624.0,167.56,Descending (Landing/Approach),0,0,0,1790599755,1790599755,N/A,OpenSky Network
2026-09-28 19:56:28,NONE,N/A,N/A,N/A,N/A,-8.7482,115.1672,0,0,0,0,0,0,0,0,0,No Flights,0,0,0,0,0,N/A,OpenSky Network
2026-09-28 20:00:47,NONE,N/A,N/A,N/A,N/A,-8.7482,115.1672,0,0,0,0,0,0,0,0,0,No Flights,0,0,0,0,0,N/A,OpenSky Network
2026-09-28 20:07:30,NONE,N/A,N/A,N/A,N/A,-8.7482,115.1672,0,0,0,0,0,0,0,0,0,No Flights,0,0,0,0,0,N/A,OpenSky Network
2026-09-28 20:14:27,SJY713,Sriwijaya Air,8a0365,Indonesia,N/A,-7.3141,110.9189,7277.1,23875.0,7642.86,25075.0,717.1,387.2,9.75,1919.3,40.6,Climbing (Takeoff),0,0,0,1790601223,1790601223,N/A,OpenSky Network
2026-09-28 20:21:26,CTV172,Citilink,8a05c4,Indonesia,N/A,-6.985,110.9604,9121.14,29925.0,9822.18,32225.0,787.2,425.1,-11.7,-2303.1,91.08,Descending (Landing/Approach),0,0,0,1790601669,1790601669,N/A,OpenSky Network
2026-09-28 20:28:30,NONE,N/A,N/A,N/A,N/A,-8.7482,115.1672,0,0,0,0,0,0,0,0,0,No Flights,0,0,0,0,0,N/A,OpenSky Network
2026-09-28 20:36:07,CTV726,Citilink,8a0374,Indonesia,N/A,-7.0017,111.1742,7642.86,25075.0,8221.98,26975.0,733.7,396.2,-11.05,-2175.2,100.91,Descending (Landing/Approach),0,0,0,1790602565,1790602565,N/A,OpenSky Network
2026-09-28 20:36:07,TNU5166,TransNusa,8a095b,Indonesia,N/A,-6.3827,111.2525,11590.02,38025.0,12412.98,40725.0,873.1,471.4,0.0,0.0,295.64,Cruising,0,0,0,1790602550,1790602550,N/A,OpenSky Network
2026-09-28 20:42:28,NONE,N/A,N/A,N/A,N/A,-8.7482,115.1672,0,0,0,0,0,0,0,0,0,No Flights,0,0,0,0,0,N/A,OpenSky Network
2026-09-28 20:49:29,GIA424,Garuda Indonesia,8a03c9,Indonesia,N/A,-6.9861,111.0227,10668,35000.0,11430,37500.0,778.0,420.1,0,0.0,90.95,Cruising,0,0,0,1790603331,1790603341,N/A,OpenSky Network
2026-09-28 20:56:28,GIA424,Garuda Indonesia,8a03c9,Indonesia,N/A,-7.0759,111.6177,10668.0,35000.0,11422.38,37475.0,802.8,433.5,0.0,0.0,112.66,Cruising,0,0,0,1790603640,1790603642,N/A,OpenSky Network
2026-09-28 20:56:28,LNI664,Lion Air,8a0574,Indonesia,N/A,-7.31,110.7088,6583.68,21600.0,7048.5,23125.0,786.5,424.7,6.18,1216.5,21.55,Climbing (Takeoff),0,0,0,1790603778,1790603779,N/A,OpenSky Network
2026-09-28 20:56:28,TNU5109,TransNusa,8a0ac8,Indonesia,N/A,-6.4526,111.1973,10972.8,36000.0,11757.66,38575.0,865.5,467.3,0.0,0.0,300.9,Cruising,0,0,0,1790603641,1790603641,N/A,OpenSky Network
2026-09-28 21:00:52,BTK7521,Batik Air,8a063b,Indonesia,N/A,-6.9881,111.1569,8366.76,27450.0,9014.46,29575.0,779.8,421.1,-12.03,-2368.1,90.95,Descending (Landing/Approach),0,0,0,1790603931,1790603931,N/A,OpenSky Network
2026-09-28 21:00:52,LNI664,Lion Air,8a0574,Indonesia,N/A,-7.008,110.9832,7985.76,26200.0,8534.4,28000.0,840.4,453.8,8.78,1728.3,71.76,Climbing (Takeoff),0,0,0,1790603996,1790603996,N/A,OpenSky Network
2026-09-28 21:07:40,BTK6588,Batik Air,8a0634,Indonesia,N/A,-6.9885,111.1926,7940.04,26050.0,8549.64,28050.0,746.4,403.0,-11.05,-2175.2,90.85,Descending (Landing/Approach),0,0,0,1790604336,1790604338,N/A,OpenSky Network
2026-09-28 21:07:40,LNI664,Lion Air,8a0574,Indonesia,N/A,-6.8974,111.315,9250.68,30350.0,9677.4,31750.0,806.4,435.4,4.55,895.7,71.52,Climbing (Takeoff),0,0,0,1790604166,1790604166,N/A,OpenSky Network
2026-09-28 21:14:48,GIA324,Garuda Indonesia,8a0240,Indonesia,N/A,-6.989,111.1955,7741.92,25400.0,8587.74,28175.0,692.7,374.1,-10.4,-2047.2,90.92,Descending (Landing/Approach),0,0,0,1790604686,1790604686,N/A,OpenSky Network
2026-09-28 21:21:31,NONE,N/A,N/A,N/A,N/A,-8.7482,115.1672,0,0,0,0,0,0,0,0,0,No Flights,0,0,0,0,0,N/A,OpenSky Network
2026-09-28 21:28:34,NONE,N/A,N/A,N/A,N/A,-8.7482,115.1672,0,0,0,0,0,0,0,0,0,No Flights,0,0,0,0,0,N/A,OpenSky Network
2026-09-28 21:36:10,NONE,N/A,N/A,N/A,N/A,-8.7482,115.1672,0,0,0,0,0,0,0,0,0,No Flights,0,0,0,0,0,N/A,OpenSky Network
2026-09-28 21:42:43,NONE,N/A,N/A,N/A,N/A,-8.7482,115.1672,0,0,0,0,0,0,0,0,0,No Flights,0,0,0,0,0,N/A,OpenSky Network
2026-09-28 21:49:26,NONE,N/A,N/A,N/A,N/A,-8.7482,115.1672,0,0,0,0,0,0,0,0,0,No Flights,0,0,0,0,0,N/A,OpenSky Network
2026-09-28 21:56:31,NONE,N/A,N/A,N/A,N/A,-8.7482,115.1672,0,0,0,0,0,0,0,0,0,No Flights,0,0,0,0,0,N/A,OpenSky Network
2026-09-28 22:00:48,NONE,N/A,N/A,N/A,N/A,-8.7482,115.1672,0,0,0,0,0,0,0,0,0,No Flights,0,0,0,0,0,N/A,OpenSky Network
2026-09-28 22:07:24,NONE,N/A,N/A,N/A,N/A,-8.7482,115.1672,0,0,0,0,0,0,0,0,0,No Flights,0,0,0,0,0,N/A,OpenSky Network
2026-09-28 22:14:29,NONE,N/A,N/A,N/A,N/A,-8.7482,115.1672,0,0,0,0,0,0,0,0,0,No Flights,0,0,0,0,0,N/A,OpenSky Network
2026-09-28 22:21:29,SJY273,Sriwijaya Air,8a0a11,Indonesia,N/A,-6.6904,111.0519,10363.2,34000.0,11087.1,36375.0,893.7,482.6,0,0.0,285.51,Cruising,0,0,0,1790608833,1790608844,N/A,OpenSky Network
2026-09-28 22:28:28,NONE,N/A,N/A,N/A,N/A,-8.7482,115.1672,0,0,0,0,0,0,0,0,0,No Flights,0,0,0,0,0,N/A,OpenSky Network
2026-09-28 22:35:33,LNI012,Lion Air,8a03e2,Indonesia,N/A,-6.9894,111.212,10668,35000.0,11414.76,37450.0,772.4,417.1,0,0.0,90.82,Cruising,0,0,0,1790609675,1790609678,N/A,OpenSky Network
2026-09-28 22:42:31,LNI012,Lion Air,8a03e2,Indonesia,N/A,-7.0718,111.6076,10668,35000.0,11414.76,37450.0,791.8,427.5,0,0.0,112.85,Cruising,0,0,0,1790609884,1790609889,N/A,OpenSky Network
2026-09-28 22:49:28,CTV728,Citilink,8a0301,Indonesia,N/A,-6.9874,111.1107,8442.96,27700.0,9075.42,29775.0,748.3,404.1,-11.7,-2303.1,90.99,Descending (Landing/Approach),0,0,0,1790610552,1790610552,N/A,OpenSky Network
2026-09-28 22:56:32,NONE,N/A,N/A,N/A,N/A,-8.7482,115.1672,0,0,0,0,0,0,0,0,0,No Flights,0,0,0,0,0,N/A,OpenSky Network
2026-09-28 23:00:51,NONE,N/A,N/A,N/A,N/A,-8.7482,115.1672,0,0,0,0,0,0,0,0,0,No Flights,0,0,0,0,0,N/A,OpenSky Network
2026-09-28 23:08:03,GIA652,Garuda Indonesia,8a040a,Indonesia,N/A,-6.986,111.0153,10668,35000.0,11414.76,37450.0,776.1,419.1,0,0.0,90.96,Cruising,0,0,0,1790611676,1790611676,N/A,OpenSky Network
2026-09-28 23:14:37,GIA652,Garuda Indonesia,8a040a,Indonesia,N/A,-6.9889,111.191,10668,35000.0,11414.76,37450.0,774.3,418.1,0,0.0,90.96,Cruising,0,0,0,1790611767,1790611767,N/A,OpenSky Network
2026-09-28 23:21:29,NONE,N/A,N/A,N/A,N/A,-8.7482,115.1672,0,0,0,0,0,0,0,0,0,No Flights,0,0,0,0,0,N/A,OpenSky Network
2026-09-28 23:28:43,TNU5110,TransNusa,8a0ac8,Indonesia,N/A,-6.9385,111.0674,11277.6,37000.0,12070.08,39600.0,775.8,418.9,0,0.0,98.79,Cruising,0,0,0,1790612891,1790612900,N/A,OpenSky Network
2026-09-28 23:35:34,TNU5110,TransNusa,8a0ac8,Indonesia,N/A,-7.1042,111.5256,11277.6,37000.0,12070.08,39600.0,791.7,427.5,0,0.0,111.4,Cruising,0,0,0,1790613138,1790613142,N/A,OpenSky Network
2026-09-28 23:42:31,NONE,N/A,N/A,N/A,N/A,-8.7482,115.1672,0,0,0,0,0,0,0,0,0,No Flights,0,0,0,0,0,N/A,OpenSky Network
2026-09-28 23:49:24,NONE,N/A,N/A,N/A,N/A,-8.7482,115.1672,0,0,0,0,0,0,0,0,0,No Flights,0,0,0,0,0,N/A,OpenSky Network
2026-09-28 23:56:25,NONE,N/A,N/A,N/A,N/A,-8.7482,115.1672,0,0,0,0,0,0,0,0,0,No Flights,0,0,0,0,0,N/A,OpenSky Network
2026-09-29 00:00:48,NONE,N/A,N/A,N/A,N/A,-8.7482,115.1672,0,0,0,0,0,0,0,0,0,No Flights,0,0,0,0,0,N/A,OpenSky Network
2026-09-29 00:07:29,NONE,N/A,N/A,N/A,N/A,-8.7482,115.1672,0,0,0,0,0,0,0,0,0,No Flights,0,0,0,0,0,N/A,OpenSky Network
2026-09-29 00:14:28,NONE,N/A,N/A,N/A,N/A,-8.7482,115.1672,0,0,0,0,0,0,0,0,0,No Flights,0,0,0,0,0,N/A,OpenSky Network
2026-09-29 00:21:35,NONE,N/A,N/A,N/A,N/A,-8.7482,115.1672,0,0,0,0,0,0,0,0,0,No Flights,0,0,0,0,0,N/A,OpenSky Network
2026-09-29 00:28:32,NONE,N/A,N/A,N/A,N/A,-8.7482,115.1672,0,0,0,0,0,0,0,0,0,No Flights,0,0,0,0,0,N/A,OpenSky Network
2026-09-29 00:35:37,NONE,N/A,N/A,N/A,N/A,-8.7482,115.1672,0,0,0,0,0,0,0,0,0,No Flights,0,0,0,0,0,N/A,OpenSky Network
2026-09-29 00:42:30,NONE,N/A,N/A,N/A,N/A,-8.7482,115.1672,0,0,0,0,0,0,0,0,0,No Flights,0,0,0,0,0,N/A,OpenSky Network
2026-09-29 00:49:32,NONE,N/A,N/A,N/A,N/A,-8.7482,115.1672,0,0,0,0,0,0,0,0,0,No Flights,0,0,0,0,0,N/A,OpenSky Network
2026-09-29 00:56:30,NONE,N/A,N/A,N/A,N/A,-8.7482,115.1672,0,0,0,0,0,0,0,0,0,No Flights,0,0,0,0,0,N/A,OpenSky Network
2026-09-29 01:00:50,NONE,N/A,N/A,N/A,N/A,-8.7482,115.1672,0,0,0,0,0,0,0,0,0,No Flights,0,0,0,0,0,N/A,OpenSky Network
2026-09-29 01:07:30,NONE,N/A,N/A,N/A,N/A,-8.7482,115.1672,0,0,0,0,0,0,0,0,0,No Flights,0,0,0,0,0,N/A,OpenSky Network
2026-09-29 01:14:29,NONE,N/A,N/A,N/A,N/A,-8.7482,115.1672,0,0,0,0,0,0,0,0,0,No Flights,0,0,0,0,0,N/A,OpenSky Network
2026-09-29 01:21:48,NONE,N/A,N/A,N/A,N/A,-8.7482,115.1672,0,0,0,0,0,0,0,0,0,No Flights,0,0,0,0,0,N/A,OpenSky Network
2026-09-29 01:28:28,NONE,N/A,N/A,N/A,N/A,-8.7482,115.1672,0,0,0,0,0,0,0,0,0,No Flights,0,0,0,0,0,N/A,OpenSky Network
2026-09-29 01:35:32,NONE,N/A,N/A,N/A,N/A,-8.7482,115.1672,0,0,0,0,0,0,0,0,0,No Flights,0,0,0,0,0,N/A,OpenSky Network
2026-09-29 01:42:35,NONE,N/A,N/A,N/A,N/A,-8.7482,115.1672,0,0,0,0,0,0,0,0,0,No Flights,0,0,0,0,0,N/A,OpenSky Network
2026-09-29 01:49:27,NONE,N/A,N/A,N/A,N/A,-8.7482,115.1672,0,0,0,0,0,0,0,0,0,No Flights,0,0,0,0,0,N/A,OpenSky Network
2026-09-29 01:56:32,NONE,N/A,N/A,N/A,N/A,-8.7482,115.1672,0,0,0,0,0,0,0,0,0,No Flights,0,0,0,0,0,N/A,OpenSky Network
2026-09-29 02:00:46,NONE,N/A,N/A,N/A,N/A,-8.7482,115.1672,0,0,0,0,0,0,0,0,0,No Flights,0,0,0,0,0,N/A,OpenSky Network
2026-09-29 02:07:28,NONE,N/A,N/A,N/A,N/A,-8.7482,115.1672,0,0,0,0,0,0,0,0,0,No Flights,0,0,0,0,0,N/A,OpenSky Network
2026-09-29 02:14:30,NONE,N/A,N/A,N/A,N/A,-8.7482,115.1672,0,0,0,0,0,0,0,0,0,No Flights,0,0,0,0,0,N/A,OpenSky Network
2026-09-29 02:21:31,NONE,N/A,N/A,N/A,N/A,-8.7482,115.1672,0,0,0,0,0,0,0,0,0,No Flights,0,0,0,0,0,N/A,OpenSky Network
2026-09-29 02:29:08,NONE,N/A,N/A,N/A,N/A,-8.7482,115.1672,0,0,0,0,0,0,0,0,0,No Flights,0,0,0,0,0,N/A,OpenSky Network
2026-09-29 02:35:46,NONE,N/A,N/A,N/A,N/A,-8.7482,115.1672,0,0,0,0,0,0,0,0,0,No Flights,0,0,0,0,0,N/A,OpenSky Network
2026-09-29 02:42:31,NONE,N/A,N/A,N/A,N/A,-8.7482,115.1672,0,0,0,0,0,0,0,0,0,No Flights,0,0,0,0,0,N/A,OpenSky Network
2026-09-29 02:49:27,BTK6540,Batik Air,8a091b,Indonesia,N/A,-6.9827,110.819,10668,35000.0,11391.9,37375.0,716.8,387.0,-0.33,-65.0,90.89,Cruising,0,0,0,1790624955,1790624955,N/A,OpenSky Network
2026-09-29 02:56:35,BTK6540,Batik Air,8a091b,Indonesia,N/A,-7.0161,111.5686,10668,35000.0,11369.04,37300.0,717.1,387.2,-0.33,-65.0,98.46,Cruising,0,0,0,1790625372,1790625372,N/A,OpenSky Network
2026-09-29 03:00:49,BTK6540,Batik Air,8a091b,Indonesia,N/A,-7.0285,111.6473,10668,35000.0,11376.66,37325.0,719.8,388.7,0.33,65.0,98.88,Cruising,0,0,0,1790625416,1790625416,N/A,OpenSky Network
2026-09-29 03:07:28,NONE,N/A,N/A,N/A,N/A,-8.7482,115.1672,0,0,0,0,0,0,0,0,0,No Flights,0,0,0,0,0,N/A,OpenSky Network
2026-09-29 03:14:31,NONE,N/A,N/A,N/A,N/A,-8.7482,115.1672,0,0,0,0,0,0,0,0,0,No Flights,0,0,0,0,0,N/A,OpenSky Network
2026-09-29 03:21:29,NONE,N/A,N/A,N/A,N/A,-8.7482,115.1672,0,0,0,0,0,0,0,0,0,No Flights,0,0,0,0,0,N/A,OpenSky Network
2026-09-29 03:28:29,NONE,N/A,N/A,N/A,N/A,-8.7482,115.1672,0,0,0,0,0,0,0,0,0,No Flights,0,0,0,0,0,N/A,OpenSky Network
2026-09-29 03:35:32,NONE,N/A,N/A,N/A,N/A,-8.7482,115.1672,0,0,0,0,0,0,0,0,0,No Flights,0,0,0,0,0,N/A,OpenSky Network
2026-09-29 03:42:30,NONE,N/A,N/A,N/A,N/A,-8.7482,115.1672,0,0,0,0,0,0,0,0,0,No Flights,0,0,0,0,0,N/A,OpenSky Network
2026-09-29 03:49:35,NONE,N/A,N/A,N/A,N/A,-8.7482,115.1672,0,0,0,0,0,0,0,0,0,No Flights,0,0,0,0,0,N/A,OpenSky Network
2026-09-29 03:56:38,NONE,N/A,N/A,N/A,N/A,-8.7482,115.1672,0,0,0,0,0,0,0,0,0,No Flights,0,0,0,0,0,N/A,OpenSky Network
2026-09-29 04:00:46,NONE,N/A,N/A,N/A,N/A,-8.7482,115.1672,0,0,0,0,0,0,0,0,0,No Flights,0,0,0,0,0,N/A,OpenSky Network
2026-09-29 04:07:26,NONE,N/A,N/A,N/A,N/A,-8.7482,115.1672,0,0,0,0,0,0,0,0,0,No Flights,0,0,0,0,0,N/A,OpenSky Network
2026-09-29 04:14:28,NONE,N/A,N/A,N/A,N/A,-8.7482,115.1672,0,0,0,0,0,0,0,0,0,No Flights,0,0,0,0,0,N/A,OpenSky Network
2026-09-29 04:21:31,NONE,N/A,N/A,N/A,N/A,-8.7482,115.1672,0,0,0,0,0,0,0,0,0,No Flights,0,0,0,0,0,N/A,OpenSky Network
2026-09-29 04:28:31,NONE,N/A,N/A,N/A,N/A,-8.7482,115.1672,0,0,0,0,0,0,0,0,0,No Flights,0,0,0,0,0,N/A,OpenSky Network
2026-09-29 04:35:31,LNI690,Lion Air,8a03e2,Indonesia,N/A,-6.9896,111.2253,8366.76,27450.0,9159.24,30050.0,692.8,374.1,-9.1,-1791.3,91.07,Descending (Landing/Approach),0,0,0,1790631244,1790631244,N/A,OpenSky Network
2026-09-29 04:42:25,NONE,N/A,N/A,N/A,N/A,-8.7482,115.1672,0,0,0,0,0,0,0,0,0,No Flights,0,0,0,0,0,N/A,OpenSky Network
2026-09-29 04:49:32,NONE,N/A,N/A,N/A,N/A,-8.7482,115.1672,0,0,0,0,0,0,0,0,0,No Flights,0,0,0,0,0,N/A,OpenSky Network
2026-09-29 04:56:28,NONE,N/A,N/A,N/A,N/A,-8.7482,115.1672,0,0,0,0,0,0,0,0,0,No Flights,0,0,0,0,0,N/A,OpenSky Network
2026-09-29 05:00:43,NONE,N/A,N/A,N/A,N/A,-8.7482,115.1672,0,0,0,0,0,0,0,0,0,No Flights,0,0,0,0,0,N/A,OpenSky Network
2026-09-29 05:07:29,NONE,N/A,N/A,N/A,N/A,-8.7482,115.1672,0,0,0,0,0,0,0,0,0,No Flights,0,0,0,0,0,N/A,OpenSky Network
2026-09-29 05:14:30,NONE,N/A,N/A,N/A,N/A,-8.7482,115.1672,0,0,0,0,0,0,0,0,0,No Flights,0,0,0,0,0,N/A,OpenSky Network
2026-09-29 05:21:42,LNI656,Lion Air,8a01ad,Indonesia,N/A,-6.9813,110.7506,10668,35000.0,11369.04,37300.0,802.0,433.1,0,0.0,91.06,Cruising,0,0,0,1790634079,1790634079,N/A,OpenSky Network
2026-09-29 05:28:32,LNI656,Lion Air,8a01ad,Indonesia,N/A,-6.9894,111.2188,10668.0,35000.0,11369.04,37300.0,800.2,432.1,0,0.0,90.93,Cruising,0,0,0,1790634311,1790634313,N/A,OpenSky Network
2026-09-29 05:28:32,LNI020,Lion Air,8a097c,Indonesia,N/A,-6.986,111.0131,10058.4,33000.0,10744.2,35250.0,800.2,432.1,0,0.0,91.06,Cruising,0,0,0,1790634498,1790634498,N/A,OpenSky Network
2026-09-29 05:35:30,CTV680,Citilink,8a0509,Indonesia,N/A,-7.0465,111.5475,10675.62,35025.0,11391.9,37375.0,800.6,432.3,0,0.0,100.53,Cruising,0,0,0,1790634883,1790634883,N/A,OpenSky Network
2026-09-29 05:35:30,LNI020,Lion Air,8a097c,Indonesia,N/A,-7.0501,111.5561,10058.4,33000.0,10751.82,35275.0,813.5,439.2,0,0.0,112.77,Cruising,0,0,0,1790634773,1790634794,N/A,OpenSky Network
2026-09-29 05:42:25,PKOFM,Private / Business Jet / General Aviation,8a09fb,Indonesia,N/A,-6.9908,111.2079,8755.38,28725.0,9403.08,30850.0,786.0,424.4,-12.68,-2496.1,96.09,Descending (Landing/Approach),0,0,0,1790635237,1790635237,N/A,OpenSky Network
2026-09-29 05:49:36,NONE,N/A,N/A,N/A,N/A,-8.7482,115.1672,0,0,0,0,0,0,0,0,0,No Flights,0,0,0,0,0,N/A,OpenSky Network
2026-09-29 05:56:31,NONE,N/A,N/A,N/A,N/A,-8.7482,115.1672,0,0,0,0,0,0,0,0,0,No Flights,0,0,0,0,0,N/A,OpenSky Network
2026-09-29 06:00:43,NONE,N/A,N/A,N/A,N/A,-8.7482,115.1672,0,0,0,0,0,0,0,0,0,No Flights,0,0,0,0,0,N/A,OpenSky Network
2026-09-29 06:07:30,BTK7511,Batik Air,8a0515,Indonesia,N/A,-6.9752,110.8724,9921.24,32550.0,10660.38,34975.0,789.4,426.2,-10.4,-2047.2,91.88,Descending (Landing/Approach),0,0,0,1790636839,1790636839,N/A,OpenSky Network
2026-09-29 06:07:30,SJV777,Sriwijaya Air / Super Air Jet,8a0951,Indonesia,N/A,-7.2176,111.125,8290.56,27200.0,8900.16,29200.0,844.0,455.7,-12.68,-2496.1,231.77,Descending (Landing/Approach),0,0,0,1790636838,1790636838,N/A,OpenSky Network
2026-09-29 06:14:28,BTK7511,Batik Air,8a0515,Indonesia,N/A,-7.0117,111.2503,7848.6,25750.0,8496.3,27875.0,749.2,404.6,-11.38,-2240.2,104.31,Descending (Landing/Approach),0,0,0,1790637039,1790637039,N/A,OpenSky Network
2026-09-29 06:14:28,SJV769,Sriwijaya Air / Super Air Jet,8a08b8,Indonesia,N/A,-6.4211,111.2882,10988.04,36050.0,11750.04,38550.0,870.5,470.0,-0.33,-65.0,296.67,Cruising,0,0,0,1790637220,1790637221,N/A,OpenSky Network
2026-09-29 06:21:24,NONE,N/A,N/A,N/A,N/A,-8.7482,115.1672,0,0,0,0,0,0,0,0,0,No Flights,0,0,0,0,0,N/A,OpenSky Network
2026-09-29 06:28:29,NONE,N/A,N/A,N/A,N/A,-8.7482,115.1672,0,0,0,0,0,0,0,0,0,No Flights,0,0,0,0,0,N/A,OpenSky Network
2026-09-29 06:35:35,NONE,N/A,N/A,N/A,N/A,-8.7482,115.1672,0,0,0,0,0,0,0,0,0,No Flights,0,0,0,0,0,N/A,OpenSky Network
2026-09-29 06:42:30,N/A,Unknown,8a03f3,Indonesia,N/A,-6.4519,111.2099,10980.42,36025.0,11719.56,38450.0,889.4,480.2,0,0.0,279.95,Cruising,0,0,0,1790638844,1790638844,N/A,OpenSky Network
2026-09-29 06:49:33,AWQ806,Indonesia AirAsia,8a0419,Indonesia,N/A,-6.989,111.2156,11277.6,37000.0,12031.98,39475.0,776.1,419.0,0.33,65.0,90.82,Cruising,0,0,0,1790639242,1790639242,N/A,OpenSky Network
2026-09-29 06:49:33,LKN280,Lion Air (Alt),8a054f,Indonesia,N/A,-6.9858,111.004,10058.4,33000.0,10774.68,35350.0,744.6,402.0,-0.33,-65.0,90.86,Cruising,0,0,0,1790639325,1790639328,N/A,OpenSky Network
2026-09-29 06:56:33,CTV738,Citilink,8a03aa,Indonesia,N/A,-7.0195,111.1608,7871.46,25825.0,8488.68,27850.0,737.6,398.3,-11.7,-2303.1,103.06,Descending (Landing/Approach),0,0,0,1790639771,1790639771,N/A,OpenSky Network
2026-09-29 06:56:33,SJV665,Sriwijaya Air / Super Air Jet,8a0948,Indonesia,N/A,-6.8796,111.0746,10370.82,34025.0,11163.3,36625.0,921.9,497.8,-15.61,-3072.8,207.13,Descending (Landing/Approach),0,0,0,1790639770,1790639770,N/A,OpenSky Network
2026-09-29 06:56:33,GIA401,Garuda Indonesia,8a0a43,Indonesia,N/A,-6.4779,111.1937,11582.4,38000.0,12352.02,40525.0,820.6,443.1,0.0,0.0,302.18,Cruising,0,0,0,1790639568,1790639568,N/A,OpenSky Network
2026-09-29 07:00:47,CTV738,Citilink,8a03aa,Indonesia,N/A,-7.0224,111.1734,7802.88,25600.0,8412.48,27600.0,735.8,397.3,-11.7,-2303.1,103.09,Descending (Landing/Approach),0,0,0,1790639778,1790639778,N/A,OpenSky Network
2026-09-29 07:00:47,LNI668,Lion Air,8a082b,Indonesia,N/A,-6.6522,111.2041,9753.6,32000.0,10439.4,34250.0,862.4,465.6,0.0,0.0,207.78,Cruising,0,0,0,1790640042,1790640043,N/A,OpenSky Network
2026-09-29 07:00:47,SJV665,Sriwijaya Air / Super Air Jet,8a0948,Indonesia,N/A,-7.4043,110.804,7452.36,24450.0,8008.62,26275.0,787.7,425.3,-10.08,-1984.2,207.29,Descending (Landing/Approach),0,0,0,1790640040,1790640042,N/A,OpenSky Network
2026-09-29 07:07:31,LNI668,Lion Air,8a082b,Indonesia,N/A,-7.4072,110.8121,7498.08,24600.0,8039.1,26375.0,777.5,419.8,-9.1,-1791.3,210.96,Descending (Landing/Approach),0,0,0,1790640447,1790640447,N/A,OpenSky Network
2026-09-29 07:07:31,PAS646,Pelita Air Service,8a0998,Indonesia,N/A,-6.7802,111.0282,10972.8,36000.0,11719.56,38450.0,901.0,486.5,-0.33,-65.0,213.43,Cruising,0,0,0,1790640445,1790640448,N/A,OpenSky Network
2026-09-29 07:14:29,T7MPI,Private / Business Jet / General Aviation,500126,San Marino,N/A,-6.9906,111.3087,11887.2,39000.0,0.0,0.0,796.5,430.1,-0.33,-65.0,91.07,Cruising,0,0,0,1790640857,1790640860,N/A,OpenSky Network
2026-09-29 07:14:29,PAS646,Pelita Air Service,8a0998,Indonesia,N/A,-7.5791,110.672,7589.52,24900.0,8153.4,26750.0,760.9,410.9,-10.4,-2047.2,229.84,Descending (Landing/Approach),0,0,0,1790640860,1790640860,N/A,OpenSky Network
2026-09-29 07:21:26,BTK6375,Batik Air,8a0638,Indonesia,N/A,-7.3738,110.7074,2377.44,7800.0,2552.7,8375.0,530.9,286.7,13.33,2624.0,14.13,Climbing (Takeoff),0,0,0,1790641260,1790641260,N/A,OpenSky Network
2026-09-29 07:21:26,T7MPI,Private / Business Jet / General Aviation,500126,San Marino,N/A,-7.0833,111.6354,11887.2,39000.0,0.0,0.0,823.2,444.5,0.33,65.0,113.05,Cruising,0,0,0,1790641025,1790641025,N/A,OpenSky Network
2026-09-29 07:21:26,SJV127,Sriwijaya Air / Super Air Jet,8a094d,Indonesia,N/A,-7.0924,111.0941,6073.14,19925.0,6423.66,21075.0,774.5,418.2,9.43,1856.3,73.04,Climbing (Takeoff),0,0,0,1790641206,1790641206,N/A,OpenSky Network
2026-09-29 07:28:31,NONE,N/A,N/A,N/A,N/A,-8.7482,115.1672,0,0,0,0,0,0,0,0,0,No Flights,0,0,0,0,0,N/A,OpenSky Network
2026-09-29 07:35:29,GIA304,Garuda Indonesia,8a0ad5,Indonesia,N/A,-6.9803,110.6962,10005.06,32825.0,10767.06,35325.0,791.0,427.1,0,0.0,91.21,Cruising,0,0,0,1790642124,1790642124,N/A,OpenSky Network
2026-09-29 07:42:26,CTV178,Citilink,8a04a5,Indonesia,N/A,-6.9882,111.1584,7901.94,25925.0,8542.02,28025.0,744.6,402.0,-6.18,-1216.5,90.86,Descending (Landing/Approach),0,0,0,1790642489,1790642489,N/A,OpenSky Network
2026-09-29 07:42:26,GIA304,Garuda Indonesia,8a0ad5,Indonesia,N/A,-7.0002,111.2239,8016.24,26300.0,8724.9,28625.0,758.8,409.7,-7.8,-1535.4,101.83,Descending (Landing/Approach),0,0,0,1790642395,1790642395,N/A,OpenSky Network
2026-09-29 07:49:31,NONE,N/A,N/A,N/A,N/A,-8.7482,115.1672,0,0,0,0,0,0,0,0,0,No Flights,0,0,0,0,0,N/A,OpenSky Network
2026-09-29 07:56:28,NONE,N/A,N/A,N/A,N/A,-8.7482,115.1672,0,0,0,0,0,0,0,0,0,No Flights,0,0,0,0,0,N/A,OpenSky Network
2026-09-29 08:00:46,TNU5104,TransNusa,8a095b,Indonesia,N/A,-6.9847,110.9526,10668,35000.0,11422.38,37475.0,748.3,404.1,0,0.0,90.99,Cruising,0,0,0,1790643637,1790643637,N/A,OpenSky Network
2026-09-29 08:07:21,J935G,Other Airline,8a0707,Indonesia,N/A,-7.7332,110.6898,2133.6,7000.0,2308.86,7575.0,311.5,168.2,0.65,128.0,334.65,Cruising,0,0,0,1790644037,1790644037,N/A,OpenSky Network
2026-09-29 08:07:21,TNU5104,TransNusa,8a095b,Indonesia,N/A,-7.0765,111.6195,10668.0,35000.0,11430.0,37500.0,755.3,407.8,0.33,65.0,112.79,Cruising,0,0,0,1790643998,1790643998,N/A,OpenSky Network
2026-09-29 08:14:32,NONE,N/A,N/A,N/A,N/A,-8.7482,115.1672,0,0,0,0,0,0,0,0,0,No Flights,0,0,0,0,0,N/A,OpenSky Network
2026-09-29 08:21:28,NONE,N/A,N/A,N/A,N/A,-8.7482,115.1672,0,0,0,0,0,0,0,0,0,No Flights,0,0,0,0,0,N/A,OpenSky Network
2026-09-29 08:28:28,WGB14,Other Airline,8a02d9,Indonesia,N/A,-7.4553,110.8092,3337.56,10950.0,3581.4,11750.0,432.4,233.5,-3.9,-767.7,353.61,Descending (Landing/Approach),0,0,0,1790645293,1790645293,N/A,OpenSky Network
2026-09-29 08:35:29,WGB14,Other Airline,8a02d9,Indonesia,N/A,-7.2161,110.7777,3360.42,11025.0,3634.74,11925.0,422.9,228.3,1.63,320.9,341.88,Climbing (Takeoff),0,0,0,1790645520,1790645520,N/A,OpenSky Network
2026-09-29 08:35:29,N/A,Unknown,8a03c4,Indonesia,N/A,-6.989,111.1973,10668.0,35000.0,11399.52,37400.0,779.8,421.1,0.33,65.0,90.95,Cruising,0,0,0,1790645467,1790645467,N/A,OpenSky Network
2026-09-29 08:42:24,NONE,N/A,N/A,N/A,N/A,-8.7482,115.1672,0,0,0,0,0,0,0,0,0,No Flights,0,0,0,0,0,N/A,OpenSky Network
2026-09-29 08:49:28,LNI641,Lion Air,8a082a,Indonesia,N/A,-6.7758,111.3807,10355.58,33975.0,11087.1,36375.0,906.1,489.2,0.0,0.0,236.08,Cruising,0,0,0,1790646550,1790646550,N/A,OpenSky Network
2026-09-29 08:49:28,PAS647,Pelita Air Service,8a0998,Indonesia,N/A,-7.3547,110.7489,7208.52,23650.0,7719.06,25325.0,794.6,429.1,4.88,960.6,358.93,Climbing (Takeoff),0,0,0,1790646544,1790646545,N/A,OpenSky Network
2026-09-29 08:49:28,GIA302,Garuda Indonesia,8a0a65,Indonesia,N/A,-6.9852,110.9649,9822.18,32225.0,10515.6,34500.0,748.3,404.1,-4.88,-960.6,90.99,Descending (Landing/Approach),0,0,0,1790646550,1790646550,N/A,OpenSky Network
2026-09-29 08:56:29,LNI641,Lion Air,8a082a,Indonesia,N/A,-7.3993,110.7489,7871.46,25825.0,8473.44,27800.0,805.7,435.0,-6.83,-1344.5,180.79,Descending (Landing/Approach),0,0,0,1790646978,1790646978,N/A,OpenSky Network
2026-09-29 08:56:29,PAS647,Pelita Air Service,8a0998,Indonesia,N/A,-6.7863,111.304,9745.98,31975.0,10431.78,34225.0,784.4,423.5,11.05,2175.2,55.97,Climbing (Takeoff),0,0,0,1790646976,1790646976,N/A,OpenSky Network
2026-09-29 08:56:29,GIA302,Garuda Indonesia,8a0a65,Indonesia,N/A,-6.9894,111.2102,8404.86,27575.0,9037.32,29650.0,752.0,406.1,-11.38,-2240.2,90.99,Descending (Landing/Approach),0,0,0,1790646679,1790646679,N/A,OpenSky Network
2026-09-29 09:00:42,BTK6584,Batik Air,8a0494,Indonesia,N/A,-6.9879,111.1437,8267.7,27125.0,8907.78,29225.0,744.6,402.0,-11.38,-2240.2,90.86,Descending (Landing/Approach),0,0,0,1790647228,1790647228,N/A,OpenSky Network
2026-09-29 09:00:42,TGW248,Scoot,76b861,Singapore,N/A,-7.472,110.7417,9425.94,30925.0,10134.6,33250.0,913.2,493.1,-15.93,-3135.8,194.21,Descending (Landing/Approach),0,0,0,1790647228,1790647228,N/A,OpenSky Network
2026-09-29 09:00:42,PAS647,Pelita Air Service,8a0998,Indonesia,N/A,-6.6444,111.5143,10515.6,34500.0,11178.54,36675.0,768.0,414.7,8.13,1600.4,55.81,Climbing (Takeoff),0,0,0,1790647106,1790647106,N/A,OpenSky Network
2026-09-29 09:07:32,AWQ808,Indonesia AirAsia,8a03f3,Indonesia,N/A,-6.9854,110.9884,11285.22,37025.0,12062.46,39575.0,802.0,433.0,0,0.0,90.93,Cruising,0,0,0,1790647471,1790647471,N/A,OpenSky Network
2026-09-29 09:07:32,FHS131,Flight Inspection / Helicopter,8a0ac1,Indonesia,N/A,-6.9882,111.1493,6400.8,21000.0,6865.62,22525.0,485.3,262.0,0,0.0,91.09,Cruising,0,0,0,1790647507,1790647507,N/A,OpenSky Network
2026-09-29 09:14:31,NONE,N/A,N/A,N/A,N/A,-8.7482,115.1672,0,0,0,0,0,0,0,0,0,No Flights,0,0,0,0,0,N/A,OpenSky Network
2026-09-29 09:21:25,NONE,N/A,N/A,N/A,N/A,-8.7482,115.1672,0,0,0,0,0,0,0,0,0,No Flights,0,0,0,0,0,N/A,OpenSky Network
2026-09-29 09:28:28,PAS202,Pelita Air Service,8a09bb,Indonesia,N/A,-6.9962,111.1866,8176.26,26825.0,8763,28750.0,749.7,404.8,-10.4,-2047.2,104.45,Descending (Landing/Approach),0,0,0,1790648791,1790648809,N/A,OpenSky Network
2026-09-29 09:28:28,SJV370,Sriwijaya Air / Super Air Jet,8a08b8,Indonesia,N/A,-6.9848,110.9635,10668.0,35000.0,11430,37500.0,794.6,429.1,0.0,0.0,91.07,Cruising,0,0,0,1790648898,1790648898,N/A,OpenSky Network
2026-09-29 09:35:31,BTK7513,Batik Air,8a063b,Indonesia,N/A,-6.9856,111.014,9593.58,31475.0,10302.24,33800.0,803.9,434.1,-4.88,-960.6,90.92,Descending (Landing/Approach),0,0,0,1790649329,1790649330,N/A,OpenSky Network
2026-09-29 09:35:31,SJV370,Sriwijaya Air / Super Air Jet,8a08b8,Indonesia,N/A,-7.07,111.6037,10675.62,35025.0,11445.24,37550.0,819.3,442.4,0.0,0.0,112.74,Cruising,0,0,0,1790649222,1790649229,N/A,OpenSky Network
2026-09-29 09:43:02,LNI522,Lion Air,8a082d,Indonesia,N/A,-7.5616,110.6906,5669.28,18600.0,6042.66,19825.0,767.8,414.6,8.45,1663.4,50.09,Climbing (Takeoff),0,0,0,1790649755,1790649755,N/A,OpenSky Network
2026-09-29 09:43:02,GIA322,Garuda Indonesia,8a026e,Indonesia,N/A,-6.9814,110.75,10180.32,33400.0,11407.14,37425.0,787.2,425.1,0.0,0.0,90.94,Cruising,0,0,0,1790649733,1790649733,N/A,OpenSky Network
2026-09-29 09:49:25,LNI522,Lion Air,8a082d,Indonesia,N/A,-6.9739,111.2104,8481.06,27825.0,9014.46,29575.0,831.4,448.9,6.18,1216.5,40.57,Climbing (Takeoff),0,0,0,1790650138,1790650138,N/A,OpenSky Network
2026-09-29 09:49:25,GIA322,Garuda Indonesia,8a026e,Indonesia,N/A,-6.9892,111.2108,7840.98,25725.0,8503.92,27900.0,724.2,391.0,-10.4,-2047.2,90.88,Descending (Landing/Approach),0,0,0,1790649977,1790649977,N/A,OpenSky Network
2026-09-29 09:56:29,NONE,N/A,N/A,N/A,N/A,-8.7482,115.1672,0,0,0,0,0,0,0,0,0,No Flights,0,0,0,0,0,N/A,OpenSky Network
2026-09-29 10:00:46,CTV640,Citilink,8a0378,Indonesia,N/A,-6.9831,110.8712,10683.24,35050.0,11407.14,37425.0,785.4,424.1,0,0.0,91.08,Cruising,0,0,0,1790650703,1790650703,N/A,OpenSky Network
2026-09-29 10:00:46,PAS102,Pelita Air Service,8a0a44,Indonesia,N/A,-6.9436,111.178,11277.6,37000.0,12054.84,39550.0,788.1,425.6,0,0.0,101.52,Cruising,0,0,0,1790650833,1790650833,N/A,OpenSky Network
2026-09-29 10:07:25,CTV718,Citilink,8a060e,Indonesia,N/A,-7.0056,111.1189,8001.0,26250.0,8625.84,28300.0,746.6,403.1,-10.73,-2112.2,103.48,Descending (Landing/Approach),0,0,0,1790651239,1790651239,N/A,OpenSky Network
2026-09-29 10:07:25,PAS102,Pelita Air Service,8a0a44,Indonesia,N/A,-7.0584,111.5752,11285.22,37025.0,12062.46,39575.0,816.9,441.1,1.3,255.9,112.67,Cruising,0,0,0,1790651040,1790651040,N/A,OpenSky Network
2026-09-29 10:14:25,CTV632,Citilink,8a04ab,Indonesia,N/A,-6.9857,111.0214,10668.0,35000.0,11414.76,37450.0,794.6,429.1,0.0,0.0,90.93,Cruising,0,0,0,1790651612,1790651612,N/A,OpenSky Network
2026-09-29 10:14:25,J033G,Other Airline,8a0708,Indonesia,N/A,-7.7135,110.7334,2316.48,7600.0,2529.84,8300.0,311.0,167.9,-0.98,-192.9,60.38,Cruising,0,0,0,1790651657,1790651657,N/A,OpenSky Network
2026-09-29 10:21:36,CTV822,Citilink,8a03b1,Indonesia,N/A,-6.9845,110.9409,11285.22,37025.0,12062.46,39575.0,792.8,428.1,0.0,0.0,90.94,Cruising,0,0,0,1790652077,1790652077,N/A,OpenSky Network
2026-09-29 10:21:36,CTV632,Citilink,8a04ab,Indonesia,N/A,-7.0274,111.6403,10668.0,35000.0,11407.14,37425.0,793.2,428.3,0.0,0.0,99.0,Cruising,0,0,0,1790651924,1790651924,N/A,OpenSky Network
2026-09-29 10:21:36,LNI669,Lion Air,8a082b,Indonesia,N/A,-7.0347,111.078,9448.8,31000.0,10126.98,33225.0,786.0,424.4,0.33,65.0,43.66,Cruising,0,0,0,1790652077,1790652077,N/A,OpenSky Network
2026-09-29 10:28:29,CTV822,Citilink,8a03b1,Indonesia,N/A,-7.048,111.5509,11277.6,37000.0,12054.84,39550.0,811.8,438.3,0.0,0.0,112.82,Cruising,0,0,0,1790652389,1790652389,N/A,OpenSky Network
2026-09-29 10:28:29,GIA404,Garuda Indonesia,8a01dd,Indonesia,N/A,-6.9826,110.8143,10668.0,35000.0,11399.52,37400.0,792.8,428.1,0.0,0.0,91.07,Cruising,0,0,0,1790652505,1790652505,N/A,OpenSky Network
2026-09-29 10:28:29,LNI640,Lion Air,8a082a,Indonesia,N/A,-7.2103,111.0418,8587.74,28175.0,9189.72,30150.0,822.5,444.1,5.2,1023.6,44.09,Climbing (Takeoff),0,0,0,1790652506,1790652506,N/A,OpenSky Network
2026-09-29 10:28:29,LNI669,Lion Air,8a082b,Indonesia,N/A,-6.7024,111.3975,9448.8,31000.0,10119.36,33200.0,780.7,421.5,0.0,0.0,43.85,Cruising,0,0,0,1790652312,1790652312,N/A,OpenSky Network
2026-09-29 10:35:31,GIA404,Garuda Indonesia,8a01dd,Indonesia,N/A,-7.0723,111.6089,10668,35000.0,11391.9,37375.0,785.3,424.0,0,0.0,90.95,Cruising,0,0,0,1790652913,1790652913,N/A,OpenSky Network
2026-09-29 10:35:31,CTV752,Citilink,8a03ab,Indonesia,N/A,-6.986,111.012,10668,35000.0,11407.14,37425.0,789.1,426.1,0,0.0,91.08,Cruising,0,0,0,1790652893,1790652897,N/A,OpenSky Network
2026-09-29 10:42:32,CTV752,Citilink,8a03ab,Indonesia,N/A,-6.9984,111.4282,10668.0,35000.0,11399.52,37400.0,796.6,430.1,0.0,0.0,100.45,Cruising,0,0,0,1790653104,1790653108,N/A,OpenSky Network
2026-09-29 10:42:32,TNU5101,TransNusa,8a095b,Indonesia,N/A,-6.4235,111.2418,11582.4,38000.0,12382.5,40625.0,852.6,460.4,0.33,65.0,298.12,Cruising,0,0,0,1790653128,1790653129,N/A,OpenSky Network
2026-09-29 10:42:32,N/A,Unknown,8a0235,Indonesia,N/A,-6.9883,111.1322,8694.42,28525.0,9319.26,30575.0,748.3,404.0,-11.7,-2303.1,90.85,Descending (Landing/Approach),0,0,0,1790653323,1790653324,N/A,OpenSky Network
2026-09-29 10:49:28,CTV686,Citilink,8a03ac,Indonesia,N/A,-6.9833,110.8806,11262.36,36950.0,12031.98,39475.0,785.4,424.1,0,0.0,91.08,Cruising,0,0,0,1790653748,1790653749,N/A,OpenSky Network
2026-09-29 10:49:28,BTK6526,Batik Air,8a091b,Indonesia,N/A,-6.9972,111.448,10668.0,35000.0,11399.52,37400.0,799.9,431.9,0,0.0,97.72,Cruising,0,0,0,1790653743,1790653743,N/A,OpenSky Network
2026-09-29 10:56:32,AWQ802,Indonesia AirAsia,8a02ca,Indonesia,N/A,-6.981,110.7435,11277.6,37000.0,12039.6,39500.0,770.5,416.1,0.0,0.0,90.96,Cruising,0,0,0,1790654182,1790654185,N/A,OpenSky Network
2026-09-29 10:56:32,CTV686,Citilink,8a03ac,Indonesia,N/A,-7.0656,111.5936,11269.98,36975.0,12031.98,39475.0,811.0,437.9,-0.33,-65.0,112.7,Cruising,0,0,0,1790654113,1790654133,N/A,OpenSky Network
2026-09-29 11:00:41,AWQ802,Indonesia AirAsia,8a02ca,Indonesia,N/A,-6.9858,111.0244,11269.98,36975.0,12031.98,39475.0,772.4,417.1,0.0,0.0,90.82,Cruising,0,0,0,1790654327,1790654328,N/A,OpenSky Network
2026-09-29 11:00:41,CTV686,Citilink,8a03ac,Indonesia,N/A,-7.0656,111.5936,11269.98,36975.0,12031.98,39475.0,811.0,437.9,-0.33,-65.0,112.7,Cruising,0,0,0,1790654113,1790654133,N/A,OpenSky Network
2026-09-29 11:07:22,AWQ802,Indonesia AirAsia,8a02ca,Indonesia,N/A,-7.067,111.5972,11277.6,37000.0,12039.6,39500.0,792.8,428.1,-0.33,-65.0,112.67,Cruising,0,0,0,1790654627,1790654645,N/A,OpenSky Network
2026-09-29 11:07:22,GIA303,Garuda Indonesia,8a0a65,Indonesia,N/A,-6.6473,111.1541,10363.2,34000.0,11071.86,36325.0,810.7,437.7,0.33,65.0,311.67,Cruising,0,0,0,1790654835,1790654835,N/A,OpenSky Network
2026-09-29 11:14:28,N/A,Unknown,8a09bb,Indonesia,N/A,-6.55,111.2808,9624.06,31575.0,0.0,0.0,905.5,489.0,7.8,1535.4,283.72,Climbing (Takeoff),0,0,0,1790655233,1790655233,N/A,OpenSky Network
2026-09-29 11:14:28,LNI034,Lion Air,8a097c,Indonesia,N/A,-6.9893,111.2181,10058.4,33000.0,10759.44,35300.0,798.3,431.0,0.0,0.0,90.93,Cruising,0,0,0,1790655130,1790655132,N/A,OpenSky Network
2026-09-29 11:21:25,NONE,N/A,N/A,N/A,N/A,-8.7482,115.1672,0,0,0,0,0,0,0,0,0,No Flights,0,0,0,0,0,N/A,OpenSky Network
2026-09-29 11:28:29,BTK7516,Batik Air,8a063b,Indonesia,N/A,-6.5676,111.1449,8930.64,29300.0,9578.34,31425.0,895.8,483.7,4.88,960.6,279.52,Climbing (Takeoff),0,0,0,1790655934,1790655934,N/A,OpenSky Network
2026-09-29 11:35:34,BTK7309,Batik Air,8a0636,Indonesia,N/A,-6.9831,110.8611,10668.0,35000.0,11414.76,37450.0,794.6,429.1,0.0,0.0,91.07,Cruising,0,0,0,1790656518,1790656519,N/A,OpenSky Network
2026-09-29 11:35:34,BTK6050,Batik Air,8a0520,Indonesia,N/A,-7.0022,111.416,10668.0,35000.0,11422.38,37475.0,809.2,437.0,0.0,0.0,100.95,Cruising,0,0,0,1790656450,1790656450,N/A,OpenSky Network
2026-09-29 11:35:34,SJV371,Sriwijaya Air / Super Air Jet,8a08b8,Indonesia,N/A,-6.5285,111.1747,10972.8,36000.0,11734.8,38500.0,892.4,481.9,-0.33,-65.0,281.61,Cruising,0,0,0,1790656426,1790656426,N/A,OpenSky Network
2026-09-29 11:35:34,PAS204,Pelita Air Service,8a0a4a,Indonesia,N/A,-6.9367,111.0827,9456.42,31025.0,10149.84,33300.0,789.4,426.2,-15.61,-3072.8,81.91,Descending (Landing/Approach),0,0,0,1790656500,1790656500,N/A,OpenSky Network
2026-09-29 11:42:27,BTK7309,Batik Air,8a0636,Indonesia,N/A,-7.0676,111.5976,10668.0,35000.0,11422.38,37475.0,821.0,443.3,0.0,0.0,112.69,Cruising,0,0,0,1790656891,1790656891,N/A,OpenSky Network
2026-09-29 11:42:27,WGB07,Other Airline,8a1011,Indonesia,N/A,-7.5302,110.7622,3345.18,10975.0,3589.02,11775.0,427.9,231.0,-0.33,-65.0,55.76,Cruising,0,0,0,1790656937,1790656937,N/A,OpenSky Network
2026-09-29 11:49:27,N/A,Unknown,500237,San Marino,N/A,-6.3235,111.3833,11277.6,37000.0,12070.08,39600.0,761.4,411.1,0.33,65.0,81.89,Cruising,0,0,0,1790657062,1790657063,N/A,OpenSky Network
2026-09-29 11:49:27,BTK6656,Batik Air,8a04ce,Indonesia,N/A,-6.9894,111.2191,10675.62,35025.0,11399.52,37400.0,785.3,424.0,0.0,0.0,90.81,Cruising,0,0,0,1790657191,1790657191,N/A,OpenSky Network
2026-09-29 11:49:27,WGB07,Other Airline,8a1011,Indonesia,N/A,-7.2338,110.7708,3329.94,10925.0,3581.4,11750.0,434.6,234.7,-0.98,-192.9,353.15,Cruising,0,0,0,1790657224,1790657224,N/A,OpenSky Network
2026-09-29 11:49:27,TNU5106,TransNusa,8a0aad,Indonesia,N/A,-6.9857,111.0246,11277.6,37000.0,12062.46,39575.0,787.2,425.1,-0.33,-65.0,91.08,Cruising,0,0,0,1790657244,1790657245,N/A,OpenSky Network
2026-09-29 11:56:26,TNU5106,TransNusa,8a0aad,Indonesia,N/A,-7.0651,111.592,11269.98,36975.0,12054.84,39550.0,796.2,429.9,0,0.0,112.57,Cruising,0,0,0,1790657538,1790657538,N/A,OpenSky Network
2026-09-29 12:00:42,NONE,N/A,N/A,N/A,N/A,-8.7482,115.1672,0,0,0,0,0,0,0,0,0,No Flights,0,0,0,0,0,N/A,OpenSky Network
2026-09-29 12:07:26,NONE,N/A,N/A,N/A,N/A,-8.7482,115.1672,0,0,0,0,0,0,0,0,0,No Flights,0,0,0,0,0,N/A,OpenSky Network
2026-09-29 12:14:30,BTK7583,Batik Air,8a0515,Indonesia,N/A,-6.989,111.2187,10668.0,35000.0,11422.38,37475.0,790.9,427.1,0.0,0.0,90.94,Cruising,0,0,0,1790658802,1790658805,N/A,OpenSky Network
2026-09-29 12:14:30,GIA253,Garuda Indonesia,8a0ad5,Indonesia,N/A,-7.1461,111.1627,9753.6,32000.0,10431.78,34225.0,890.1,480.6,-0.33,-65.0,262.95,Cruising,0,0,0,1790658851,1790658851,N/A,OpenSky Network
2026-09-29 12:21:27,BTK7583,Batik Air,8a0515,Indonesia,N/A,-7.0356,111.5709,10675.62,35025.0,11422.38,37475.0,801.6,432.8,0.33,65.0,100.92,Cruising,0,0,0,1790658981,1790658981,N/A,OpenSky Network
2026-09-29 12:21:27,GIA408,Garuda Indonesia,8a09d6,Indonesia,N/A,-6.9843,110.922,10668.0,35000.0,11399.52,37400.0,785.4,424.1,0.0,0.0,91.08,Cruising,0,0,0,1790659269,1790659277,N/A,OpenSky Network
2026-09-29 12:28:23,LNI024,Lion Air,8a01ad,Indonesia,N/A,-6.9895,111.2223,10058.4,33000.0,10736.58,35225.0,812.3,438.6,0.0,0.0,106.29,Cruising,0,0,0,1790659565,1790659673,N/A,OpenSky Network
2026-09-29 12:28:23,GIA408,Garuda Indonesia,8a09d6,Indonesia,N/A,-7.0803,111.628,10668.0,35000.0,11399.52,37400.0,811.0,437.9,0.0,0.0,112.7,Cruising,0,0,0,1790659630,1790659630,N/A,OpenSky Network
2026-09-29 12:28:23,GIA254,Garuda Indonesia,8a0a61,Indonesia,N/A,-7.3357,110.9608,8130.54,26675.0,8702.04,28550.0,775.3,418.6,10.4,2047.2,53.16,Climbing (Takeoff),0,0,0,1790659689,1790659689,N/A,OpenSky Network
2026-09-29 12:35:32,BTK7531,Batik Air,8a051f,Indonesia,N/A,-7.4798,110.9202,716.28,2350.0,777.24,2550.0,283.5,153.1,-1.3,-255.9,256.78,Cruising,0,0,0,1790660013,1790660021,N/A,OpenSky Network
2026-09-29 12:35:32,GIA254,Garuda Indonesia,8a0a61,Indonesia,N/A,-7.0689,111.6021,10058.4,33000.0,10759.44,35300.0,786.2,424.5,0.0,0.0,112.58,Cruising,0,0,0,1790660082,1790660082,N/A,OpenSky Network
2026-09-29 12:35:32,N/A,Unknown,8a0a44,Indonesia,N/A,-6.4312,111.2358,10363.2,34000.0,11079.48,36350.0,857.0,462.7,0.98,192.9,298.67,Cruising,0,0,0,1790660107,1790660107,N/A,OpenSky Network
2026-09-29 12:42:31,CTV753,Citilink,8a03ab,Indonesia,N/A,-6.4249,111.2435,10957.56,35950.0,11658.6,38250.0,847.4,457.6,6.5,1279.5,297.46,Climbing (Takeoff),0,0,0,1790660359,1790660359,N/A,OpenSky Network
2026-09-29 12:49:29,CTV736,Citilink,8a074d,Indonesia,N/A,-6.9834,110.8729,10233.66,33575.0,10957.56,35950.0,802.0,433.1,-18.21,-3584.6,91.06,Descending (Landing/Approach),0,0,0,1790660901,1790660916,N/A,OpenSky Network
2026-09-29 12:56:26,NONE,N/A,N/A,N/A,N/A,-8.7482,115.1672,0,0,0,0,0,0,0,0,0,No Flights,0,0,0,0,0,N/A,OpenSky Network
2026-09-29 13:00:41,N/A,Unknown,8a0419,Indonesia,N/A,-6.9227,110.9235,11277.6,37000.0,12039.6,39500.0,766.9,414.1,0,0.0,98.05,Cruising,0,0,0,1790661626,1790661626,N/A,OpenSky Network
2026-09-29 13:00:41,PAS108,Pelita Air Service,8a0993,Indonesia,N/A,-6.9632,111.2513,11887.2,39000.0,12664.44,41550.0,812.0,438.5,0,0.0,99.85,Cruising,0,0,0,1790661617,1790661617,N/A,OpenSky Network
2026-09-29 13:08:04,PAS108,Pelita Air Service,8a0993,Indonesia,N/A,-7.0648,111.5915,11887.2,39000.0,12664.44,41550.0,821.0,443.3,0,0.0,112.69,Cruising,0,0,0,1790661791,1790661791,N/A,OpenSky Network
2026-09-29 13:14:30,AWQ814,Indonesia AirAsia,8a0394,Indonesia,N/A,-6.9835,110.8834,11277.6,37000.0,12047.22,39525.0,774.3,418.1,0,0.0,90.96,Cruising,0,0,0,1790662455,1790662455,N/A,OpenSky Network
2026-09-29 13:21:26,AWQ814,Indonesia AirAsia,8a0394,Indonesia,N/A,-7.0614,111.5829,11277.6,37000.0,12047.22,39525.0,796.9,430.3,0,0.0,112.69,Cruising,0,0,0,1790662817,1790662822,N/A,OpenSky Network
2026-09-29 13:28:27,NONE,N/A,N/A,N/A,N/A,-8.7482,115.1672,0,0,0,0,0,0,0,0,0,No Flights,0,0,0,0,0,N/A,OpenSky Network
2026-09-29 13:35:30,BTK7532,Batik Air,8a051f,Indonesia,N/A,-7.1891,110.7251,3947.16,12950.0,4221.48,13850.0,654.4,353.4,11.7,2303.1,326.31,Climbing (Takeoff),0,0,0,1790663710,1790663713,N/A,OpenSky Network
2026-09-29 13:35:30,PAS142,Pelita Air Service,8a09e4,Indonesia,N/A,-6.9967,111.4471,10668.0,35000.0,11422.38,37475.0,802.0,433.0,-0.33,-65.0,90.93,Cruising,0,0,0,1790663692,1790663692,N/A,OpenSky Network
2026-09-29 13:42:30,N/A,Unknown,500323,San Marino,N/A,-6.8312,111.3068,8023.86,26325.0,8580.12,28150.0,900.6,486.3,-14.63,-2879.9,145.13,Descending (Landing/Approach),0,0,0,1790663950,1790663954,N/A,OpenSky Network
2026-09-29 13:49:28,NONE,N/A,N/A,N/A,N/A,-8.7482,115.1672,0,0,0,0,0,0,0,0,0,No Flights,0,0,0,0,0,N/A,OpenSky Network
2026-09-29 13:56:33,NONE,N/A,N/A,N/A,N/A,-8.7482,115.1672,0,0,0,0,0,0,0,0,0,No Flights,0,0,0,0,0,N/A,OpenSky Network
2026-09-29 14:00:47,LNI983,Lion Air,8a0486,Indonesia,N/A,-6.9882,111.1453,8656.32,28400.0,9288.78,30475.0,759.5,410.1,-13.33,-2624.0,91.12,Descending (Landing/Approach),0,0,0,1790665237,1790665237,N/A,OpenSky Network
2026-09-29 14:07:30,GIA252,Garuda Indonesia,8a0ad5,Indonesia,N/A,-7.2907,110.7505,10668,35000.0,11391.9,37375.0,761.3,411.1,3.25,639.8,1.12,Climbing (Takeoff),0,0,0,1790665647,1790665647,N/A,OpenSky Network
2026-09-29 14:14:25,BTK7501,Batik Air,8a063b,Indonesia,N/A,-6.9967,111.1811,7726.68,25350.0,8488.68,27850.0,792.8,428.1,-10.73,-2112.2,104.2,Descending (Landing/Approach),0,0,0,1790665835,1790665835,N/A,OpenSky Network
2026-09-29 14:14:25,SJV676,Sriwijaya Air / Super Air Jet,8a0948,Indonesia,N/A,-7.0898,110.8749,8839.2,29000.0,9479.28,31100.0,833.3,449.9,5.85,1151.6,48.69,Climbing (Takeoff),0,0,0,1790666042,1790666043,N/A,OpenSky Network
2026-09-29 14:14:25,GIA252,Garuda Indonesia,8a0ad5,Indonesia,N/A,-7.0305,111.2952,10668.0,35000.0,11399.52,37400.0,764.1,412.6,0.33,65.0,75.26,Cruising,0,0,0,1790665981,1790666030,N/A,OpenSky Network
2026-09-29 14:21:27,WGB13,Other Airline,8a02d8,Indonesia,N/A,-7.4923,110.7937,3360.42,11025.0,3581.4,11750.0,421.8,227.8,-0.33,-65.0,16.84,Cruising,0,0,0,1790666481,1790666482,N/A,OpenSky Network
2026-09-29 14:21:27,SJV676,Sriwijaya Air / Super Air Jet,8a0948,Indonesia,N/A,-6.6596,111.4921,10058.4,33000.0,10782.3,35375.0,793.1,428.2,-0.33,-65.0,55.75,Cruising,0,0,0,1790666413,1790666454,N/A,OpenSky Network
2026-09-29 14:21:27,GIA252,Garuda Indonesia,8a0ad5,Indonesia,N/A,-7.0857,111.6423,10668.0,35000.0,11399.52,37400.0,789.7,426.4,0.0,0.0,112.48,Cruising,0,0,0,1790666169,1790666169,N/A,OpenSky Network
2026-09-29 14:28:28,WGB13,Other Airline,8a02d8,Indonesia,N/A,-7.2623,110.7672,3329.94,10925.0,3550.92,11650.0,431.8,233.1,-0.98,-192.9,354.34,Cruising,0,0,0,1790666699,1790666728,N/A,OpenSky Network
2026-09-29 14:28:28,BTK6657,Batik Air,8a04ce,Indonesia,N/A,-6.4301,111.2379,10363.2,34000.0,11071.86,36325.0,871.9,470.8,0.0,0.0,298.69,Cruising,0,0,0,1790666893,1790666893,N/A,OpenSky Network
2026-09-29 14:35:33,J036KT,Other Airline,8a02d9,Indonesia,N/A,-7.7519,110.6721,2133.6,7000.0,2278.38,7475.0,341.9,184.6,0.33,65.0,80.33,Cruising,0,0,0,1790667319,1790667319,N/A,OpenSky Network
2026-09-29 14:35:33,GIA310,Garuda Indonesia,8a023e,Indonesia,N/A,-6.9883,111.1516,8305.8,27250.0,8884.92,29150.0,746.4,403.0,-11.38,-2240.2,90.85,Descending (Landing/Approach),0,0,0,1790667317,1790667318,N/A,OpenSky Network
2026-09-29 14:42:25,J036KT,Other Airline,8a02d9,Indonesia,N/A,-7.7874,110.6913,2491.74,8175.0,2606.04,8550.0,290.8,157.0,27.64,5440.9,105.9,Climbing (Takeoff),0,0,0,1790667695,1790667718,N/A,OpenSky Network
2026-09-29 14:42:25,BTK6564,Batik Air,8a0638,Indonesia,N/A,-6.9755,111.2916,9448.8,31000.0,10142.22,33275.0,827.9,447.0,0.0,0.0,97.71,Cruising,0,0,0,1790667612,1790667612,N/A,OpenSky Network
2026-09-29 14:42:25,BTK7308,Batik Air,8a0636,Indonesia,N/A,-6.4356,111.2305,10363.2,34000.0,11087.1,36375.0,880.3,475.3,0.0,0.0,298.94,Cruising,0,0,0,1790667609,1790667609,N/A,OpenSky Network
2026-09-29 14:49:30,WGB18,Other Airline,8a083f,Indonesia,N/A,-7.5208,110.7772,3337.56,10950.0,3566.16,11700.0,427.1,230.6,1.95,383.9,54.17,Climbing (Takeoff),0,0,0,1790668168,1790668169,N/A,OpenSky Network
2026-09-29 14:49:30,GIA422,Garuda Indonesia,8a0a43,Indonesia,N/A,-6.9893,111.2135,10668.0,35000.0,11391.9,37375.0,792.8,428.1,0.0,0.0,90.94,Cruising,0,0,0,1790668117,1790668119,N/A,OpenSky Network
2026-09-29 14:56:28,WGB18,Other Airline,8a083f,Indonesia,N/A,-7.2989,110.78,3345.18,10975.0,3581.4,11750.0,429.5,231.9,-2.28,-448.8,345.0,Descending (Landing/Approach),0,0,0,1790668383,1790668456,N/A,OpenSky Network
2026-09-29 14:56:28,GIA422,Garuda Indonesia,8a0a43,Indonesia,N/A,-7.0773,111.6211,10668.0,35000.0,11399.52,37400.0,811.0,437.9,0.0,0.0,112.7,Cruising,0,0,0,1790668327,1790668327,N/A,OpenSky Network
2026-09-29 15:00:41,NONE,N/A,N/A,N/A,N/A,-8.7482,115.1672,0,0,0,0,0,0,0,0,0,No Flights,0,0,0,0,0,N/A,OpenSky Network
2026-09-29 15:07:31,NONE,N/A,N/A,N/A,N/A,-8.7482,115.1672,0,0,0,0,0,0,0,0,0,No Flights,0,0,0,0,0,N/A,OpenSky Network
2026-09-29 15:14:38,NONE,N/A,N/A,N/A,N/A,-8.7482,115.1672,0,0,0,0,0,0,0,0,0,No Flights,0,0,0,0,0,N/A,OpenSky Network
2026-09-29 15:21:28,SJV120,Sriwijaya Air / Super Air Jet,8a08b7,Indonesia,N/A,-7.5732,110.6823,5943.6,19500.0,6377.94,20925.0,688.3,371.6,-10.73,-2112.2,227.73,Descending (Landing/Approach),0,0,0,1790670078,1790670078,N/A,OpenSky Network
2026-09-29 15:21:28,PAS206,Pelita Air Service,8a0a44,Indonesia,N/A,-6.8915,110.8477,10043.16,32950.0,10774.68,35350.0,792.0,427.6,-10.08,-1984.2,100.1,Descending (Landing/Approach),0,0,0,1790670069,1790670069,N/A,OpenSky Network
2026-09-29 15:28:29,BTK6508,Batik Air,8a0519,Indonesia,N/A,-6.9607,111.0207,11285.22,37025.0,12070.08,39600.0,795.2,429.4,0.0,0.0,94.54,Cruising,0,0,0,1790670455,1790670455,N/A,OpenSky Network
2026-09-29 15:28:29,SJV128,Sriwijaya Air / Super Air Jet,8a08db,Indonesia,N/A,-7.4816,110.9136,723.9,2375.0,769.62,2525.0,270.0,145.8,-1.3,-255.9,256.92,Cruising,0,0,0,1790670390,1790670393,N/A,OpenSky Network
2026-09-29 15:28:29,PAS206,Pelita Air Service,8a0a44,Indonesia,N/A,-6.974,111.2551,7764.78,25475.0,8336.28,27350.0,746.9,403.3,-10.73,-2112.2,105.83,Descending (Landing/Approach),0,0,0,1790670286,1790670287,N/A,OpenSky Network
2026-09-29 15:35:30,CTV833,Citilink,8a03b1,Indonesia,N/A,-6.9877,111.1474,8450.58,27725.0,9075.42,29775.0,720.6,389.1,-18.86,-3712.6,91.18,Descending (Landing/Approach),0,0,0,1790670785,1790670789,N/A,OpenSky Network
2026-09-29 15:35:30,GIA326,Garuda Indonesia,8a03c4,Indonesia,N/A,-7.0278,111.1487,7574.28,24850.0,8100.06,26575.0,784.0,423.3,-10.08,-1984.2,102.69,Descending (Landing/Approach),0,0,0,1790670748,1790670750,N/A,OpenSky Network
2026-09-29 15:42:37,GIA410,Garuda Indonesia,8a043b,Indonesia,N/A,-6.9283,111.0375,10668,35000.0,11391.9,37375.0,807.8,436.2,0,0.0,99.64,Cruising,0,0,0,1790671348,1790671348,N/A,OpenSky Network
2026-09-29 15:49:29,GIA410,Garuda Indonesia,8a043b,Indonesia,N/A,-7.0495,111.5545,10668,35000.0,11384.28,37350.0,813.5,439.2,0,0.0,112.77,Cruising,0,0,0,1790671611,1790671634,N/A,OpenSky Network
2026-09-29 15:56:25,CTV716,Citilink,8a04a4,Indonesia,N/A,-7.0316,111.1579,7444.74,24425.0,7962.9,26125.0,649.7,350.8,-8.78,-1728.3,102.85,Descending (Landing/Approach),0,0,0,1790671999,1790672030,N/A,OpenSky Network
2026-09-29 16:00:46,NONE,N/A,N/A,N/A,N/A,-8.7482,115.1672,0,0,0,0,0,0,0,0,0,No Flights,0,0,0,0,0,N/A,OpenSky Network
2026-09-29 16:07:31,NONE,N/A,N/A,N/A,N/A,-8.7482,115.1672,0,0,0,0,0,0,0,0,0,No Flights,0,0,0,0,0,N/A,OpenSky Network
2026-09-29 16:14:31,J1079KT,Other Airline,8a083f,Indonesia,N/A,-7.7481,110.7864,2369.82,7775.0,2537.46,8325.0,243.6,131.5,0.65,128.0,298.12,Cruising,0,0,0,1790673215,1790673215,N/A,OpenSky Network
2026-09-29 16:21:31,BTK7041,Batik Air,8a051f,Indonesia,N/A,-7.4192,110.7174,2476.5,8125.0,2712.72,8900.0,539.4,291.2,-12.03,-2368.1,138.76,Descending (Landing/Approach),0,0,0,1790673636,1790673636,N/A,OpenSky Network
2026-09-29 16:29:08,BTK7041,Batik Air,8a051f,Indonesia,N/A,-7.4807,110.9151,739.14,2425.0,800.1,2625.0,293.8,158.7,-1.95,-383.9,254.65,Descending (Landing/Approach),0,0,0,1790674015,1790674015,N/A,OpenSky Network
2026-09-29 16:29:08,N/A,Unknown,8a06d0,Indonesia,N/A,-6.9811,110.7512,10675.62,35025.0,11414.76,37450.0,824.3,445.1,0.0,0.0,91.03,Cruising,0,0,0,1790674125,1790674125,N/A,OpenSky Network
2026-09-29 16:29:08,TNU5165,TransNusa,8a095b,Indonesia,N/A,-6.9857,111.0069,11277.6,37000.0,12062.46,39575.0,802.0,433.1,0.0,0.0,91.06,Cruising,0,0,0,1790674098,1790674100,N/A,OpenSky Network
2026-09-29 16:35:34,BTK7311,Batik Air,8a0515,Indonesia,N/A,-6.9859,111.0267,11277.6,37000.0,12062.46,39575.0,787.2,425.1,0,0.0,90.94,Cruising,0,0,0,1790674463,1790674463,N/A,OpenSky Network
2026-09-29 16:42:32,BTK7311,Batik Air,8a0515,Indonesia,N/A,-7.0671,111.5968,11269.98,36975.0,12054.84,39550.0,791.1,427.2,0,0.0,112.72,Cruising,0,0,0,1790674760,1790674771,N/A,OpenSky Network
2026-09-29 16:49:36,SJV121,Sriwijaya Air / Super Air Jet,8a08b7,Indonesia,N/A,-7.2628,110.8519,7216.14,23675.0,7719.06,25325.0,804.3,434.3,2.6,511.8,64.5,Climbing (Takeoff),0,0,0,1790675353,1790675356,N/A,OpenSky Network
2026-09-29 16:49:36,TNU5108,TransNusa,8a0aad,Indonesia,N/A,-6.9883,111.1663,11277.6,37000.0,12062.46,39575.0,787.2,425.1,0.0,0.0,90.94,Cruising,0,0,0,1790675320,1790675340,N/A,OpenSky Network
2026-09-29 16:56:33,SJV121,Sriwijaya Air / Super Air Jet,8a08b7,Indonesia,N/A,-7.0171,111.3959,9258.3,30375.0,9928.86,32575.0,802.2,433.1,7.48,1472.4,83.1,Climbing (Takeoff),0,0,0,1790675644,1790675645,N/A,OpenSky Network
2026-09-29 16:56:33,TNU5108,TransNusa,8a0aad,Indonesia,N/A,-7.0678,111.5983,11277.6,37000.0,12062.46,39575.0,805.2,434.8,0.0,0.0,112.73,Cruising,0,0,0,1790675542,1790675543,N/A,OpenSky Network
2026-09-29 17:00:54,LNI521,Lion Air,8a082d,Indonesia,N/A,-7.5132,110.7428,7315.2,24000.0,7810.5,25625.0,765.0,413.1,-9.1,-1791.3,219.01,Descending (Landing/Approach),0,0,0,1790676037,1790676038,N/A,OpenSky Network
2026-09-29 17:07:26,GIA414,Garuda Indonesia,8a02d6,Indonesia,N/A,-7.0158,111.4737,10668.0,35000.0,11399.52,37400.0,809.5,437.1,0.33,65.0,91.05,Cruising,0,0,0,1790676431,1790676431,N/A,OpenSky Network
2026-09-29 17:07:26,BTK7515,Batik Air,8a06fd,Indonesia,N/A,-6.9849,110.968,9128.76,29950.0,9799.32,32150.0,768.7,415.0,-11.38,-2240.2,90.97,Descending (Landing/Approach),0,0,0,1790676437,1790676437,N/A,OpenSky Network
2026-09-29 17:07:26,PAS104,Pelita Air Service,8a0914,Indonesia,N/A,-6.929,111.0479,11285.22,37025.0,12047.22,39525.0,785.5,424.1,-0.33,-65.0,99.77,Cruising,0,0,0,1790676436,1790676437,N/A,OpenSky Network
2026-09-29 17:14:29,BTK7515,Batik Air,8a06fd,Indonesia,N/A,-7.0121,111.2472,7840.98,25725.0,8503.92,27900.0,799.1,431.5,-7.15,-1407.5,104.36,Descending (Landing/Approach),0,0,0,1790676584,1790676584,N/A,OpenSky Network
2026-09-29 17:14:29,PAS104,Pelita Air Service,8a0914,Indonesia,N/A,-7.0628,111.5861,11277.6,37000.0,12039.6,39500.0,793.5,428.5,-0.33,-65.0,112.79,Cruising,0,0,0,1790676719,1790676719,N/A,OpenSky Network
2026-09-29 17:21:27,BTK6578,Batik Air,8a0603,Indonesia,N/A,-6.9948,111.1307,8206.74,26925.0,8862.06,29075.0,792.1,427.7,-12.35,-2431.1,102.83,Descending (Landing/Approach),0,0,0,1790676992,1790676992,N/A,OpenSky Network
2026-09-29 17:28:28,CTV784,Citilink,8a0375,Indonesia,N/A,-7.179,111.0341,7711.44,25300.0,8229.6,27000.0,757.9,409.2,10.4,2047.2,40.54,Climbing (Takeoff),0,0,0,1790677692,1790677692,N/A,OpenSky Network
2026-09-29 17:35:34,GIA320,Garuda Indonesia,8a03c6,Indonesia,N/A,-6.9529,111.1885,7338.06,24075.0,7840.98,25725.0,749.6,404.7,-8.45,-1663.4,99.67,Descending (Landing/Approach),0,0,0,1790678096,1790678096,N/A,OpenSky Network
2026-09-29 17:35:34,BTK7040,Batik Air,8a051f,Indonesia,N/A,-7.3807,110.7048,2491.74,8175.0,2628.9,8625.0,486.0,262.4,13.98,2752.0,14.57,Climbing (Takeoff),0,0,0,1790678129,1790678129,N/A,OpenSky Network
2026-09-29 17:35:34,CTV174,Citilink,8a074d,Indonesia,N/A,-6.9832,110.87,10485.12,34400.0,11239.5,36875.0,818.7,442.1,-15.61,-3072.8,91.04,Descending (Landing/Approach),0,0,0,1790678085,1790678085,N/A,OpenSky Network
2026-09-29 17:42:29,BTK7040,Batik Air,8a051f,Indonesia,N/A,-7.2376,110.7123,3398.52,11150.0,3802.38,12475.0,730.9,394.7,5.53,1088.6,304.05,Climbing (Takeoff),0,0,0,1790678238,1790678475,N/A,OpenSky Network
2026-09-29 17:42:29,SJV768,Sriwijaya Air / Super Air Jet,8a09c4,Indonesia,N/A,-6.9849,110.9622,10668.0,35000.0,11414.76,37450.0,820.6,443.1,0.0,0.0,91.03,Cruising,0,0,0,1790678548,1790678549,N/A,OpenSky Network
2026-09-29 17:42:29,N/A,Unknown,8a0948,Indonesia,N/A,-6.8595,111.1566,10363.2,34000.0,11102.34,36425.0,915.8,494.5,0.0,0.0,211.86,Cruising,0,0,0,1790678496,1790678498,N/A,OpenSky Network
2026-09-29 17:42:29,QFA041,Qantas,7c1464,Australia,N/A,-6.7206,111.0888,12192.0,40000.0,13007.34,42675.0,888.9,480.0,0.0,0.0,280.44,Cruising,0,0,0,1790678343,1790678362,N/A,OpenSky Network
2026-09-29 17:49:29,CTV194,Citilink,8a04a5,Indonesia,N/A,-6.9824,110.8049,10668,35000.0,11414.76,37450.0,811.3,438.1,0.0,0.0,91.05,Cruising,0,0,0,1790678941,1790678941,N/A,OpenSky Network
2026-09-29 17:49:29,SJV768,Sriwijaya Air / Super Air Jet,8a09c4,Indonesia,N/A,-7.0379,111.7062,10668,35000.0,11414.76,37450.0,817.5,441.4,-0.33,-65.0,98.99,Cruising,0,0,0,1790678911,1790678915,N/A,OpenSky Network
2026-09-29 17:56:38,CTV194,Citilink,8a04a5,Indonesia,N/A,-7.0598,111.5788,10675.62,35025.0,11422.38,37475.0,823.4,444.6,0.0,0.0,112.76,Cruising,0,0,0,1790679326,1790679327,N/A,OpenSky Network
2026-09-29 17:56:38,SJV778,Sriwijaya Air / Super Air Jet,8a0951,Indonesia,N/A,-7.4032,110.7984,7825.74,25675.0,8412.48,27600.0,810.0,437.4,6.83,1344.5,56.56,Climbing (Takeoff),0,0,0,1790679256,1790679308,N/A,OpenSky Network
2026-09-29 18:00:47,CTV194,Citilink,8a04a5,Indonesia,N/A,-7.0598,111.5788,10675.62,35025.0,11422.38,37475.0,823.4,444.6,0.0,0.0,112.76,Cruising,0,0,0,1790679326,1790679327,N/A,OpenSky Network
2026-09-29 18:00:47,SJV778,Sriwijaya Air / Super Air Jet,8a0951,Indonesia,N/A,-7.1299,111.2114,9784.08,32100.0,10477.5,34375.0,784.3,423.5,7.8,1535.4,56.46,Climbing (Takeoff),0,0,0,1790679501,1790679501,N/A,OpenSky Network
2026-09-29 18:00:47,BTK6576,Batik Air,8a093c,Indonesia,N/A,-6.9827,110.8437,9410.7,30875.0,10088.88,33100.0,800.2,432.1,-4.88,-960.6,91.06,Descending (Landing/Approach),0,0,0,1790679633,1790679636,N/A,OpenSky Network
2026-09-29 18:07:36,BTK6576,Batik Air,8a093c,Indonesia,N/A,-7.0257,111.1534,7665.72,25150.0,8229.6,27000.0,780.4,421.4,-9.75,-1919.3,102.75,Descending (Landing/Approach),0,0,0,1790679792,1790679792,N/A,OpenSky Network
2026-09-29 18:07:36,PAS210,Pelita Air Service,8a0a89,Indonesia,N/A,-6.9922,111.036,8633.46,28325.0,9265.92,30400.0,764.4,412.7,-4.88,-960.6,102.45,Descending (Landing/Approach),0,0,0,1790680040,1790680041,N/A,OpenSky Network
2026-09-29 18:14:25,NONE,N/A,N/A,N/A,N/A,-8.7482,115.1672,0,0,0,0,0,0,0,0,0,No Flights,0,0,0,0,0,N/A,OpenSky Network
2026-09-29 18:21:27,NONE,N/A,N/A,N/A,N/A,-8.7482,115.1672,0,0,0,0,0,0,0,0,0,No Flights,0,0,0,0,0,N/A,OpenSky Network
2026-09-29 18:28:30,AWQ818,Indonesia AirAsia,8a0394,Indonesia,N/A,-6.9839,110.9125,11277.6,37000.0,12054.84,39550.0,776.1,419.1,0,0.0,91.09,Cruising,0,0,0,1790681297,1790681299,N/A,OpenSky Network
2026-09-29 18:35:34,AWQ818,Indonesia AirAsia,8a0394,Indonesia,N/A,-7.0495,111.5546,11285.22,37025.0,12062.46,39575.0,790.4,426.8,-0.33,-65.0,112.6,Cruising,0,0,0,1790681629,1790681631,N/A,OpenSky Network
2026-09-29 18:35:34,N/A,Unknown,8a0ad5,Indonesia,N/A,-6.5946,111.4999,9745.98,31975.0,10332.72,33900.0,883.9,477.3,4.23,832.7,299.36,Climbing (Takeoff),0,0,0,1790681605,1790681605,N/A,OpenSky Network
2026-09-29 18:42:41,LNI665,Lion Air,8a0574,Indonesia,N/A,-7.3472,110.9992,7688.58,25225.0,8237.22,27025.0,772.0,416.9,-6.83,-1344.5,236.35,Descending (Landing/Approach),0,0,0,1790682156,1790682156,N/A,OpenSky Network
2026-09-29 18:49:35,NONE,N/A,N/A,N/A,N/A,-8.7482,115.1672,0,0,0,0,0,0,0,0,0,No Flights,0,0,0,0,0,N/A,OpenSky Network
2026-09-29 18:56:29,SJY272,Sriwijaya Air,8a0a11,Indonesia,N/A,-6.9852,110.9712,11277.6,37000.0,12039.6,39500.0,796.5,430.1,0,0.0,90.93,Cruising,0,0,0,1790682973,1790682973,N/A,OpenSky Network
2026-09-29 19:00:43,SJY272,Sriwijaya Air,8a0a11,Indonesia,N/A,-6.9894,111.2195,11277.6,37000.0,12047.22,39525.0,796.5,430.1,-0.33,-65.0,90.93,Cruising,0,0,0,1790683097,1790683097,N/A,OpenSky Network
2026-09-29 19:07:28,NONE,N/A,N/A,N/A,N/A,-8.7482,115.1672,0,0,0,0,0,0,0,0,0,No Flights,0,0,0,0,0,N/A,OpenSky Network
2026-09-29 19:14:43,N/A,Unknown,8a0515,Indonesia,N/A,-6.4552,111.2692,9753.6,32000.0,10469.88,34350.0,888.6,479.8,0.0,0.0,298.92,Cruising,0,0,0,1790683769,1790683769,N/A,OpenSky Network
2026-09-29 19:14:43,LNI012,Lion Air,8a097c,Indonesia,N/A,-7.0186,111.1752,10668.0,35000.0,11414.76,37450.0,846.2,456.9,-0.33,-65.0,110.5,Cruising,0,0,0,1790684019,1790684033,N/A,OpenSky Network
2026-09-29 19:21:25,LNI012,Lion Air,8a097c,Indonesia,N/A,-7.1343,111.486,10668,35000.0,11414.76,37450.0,850.4,459.2,0,0.0,110.53,Cruising,0,0,0,1790684176,1790684176,N/A,OpenSky Network
2026-09-29 19:28:38,NONE,N/A,N/A,N/A,N/A,-8.7482,115.1672,0,0,0,0,0,0,0,0,0,No Flights,0,0,0,0,0,N/A,OpenSky Network
2026-09-29 19:35:30,NONE,N/A,N/A,N/A,N/A,-8.7482,115.1672,0,0,0,0,0,0,0,0,0,No Flights,0,0,0,0,0,N/A,OpenSky Network
2026-09-29 19:42:26,GIA426,Garuda Indonesia,8a04f4,Indonesia,N/A,-6.9859,110.9992,10058.4,33000.0,10759.44,35300.0,791.0,427.1,0.33,65.0,91.07,Cruising,0,0,0,1790685737,1790685737,N/A,OpenSky Network
2026-09-29 19:49:26,NONE,N/A,N/A,N/A,N/A,-8.7482,115.1672,0,0,0,0,0,0,0,0,0,No Flights,0,0,0,0,0,N/A,OpenSky Network
2026-09-29 19:56:31,NONE,N/A,N/A,N/A,N/A,-8.7482,115.1672,0,0,0,0,0,0,0,0,0,No Flights,0,0,0,0,0,N/A,OpenSky Network
2026-09-29 20:00:54,NONE,N/A,N/A,N/A,N/A,-8.7482,115.1672,0,0,0,0,0,0,0,0,0,No Flights,0,0,0,0,0,N/A,OpenSky Network
2026-09-29 20:07:31,NONE,N/A,N/A,N/A,N/A,-8.7482,115.1672,0,0,0,0,0,0,0,0,0,No Flights,0,0,0,0,0,N/A,OpenSky Network
2026-09-29 20:14:28,LNI664,Lion Air,8a0574,Indonesia,N/A,-7.5424,110.7258,6621.78,21725.0,7063.74,23175.0,759.0,409.8,11.05,2175.2,37.76,Climbing (Takeoff),0,0,0,1790687658,1790687658,N/A,OpenSky Network
2026-09-29 20:14:28,BTK7514,Batik Air,8a06fd,Indonesia,N/A,-6.5878,111.0546,9883.14,32425.0,10591.8,34750.0,885.8,478.3,2.28,448.8,276.72,Climbing (Takeoff),0,0,0,1790687399,1790687399,N/A,OpenSky Network
2026-09-29 20:21:39,LNI664,Lion Air,8a0574,Indonesia,N/A,-7.1109,111.4423,9448.8,31000.0,9974.58,32725.0,796.4,430.0,4.55,895.7,66.71,Climbing (Takeoff),0,0,0,1790688078,1790688078,N/A,OpenSky Network
2026-09-29 20:28:26,SJY713,Sriwijaya Air,8a0365,Indonesia,N/A,-6.9941,110.9844,8359.14,27425.0,8694.42,28525.0,786.3,424.6,5.2,1023.6,48.92,Climbing (Takeoff),0,0,0,1790688447,1790688447,N/A,OpenSky Network
2026-09-29 20:35:45,SJY713,Sriwijaya Air,8a0365,Indonesia,N/A,-6.8401,111.3566,9456.42,31025.0,10126.98,33225.0,767.8,414.6,0.0,0.0,72.31,Cruising,0,0,0,1790688654,1790688654,N/A,OpenSky Network
2026-09-29 20:35:45,CTV783,Citilink,8a061c,Indonesia,N/A,-7.3049,110.9266,7261.86,23825.0,7787.64,25550.0,776.0,419.0,7.15,1407.5,42.49,Climbing (Takeoff),0,0,0,1790688934,1790688934,N/A,OpenSky Network
2026-09-29 20:42:32,CTV783,Citilink,8a061c,Indonesia,N/A,-6.9993,111.6327,10027.92,32900.0,10683.24,35050.0,763.9,412.5,7.48,1472.4,67.48,Climbing (Takeoff),0,0,0,1790689335,1790689335,N/A,OpenSky Network
2026-09-29 20:50:06,GIA424,Garuda Indonesia,8a03c8,Indonesia,N/A,-6.968,111.2472,10668,35000.0,11407.14,37425.0,812.2,438.5,0,0.0,98.26,Cruising,0,0,0,1790689762,1790689763,N/A,OpenSky Network
2026-09-29 20:56:32,GIA424,Garuda Indonesia,8a03c8,Indonesia,N/A,-7.0751,111.6157,10668.0,35000.0,11407.14,37425.0,823.4,444.6,0.0,0.0,112.76,Cruising,0,0,0,1790689950,1790689951,N/A,OpenSky Network
2026-09-29 20:56:32,BTK6588,Batik Air,8a0522,Indonesia,N/A,-6.9641,111.1738,8221.98,26975.0,8862.06,29075.0,768.3,414.9,-5.2,-1023.6,105.38,Descending (Landing/Approach),0,0,0,1790690108,1790690108,N/A,OpenSky Network
2026-09-29 21:00:49,NONE,N/A,N/A,N/A,N/A,-8.7482,115.1672,0,0,0,0,0,0,0,0,0,No Flights,0,0,0,0,0,N/A,OpenSky Network
2026-09-29 21:07:32,NONE,N/A,N/A,N/A,N/A,-8.7482,115.1672,0,0,0,0,0,0,0,0,0,No Flights,0,0,0,0,0,N/A,OpenSky Network
2026-09-29 21:14:27,GIA324,Garuda Indonesia,8a01e0,Indonesia,N/A,-7.0294,111.1646,7627.62,25025.0,8176.26,26825.0,664.1,358.6,-9.1,-1791.3,102.56,Descending (Landing/Approach),0,0,0,1790691238,1790691245,N/A,OpenSky Network
2026-09-29 21:21:35,NONE,N/A,N/A,N/A,N/A,-8.7482,115.1672,0,0,0,0,0,0,0,0,0,No Flights,0,0,0,0,0,N/A,OpenSky Network
2026-09-29 21:28:32,NONE,N/A,N/A,N/A,N/A,-8.7482,115.1672,0,0,0,0,0,0,0,0,0,No Flights,0,0,0,0,0,N/A,OpenSky Network
2026-09-29 21:35:38,NONE,N/A,N/A,N/A,N/A,-8.7482,115.1672,0,0,0,0,0,0,0,0,0,No Flights,0,0,0,0,0,N/A,OpenSky Network
2026-09-29 21:42:33,NONE,N/A,N/A,N/A,N/A,-8.7482,115.1672,0,0,0,0,0,0,0,0,0,No Flights,0,0,0,0,0,N/A,OpenSky Network
2026-09-29 21:49:29,CTV728,Citilink,8a04a7,Indonesia,N/A,-7.037,111.1546,7604.76,24950.0,8336.28,27350.0,730.2,394.3,-10.08,-1984.2,102.45,Descending (Landing/Approach),0,0,0,1790693229,1790693229,N/A,OpenSky Network
2026-09-29 21:49:29,TNU5110,TransNusa,8a0aad,Indonesia,N/A,-6.9353,110.9144,11277.6,37000.0,12070.08,39600.0,777.2,419.6,0.0,0.0,96.43,Cruising,0,0,0,1790693354,1790693354,N/A,OpenSky Network
2026-09-29 21:56:33,NONE,N/A,N/A,N/A,N/A,-8.7482,115.1672,0,0,0,0,0,0,0,0,0,No Flights,0,0,0,0,0,N/A,OpenSky Network
2026-09-29 22:00:52,NONE,N/A,N/A,N/A,N/A,-8.7482,115.1672,0,0,0,0,0,0,0,0,0,No Flights,0,0,0,0,0,N/A,OpenSky Network
2026-09-29 22:07:29,NONE,N/A,N/A,N/A,N/A,-8.7482,115.1672,0,0,0,0,0,0,0,0,0,No Flights,0,0,0,0,0,N/A,OpenSky Network
2026-09-29 22:14:35,CTV685,Citilink,8a0374,Indonesia,N/A,-6.4154,111.2362,11582.4,38000.0,12367.26,40575.0,852.5,460.3,0,0.0,297.85,Cruising,0,0,0,1790694768,1790694768,N/A,OpenSky Network
2026-09-29 22:21:25,NONE,N/A,N/A,N/A,N/A,-8.7482,115.1672,0,0,0,0,0,0,0,0,0,No Flights,0,0,0,0,0,N/A,OpenSky Network
2026-09-29 22:28:38,N/A,Unknown,8a03c9,Indonesia,N/A,-6.984,110.9037,8839.2,29000.0,9464.04,31050.0,753.9,407.1,0.0,0.0,90.99,Cruising,0,0,0,1790695693,1790695693,N/A,OpenSky Network
2026-09-29 22:28:38,BTK7521,Batik Air,8a06fd,Indonesia,N/A,-6.9887,111.1482,7635.24,25050.0,8221.98,26975.0,743.8,401.6,-13.33,-2624.0,95.14,Descending (Landing/Approach),0,0,0,1790695515,1790695517,N/A,OpenSky Network
2026-09-29 22:35:31,GIA652,Garuda Indonesia,8a03c9,Indonesia,N/A,-6.9883,111.1497,8839.2,29000.0,9464.04,31050.0,757.6,409.1,0.33,65.0,90.98,Cruising,0,0,0,1790695823,1790695831,N/A,OpenSky Network
2026-09-29 22:42:28,NONE,N/A,N/A,N/A,N/A,-8.7482,115.1672,0,0,0,0,0,0,0,0,0,No Flights,0,0,0,0,0,N/A,OpenSky Network
2026-09-29 22:49:28,NONE,N/A,N/A,N/A,N/A,-8.7482,115.1672,0,0,0,0,0,0,0,0,0,No Flights,0,0,0,0,0,N/A,OpenSky Network
2026-09-29 22:56:36,NONE,N/A,N/A,N/A,N/A,-8.7482,115.1672,0,0,0,0,0,0,0,0,0,No Flights,0,0,0,0,0,N/A,OpenSky Network
2026-09-29 23:00:49,NONE,N/A,N/A,N/A,N/A,-8.7482,115.1672,0,0,0,0,0,0,0,0,0,No Flights,0,0,0,0,0,N/A,OpenSky Network
2026-09-29 23:07:32,NONE,N/A,N/A,N/A,N/A,-8.7482,115.1672,0,0,0,0,0,0,0,0,0,No Flights,0,0,0,0,0,N/A,OpenSky Network
2026-09-29 23:14:30,NONE,N/A,N/A,N/A,N/A,-8.7482,115.1672,0,0,0,0,0,0,0,0,0,No Flights,0,0,0,0,0,N/A,OpenSky Network
2026-09-29 23:21:30,NONE,N/A,N/A,N/A,N/A,-8.7482,115.1672,0,0,0,0,0,0,0,0,0,No Flights,0,0,0,0,0,N/A,OpenSky Network
2026-09-29 23:28:31,NONE,N/A,N/A,N/A,N/A,-8.7482,115.1672,0,0,0,0,0,0,0,0,0,No Flights,0,0,0,0,0,N/A,OpenSky Network
2026-09-29 23:35:34,NONE,N/A,N/A,N/A,N/A,-8.7482,115.1672,0,0,0,0,0,0,0,0,0,No Flights,0,0,0,0,0,N/A,OpenSky Network
2026-09-29 23:42:32,NONE,N/A,N/A,N/A,N/A,-8.7482,115.1672,0,0,0,0,0,0,0,0,0,No Flights,0,0,0,0,0,N/A,OpenSky Network
2026-09-29 23:49:31,NONE,N/A,N/A,N/A,N/A,-8.7482,115.1672,0,0,0,0,0,0,0,0,0,No Flights,0,0,0,0,0,N/A,OpenSky Network
2026-09-29 23:56:34,NONE,N/A,N/A,N/A,N/A,-8.7482,115.1672,0,0,0,0,0,0,0,0,0,No Flights,0,0,0,0,0,N/A,OpenSky Network
2026-09-30 00:00:48,NONE,N/A,N/A,N/A,N/A,-8.7482,115.1672,0,0,0,0,0,0,0,0,0,No Flights,0,0,0,0,0,N/A,OpenSky Network
2026-09-30 00:07:29,NONE,N/A,N/A,N/A,N/A,-8.7482,115.1672,0,0,0,0,0,0,0,0,0,No Flights,0,0,0,0,0,N/A,OpenSky Network
2026-09-30 00:14:29,NONE,N/A,N/A,N/A,N/A,-8.7482,115.1672,0,0,0,0,0,0,0,0,0,No Flights,0,0,0,0,0,N/A,OpenSky Network
2026-09-30 00:21:32,NONE,N/A,N/A,N/A,N/A,-8.7482,115.1672,0,0,0,0,0,0,0,0,0,No Flights,0,0,0,0,0,N/A,OpenSky Network
2026-09-30 00:28:30,NONE,N/A,N/A,N/A,N/A,-8.7482,115.1672,0,0,0,0,0,0,0,0,0,No Flights,0,0,0,0,0,N/A,OpenSky Network
2026-09-30 00:35:32,NONE,N/A,N/A,N/A,N/A,-8.7482,115.1672,0,0,0,0,0,0,0,0,0,No Flights,0,0,0,0,0,N/A,OpenSky Network
2026-09-30 00:42:35,NONE,N/A,N/A,N/A,N/A,-8.7482,115.1672,0,0,0,0,0,0,0,0,0,No Flights,0,0,0,0,0,N/A,OpenSky Network
2026-09-30 00:49:29,NONE,N/A,N/A,N/A,N/A,-8.7482,115.1672,0,0,0,0,0,0,0,0,0,No Flights,0,0,0,0,0,N/A,OpenSky Network
2026-09-30 00:56:32,NONE,N/A,N/A,N/A,N/A,-8.7482,115.1672,0,0,0,0,0,0,0,0,0,No Flights,0,0,0,0,0,N/A,OpenSky Network
2026-09-30 01:00:48,NONE,N/A,N/A,N/A,N/A,-8.7482,115.1672,0,0,0,0,0,0,0,0,0,No Flights,0,0,0,0,0,N/A,OpenSky Network
2026-09-30 01:07:31,NONE,N/A,N/A,N/A,N/A,-8.7482,115.1672,0,0,0,0,0,0,0,0,0,No Flights,0,0,0,0,0,N/A,OpenSky Network
2026-09-30 01:14:30,NONE,N/A,N/A,N/A,N/A,-8.7482,115.1672,0,0,0,0,0,0,0,0,0,No Flights,0,0,0,0,0,N/A,OpenSky Network
2026-09-30 01:21:27,NONE,N/A,N/A,N/A,N/A,-8.7482,115.1672,0,0,0,0,0,0,0,0,0,No Flights,0,0,0,0,0,N/A,OpenSky Network
2026-09-30 01:28:32,NONE,N/A,N/A,N/A,N/A,-8.7482,115.1672,0,0,0,0,0,0,0,0,0,No Flights,0,0,0,0,0,N/A,OpenSky Network
2026-09-30 01:35:32,NONE,N/A,N/A,N/A,N/A,-8.7482,115.1672,0,0,0,0,0,0,0,0,0,No Flights,0,0,0,0,0,N/A,OpenSky Network
2026-09-30 01:42:31,NONE,N/A,N/A,N/A,N/A,-8.7482,115.1672,0,0,0,0,0,0,0,0,0,No Flights,0,0,0,0,0,N/A,OpenSky Network
2026-09-30 01:49:28,NONE,N/A,N/A,N/A,N/A,-8.7482,115.1672,0,0,0,0,0,0,0,0,0,No Flights,0,0,0,0,0,N/A,OpenSky Network
2026-09-30 01:56:35,NONE,N/A,N/A,N/A,N/A,-8.7482,115.1672,0,0,0,0,0,0,0,0,0,No Flights,0,0,0,0,0,N/A,OpenSky Network
2026-09-30 02:07:27,NONE,N/A,N/A,N/A,N/A,-8.7482,115.1672,0,0,0,0,0,0,0,0,0,No Flights,0,0,0,0,0,N/A,OpenSky Network
2026-09-30 02:14:37,NONE,N/A,N/A,N/A,N/A,-8.7482,115.1672,0,0,0,0,0,0,0,0,0,No Flights,0,0,0,0,0,N/A,OpenSky Network
2026-09-30 02:21:32,NONE,N/A,N/A,N/A,N/A,-8.7482,115.1672,0,0,0,0,0,0,0,0,0,No Flights,0,0,0,0,0,N/A,OpenSky Network
2026-09-30 02:28:32,NONE,N/A,N/A,N/A,N/A,-8.7482,115.1672,0,0,0,0,0,0,0,0,0,No Flights,0,0,0,0,0,N/A,OpenSky Network
2026-09-30 02:35:34,NONE,N/A,N/A,N/A,N/A,-8.7482,115.1672,0,0,0,0,0,0,0,0,0,No Flights,0,0,0,0,0,N/A,OpenSky Network
2026-09-30 02:42:32,NONE,N/A,N/A,N/A,N/A,-8.7482,115.1672,0,0,0,0,0,0,0,0,0,No Flights,0,0,0,0,0,N/A,OpenSky Network
2026-09-30 02:49:28,NONE,N/A,N/A,N/A,N/A,-8.7482,115.1672,0,0,0,0,0,0,0,0,0,No Flights,0,0,0,0,0,N/A,OpenSky Network
2026-09-30 02:56:31,CTV602,Citilink,8a0509,Indonesia,N/A,-6.9855,111.0004,10668,35000.0,11391.9,37375.0,833.5,450.1,0,0.0,91.02,Cruising,0,0,0,1790711568,1790711669,N/A,OpenSky Network
2026-09-30 03:00:53,CTV602,Citilink,8a0509,Indonesia,N/A,-7.0203,111.5944,10668,35000.0,11391.9,37375.0,828.5,447.4,0,0.0,98.87,Cruising,0,0,0,1790711852,1790711856,N/A,OpenSky Network
2026-09-30 03:07:28,NONE,N/A,N/A,N/A,N/A,-8.7482,115.1672,0,0,0,0,0,0,0,0,0,No Flights,0,0,0,0,0,N/A,OpenSky Network
2026-09-30 03:14:33,BTK6540,Batik Air,8a091b,Indonesia,N/A,-6.9966,111.4434,10675.62,35025.0,11399.52,37400.0,837.5,452.2,0,0.0,95.71,Cruising,0,0,0,1790712803,1790712803,N/A,OpenSky Network
2026-09-30 03:21:33,NONE,N/A,N/A,N/A,N/A,-8.7482,115.1672,0,0,0,0,0,0,0,0,0,No Flights,0,0,0,0,0,N/A,OpenSky Network
2026-09-30 03:28:25,NONE,N/A,N/A,N/A,N/A,-8.7482,115.1672,0,0,0,0,0,0,0,0,0,No Flights,0,0,0,0,0,N/A,OpenSky Network
2026-09-30 03:36:13,NONE,N/A,N/A,N/A,N/A,-8.7482,115.1672,0,0,0,0,0,0,0,0,0,No Flights,0,0,0,0,0,N/A,OpenSky Network
2026-09-30 03:42:28,NONE,N/A,N/A,N/A,N/A,-8.7482,115.1672,0,0,0,0,0,0,0,0,0,No Flights,0,0,0,0,0,N/A,OpenSky Network
2026-09-30 03:49:26,NONE,N/A,N/A,N/A,N/A,-8.7482,115.1672,0,0,0,0,0,0,0,0,0,No Flights,0,0,0,0,0,N/A,OpenSky Network
2026-09-30 03:56:30,NONE,N/A,N/A,N/A,N/A,-8.7482,115.1672,0,0,0,0,0,0,0,0,0,No Flights,0,0,0,0,0,N/A,OpenSky Network
2026-09-30 04:00:43,NONE,N/A,N/A,N/A,N/A,-8.7482,115.1672,0,0,0,0,0,0,0,0,0,No Flights,0,0,0,0,0,N/A,OpenSky Network
2026-09-30 04:07:28,NONE,N/A,N/A,N/A,N/A,-8.7482,115.1672,0,0,0,0,0,0,0,0,0,No Flights,0,0,0,0,0,N/A,OpenSky Network
2026-09-30 04:14:29,NONE,N/A,N/A,N/A,N/A,-8.7482,115.1672,0,0,0,0,0,0,0,0,0,No Flights,0,0,0,0,0,N/A,OpenSky Network
2026-09-30 04:21:30,NONE,N/A,N/A,N/A,N/A,-8.7482,115.1672,0,0,0,0,0,0,0,0,0,No Flights,0,0,0,0,0,N/A,OpenSky Network
2026-09-30 04:28:34,LNI690,Lion Air,8a02a5,Indonesia,N/A,-6.9271,111.0182,8770.62,28775.0,9372.6,30750.0,760.0,410.3,-12.03,-2368.1,99.26,Descending (Landing/Approach),0,0,0,1790717273,1790717283,N/A,OpenSky Network
2026-09-30 04:35:35,NONE,N/A,N/A,N/A,N/A,-8.7482,115.1672,0,0,0,0,0,0,0,0,0,No Flights,0,0,0,0,0,N/A,OpenSky Network
2026-09-30 04:42:31,NONE,N/A,N/A,N/A,N/A,-8.7482,115.1672,0,0,0,0,0,0,0,0,0,No Flights,0,0,0,0,0,N/A,OpenSky Network
2026-09-30 04:49:47,NONE,N/A,N/A,N/A,N/A,-8.7482,115.1672,0,0,0,0,0,0,0,0,0,No Flights,0,0,0,0,0,N/A,OpenSky Network
2026-09-30 04:56:26,NONE,N/A,N/A,N/A,N/A,-8.7482,115.1672,0,0,0,0,0,0,0,0,0,No Flights,0,0,0,0,0,N/A,OpenSky Network
2026-09-30 05:00:46,NONE,N/A,N/A,N/A,N/A,-8.7482,115.1672,0,0,0,0,0,0,0,0,0,No Flights,0,0,0,0,0,N/A,OpenSky Network
2026-09-30 05:07:30,NONE,N/A,N/A,N/A,N/A,-8.7482,115.1672,0,0,0,0,0,0,0,0,0,No Flights,0,0,0,0,0,N/A,OpenSky Network
2026-09-30 05:14:30,NONE,N/A,N/A,N/A,N/A,-8.7482,115.1672,0,0,0,0,0,0,0,0,0,No Flights,0,0,0,0,0,N/A,OpenSky Network
2026-09-30 05:21:32,NONE,N/A,N/A,N/A,N/A,-8.7482,115.1672,0,0,0,0,0,0,0,0,0,No Flights,0,0,0,0,0,N/A,OpenSky Network
2026-09-30 05:28:31,LNI020,Lion Air,8a0458,Indonesia,N/A,-6.9635,111.2541,10668,35000.0,11391.9,37375.0,854.1,461.2,0,0.0,112.84,Cruising,0,0,0,1790720787,1790720895,N/A,OpenSky Network
2026-09-30 05:35:31,CTV680,Citilink,8a04a9,Indonesia,N/A,-6.924,111.0075,10668.0,35000.0,11399.52,37400.0,835.5,451.1,0.0,0.0,99.44,Cruising,0,0,0,1790721088,1790721101,N/A,OpenSky Network
2026-09-30 05:35:31,BTK7508,Batik Air,8a06fd,Indonesia,N/A,-6.4555,111.2665,10043.16,32950.0,10744.2,35250.0,843.1,455.2,5.2,1023.6,299.04,Climbing (Takeoff),0,0,0,1790721245,1790721247,N/A,OpenSky Network
2026-09-30 05:42:29,NONE,N/A,N/A,N/A,N/A,-8.7482,115.1672,0,0,0,0,0,0,0,0,0,No Flights,0,0,0,0,0,N/A,OpenSky Network
2026-09-30 05:49:31,SPRN03,Other Airline,8a0abf,Indonesia,N/A,-6.966,111.1711,8115.3,26625.0,8656.32,28400.0,745.8,402.7,-9.1,-1791.3,102.62,Descending (Landing/Approach),0,0,0,1790722028,1790722050,N/A,OpenSky Network
2026-09-30 05:56:28,NONE,N/A,N/A,N/A,N/A,-8.7482,115.1672,0,0,0,0,0,0,0,0,0,No Flights,0,0,0,0,0,N/A,OpenSky Network
2026-09-30 06:00:48,NONE,N/A,N/A,N/A,N/A,-8.7482,115.1672,0,0,0,0,0,0,0,0,0,No Flights,0,0,0,0,0,N/A,OpenSky Network
2026-09-30 06:07:28,KCN05,K-Mile Air / Kencana Air,8a0024,Indonesia,N/A,-6.9612,111.1197,8999.22,29525.0,9585.96,31450.0,789.5,426.3,-4.55,-895.7,97.14,Descending (Landing/Approach),0,0,0,1790723230,1790723231,N/A,OpenSky Network
2026-09-30 06:14:28,BTK7511,Batik Air,8a0636,Indonesia,N/A,-7.0085,111.2538,7581.9,24875.0,8328.66,27325.0,753.7,407.0,-10.4,-2047.2,104.51,Descending (Landing/Approach),0,0,0,1790723525,1790723525,N/A,OpenSky Network
2026-09-30 06:14:28,SJV777,Sriwijaya Air / Super Air Jet,8a09c4,Indonesia,N/A,-7.5759,110.6755,6835.14,22425.0,7330.44,24050.0,754.6,407.4,-12.68,-2496.1,228.68,Descending (Landing/Approach),0,0,0,1790723667,1790723668,N/A,OpenSky Network
2026-09-30 06:21:32,LKN280,Lion Air (Alt),8a054f,Indonesia,N/A,-6.9701,111.2444,10073.64,33050.0,10774.68,35350.0,829.0,447.6,-0.33,-65.0,97.32,Cruising,0,0,0,1790724076,1790724076,N/A,OpenSky Network
2026-09-30 06:28:36,LKN280,Lion Air (Alt),8a054f,Indonesia,N/A,-6.9701,111.2444,10073.64,33050.0,10774.68,35350.0,838.5,452.8,0,0.0,112.6,Cruising,0,0,0,1790724076,1790724223,N/A,OpenSky Network
2026-09-30 06:35:33,T7808,Private / Business Jet / General Aviation,500305,San Marino,N/A,-6.9581,110.9169,12496.8,41000.0,13281.66,43575.0,906.0,489.2,0,0.0,93.99,Cruising,0,0,0,1790724925,1790724925,N/A,OpenSky Network
2026-09-30 06:42:33,T7808,Private / Business Jet / General Aviation,500305,San Marino,N/A,-7.0743,111.6141,12496.8,41000.0,13281.66,43575.0,898.1,484.9,0,0.0,112.81,Cruising,0,0,0,1790725241,1790725242,N/A,OpenSky Network
2026-09-30 06:50:04,N/A,Unknown,8a0376,Indonesia,N/A,-6.9842,110.9111,8900.16,29200.0,9563.1,31375.0,753.9,407.1,-10.08,-1984.2,90.99,Descending (Landing/Approach),0,0,0,1790725795,1790725795,N/A,OpenSky Network
2026-09-30 06:56:30,CTV738,Citilink,8a0376,Indonesia,N/A,-6.9883,111.152,7650.48,25100.0,8221.98,26975.0,711.3,384.0,-10.08,-1984.2,90.9,Descending (Landing/Approach),0,0,0,1790725926,1790725929,N/A,OpenSky Network
2026-09-30 06:56:30,SJV796,Sriwijaya Air / Super Air Jet,8a08c0,Indonesia,N/A,-6.9825,110.841,10668.0,35000.0,11407.14,37425.0,839.1,453.1,0.33,65.0,91.01,Cruising,0,0,0,1790726182,1790726184,N/A,OpenSky Network
2026-09-30 07:00:43,SJV796,Sriwijaya Air / Super Air Jet,8a08c0,Indonesia,N/A,-6.9884,111.2059,10660.38,34975.0,11399.52,37400.0,837.3,452.1,0,0.0,91.14,Cruising,0,0,0,1790726356,1790726365,N/A,OpenSky Network
2026-09-30 07:07:28,LNI668,Lion Air,8a082b,Indonesia,N/A,-6.9281,110.9363,10226.04,33550.0,10949.94,35925.0,884.6,477.6,-10.4,-2047.2,214.42,Descending (Landing/Approach),0,0,0,1790726841,1790726843,N/A,OpenSky Network
2026-09-30 07:07:28,SJV796,Sriwijaya Air / Super Air Jet,8a08c0,Indonesia,N/A,-7.0366,111.7003,10660.38,34975.0,11414.76,37450.0,837.9,452.4,0.0,0.0,98.9,Cruising,0,0,0,1790726593,1790726593,N/A,OpenSky Network
2026-09-30 07:07:28,PAS646,Pelita Air Service,8a0a44,Indonesia,N/A,-7.2653,110.755,9311.64,30550.0,10005.06,32825.0,850.1,459.0,-11.7,-2303.1,190.04,Descending (Landing/Approach),0,0,0,1790726845,1790726845,N/A,OpenSky Network
2026-09-30 07:14:30,SJV127,Sriwijaya Air / Super Air Jet,8a08db,Indonesia,N/A,-7.3219,111.0169,3611.88,11850.0,3863.34,12675.0,657.8,355.2,10.08,1984.2,50.48,Climbing (Takeoff),0,0,0,1790727264,1790727264,N/A,OpenSky Network
2026-09-30 07:21:29,CTV780,Citilink,8a061c,Indonesia,N/A,-7.2088,111.1134,9540.24,31300.0,10226.04,33550.0,852.0,460.0,-14.63,-2879.9,230.11,Descending (Landing/Approach),0,0,0,1790727645,1790727665,N/A,OpenSky Network
2026-09-30 07:21:29,PAS200,Pelita Air Service,8a0993,Indonesia,N/A,-6.9878,111.1566,8061.96,26450.0,8702.04,28550.0,763.1,412.0,-10.73,-2112.2,90.83,Descending (Landing/Approach),0,0,0,1790727506,1790727506,N/A,OpenSky Network
2026-09-30 07:28:32,N/A,Unknown,8a04f4,Indonesia,N/A,-6.4432,111.2275,11582.4,38000.0,12359.64,40550.0,880.9,475.7,0,0.0,280.29,Cruising,0,0,0,1790728068,1790728073,N/A,OpenSky Network
2026-09-30 07:35:30,NONE,N/A,N/A,N/A,N/A,-8.7482,115.1672,0,0,0,0,0,0,0,0,0,No Flights,0,0,0,0,0,N/A,OpenSky Network
2026-09-30 07:42:34,NONE,N/A,N/A,N/A,N/A,-8.7482,115.1672,0,0,0,0,0,0,0,0,0,No Flights,0,0,0,0,0,N/A,OpenSky Network
2026-09-30 07:49:29,N/A,Unknown,8a03c4,Indonesia,N/A,-6.989,111.1987,10668,35000.0,11399.52,37400.0,822.4,444.1,0,0.0,90.9,Cruising,0,0,0,1790729141,1790729141,N/A,OpenSky Network
2026-09-30 07:56:30,NONE,N/A,N/A,N/A,N/A,-8.7482,115.1672,0,0,0,0,0,0,0,0,0,No Flights,0,0,0,0,0,N/A,OpenSky Network
2026-09-30 08:00:41,SJV316,Sriwijaya Air / Super Air Jet,8a090b,Indonesia,N/A,-6.9533,111.1871,6842.76,22450.0,7353.3,24125.0,782.8,422.7,-14.31,-2816.9,99.4,Descending (Landing/Approach),0,0,0,1790729957,1790729958,N/A,OpenSky Network
2026-09-30 08:07:31,SJV762,Sriwijaya Air / Super Air Jet,8a0974,Indonesia,N/A,-6.9891,111.2045,10058.4,33000.0,10797.54,35425.0,855.8,462.1,0,0.0,90.99,Cruising,0,0,0,1790730411,1790730411,N/A,OpenSky Network
2026-09-30 08:14:32,SJV762,Sriwijaya Air / Super Air Jet,8a0974,Indonesia,N/A,-7.0235,111.6147,10058.4,33000.0,10797.54,35425.0,862.3,465.6,0.0,0.0,98.9,Cruising,0,0,0,1790730603,1790730603,N/A,OpenSky Network
2026-09-30 08:14:32,LNI693,Lion Air,8a0295,Indonesia,N/A,-6.5732,111.0456,10782.3,35375.0,11391.9,37375.0,864.8,466.9,4.55,895.7,282.99,Climbing (Takeoff),0,0,0,1790730597,1790730597,N/A,OpenSky Network
2026-09-30 08:14:32,GIA402,Garuda Indonesia,8a0a61,Indonesia,N/A,-6.9897,111.2176,11277.6,37000.0,12062.46,39575.0,804.0,434.1,0.0,0.0,91.32,Cruising,0,0,0,1790730769,1790730769,N/A,OpenSky Network
2026-09-30 08:21:31,TNU5161,TransNusa,8a0987,Indonesia,N/A,-6.9686,111.2321,9448.8,31000.0,10126.98,33225.0,853.4,460.8,0,0.0,97.36,Cruising,0,0,0,1790731133,1790731227,N/A,OpenSky Network
2026-09-30 08:29:10,J053G,Other Airline,8a0708,Indonesia,N/A,-7.7658,110.7006,2499.36,8200.0,2346.96,7700.0,246.2,132.9,27.96,5503.9,44.39,Climbing (Takeoff),0,0,0,1790731739,1790731739,N/A,OpenSky Network
2026-09-30 08:29:10,GIA432,Garuda Indonesia,8a0a53,Indonesia,N/A,-6.9894,111.222,10668.0,35000.0,11422.38,37475.0,826.1,446.1,0.0,0.0,90.9,Cruising,0,0,0,1790731710,1790731710,N/A,OpenSky Network
2026-09-30 08:35:33,J053G,Other Airline,8a0708,Indonesia,N/A,-7.7089,110.6997,2499.36,8200.0,2705.1,8875.0,211.9,114.4,12.03,2368.1,328.95,Climbing (Takeoff),0,0,0,1790732124,1790732124,N/A,OpenSky Network
2026-09-30 08:35:33,GIA432,Garuda Indonesia,8a0a53,Indonesia,N/A,-7.0025,111.4795,10668.0,35000.0,11422.38,37475.0,826.1,446.1,0.0,0.0,90.9,Cruising,0,0,0,1790731834,1790731834,N/A,OpenSky Network
2026-09-30 08:42:28,NONE,N/A,N/A,N/A,N/A,-8.7482,115.1672,0,0,0,0,0,0,0,0,0,No Flights,0,0,0,0,0,N/A,OpenSky Network
2026-09-30 08:49:28,PAS647,Pelita Air Service,8a0a44,Indonesia,N/A,-6.8364,111.1132,9052.56,29700.0,9700.26,31825.0,813.3,439.1,6.83,1344.5,45.65,Climbing (Takeoff),0,0,0,1790732949,1790732949,N/A,OpenSky Network
2026-09-30 08:56:25,GIA406,Garuda Indonesia,8a0449,Indonesia,N/A,-6.9641,111.2309,10668.0,35000.0,11399.52,37400.0,807.2,435.9,0.0,0.0,98.58,Cruising,0,0,0,1790733351,1790733351,N/A,OpenSky Network
2026-09-30 08:56:25,GIA302,Garuda Indonesia,8a0a65,Indonesia,N/A,-6.9779,111.2023,7940.04,26050.0,8519.16,27950.0,671.8,362.8,-8.13,-1600.4,105.84,Descending (Landing/Approach),0,0,0,1790733276,1790733278,N/A,OpenSky Network
2026-09-30 09:00:47,GIA406,Garuda Indonesia,8a0449,Indonesia,N/A,-6.9641,111.2309,10668.0,35000.0,11399.52,37400.0,807.2,435.9,0.0,0.0,98.58,Cruising,0,0,0,1790733351,1790733351,N/A,OpenSky Network
2026-09-30 09:00:47,TGW248,Scoot,76b865,Singapore,N/A,-7.5097,110.689,8999.22,29525.0,9677.4,31750.0,910.6,491.7,-11.05,-2175.2,190.78,Descending (Landing/Approach),0,0,0,1790733636,1790733636,N/A,OpenSky Network
2026-09-30 09:07:28,NONE,N/A,N/A,N/A,N/A,-8.7482,115.1672,0,0,0,0,0,0,0,0,0,No Flights,0,0,0,0,0,N/A,OpenSky Network
2026-09-30 09:14:34,WONGBE14,Wings Air,8a02d9,Indonesia,N/A,-7.5375,110.7611,3360.42,11025.0,3604.26,11825.0,410.4,221.6,0,0.0,53.44,Cruising,0,0,0,1790734465,1790734465,N/A,OpenSky Network
2026-09-30 09:14:34,SJV370,Sriwijaya Air / Super Air Jet,8a0951,Indonesia,N/A,-6.9887,111.1971,10058.4,33000.0,10789.92,35400.0,853.9,461.1,0,0.0,90.87,Cruising,0,0,0,1790734450,1790734450,N/A,OpenSky Network
2026-09-30 09:14:34,AWQ808,Indonesia AirAsia,8a017c,Indonesia,N/A,-7.0464,111.5476,10668.0,35000.0,11407.14,37425.0,827.6,446.8,0,0.0,112.78,Cruising,0,0,0,1790734462,1790734462,N/A,OpenSky Network
2026-09-30 09:21:26,WONGBE14,Wings Air,8a02d9,Indonesia,N/A,-7.2283,110.7571,3352.8,11000.0,3611.88,11850.0,418.8,226.1,0.98,192.9,1.77,Cruising,0,0,0,1790734809,1790734809,N/A,OpenSky Network
2026-09-30 09:21:26,J918G,Other Airline,8a055b,Indonesia,N/A,-7.7483,110.677,2072.64,6800.0,2240.28,7350.0,327.8,177.0,-0.33,-65.0,90.65,Cruising,0,0,0,1790734702,1790734702,N/A,OpenSky Network
2026-09-30 09:21:26,LNI641,Lion Air,8a0966,Indonesia,N/A,-7.1857,110.7796,9669.78,31725.0,10363.2,34000.0,864.6,466.8,-5.2,-1023.6,219.35,Descending (Landing/Approach),0,0,0,1790734867,1790734867,N/A,OpenSky Network
2026-09-30 09:28:29,BTK6566,Batik Air,8a0494,Indonesia,N/A,-6.9796,111.2321,9989.82,32775.0,10706.1,35125.0,844.9,456.2,-4.88,-960.6,104.34,Descending (Landing/Approach),0,0,0,1790735059,1790735136,N/A,OpenSky Network
2026-09-30 09:35:33,LNI030,Lion Air,8a01ad,Indonesia,N/A,-6.9894,111.2181,9448.8,31000.0,10104.12,33150.0,853.9,461.1,0.33,65.0,90.87,Cruising,0,0,0,1790735654,1790735654,N/A,OpenSky Network
2026-09-30 09:42:31,LNI030,Lion Air,8a01ad,Indonesia,N/A,-6.9894,111.2181,9448.8,31000.0,10104.12,33150.0,869.9,469.7,0.0,0.0,112.8,Cruising,0,0,0,1790735654,1790735831,N/A,OpenSky Network
2026-09-30 09:42:31,LNI522,Lion Air,8a082b,Indonesia,N/A,-7.1578,110.8078,8481.06,27825.0,9090.66,29825.0,801.3,432.7,6.5,1279.5,55.83,Climbing (Takeoff),0,0,0,1790736136,1790736136,N/A,OpenSky Network
2026-09-30 09:42:31,LNI669,Lion Air,8a082d,Indonesia,N/A,-6.8558,111.2646,10043.16,32950.0,10744.2,35250.0,839.5,453.3,0.0,0.0,55.15,Cruising,0,0,0,1790736099,1790736126,N/A,OpenSky Network
2026-09-30 09:42:31,SJV170,Sriwijaya Air / Super Air Jet,8a0921,Indonesia,N/A,-6.9855,110.9993,10668.0,35000.0,11430.0,37500.0,826.1,446.1,0.0,0.0,90.9,Cruising,0,0,0,1790735993,1790735993,N/A,OpenSky Network
2026-09-30 09:49:30,N/A,Unknown,8a0448,Indonesia,N/A,-6.9209,110.9476,8724.9,28625.0,9387.84,30800.0,721.0,389.3,-5.53,-1088.6,105.04,Descending (Landing/Approach),0,0,0,1790736533,1790736533,N/A,OpenSky Network
2026-09-30 09:49:30,CTV640,Citilink,8a061e,Indonesia,N/A,-6.983,110.864,10668.0,35000.0,11422.38,37475.0,822.4,444.1,0.0,0.0,91.03,Cruising,0,0,0,1790736503,1790736503,N/A,OpenSky Network
2026-09-30 09:49:30,LNI522,Lion Air,8a082b,Indonesia,N/A,-6.7509,111.3983,9448.8,31000.0,10134.6,33250.0,842.5,454.9,0.0,0.0,55.3,Cruising,0,0,0,1790736480,1790736483,N/A,OpenSky Network
2026-09-30 09:49:30,BTK7513,Batik Air,8a06fd,Indonesia,N/A,-6.9812,110.7501,9867.9,32375.0,10629.9,34875.0,822.5,444.1,-4.55,-895.7,91.16,Descending (Landing/Approach),0,0,0,1790736538,1790736538,N/A,OpenSky Network
2026-09-30 09:49:30,SJV170,Sriwijaya Air / Super Air Jet,8a0921,Indonesia,N/A,-7.0579,111.5746,10668.0,35000.0,11430.0,37500.0,839.2,453.1,0.0,0.0,112.72,Cruising,0,0,0,1790736275,1790736276,N/A,OpenSky Network
2026-09-30 09:49:30,N/A,Unknown,8a08db,Indonesia,N/A,-6.8607,111.2943,10355.58,33975.0,11094.72,36400.0,887.5,479.2,0.33,65.0,238.13,Cruising,0,0,0,1790736551,1790736551,N/A,OpenSky Network
2026-09-30 09:56:30,BTK7513,Batik Air,8a06fd,Indonesia,N/A,-6.989,111.2094,7940.04,26050.0,8542.02,28025.0,657.5,355.0,-5.85,-1151.6,90.97,Descending (Landing/Approach),0,0,0,1790736775,1790736775,N/A,OpenSky Network
2026-09-30 09:56:30,SJV122,Sriwijaya Air / Super Air Jet,8a08db,Indonesia,N/A,-7.5224,110.7307,6697.98,21975.0,7208.52,23650.0,777.1,419.6,-9.43,-1856.3,209.56,Descending (Landing/Approach),0,0,0,1790736989,1790736989,N/A,OpenSky Network
2026-09-30 10:02:55,PAS102,Pelita Air Service,8a0a89,Indonesia,N/A,-6.9661,110.9159,11277.6,37000.0,12077.7,39625.0,810.4,437.6,0,0.0,93.01,Cruising,0,0,0,1790737368,1790737368,N/A,OpenSky Network
2026-09-30 10:07:29,PAS102,Pelita Air Service,8a0a89,Indonesia,N/A,-6.9824,111.2285,11285.22,37025.0,12085.32,39650.0,814.4,439.7,0,0.0,104.35,Cruising,0,0,0,1790737522,1790737623,N/A,OpenSky Network
2026-09-30 10:14:34,N/A,Unknown,8a02ff,Indonesia,N/A,-6.5349,111.5492,10972.8,36000.0,0,0.0,850.6,459.3,0,0.0,295.95,Cruising,0,0,0,1790738027,1790738027,N/A,OpenSky Network
2026-09-30 10:21:27,CTV197,Citilink,8a02ff,Indonesia,N/A,-6.3947,111.2618,10965.18,35975.0,11719.56,38450.0,855.6,462.0,0.0,0.0,296.07,Cruising,0,0,0,1790738176,1790738177,N/A,OpenSky Network
2026-09-30 10:21:27,N/A,Unknown,8a03b1,Indonesia,N/A,-6.9879,111.1421,7818.12,25650.0,8481.06,27825.0,731.6,395.0,-10.73,-2112.2,90.87,Descending (Landing/Approach),0,0,0,1790738436,1790738436,N/A,OpenSky Network
2026-09-30 10:28:30,CTV822,Citilink,8a064e,Indonesia,N/A,-6.9851,110.9905,10660.38,34975.0,11422.38,37475.0,818.7,442.1,0,0.0,91.04,Cruising,0,0,0,1790738908,1790738908,N/A,OpenSky Network
2026-09-30 10:28:30,GIA404,Garuda Indonesia,8a021e,Indonesia,N/A,-6.9895,111.2219,10668.0,35000.0,11414.76,37450.0,815.0,440.0,0,0.0,90.91,Cruising,0,0,0,1790738823,1790738828,N/A,OpenSky Network
2026-09-30 10:35:30,CTV822,Citilink,8a064e,Indonesia,N/A,-7.0713,111.6069,10668.0,35000.0,11437.62,37525.0,818.7,442.0,0.0,0.0,90.91,Cruising,0,0,0,1790739213,1790739213,N/A,OpenSky Network
2026-09-30 10:35:30,J010G,Other Airline,8a0708,Indonesia,N/A,-7.731,110.6841,2133.6,7000.0,2339.34,7675.0,287.5,155.3,0.65,128.0,335.25,Cruising,0,0,0,1790739314,1790739314,N/A,OpenSky Network
2026-09-30 10:35:30,GIA404,Garuda Indonesia,8a021e,Indonesia,N/A,-7.062,111.5841,10668.0,35000.0,11414.76,37450.0,826.8,446.5,0.0,0.0,112.66,Cruising,0,0,0,1790739005,1790739011,N/A,OpenSky Network
2026-09-30 10:42:29,HERKY17,Other Airline,8a0ac6,Indonesia,N/A,-7.3415,110.7791,5173.98,16975.0,5524.5,18125.0,502.2,271.1,0,0.0,174.71,Cruising,0,0,0,1790739739,1790739739,N/A,OpenSky Network
2026-09-30 10:49:21,W14KT,Other Airline,8a02d9,Indonesia,N/A,-7.5218,110.774,3352.8,11000.0,3589.02,11775.0,419.4,226.5,1.63,320.9,54.34,Climbing (Takeoff),0,0,0,1790740155,1790740155,N/A,OpenSky Network
2026-09-30 10:49:21,CTV686,Citilink,8a03b2,Indonesia,N/A,-6.9814,110.752,10668.0,35000.0,0.0,0.0,822.4,444.1,0.0,0.0,91.03,Cruising,0,0,0,1790740154,1790740154,N/A,OpenSky Network
2026-09-30 10:49:21,J010G,Other Airline,8a0708,Indonesia,N/A,-7.7519,110.6777,2286.0,7500.0,2491.74,8175.0,174.2,94.1,29.91,5887.8,267.56,Climbing (Takeoff),0,0,0,1790740151,1790740151,N/A,OpenSky Network
2026-09-30 10:49:21,HERKY17,Other Airline,8a0ac6,Indonesia,N/A,-7.5151,110.8536,5189.22,17025.0,5539.74,18175.0,458.0,247.3,0.65,128.0,63.85,Cruising,0,0,0,1790740153,1790740153,N/A,OpenSky Network
2026-09-30 10:56:27,W14KT,Other Airline,8a02d9,Indonesia,N/A,-7.308,110.7796,3360.42,11025.0,3596.64,11800.0,420.4,227.0,1.63,320.9,354.69,Climbing (Takeoff),0,0,0,1790740381,1790740387,N/A,OpenSky Network
2026-09-30 10:56:27,TGW249,Scoot,76b865,Singapore,N/A,-7.4274,110.7464,7399.02,24275.0,7924.8,26000.0,775.3,418.6,5.85,1151.6,356.85,Climbing (Takeoff),0,0,0,1790740586,1790740586,N/A,OpenSky Network
2026-09-30 10:56:27,WONGBE18,Wings Air,8a083f,Indonesia,N/A,-7.5936,110.6732,3352.8,11000.0,3596.64,11800.0,420.5,227.0,0.65,128.0,54.14,Cruising,0,0,0,1790740586,1790740586,N/A,OpenSky Network
2026-09-30 10:56:27,AWQ802,Indonesia AirAsia,8a06f0,Indonesia,N/A,-6.9646,111.2495,10668.0,35000.0,11391.9,37375.0,827.5,446.8,0.0,0.0,99.27,Cruising,0,0,0,1790740585,1790740585,N/A,OpenSky Network
2026-09-30 10:56:27,HERKY17,Other Airline,8a0ac6,Indonesia,N/A,-7.5357,110.6792,3680.46,12075.0,3931.92,12900.0,375.7,202.9,-0.33,-65.0,38.4,Cruising,0,0,0,1790740586,1790740586,N/A,OpenSky Network
2026-09-30 11:00:44,WONGBE18,Wings Air,8a083f,Indonesia,N/A,-7.3848,110.7843,3368.04,11050.0,3611.88,11850.0,423.6,228.7,-2.28,-448.8,355.49,Descending (Landing/Approach),0,0,0,1790740837,1790740838,N/A,OpenSky Network
2026-09-30 11:00:44,AWQ802,Indonesia AirAsia,8a06f0,Indonesia,N/A,-7.0685,111.5998,10668.0,35000.0,11391.9,37375.0,827.5,446.8,0.0,0.0,99.27,Cruising,0,0,0,1790740760,1790740760,N/A,OpenSky Network
2026-09-30 11:00:44,HERKY17,Other Airline,8a0ac6,Indonesia,N/A,-7.5571,110.7672,3672.84,12050.0,3924.3,12875.0,370.1,199.8,0.0,0.0,258.75,Cruising,0,0,0,1790740837,1790740837,N/A,OpenSky Network
2026-09-30 11:07:32,SJV356,Sriwijaya Air / Super Air Jet,8a08b8,Indonesia,N/A,-6.985,110.9878,8656.32,28400.0,9319.26,30575.0,833.5,450.1,-13.33,-2624.0,91.02,Descending (Landing/Approach),0,0,0,1790741244,1790741244,N/A,OpenSky Network
2026-09-30 11:07:32,BTK6584,Batik Air,8a0a1e,Indonesia,N/A,-7.0713,111.1777,7993.38,26225.0,8602.98,28225.0,759.1,409.9,-8.78,-1728.3,101.26,Descending (Landing/Approach),0,0,0,1790741123,1790741123,N/A,OpenSky Network
2026-09-30 11:07:32,HERKY17,Other Airline,8a0ac6,Indonesia,N/A,-7.5059,110.8062,2209.8,7250.0,2362.2,7750.0,449.4,242.7,-10.73,-2112.2,94.25,Descending (Landing/Approach),0,0,0,1790741000,1790741003,N/A,OpenSky Network
2026-09-30 11:14:32,LNI640,Lion Air,8a0966,Indonesia,N/A,-7.3839,110.9086,8183.88,26850.0,8755.38,28725.0,821.7,443.7,6.83,1344.5,42.72,Climbing (Takeoff),0,0,0,1790741655,1790741655,N/A,OpenSky Network
2026-09-30 11:21:26,BTK6526,Batik Air,8a063a,Indonesia,N/A,-6.9843,110.9226,10668.0,35000.0,11430.0,37500.0,831.7,449.1,0.0,0.0,91.02,Cruising,0,0,0,1790742076,1790742076,N/A,OpenSky Network
2026-09-30 11:21:26,LNI640,Lion Air,8a0966,Indonesia,N/A,-7.0987,111.1721,9304.02,30525.0,9966.96,32700.0,833.6,450.1,6.5,1279.5,42.66,Climbing (Takeoff),0,0,0,1790741840,1790741841,N/A,OpenSky Network
2026-09-30 11:29:05,BTK6526,Batik Air,8a063a,Indonesia,N/A,-7.0402,111.7203,10668,35000.0,11437.62,37525.0,840.1,453.6,0,0.0,99.01,Cruising,0,0,0,1790742459,1790742459,N/A,OpenSky Network
2026-09-30 11:35:30,BTK7309,Batik Air,8a063b,Indonesia,N/A,-6.9887,111.1967,9448.8,31000.0,10134.6,33250.0,848.3,458.1,0.0,0.0,91.0,Cruising,0,0,0,1790742716,1790742718,N/A,OpenSky Network
2026-09-30 11:35:30,PAS204,Pelita Air Service,8a0a4a,Indonesia,N/A,-6.9849,110.9642,8801.1,28875.0,9448.8,31000.0,765.0,413.1,-9.1,-1791.3,90.97,Descending (Landing/Approach),0,0,0,1790742841,1790742842,N/A,OpenSky Network
2026-09-30 11:42:30,LNI694,Lion Air,8a0809,Indonesia,N/A,-6.9995,111.1606,8442.96,27700.0,9044.94,29675.0,752.5,406.3,-5.53,-1088.6,87.74,Descending (Landing/Approach),0,0,0,1790743344,1790743346,N/A,OpenSky Network
2026-09-30 11:42:30,GIA254,Garuda Indonesia,8a09f0,Indonesia,N/A,-7.3974,110.7484,8732.52,28650.0,9349.74,30675.0,789.0,426.1,8.78,1728.3,0.94,Climbing (Takeoff),0,0,0,1790743345,1790743346,N/A,OpenSky Network
2026-09-30 11:42:30,N/A,Unknown,8a08c0,Indonesia,N/A,-6.3917,111.2632,10980.42,36025.0,11742.42,38525.0,860.6,464.7,0.0,0.0,295.9,Cruising,0,0,0,1790743209,1790743209,N/A,OpenSky Network
2026-09-30 11:42:30,SJV123,Sriwijaya Air / Super Air Jet,8a08db,Indonesia,N/A,-7.1752,111.2542,8938.26,29325.0,9570.72,31400.0,830.2,448.3,7.8,1535.4,61.78,Climbing (Takeoff),0,0,0,1790743344,1790743344,N/A,OpenSky Network
2026-09-30 11:42:30,HERKY17,Other Airline,8a0ac6,Indonesia,N/A,-7.4766,110.9326,678.18,2225.0,754.38,2475.0,278.1,150.1,-0.33,-65.0,256.52,Cruising,0,0,0,1790743021,1790743035,N/A,OpenSky Network
2026-09-30 11:42:30,TNU5106,TransNusa,8a0aad,Indonesia,N/A,-6.9215,111.0114,11277.6,37000.0,12062.46,39575.0,806.5,435.5,0.0,0.0,99.92,Cruising,0,0,0,1790743196,1790743196,N/A,OpenSky Network
2026-09-30 11:49:29,GIA254,Garuda Indonesia,8a09f0,Indonesia,N/A,-7.0616,111.1938,10058.4,33000.0,10774.68,35350.0,786.2,424.5,0.0,0.0,73.02,Cruising,0,0,0,1790743667,1790743667,N/A,OpenSky Network
2026-09-30 11:49:29,SJV123,Sriwijaya Air / Super Air Jet,8a08db,Indonesia,N/A,-7.0667,111.5955,9982.2,32750.0,10546.08,34600.0,838.8,452.9,5.53,1088.6,112.32,Climbing (Takeoff),0,0,0,1790743535,1790743535,N/A,OpenSky Network
2026-09-30 11:49:29,N779LG,Private / Business Jet / General Aviation,aa8b77,United States,N/A,-6.9931,111.1562,6515.1,21375.0,6949.44,22800.0,746.4,403.0,7.15,1407.5,90.0,Climbing (Takeoff),0,0,0,1790743694,1790743694,N/A,OpenSky Network
2026-09-30 11:49:29,HERKY17,Other Airline,8a0ac6,Indonesia,N/A,-7.2547,110.7714,4030.98,13225.0,4297.68,14100.0,409.1,220.9,7.15,1407.5,354.81,Climbing (Takeoff),0,0,0,1790743749,1790743749,N/A,OpenSky Network
2026-09-30 11:56:27,BTK6656,Batik Air,8a0634,Indonesia,N/A,-6.9886,111.1875,10675.62,35025.0,11422.38,37475.0,828.0,447.1,0.0,0.0,91.03,Cruising,0,0,0,1790743971,1790743971,N/A,OpenSky Network
2026-09-30 11:56:27,GIA254,Garuda Indonesia,8a09f0,Indonesia,N/A,-7.0497,111.5552,10058.4,33000.0,10767.06,35325.0,791.1,427.2,0.0,0.0,112.72,Cruising,0,0,0,1790743858,1790743876,N/A,OpenSky Network
2026-09-30 11:56:27,HERKY17,Other Airline,8a0ac6,Indonesia,N/A,-7.1493,110.715,4739.64,15550.0,5059.68,16600.0,424.9,229.4,6.5,1279.5,297.24,Climbing (Takeoff),0,0,0,1790743876,1790743876,N/A,OpenSky Network
2026-09-30 12:00:45,NONE,N/A,N/A,N/A,N/A,-8.7482,115.1672,0,0,0,0,0,0,0,0,0,No Flights,0,0,0,0,0,N/A,OpenSky Network
2026-09-30 12:07:27,BTK7583,Batik Air,8a0515,Indonesia,N/A,-6.9889,111.2059,10668,35000.0,11430,37500.0,829.8,448.1,0,0.0,91.02,Cruising,0,0,0,1790744792,1790744792,N/A,OpenSky Network
2026-09-30 12:14:31,N/A,Unknown,8a0636,Indonesia,N/A,-6.4412,111.2271,10325.1,33875.0,11041.38,36225.0,850.9,459.4,5.2,1023.6,299.47,Climbing (Takeoff),0,0,0,1790745163,1790745163,N/A,OpenSky Network
2026-09-30 12:21:27,NONE,N/A,N/A,N/A,N/A,-8.7482,115.1672,0,0,0,0,0,0,0,0,0,No Flights,0,0,0,0,0,N/A,OpenSky Network
2026-09-30 12:28:31,NONE,N/A,N/A,N/A,N/A,-8.7482,115.1672,0,0,0,0,0,0,0,0,0,No Flights,0,0,0,0,0,N/A,OpenSky Network
2026-09-30 12:35:33,BTK7531,Batik Air,8a04ce,Indonesia,N/A,-7.3873,110.7318,2339.34,7675.0,2537.46,8325.0,523.4,282.6,-9.75,-1919.3,153.07,Descending (Landing/Approach),0,0,0,1790746265,1790746265,N/A,OpenSky Network
2026-09-30 12:42:31,CTV736,Citilink,8a04a4,Indonesia,N/A,-7.0305,111.1596,7772.4,25500.0,8351.52,27400.0,688.8,371.9,-12.68,-2496.1,102.58,Descending (Landing/Approach),0,0,0,1790746918,1790746918,N/A,OpenSky Network
2026-09-30 12:42:31,LNI034,Lion Air,8a097b,Indonesia,N/A,-6.9872,111.0792,9448.8,31000.0,10111.74,33175.0,879.8,475.1,0.33,65.0,90.96,Cruising,0,0,0,1790746942,1790746946,N/A,OpenSky Network
2026-09-30 12:49:28,LNI034,Lion Air,8a097b,Indonesia,N/A,-7.0667,111.5955,9448.8,31000.0,10111.74,33175.0,877.4,473.8,0,0.0,112.72,Cruising,0,0,0,1790747183,1790747183,N/A,OpenSky Network
2026-09-30 12:56:33,NONE,N/A,N/A,N/A,N/A,-8.7482,115.1672,0,0,0,0,0,0,0,0,0,No Flights,0,0,0,0,0,N/A,OpenSky Network
2026-09-30 13:00:43,NONE,N/A,N/A,N/A,N/A,-8.7482,115.1672,0,0,0,0,0,0,0,0,0,No Flights,0,0,0,0,0,N/A,OpenSky Network
2026-09-30 13:07:29,PAS108,Pelita Air Service,8a0993,Indonesia,N/A,-6.9849,110.9688,10675.62,35025.0,11414.76,37450.0,820.6,443.1,0.0,0.0,91.03,Cruising,0,0,0,1790748444,1790748444,N/A,OpenSky Network
2026-09-30 13:07:29,N/A,Unknown,8a08b8,Indonesia,N/A,-6.5327,111.1548,9616.44,31550.0,10287.0,33750.0,879.7,475.0,3.58,704.7,306.27,Climbing (Takeoff),0,0,0,1790748318,1790748318,N/A,OpenSky Network
2026-09-30 13:07:29,GIA430,Garuda Indonesia,8a028e,Indonesia,N/A,-6.9546,111.1659,11277.6,37000.0,12054.84,39550.0,807.0,435.7,0.33,65.0,98.45,Cruising,0,0,0,1790748445,1790748445,N/A,OpenSky Network
2026-09-30 13:07:29,N/A,Unknown,8a0abf,Indonesia,N/A,-7.48,110.9191,769.62,2525.0,838.2,2750.0,328.0,177.1,0.0,0.0,288.43,Cruising,0,0,0,1790748149,1790748149,N/A,OpenSky Network
2026-09-30 13:14:29,N/A,Unknown,8a0419,Indonesia,N/A,-6.9811,110.7485,10660.38,34975.0,11399.52,37400.0,820.5,443.1,0.0,0.0,90.91,Cruising,0,0,0,1790748856,1790748856,N/A,OpenSky Network
2026-09-30 13:14:29,PAS108,Pelita Air Service,8a0993,Indonesia,N/A,-7.053,111.5628,10675.62,35025.0,11414.76,37450.0,829.3,447.8,-0.33,-65.0,112.73,Cruising,0,0,0,1790748736,1790748749,N/A,OpenSky Network
2026-09-30 13:21:30,AWQ860,Indonesia AirAsia,8a0419,Indonesia,N/A,-6.9968,111.445,10683.24,35050.0,11430.0,37500.0,828.4,447.3,0.0,0.0,95.77,Cruising,0,0,0,1790749193,1790749193,N/A,OpenSky Network
2026-09-30 13:21:30,CTV176,Citilink,8a04a5,Indonesia,N/A,-6.9835,110.879,8900.16,29200.0,9563.1,31375.0,739.1,399.1,-6.5,-1279.5,91.15,Descending (Landing/Approach),0,0,0,1790749275,1790749275,N/A,OpenSky Network
2026-09-30 13:21:30,AWQ814,Indonesia AirAsia,8a09ad,Indonesia,N/A,-7.0018,111.4368,11285.22,37025.0,12054.84,39550.0,814.6,439.9,0.33,65.0,108.15,Cruising,0,0,0,1790749233,1790749233,N/A,OpenSky Network
2026-09-30 13:21:30,WONGBE09,Wings Air,8a0131,Indonesia,N/A,-7.3913,110.775,3352.8,11000.0,3573.78,11725.0,396.6,214.1,-0.33,-65.0,354.1,Cruising,0,0,0,1790749271,1790749271,N/A,OpenSky Network
2026-09-30 13:28:31,CTV176,Citilink,8a04a5,Indonesia,N/A,-6.9879,111.1414,7528.56,24700.0,8084.82,26525.0,687.2,371.0,-9.43,-1856.3,90.93,Descending (Landing/Approach),0,0,0,1790749422,1790749424,N/A,OpenSky Network
2026-09-30 13:28:31,T7JRG,Private / Business Jet / General Aviation,500567,San Marino,N/A,-6.9881,111.1678,11277.6,37000.0,12062.46,39575.0,800.1,432.0,-0.33,-65.0,90.8,Cruising,0,0,0,1790749696,1790749696,N/A,OpenSky Network
2026-09-30 13:28:31,WONGBE09,Wings Air,8a0131,Indonesia,N/A,-7.2315,110.7667,3352.8,11000.0,3573.78,11725.0,390.7,210.9,3.58,704.7,5.44,Climbing (Takeoff),0,0,0,1790749432,1790749436,N/A,OpenSky Network
2026-09-30 13:28:31,GIA312,Garuda Indonesia,8a0ad5,Indonesia,N/A,-6.9868,111.0657,8633.46,28325.0,9250.68,30350.0,759.4,410.0,-10.4,-2047.2,90.84,Descending (Landing/Approach),0,0,0,1790749696,1790749697,N/A,OpenSky Network
2026-09-30 13:35:33,PAS142,Pelita Air Service,8a0998,Indonesia,N/A,-6.986,111.0271,10668.0,35000.0,11407.14,37425.0,824.3,445.1,0.0,0.0,91.03,Cruising,0,0,0,1790750077,1790750077,N/A,OpenSky Network
2026-09-30 13:35:33,T7JRG,Private / Business Jet / General Aviation,500567,San Marino,N/A,-7.0682,111.6008,11269.98,36975.0,12054.84,39550.0,815.1,440.1,-0.65,-128.0,112.72,Cruising,0,0,0,1790749916,1790749916,N/A,OpenSky Network
2026-09-30 13:42:31,PAS142,Pelita Air Service,8a0998,Indonesia,N/A,-6.9966,111.4445,10675.62,35025.0,11414.76,37450.0,833.2,449.9,-0.33,-65.0,97.54,Cruising,0,0,0,1790750277,1790750278,N/A,OpenSky Network
2026-09-30 13:49:28,WGB19,Other Airline,8a0840,Indonesia,N/A,-7.4656,110.7976,3352.8,11000.0,3581.4,11750.0,431.0,232.7,0,0.0,353.09,Cruising,0,0,0,1790750968,1790750968,N/A,OpenSky Network
2026-09-30 13:56:30,WGB19,Other Airline,8a0840,Indonesia,N/A,-7.2186,110.7639,3360.42,11025.0,3589.02,11775.0,431.5,233.0,-0.65,-128.0,333.22,Cruising,0,0,0,1790751199,1790751200,N/A,OpenSky Network
2026-09-30 14:00:40,CTV765,Citilink,8a04ab,Indonesia,N/A,-7.2854,110.7299,3688.08,12100.0,3901.44,12800.0,551.6,297.8,9.1,1791.3,13.99,Climbing (Takeoff),0,0,0,1790751636,1790751636,N/A,OpenSky Network
2026-09-30 14:00:40,WGB07,Other Airline,8a1011,Indonesia,N/A,-7.3864,110.7811,3360.42,11025.0,3589.02,11775.0,432.5,233.6,1.63,320.9,356.07,Climbing (Takeoff),0,0,0,1790751633,1790751633,N/A,OpenSky Network
2026-09-30 14:07:32,CTV765,Citilink,8a04ab,Indonesia,N/A,-7.1675,110.7042,4785.36,15700.0,5234.94,17175.0,720.0,388.8,9.75,1919.3,300.79,Climbing (Takeoff),0,0,0,1790751730,1790751944,N/A,OpenSky Network
2026-09-30 14:07:32,WGB07,Other Airline,8a1011,Indonesia,N/A,-7.2378,110.7608,3352.8,11000.0,3581.4,11750.0,437.0,235.9,0.33,65.0,354.89,Cruising,0,0,0,1790751772,1790751772,N/A,OpenSky Network
2026-09-30 14:07:32,GIA252,Garuda Indonesia,8a023f,Indonesia,N/A,-7.3991,110.8721,9182.1,30125.0,0.0,0.0,809.0,436.8,6.5,1279.5,53.47,Climbing (Takeoff),0,0,0,1790752035,1790752035,N/A,OpenSky Network
2026-09-30 14:14:31,SJV676,Sriwijaya Air / Super Air Jet,8a094b,Indonesia,N/A,-7.213,111.0802,8298.18,27225.0,8831.58,28975.0,819.8,442.7,3.9,767.7,52.25,Climbing (Takeoff),0,0,0,1790752346,1790752346,N/A,OpenSky Network
2026-09-30 14:14:31,GIA252,Garuda Indonesia,8a023f,Indonesia,N/A,-7.0089,111.4079,10668.0,35000.0,0.0,0.0,821.3,443.5,0.0,0.0,112.4,Cruising,0,0,0,1790752357,1790752426,N/A,OpenSky Network
2026-09-30 14:21:29,WGB18,Other Airline,8a083f,Indonesia,N/A,-7.3098,110.7814,3352.8,11000.0,3573.78,11725.0,433.1,233.9,-0.33,-65.0,355.09,Cruising,0,0,0,1790752871,1790752871,N/A,OpenSky Network
2026-09-30 14:21:29,TNU5107,TransNusa,8a0aad,Indonesia,N/A,-6.4224,111.2421,10980.42,36025.0,11742.42,38525.0,847.5,457.6,0.0,0.0,298.02,Cruising,0,0,0,1790752677,1790752677,N/A,OpenSky Network
2026-09-30 14:28:30,GIA334,Garuda Indonesia,8a0449,Indonesia,N/A,-6.9894,111.2201,11277.6,37000.0,12031.98,39475.0,809.5,437.1,0,0.0,91.05,Cruising,0,0,0,1790753293,1790753293,N/A,OpenSky Network
2026-09-30 14:28:30,SJV764,Sriwijaya Air / Super Air Jet,8a0974,Indonesia,N/A,-6.9673,111.2493,10668.0,35000.0,11437.62,37525.0,837.1,452.0,0,0.0,98.52,Cruising,0,0,0,1790753289,1790753289,N/A,OpenSky Network
2026-09-30 14:35:30,GIA334,Garuda Indonesia,8a0449,Indonesia,N/A,-6.9894,111.2201,11277.6,37000.0,12031.98,39475.0,818.6,442.0,0.33,65.0,112.62,Cruising,0,0,0,1790753293,1790753479,N/A,OpenSky Network
2026-09-30 14:35:30,SJV764,Sriwijaya Air / Super Air Jet,8a0974,Indonesia,N/A,-7.0223,111.607,10668.0,35000.0,11430.0,37500.0,843.7,455.6,0.0,0.0,98.97,Cruising,0,0,0,1790753461,1790753463,N/A,OpenSky Network
2026-09-30 14:35:30,GIA310,Garuda Indonesia,8a0244,Indonesia,N/A,-7.0119,111.0568,8671.56,28450.0,9281.16,30450.0,793.1,428.2,-9.1,-1791.3,102.54,Descending (Landing/Approach),0,0,0,1790753703,1790753709,N/A,OpenSky Network
2026-09-30 14:42:35,GIA422,Garuda Indonesia,8a044e,Indonesia,N/A,-6.9895,111.2188,11277.6,37000.0,12024.36,39450.0,813.2,439.1,0.33,65.0,91.04,Cruising,0,0,0,1790753982,1790753982,N/A,OpenSky Network
2026-09-30 14:42:35,BTK6050,Batik Air,8a0638,Indonesia,N/A,-6.9811,110.7501,9448.8,31000.0,10142.22,33275.0,857.6,463.1,0.33,65.0,91.11,Cruising,0,0,0,1790754131,1790754131,N/A,OpenSky Network
2026-09-30 14:49:30,WNGBEE14,Other Airline,8a02d9,Indonesia,N/A,-7.361,110.7913,3345.18,10975.0,3558.54,11675.0,433.1,233.8,-0.98,-192.9,339.47,Cruising,0,0,0,1790754564,1790754564,N/A,OpenSky Network
2026-09-30 14:49:30,BTK6050,Batik Air,8a0638,Indonesia,N/A,-6.9934,111.3533,9441.18,30975.0,10134.6,33250.0,846.1,456.8,0.0,0.0,95.15,Cruising,0,0,0,1790754414,1790754414,N/A,OpenSky Network
2026-09-30 14:56:28,WNGBEE14,Other Airline,8a02d9,Indonesia,N/A,-7.2306,110.766,3368.04,11050.0,3543.3,11625.0,433.3,233.9,2.6,511.8,350.9,Climbing (Takeoff),0,0,0,1790754688,1790754688,N/A,OpenSky Network
2026-09-30 14:56:28,BTK7501,Batik Air,8a0636,Indonesia,N/A,-6.9835,110.8844,9410.7,30875.0,10111.74,33175.0,829.8,448.1,-11.7,-2303.1,91.02,Descending (Landing/Approach),0,0,0,1790754976,1790754976,N/A,OpenSky Network
2026-09-30 14:56:28,SJV120,Sriwijaya Air / Super Air Jet,8a096f,Indonesia,N/A,-7.1015,111.5205,10363.2,34000.0,11087.1,36375.0,828.6,447.4,-0.33,-65.0,262.94,Cruising,0,0,0,1790754976,1790754976,N/A,OpenSky Network
2026-09-30 15:00:46,BTK7501,Batik Air,8a0636,Indonesia,N/A,-7.022,111.244,7620.0,25000.0,8183.88,26850.0,749.2,404.6,-11.05,-2175.2,103.73,Descending (Landing/Approach),0,0,0,1790755160,1790755161,N/A,OpenSky Network
2026-09-30 15:00:46,SJV120,Sriwijaya Air / Super Air Jet,8a096f,Indonesia,N/A,-7.1653,111.007,9044.94,29675.0,9700.26,31825.0,800.5,432.3,-10.73,-2112.2,262.96,Descending (Landing/Approach),0,0,0,1790755225,1790755225,N/A,OpenSky Network
2026-09-30 15:00:46,PAS106,Pelita Air Service,8a0a44,Indonesia,N/A,-6.984,110.8945,11269.98,36975.0,12031.98,39475.0,811.3,438.1,0.33,65.0,90.92,Cruising,0,0,0,1790755225,1790755225,N/A,OpenSky Network
2026-09-30 15:07:27,KCN05,K-Mile Air / Kencana Air,8a0024,Indonesia,N/A,-7.4718,110.9426,640.08,2100.0,685.8,2250.0,323.3,174.6,0.33,65.0,248.14,Cruising,0,0,0,1790755524,1790755525,N/A,OpenSky Network
2026-09-30 15:07:27,LNI857,Lion Air,8a026b,Indonesia,N/A,-6.9805,110.7054,10767.06,35325.0,12039.6,39500.0,816.8,441.0,-5.2,-1023.6,90.78,Descending (Landing/Approach),0,0,0,1790755633,1790755633,N/A,OpenSky Network
2026-09-30 15:07:27,PAS106,Pelita Air Service,8a0a44,Indonesia,N/A,-7.0873,111.6443,11277.6,37000.0,12047.22,39525.0,817.6,441.5,0.0,0.0,112.79,Cruising,0,0,0,1790755598,1790755598,N/A,OpenSky Network
2026-09-30 15:14:32,CTV784,Citilink,8a061c,Indonesia,N/A,-6.6177,111.0909,10058.4,33000.0,10751.82,35275.0,817.8,441.6,0.33,65.0,47.2,Cruising,0,0,0,1790756067,1790756067,N/A,OpenSky Network
2026-09-30 15:14:32,LNI857,Lion Air,8a026b,Indonesia,N/A,-6.9939,111.1849,8488.68,27850.0,9083.04,29800.0,767.4,414.4,-9.75,-1919.3,101.55,Descending (Landing/Approach),0,0,0,1790755866,1790755869,N/A,OpenSky Network
2026-09-30 15:21:28,CTV784,Citilink,8a061c,Indonesia,N/A,-6.3902,111.3364,10805.16,35450.0,11536.68,37850.0,800.7,432.3,6.83,1344.5,47.16,Climbing (Takeoff),0,0,0,1790756231,1790756258,N/A,OpenSky Network
2026-09-30 15:28:34,BTK6564,Batik Air,8a0604,Indonesia,N/A,-6.9326,111.0585,10668,35000.0,11414.76,37450.0,844.6,456.0,0,0.0,99.34,Cruising,0,0,0,1790756890,1790756892,N/A,OpenSky Network
2026-09-30 15:35:36,CTV833,Citilink,8a064e,Indonesia,N/A,-6.9883,111.1897,7353.3,24125.0,8061.96,26450.0,739.0,399.1,-11.05,-2175.2,91.01,Descending (Landing/Approach),0,0,0,1790757239,1790757239,N/A,OpenSky Network
2026-09-30 15:35:36,BTK6564,Batik Air,8a0604,Indonesia,N/A,-6.9954,111.4273,10523.22,34525.0,11269.98,36975.0,846.8,457.2,-4.55,-895.7,103.28,Descending (Landing/Approach),0,0,0,1790757066,1790757067,N/A,OpenSky Network
2026-09-30 15:35:36,GIA410,Garuda Indonesia,8a0a61,Indonesia,N/A,-7.0026,111.4384,10668.0,35000.0,11407.14,37425.0,844.4,455.9,0.0,0.0,112.57,Cruising,0,0,0,1790757284,1790757326,N/A,OpenSky Network
2026-09-30 15:35:36,GIA317,Garuda Indonesia,8a0ad5,Indonesia,N/A,-6.4244,111.2416,10363.2,34000.0,11087.1,36375.0,820.9,443.3,-0.33,-65.0,297.55,Cruising,0,0,0,1790757145,1790757145,N/A,OpenSky Network
2026-09-30 15:42:33,GIA713,Garuda Indonesia,8a0479,Indonesia,N/A,-6.3906,111.1774,12192,40000.0,12984.48,42600.0,912.0,492.4,0,0.0,297.45,Cruising,0,0,0,1790757578,1790757580,N/A,OpenSky Network
2026-09-30 15:49:32,GIA326,Garuda Indonesia,8a02d3,Indonesia,N/A,-6.9848,110.9255,9403.08,30850.0,10058.4,33000.0,752.0,406.1,-10.08,-1984.2,90.99,Descending (Landing/Approach),0,0,0,1790758165,1790758166,N/A,OpenSky Network
2026-09-30 15:49:32,PAS206,Pelita Air Service,8a0a89,Indonesia,N/A,-6.9265,111.0603,8343.9,27375.0,9006.84,29550.0,781.3,421.9,-10.73,-2112.2,100.38,Descending (Landing/Approach),0,0,0,1790758157,1790758157,N/A,OpenSky Network
2026-09-30 15:56:32,GIA326,Garuda Indonesia,8a02d3,Indonesia,N/A,-6.9897,111.2368,7802.88,25600.0,8549.64,28050.0,709.4,383.1,-9.75,-1919.3,90.9,Descending (Landing/Approach),0,0,0,1790758336,1790758336,N/A,OpenSky Network
2026-09-30 15:56:32,CTV716,Citilink,8a0376,Indonesia,N/A,-6.9175,110.9394,8900.16,29200.0,9563.1,31375.0,795.0,429.3,-11.05,-2175.2,98.98,Descending (Landing/Approach),0,0,0,1790758586,1790758586,N/A,OpenSky Network
2026-09-30 16:00:49,CTV716,Citilink,8a0376,Indonesia,N/A,-6.9704,111.2104,7589.52,24900.0,8145.78,26725.0,748.2,404.0,-10.08,-1984.2,105.65,Descending (Landing/Approach),0,0,0,1790758731,1790758732,N/A,OpenSky Network
2026-09-30 16:00:49,CTV646,Citilink,8a04aa,Indonesia,N/A,-6.9857,111.0184,11285.22,37025.0,12062.46,39575.0,818.7,442.1,0.33,65.0,91.17,Cruising,0,0,0,1790758761,1790758761,N/A,OpenSky Network
2026-09-30 16:00:49,KCN05,K-Mile Air / Kencana Air,8a0024,Indonesia,N/A,-7.1628,110.6928,5288.28,17350.0,5501.64,18050.0,684.1,369.4,16.58,3263.8,300.59,Climbing (Takeoff),0,0,0,1790758750,1790758750,N/A,OpenSky Network
2026-09-30 16:07:30,AWQ820,Indonesia AirAsia,8a0394,Indonesia,N/A,-6.9883,111.167,10675.62,35025.0,11414.76,37450.0,835.3,451.0,0.0,0.0,90.89,Cruising,0,0,0,1790759174,1790759199,N/A,OpenSky Network
2026-09-30 16:07:30,CTV646,Citilink,8a04aa,Indonesia,N/A,-6.9857,111.0184,11285.22,37025.0,12062.46,39575.0,818.0,441.7,-0.98,-192.9,97.41,Cruising,0,0,0,1790758761,1790758969,N/A,OpenSky Network
2026-09-30 16:14:32,AWQ820,Indonesia AirAsia,8a0394,Indonesia,N/A,-6.9883,111.167,10675.62,35025.0,11414.76,37450.0,834.4,450.5,-0.33,-65.0,112.58,Cruising,0,0,0,1790759174,1790759385,N/A,OpenSky Network
2026-09-30 16:14:32,BTK6406,Batik Air,8a05ee,Indonesia,N/A,-7.0018,111.1208,8161.02,26775.0,8823.96,28950.0,777.1,419.6,-12.68,-2496.1,103.51,Descending (Landing/Approach),0,0,0,1790759655,1790759655,N/A,OpenSky Network
2026-09-30 16:21:33,N/A,Unknown,8a093c,Indonesia,N/A,-7.3246,110.7698,2773.68,9100.0,2956.56,9700.0,477.2,257.7,0,0.0,171.74,Cruising,0,0,0,1790760086,1790760087,N/A,OpenSky Network
2026-09-30 16:28:38,BTK7041,Batik Air,8a093c,Indonesia,N/A,-7.5091,110.7953,2430.78,7975.0,2636.52,8650.0,425.7,229.8,-4.55,-895.7,170.99,Descending (Landing/Approach),0,0,0,1790760249,1790760249,N/A,OpenSky Network
2026-09-30 16:36:14,BTK7582,Batik Air,8a0515,Indonesia,N/A,-7.4874,110.7455,7475.22,24525.0,8001.0,26250.0,801.0,432.5,4.88,960.6,7.31,Climbing (Takeoff),0,0,0,1790760970,1790760970,N/A,OpenSky Network
2026-09-30 16:36:14,SJV121,Sriwijaya Air / Super Air Jet,8a096f,Indonesia,N/A,-7.3611,111.0307,8679.18,28475.0,9288.78,30475.0,827.9,447.0,4.88,960.6,46.45,Climbing (Takeoff),0,0,0,1790760970,1790760970,N/A,OpenSky Network
2026-09-30 16:42:39,LNI692,Lion Air,8a02ea,Indonesia,N/A,-6.9886,111.1755,8061.96,26450.0,8625.84,28300.0,766.8,414.1,-9.43,-1856.3,90.97,Descending (Landing/Approach),0,0,0,1790761346,1790761347,N/A,OpenSky Network
2026-09-30 16:42:39,CTV688,Citilink,8a060e,Indonesia,N/A,-6.9658,111.2484,11277.6,37000.0,12047.22,39525.0,809.9,437.3,0.0,0.0,98.95,Cruising,0,0,0,1790761328,1790761328,N/A,OpenSky Network
2026-09-30 16:42:39,GIA255,Garuda Indonesia,8a09f0,Indonesia,N/A,-6.8522,111.2359,9753.6,32000.0,10431.78,34225.0,791.4,427.3,0.0,0.0,234.52,Cruising,0,0,0,1790761345,1790761345,N/A,OpenSky Network
2026-09-30 16:42:39,SJV121,Sriwijaya Air / Super Air Jet,8a096f,Indonesia,N/A,-7.0285,111.4205,10066.02,33025.0,10767.06,35325.0,821.4,443.5,0.0,0.0,65.63,Cruising,0,0,0,1790761220,1790761220,N/A,OpenSky Network
2026-09-30 16:49:29,BTK7512,Batik Air,8a0636,Indonesia,N/A,-6.6108,111.0236,10439.4,34250.0,11155.68,36600.0,821.4,443.5,7.8,1535.4,277.25,Climbing (Takeoff),0,0,0,1790761667,1790761667,N/A,OpenSky Network
2026-09-30 16:49:29,CTV688,Citilink,8a060e,Indonesia,N/A,-7.0751,111.6165,11285.22,37025.0,12062.46,39575.0,808.6,436.6,0.0,0.0,112.63,Cruising,0,0,0,1790761518,1790761518,N/A,OpenSky Network
2026-09-30 16:49:29,GIA255,Garuda Indonesia,8a09f0,Indonesia,N/A,-7.4325,110.748,9593.58,31475.0,10271.76,33700.0,794.6,429.1,-4.88,-960.6,181.07,Descending (Landing/Approach),0,0,0,1790761760,1790761765,N/A,OpenSky Network
2026-09-30 16:49:29,PAS104,Pelita Air Service,8a09e4,Indonesia,N/A,-6.9856,111.0127,11285.22,37025.0,12070.08,39600.0,815.0,440.1,0.0,0.0,91.04,Cruising,0,0,0,1790761730,1790761730,N/A,OpenSky Network
2026-09-30 16:56:28,BTK6508,Batik Air,8a0522,Indonesia,N/A,-6.9658,110.8844,11277.6,37000.0,12054.84,39550.0,815.9,440.6,0.0,0.0,92.86,Cruising,0,0,0,1790762155,1790762155,N/A,OpenSky Network
2026-09-30 16:56:28,LNI521,Lion Air,8a082b,Indonesia,N/A,-7.2844,110.7504,8572.5,28125.0,9174.48,30100.0,818.8,442.1,-9.75,-1919.3,181.3,Descending (Landing/Approach),0,0,0,1790762186,1790762186,N/A,OpenSky Network
2026-09-30 16:56:28,PAS104,Pelita Air Service,8a09e4,Indonesia,N/A,-7.0627,111.5857,11277.6,37000.0,12062.46,39575.0,811.0,437.9,-0.33,-65.0,112.7,Cruising,0,0,0,1790762017,1790762017,N/A,OpenSky Network
2026-09-30 17:00:43,BTK6508,Batik Air,8a0522,Indonesia,N/A,-6.9844,111.2553,11277.6,37000.0,12054.84,39550.0,814.0,439.5,0,0.0,92.74,Cruising,0,0,0,1790762336,1790762336,N/A,OpenSky Network
2026-09-30 17:00:43,TNU5108,TransNusa,8a0aad,Indonesia,N/A,-6.9889,111.2077,11285.22,37025.0,12062.46,39575.0,802.0,433.1,0,0.0,91.06,Cruising,0,0,0,1790762433,1790762433,N/A,OpenSky Network
2026-09-30 17:07:27,GIA414,Garuda Indonesia,8a043b,Indonesia,N/A,-6.9891,111.2071,10668.0,35000.0,11399.52,37400.0,829.8,448.1,0.33,65.0,91.02,Cruising,0,0,0,1790762659,1790762666,N/A,OpenSky Network
2026-09-30 17:07:27,TNU5108,TransNusa,8a0aad,Indonesia,N/A,-6.9891,111.2214,11285.22,37025.0,12062.46,39575.0,798.7,431.3,0.33,65.0,103.13,Cruising,0,0,0,1790762439,1790762545,N/A,OpenSky Network
2026-09-30 17:14:32,SJV767,Sriwijaya Air / Super Air Jet,8a0974,Indonesia,N/A,-6.3644,111.2748,11582.4,38000.0,12390.12,40650.0,874.6,472.2,0,0.0,294.12,Cruising,0,0,0,1790763071,1790763071,N/A,OpenSky Network
2026-09-30 17:21:33,NONE,N/A,N/A,N/A,N/A,-8.7482,115.1672,0,0,0,0,0,0,0,0,0,No Flights,0,0,0,0,0,N/A,OpenSky Network
2026-09-30 17:28:27,CTV662,Citilink,8a060d,Indonesia,N/A,-6.9888,111.2066,10675.62,35025.0,11414.76,37450.0,827.9,447.0,-0.33,-65.0,90.9,Cruising,0,0,0,1790764091,1790764091,N/A,OpenSky Network
2026-09-30 17:35:35,MEDIC79,Other Airline,7c5684,Australia,N/A,-6.9857,110.9969,9707.88,31850.0,10393.68,34100.0,866.8,468.1,-12.35,-2431.1,90.98,Descending (Landing/Approach),0,0,0,1790764534,1790764534,N/A,OpenSky Network
2026-09-30 17:35:35,GIA320,Garuda Indonesia,8a0ad6,Indonesia,N/A,-6.9892,111.2076,7909.56,25950.0,8458.2,27750.0,739.0,399.1,-12.68,-2496.1,90.86,Descending (Landing/Approach),0,0,0,1790764355,1790764371,N/A,OpenSky Network
2026-09-30 17:42:31,N/A,Unknown,8a0521,Indonesia,N/A,-6.4203,111.3248,11582.4,38000.0,12374.88,40600.0,880.5,475.4,0.0,0.0,295.81,Cruising,0,0,0,1790764938,1790764939,N/A,OpenSky Network
2026-09-30 17:42:31,BTK7503,Batik Air,8a06fd,Indonesia,N/A,-6.989,111.2116,7901.94,25925.0,8511.54,27925.0,705.7,381.1,-4.23,-832.7,90.9,Descending (Landing/Approach),0,0,0,1790764820,1790764820,N/A,OpenSky Network
2026-09-30 17:42:31,SJV677,Sriwijaya Air / Super Air Jet,8a094b,Indonesia,N/A,-6.8239,110.995,10370.82,34025.0,11094.72,36400.0,887.7,479.3,0.0,0.0,212.99,Cruising,0,0,0,1790764939,1790764939,N/A,OpenSky Network
2026-09-30 17:42:31,MEDIC79,Other Airline,7c5684,Australia,N/A,-6.9892,111.2006,8587.74,28175.0,9204.96,30200.0,837.3,452.1,-12.03,-2368.1,91.01,Descending (Landing/Approach),0,0,0,1790764629,1790764633,N/A,OpenSky Network
2026-09-30 17:49:30,NONE,N/A,N/A,N/A,N/A,-8.7482,115.1672,0,0,0,0,0,0,0,0,0,No Flights,0,0,0,0,0,N/A,OpenSky Network
2026-09-30 17:56:32,N/A,Unknown,8a063a,Indonesia,N/A,-6.9838,110.899,9273.54,30425.0,9951.72,32650.0,813.1,439.1,-11.05,-2175.2,90.91,Descending (Landing/Approach),0,0,0,1790765643,1790765645,N/A,OpenSky Network
2026-09-30 17:56:32,GIA420,Garuda Indonesia,8a021e,Indonesia,N/A,-6.9833,110.86,11277.6,37000.0,12039.6,39500.0,789.1,426.1,-0.33,-65.0,91.08,Cruising,0,0,0,1790765787,1790765789,N/A,OpenSky Network
2026-09-30 18:00:46,CTV717,Citilink,8a0376,Indonesia,N/A,-6.6315,111.023,9944.1,32625.0,10637.52,34900.0,863.7,466.4,6.83,1344.5,305.22,Climbing (Takeoff),0,0,0,1790765846,1790765846,N/A,OpenSky Network
2026-09-30 18:00:46,GIA420,Garuda Indonesia,8a021e,Indonesia,N/A,-6.9894,111.2203,11277.6,37000.0,12039.6,39500.0,790.9,427.1,0.0,0.0,90.94,Cruising,0,0,0,1790765969,1790765985,N/A,OpenSky Network
2026-09-30 18:07:30,GIA420,Garuda Indonesia,8a021e,Indonesia,N/A,-7.0762,111.6181,11277.6,37000.0,12039.6,39500.0,796.9,430.3,0,0.0,112.69,Cruising,0,0,0,1790766176,1790766176,N/A,OpenSky Network
2026-09-30 18:07:30,N/A,Unknown,7c146d,Australia,N/A,-7.0607,111.5481,12192.0,40000.0,12992.1,42625.0,906.0,489.2,0,0.0,283.35,Cruising,0,0,0,1790766362,1790766362,N/A,OpenSky Network
2026-09-30 18:14:33,PAS210,Pelita Air Service,8a0927,Indonesia,N/A,-7.0186,111.1159,7924.8,26000.0,8602.98,28225.0,763.3,412.2,-9.75,-1919.3,102.75,Descending (Landing/Approach),0,0,0,1790766711,1790766711,N/A,OpenSky Network
2026-09-30 18:14:33,QFA039,Qantas,7c146d,Australia,N/A,-6.896,110.8559,12192.0,40000.0,12984.48,42600.0,898.8,485.3,0.0,0.0,283.46,Cruising,0,0,0,1790766676,1790766855,N/A,OpenSky Network
2026-09-30 18:21:31,LNI012,Lion Air,8a097b,Indonesia,N/A,-6.9887,111.1898,9448.8,31000.0,10104.12,33150.0,866.8,468.1,0,0.0,90.98,Cruising,0,0,0,1790767290,1790767291,N/A,OpenSky Network
2026-09-30 18:28:33,SJY712,Sriwijaya Air,8a0363,Indonesia,N/A,-7.4668,110.7911,7978.14,26175.0,8549.64,28050.0,875.6,472.8,-21.46,-4224.4,222.6,Descending (Landing/Approach),0,0,0,1790767704,1790767704,N/A,OpenSky Network
2026-09-30 18:28:33,LNI665,Lion Air,8a0311,Indonesia,N/A,-7.1626,110.8033,9578.34,31425.0,10264.14,33675.0,856.0,462.2,-13.33,-2624.0,233.8,Descending (Landing/Approach),0,0,0,1790767707,1790767707,N/A,OpenSky Network
2026-09-30 18:28:33,LNI012,Lion Air,8a097b,Indonesia,N/A,-7.0513,111.5585,9448.8,31000.0,10104.12,33150.0,880.1,475.2,-0.33,-65.0,112.52,Cruising,0,0,0,1790767464,1790767464,N/A,OpenSky Network
2026-09-30 18:35:37,LNI665,Lion Air,8a0311,Indonesia,N/A,-7.9442,110.7274,4853.94,15925.0,5288.28,17350.0,653.8,353.0,-9.43,-1856.3,180.97,Descending (Landing/Approach),0,0,0,1790768127,1790768127,N/A,OpenSky Network
2026-09-30 18:35:37,AWQ818,Indonesia AirAsia,8a09ad,Indonesia,N/A,-6.9805,111.231,10660.38,34975.0,11399.52,37400.0,822.0,443.8,0.0,0.0,93.49,Cruising,0,0,0,1790768050,1790768051,N/A,OpenSky Network
2026-09-30 18:42:31,BTK7311,Batik Air,8a0515,Indonesia,N/A,-6.9858,111.0227,10675.62,35025.0,11422.38,37475.0,831.7,449.1,0.33,65.0,91.02,Cruising,0,0,0,1790768541,1790768541,N/A,OpenSky Network
2026-09-30 18:42:31,SJV778,Sriwijaya Air / Super Air Jet,8a09c4,Indonesia,N/A,-7.4985,110.7274,6553.2,21500.0,7010.4,23000.0,753.5,406.8,7.8,1535.4,30.09,Climbing (Takeoff),0,0,0,1790768546,1790768546,N/A,OpenSky Network
2026-09-30 18:42:31,BTK6576,Batik Air,8a09a0,Indonesia,N/A,-6.9648,111.2099,7863.84,25800.0,8435.34,27675.0,768.0,414.7,-8.13,-1600.4,105.81,Descending (Landing/Approach),0,0,0,1790768473,1790768476,N/A,OpenSky Network
2026-09-30 18:49:33,BTK7311,Batik Air,8a0515,Indonesia,N/A,-7.0029,111.4175,10660.38,34975.0,11414.76,37450.0,822.4,444.1,-0.33,-65.0,90.9,Cruising,0,0,0,1790768732,1790768732,N/A,OpenSky Network
2026-09-30 18:49:33,SJV778,Sriwijaya Air / Super Air Jet,8a09c4,Indonesia,N/A,-6.9304,111.2593,9144.0,30000.0,9784.08,32100.0,851.9,460.0,4.23,832.7,100.02,Climbing (Takeoff),0,0,0,1790768969,1790768969,N/A,OpenSky Network
2026-09-30 18:56:29,CTV785,Citilink,8a061c,Indonesia,N/A,-7.3717,110.7805,9334.5,30625.0,10020.3,32875.0,783.9,423.3,-10.08,-1984.2,192.0,Descending (Landing/Approach),0,0,0,1790769364,1790769368,N/A,OpenSky Network
2026-09-30 18:56:29,SJV778,Sriwijaya Air / Super Air Jet,8a09c4,Indonesia,N/A,-7.0136,111.7492,10660.38,34975.0,11414.76,37450.0,811.4,438.1,0.98,192.9,99.59,Cruising,0,0,0,1790769204,1790769205,N/A,OpenSky Network
2026-09-30 19:00:47,NONE,N/A,N/A,N/A,N/A,-8.7482,115.1672,0,0,0,0,0,0,0,0,0,No Flights,0,0,0,0,0,N/A,OpenSky Network
2026-09-30 19:07:28,SJV660,Sriwijaya Air / Super Air Jet,8a0948,Indonesia,N/A,-7.0022,110.7931,7581.9,24875.0,8145.78,26725.0,821.2,443.4,8.13,1600.4,11.84,Climbing (Takeoff),0,0,0,1790769939,1790769963,N/A,OpenSky Network
2026-09-30 19:21:28,NONE,N/A,N/A,N/A,N/A,-8.7482,115.1672,0,0,0,0,0,0,0,0,0,No Flights,0,0,0,0,0,N/A,OpenSky Network
2026-09-30 19:28:34,NONE,N/A,N/A,N/A,N/A,-8.7482,115.1672,0,0,0,0,0,0,0,0,0,No Flights,0,0,0,0,0,N/A,OpenSky Network
2026-09-30 19:35:30,N/A,Unknown,8a0ad6,Indonesia,N/A,-6.4352,111.2339,10363.2,34000.0,11094.72,36400.0,842.2,454.8,0,0.0,298.93,Cruising,0,0,0,1790771575,1790771575,N/A,OpenSky Network
2026-09-30 19:42:33,SJV664,Sriwijaya Air / Super Air Jet,8a094b,Indonesia,N/A,-7.464,110.7472,6606.54,21675.0,7063.74,23175.0,769.0,415.2,6.83,1344.5,1.79,Climbing (Takeoff),0,0,0,1790772134,1790772134,N/A,OpenSky Network
2026-09-30 19:49:25,SJV664,Sriwijaya Air / Super Air Jet,8a094b,Indonesia,N/A,-6.7959,111.1661,9159.24,30050.0,9669.78,31725.0,815.9,440.5,5.85,1151.6,44.91,Climbing (Takeoff),0,0,0,1790772548,1790772548,N/A,OpenSky Network
2026-09-30 19:56:30,GIA426,Garuda Indonesia,8a0a53,Indonesia,N/A,-6.7375,111.4224,10668,35000.0,11422.38,37475.0,809.2,437.0,0,0.0,115.92,Cruising,0,0,0,1790772772,1790772772,N/A,OpenSky Network
2026-09-30 20:00:49,SJY713,Sriwijaya Air,8a0363,Indonesia,N/A,-7.2879,111.009,7909.56,25950.0,8427.72,27650.0,778.6,420.4,9.75,1919.3,49.15,Climbing (Takeoff),0,0,0,1790773216,1790773216,N/A,OpenSky Network
2026-09-30 20:07:28,SJY713,Sriwijaya Air,8a0363,Indonesia,N/A,-7.15,111.177,8663.94,28425.0,9273.54,30425.0,795.6,429.6,4.55,895.7,52.76,Climbing (Takeoff),0,0,0,1790773327,1790773328,N/A,OpenSky Network
2026-09-30 20:07:28,BTK7368,Batik Air,8a051f,Indonesia,N/A,-7.4795,110.9232,701.04,2300.0,777.24,2550.0,273.1,147.5,-0.98,-192.9,255.87,Cruising,0,0,0,1790773524,1790773526,N/A,OpenSky Network
2026-09-30 20:14:38,LNI664,Lion Air,8a0311,Indonesia,N/A,-7.4087,110.8548,6918.96,22700.0,7391.4,24250.0,798.8,431.3,8.78,1728.3,45.38,Climbing (Takeoff),0,0,0,1790774068,1790774068,N/A,OpenSky Network
2026-09-30 20:21:40,LNI664,Lion Air,8a0311,Indonesia,N/A,-7.1315,111.1413,8580.12,28150.0,9151.62,30025.0,792.5,427.9,5.85,1151.6,46.23,Climbing (Takeoff),0,0,0,1790774271,1790774271,N/A,OpenSky Network
2026-09-30 20:28:38,SJY272,Sriwijaya Air,8a0a11,Indonesia,N/A,-6.8814,110.9939,10058.4,33000.0,10767.06,35325.0,836.3,451.6,0,0.0,83.9,Cruising,0,0,0,1790774907,1790774907,N/A,OpenSky Network
2026-09-30 20:35:34,CTV726,Citilink,8a03ae,Indonesia,N/A,-6.9404,110.9301,9159.24,30050.0,9867.9,32375.0,799.9,431.9,-10.08,-1984.2,82.28,Descending (Landing/Approach),0,0,0,1790775319,1790775321,N/A,OpenSky Network
2026-09-30 20:35:34,SJY272,Sriwijaya Air,8a0a11,Indonesia,N/A,-7.0264,111.5895,10058.4,33000.0,10774.68,35350.0,831.7,449.1,0.0,0.0,113.77,Cruising,0,0,0,1790775207,1790775213,N/A,OpenSky Network
2026-09-30 20:42:31,CTV726,Citilink,8a03ae,Indonesia,N/A,-6.9567,111.1866,7772.4,25500.0,8359.14,27425.0,734.2,396.4,-11.38,-2240.2,105.51,Descending (Landing/Approach),0,0,0,1790775455,1790775473,N/A,OpenSky Network
2026-09-30 20:49:31,CTV684,Citilink,8a0376,Indonesia,N/A,-6.9028,111.3728,10660.38,34975.0,11407.14,37425.0,796.7,430.2,0.0,0.0,114.0,Cruising,0,0,0,1790775924,1790776042,N/A,OpenSky Network
2026-09-30 20:49:31,SJV320,Sriwijaya Air / Super Air Jet,8a094c,Indonesia,N/A,-6.9827,110.8404,9098.28,29850.0,9761.22,32025.0,805.7,435.1,-11.38,-2240.2,90.92,Descending (Landing/Approach),0,0,0,1790776158,1790776168,N/A,OpenSky Network
2026-09-30 20:56:40,GIA424,Garuda Indonesia,8a02d3,Indonesia,N/A,-6.9899,111.2493,11277.6,37000.0,12047.22,39525.0,789.0,426.1,0.0,0.0,90.94,Cruising,0,0,0,1790776548,1790776548,N/A,OpenSky Network
2026-09-30 20:56:40,CTV783,Citilink,8a061c,Indonesia,N/A,-7.4153,110.7592,7101.84,23300.0,7604.76,24950.0,739.0,399.1,4.88,960.6,359.14,Climbing (Takeoff),0,0,0,1790776594,1790776596,N/A,OpenSky Network
2026-09-30 20:56:40,SJV320,Sriwijaya Air / Super Air Jet,8a094c,Indonesia,N/A,-7.0002,111.1743,7543.8,24750.0,8221.98,26975.0,767.7,414.5,-7.8,-1535.4,103.53,Descending (Landing/Approach),0,0,0,1790776329,1790776329,N/A,OpenSky Network
2026-09-30 21:00:48,GIA424,Garuda Indonesia,8a02d3,Indonesia,N/A,-7.0825,111.6333,11277.6,37000.0,12047.22,39525.0,795.2,429.4,0.0,0.0,112.74,Cruising,0,0,0,1790776752,1790776752,N/A,OpenSky Network
2026-09-30 21:00:48,BTK7521,Batik Air,8a063b,Indonesia,N/A,-6.9876,111.1343,8008.62,26275.0,8618.22,28275.0,770.5,416.1,-11.05,-2175.2,90.96,Descending (Landing/Approach),0,0,0,1790776825,1790776825,N/A,OpenSky Network
2026-09-30 21:00:48,CTV783,Citilink,8a061c,Indonesia,N/A,-7.0208,110.7571,8435.34,27675.0,9029.7,29625.0,774.8,418.3,6.5,1279.5,10.75,Climbing (Takeoff),0,0,0,1790776801,1790776803,N/A,OpenSky Network
2026-09-30 21:07:31,CTV783,Citilink,8a061c,Indonesia,N/A,-6.6409,111.2539,9852.66,32325.0,10538.46,34575.0,837.3,452.1,5.85,1151.6,56.27,Climbing (Takeoff),0,0,0,1790777117,1790777121,N/A,OpenSky Network
2026-09-30 21:14:31,NONE,N/A,N/A,N/A,N/A,-8.7482,115.1672,0,0,0,0,0,0,0,0,0,No Flights,0,0,0,0,0,N/A,OpenSky Network
2026-09-30 21:21:29,NONE,N/A,N/A,N/A,N/A,-8.7482,115.1672,0,0,0,0,0,0,0,0,0,No Flights,0,0,0,0,0,N/A,OpenSky Network
2026-09-30 21:28:34,GIA324,Garuda Indonesia,8a09ef,Indonesia,N/A,-6.9455,111.0263,8732.52,28650.0,9372.6,30750.0,734.7,396.7,-9.1,-1791.3,96.66,Descending (Landing/Approach),0,0,0,1790778483,1790778483,N/A,OpenSky Network
2026-09-30 21:35:46,TNU5110,TransNusa,8a09f8,Indonesia,N/A,-6.9549,111.1648,11277.6,37000.0,12077.7,39625.0,797.5,430.6,0,0.0,98.41,Cruising,0,0,0,1790778791,1790778799,N/A,OpenSky Network
2026-09-30 21:42:32,NONE,N/A,N/A,N/A,N/A,-8.7482,115.1672,0,0,0,0,0,0,0,0,0,No Flights,0,0,0,0,0,N/A,OpenSky Network
2026-09-30 21:49:42,NONE,N/A,N/A,N/A,N/A,-8.7482,115.1672,0,0,0,0,0,0,0,0,0,No Flights,0,0,0,0,0,N/A,OpenSky Network
2026-09-30 21:56:43,BTK6588,Batik Air,8a04ce,Indonesia,N/A,-7.0118,111.1822,8046.72,26400.0,8610.6,28250.0,789.2,426.1,-4.88,-960.6,103.71,Descending (Landing/Approach),0,0,0,1790780103,1790780103,N/A,OpenSky Network
2026-09-30 22:00:47,CTV728,Citilink,8a05d5,Indonesia,N/A,-6.9808,110.7475,9578.34,31425.0,10271.76,33700.0,818.7,442.1,-10.73,-2112.2,91.04,Descending (Landing/Approach),0,0,0,1790780429,1790780443,N/A,OpenSky Network
2026-09-30 22:07:36,CTV728,Citilink,8a05d5,Indonesia,N/A,-7.0361,111.1392,7604.76,24950.0,8153.4,26750.0,725.4,391.7,-10.4,-2047.2,102.08,Descending (Landing/Approach),0,0,0,1790780632,1790780640,N/A,OpenSky Network
2026-09-30 22:14:31,NONE,N/A,N/A,N/A,N/A,-8.7482,115.1672,0,0,0,0,0,0,0,0,0,No Flights,0,0,0,0,0,N/A,OpenSky Network
2026-09-30 22:21:33,NONE,N/A,N/A,N/A,N/A,-8.7482,115.1672,0,0,0,0,0,0,0,0,0,No Flights,0,0,0,0,0,N/A,OpenSky Network
2026-09-30 22:28:34,NONE,N/A,N/A,N/A,N/A,-8.7482,115.1672,0,0,0,0,0,0,0,0,0,No Flights,0,0,0,0,0,N/A,OpenSky Network
2026-09-30 22:35:37,NONE,N/A,N/A,N/A,N/A,-8.7482,115.1672,0,0,0,0,0,0,0,0,0,No Flights,0,0,0,0,0,N/A,OpenSky Network
2026-09-30 22:42:32,NONE,N/A,N/A,N/A,N/A,-8.7482,115.1672,0,0,0,0,0,0,0,0,0,No Flights,0,0,0,0,0,N/A,OpenSky Network
2026-09-30 22:49:29,NONE,N/A,N/A,N/A,N/A,-8.7482,115.1672,0,0,0,0,0,0,0,0,0,No Flights,0,0,0,0,0,N/A,OpenSky Network
2026-09-30 22:56:33,NONE,N/A,N/A,N/A,N/A,-8.7482,115.1672,0,0,0,0,0,0,0,0,0,No Flights,0,0,0,0,0,N/A,OpenSky Network
2026-09-30 23:00:48,NONE,N/A,N/A,N/A,N/A,-8.7482,115.1672,0,0,0,0,0,0,0,0,0,No Flights,0,0,0,0,0,N/A,OpenSky Network
2026-09-30 23:07:29,NONE,N/A,N/A,N/A,N/A,-8.7482,115.1672,0,0,0,0,0,0,0,0,0,No Flights,0,0,0,0,0,N/A,OpenSky Network
2026-09-30 23:14:31,NONE,N/A,N/A,N/A,N/A,-8.7482,115.1672,0,0,0,0,0,0,0,0,0,No Flights,0,0,0,0,0,N/A,OpenSky Network
2026-09-30 23:21:28,NONE,N/A,N/A,N/A,N/A,-8.7482,115.1672,0,0,0,0,0,0,0,0,0,No Flights,0,0,0,0,0,N/A,OpenSky Network
2026-09-30 23:28:32,NONE,N/A,N/A,N/A,N/A,-8.7482,115.1672,0,0,0,0,0,0,0,0,0,No Flights,0,0,0,0,0,N/A,OpenSky Network
2026-09-30 23:35:31,NONE,N/A,N/A,N/A,N/A,-8.7482,115.1672,0,0,0,0,0,0,0,0,0,No Flights,0,0,0,0,0,N/A,OpenSky Network
2026-09-30 23:42:31,NONE,N/A,N/A,N/A,N/A,-8.7482,115.1672,0,0,0,0,0,0,0,0,0,No Flights,0,0,0,0,0,N/A,OpenSky Network
2026-09-30 23:49:27,NONE,N/A,N/A,N/A,N/A,-8.7482,115.1672,0,0,0,0,0,0,0,0,0,No Flights,0,0,0,0,0,N/A,OpenSky Network
2026-09-30 23:56:30,NONE,N/A,N/A,N/A,N/A,-8.7482,115.1672,0,0,0,0,0,0,0,0,0,No Flights,0,0,0,0,0,N/A,OpenSky Network
2026-10-01 00:00:48,NONE,N/A,N/A,N/A,N/A,-8.7482,115.1672,0,0,0,0,0,0,0,0,0,No Flights,0,0,0,0,0,N/A,OpenSky Network
2026-10-01 00:07:30,NONE,N/A,N/A,N/A,N/A,-8.7482,115.1672,0,0,0,0,0,0,0,0,0,No Flights,0,0,0,0,0,N/A,OpenSky Network
2026-10-01 00:14:34,NONE,N/A,N/A,N/A,N/A,-8.7482,115.1672,0,0,0,0,0,0,0,0,0,No Flights,0,0,0,0,0,N/A,OpenSky Network
2026-10-01 00:22:06,NONE,N/A,N/A,N/A,N/A,-8.7482,115.1672,0,0,0,0,0,0,0,0,0,No Flights,0,0,0,0,0,N/A,OpenSky Network
2026-10-01 00:28:29,NONE,N/A,N/A,N/A,N/A,-8.7482,115.1672,0,0,0,0,0,0,0,0,0,No Flights,0,0,0,0,0,N/A,OpenSky Network
2026-10-01 00:35:43,NONE,N/A,N/A,N/A,N/A,-8.7482,115.1672,0,0,0,0,0,0,0,0,0,No Flights,0,0,0,0,0,N/A,OpenSky Network
2026-10-01 00:42:32,NONE,N/A,N/A,N/A,N/A,-8.7482,115.1672,0,0,0,0,0,0,0,0,0,No Flights,0,0,0,0,0,N/A,OpenSky Network
2026-10-01 00:49:33,NONE,N/A,N/A,N/A,N/A,-8.7482,115.1672,0,0,0,0,0,0,0,0,0,No Flights,0,0,0,0,0,N/A,OpenSky Network
2026-10-01 00:56:36,NONE,N/A,N/A,N/A,N/A,-8.7482,115.1672,0,0,0,0,0,0,0,0,0,No Flights,0,0,0,0,0,N/A,OpenSky Network
2026-10-01 01:00:46,NONE,N/A,N/A,N/A,N/A,-8.7482,115.1672,0,0,0,0,0,0,0,0,0,No Flights,0,0,0,0,0,N/A,OpenSky Network
2026-10-01 01:07:37,NONE,N/A,N/A,N/A,N/A,-8.7482,115.1672,0,0,0,0,0,0,0,0,0,No Flights,0,0,0,0,0,N/A,OpenSky Network
2026-10-01 01:14:30,NONE,N/A,N/A,N/A,N/A,-8.7482,115.1672,0,0,0,0,0,0,0,0,0,No Flights,0,0,0,0,0,N/A,OpenSky Network
2026-10-01 01:21:32,NONE,N/A,N/A,N/A,N/A,-8.7482,115.1672,0,0,0,0,0,0,0,0,0,No Flights,0,0,0,0,0,N/A,OpenSky Network
2026-10-01 01:28:46,NONE,N/A,N/A,N/A,N/A,-8.7482,115.1672,0,0,0,0,0,0,0,0,0,No Flights,0,0,0,0,0,N/A,OpenSky Network
2026-10-01 01:35:37,NONE,N/A,N/A,N/A,N/A,-8.7482,115.1672,0,0,0,0,0,0,0,0,0,No Flights,0,0,0,0,0,N/A,OpenSky Network
2026-10-01 01:42:32,NONE,N/A,N/A,N/A,N/A,-8.7482,115.1672,0,0,0,0,0,0,0,0,0,No Flights,0,0,0,0,0,N/A,OpenSky Network
2026-10-01 01:49:27,NONE,N/A,N/A,N/A,N/A,-8.7482,115.1672,0,0,0,0,0,0,0,0,0,No Flights,0,0,0,0,0,N/A,OpenSky Network
2026-10-01 01:56:31,NONE,N/A,N/A,N/A,N/A,-8.7482,115.1672,0,0,0,0,0,0,0,0,0,No Flights,0,0,0,0,0,N/A,OpenSky Network
2026-10-01 02:01:04,NONE,N/A,N/A,N/A,N/A,-8.7482,115.1672,0,0,0,0,0,0,0,0,0,No Flights,0,0,0,0,0,N/A,OpenSky Network
2026-10-01 02:07:27,NONE,N/A,N/A,N/A,N/A,-8.7482,115.1672,0,0,0,0,0,0,0,0,0,No Flights,0,0,0,0,0,N/A,OpenSky Network
2026-10-01 02:14:30,NONE,N/A,N/A,N/A,N/A,-8.7482,115.1672,0,0,0,0,0,0,0,0,0,No Flights,0,0,0,0,0,N/A,OpenSky Network
2026-10-01 02:21:25,NONE,N/A,N/A,N/A,N/A,-8.7482,115.1672,0,0,0,0,0,0,0,0,0,No Flights,0,0,0,0,0,N/A,OpenSky Network
2026-10-01 02:28:32,NONE,N/A,N/A,N/A,N/A,-8.7482,115.1672,0,0,0,0,0,0,0,0,0,No Flights,0,0,0,0,0,N/A,OpenSky Network
2026-10-01 02:35:40,NONE,N/A,N/A,N/A,N/A,-8.7482,115.1672,0,0,0,0,0,0,0,0,0,No Flights,0,0,0,0,0,N/A,OpenSky Network
2026-10-01 02:42:35,NONE,N/A,N/A,N/A,N/A,-8.7482,115.1672,0,0,0,0,0,0,0,0,0,No Flights,0,0,0,0,0,N/A,OpenSky Network
2026-10-01 02:49:30,CTV602,Citilink,8a04a4,Indonesia,N/A,-6.8934,110.933,10668,35000.0,11391.9,37375.0,810.7,437.7,0,0.0,101.46,Cruising,0,0,0,1790797765,1790797765,N/A,OpenSky Network
2026-10-01 02:56:40,CTV602,Citilink,8a04a4,Indonesia,N/A,-7.0184,111.5832,10668,35000.0,11391.9,37375.0,812.9,438.9,0.0,0.0,101.57,Cruising,0,0,0,1790798091,1790798091,N/A,OpenSky Network
2026-10-01 02:56:40,BTK6540,Batik Air,8a091b,Indonesia,N/A,-6.9456,111.1836,10668,35000.0,11384.28,37350.0,770.4,416.0,0.33,65.0,101.23,Cruising,0,0,0,1790798194,1790798194,N/A,OpenSky Network
2026-10-01 03:00:48,BTK6540,Batik Air,8a091b,Indonesia,N/A,-6.9588,111.2498,10668,35000.0,11384.28,37350.0,770.7,416.2,0,0.0,101.36,Cruising,0,0,0,1790798229,1790798231,N/A,OpenSky Network
2026-10-01 03:08:10,NONE,N/A,N/A,N/A,N/A,-8.7482,115.1672,0,0,0,0,0,0,0,0,0,No Flights,0,0,0,0,0,N/A,OpenSky Network
2026-10-01 03:14:30,NONE,N/A,N/A,N/A,N/A,-8.7482,115.1672,0,0,0,0,0,0,0,0,0,No Flights,0,0,0,0,0,N/A,OpenSky Network
2026-10-01 03:21:28,NONE,N/A,N/A,N/A,N/A,-8.7482,115.1672,0,0,0,0,0,0,0,0,0,No Flights,0,0,0,0,0,N/A,OpenSky Network
2026-10-01 03:28:39,NONE,N/A,N/A,N/A,N/A,-8.7482,115.1672,0,0,0,0,0,0,0,0,0,No Flights,0,0,0,0,0,N/A,OpenSky Network
2026-10-01 03:35:33,NONE,N/A,N/A,N/A,N/A,-8.7482,115.1672,0,0,0,0,0,0,0,0,0,No Flights,0,0,0,0,0,N/A,OpenSky Network
2026-10-01 03:42:34,NONE,N/A,N/A,N/A,N/A,-8.7482,115.1672,0,0,0,0,0,0,0,0,0,No Flights,0,0,0,0,0,N/A,OpenSky Network
2026-10-01 03:49:32,NONE,N/A,N/A,N/A,N/A,-8.7482,115.1672,0,0,0,0,0,0,0,0,0,No Flights,0,0,0,0,0,N/A,OpenSky Network
2026-10-01 03:56:30,NONE,N/A,N/A,N/A,N/A,-8.7482,115.1672,0,0,0,0,0,0,0,0,0,No Flights,0,0,0,0,0,N/A,OpenSky Network
2026-10-01 04:00:45,NONE,N/A,N/A,N/A,N/A,-8.7482,115.1672,0,0,0,0,0,0,0,0,0,No Flights,0,0,0,0,0,N/A,OpenSky Network
2026-10-01 04:07:30,NONE,N/A,N/A,N/A,N/A,-8.7482,115.1672,0,0,0,0,0,0,0,0,0,No Flights,0,0,0,0,0,N/A,OpenSky Network
2026-10-01 04:14:30,NONE,N/A,N/A,N/A,N/A,-8.7482,115.1672,0,0,0,0,0,0,0,0,0,No Flights,0,0,0,0,0,N/A,OpenSky Network
2026-10-01 04:21:28,NONE,N/A,N/A,N/A,N/A,-8.7482,115.1672,0,0,0,0,0,0,0,0,0,No Flights,0,0,0,0,0,N/A,OpenSky Network
2026-10-01 04:28:37,NONE,N/A,N/A,N/A,N/A,-8.7482,115.1672,0,0,0,0,0,0,0,0,0,No Flights,0,0,0,0,0,N/A,OpenSky Network
2026-10-01 04:35:35,LNI690,Lion Air,8a0295,Indonesia,N/A,-6.8944,110.8431,10668,35000.0,11391.9,37375.0,815.4,440.3,0,0.0,99.68,Cruising,0,0,0,1790804107,1790804124,N/A,OpenSky Network
2026-10-01 04:42:35,LNI690,Lion Air,8a0295,Indonesia,N/A,-7.0533,111.6327,10142.22,33275.0,10843.26,35575.0,826.0,446.0,-13,-2559.0,105.87,Descending (Landing/Approach),0,0,0,1790804498,1790804501,N/A,OpenSky Network
2026-10-01 04:49:31,NONE,N/A,N/A,N/A,N/A,-8.7482,115.1672,0,0,0,0,0,0,0,0,0,No Flights,0,0,0,0,0,N/A,OpenSky Network
2026-10-01 04:56:30,NONE,N/A,N/A,N/A,N/A,-8.7482,115.1672,0,0,0,0,0,0,0,0,0,No Flights,0,0,0,0,0,N/A,OpenSky Network
2026-10-01 05:00:50,NONE,N/A,N/A,N/A,N/A,-8.7482,115.1672,0,0,0,0,0,0,0,0,0,No Flights,0,0,0,0,0,N/A,OpenSky Network
2026-10-01 05:07:33,NONE,N/A,N/A,N/A,N/A,-8.7482,115.1672,0,0,0,0,0,0,0,0,0,No Flights,0,0,0,0,0,N/A,OpenSky Network
2026-10-01 05:14:30,NONE,N/A,N/A,N/A,N/A,-8.7482,115.1672,0,0,0,0,0,0,0,0,0,No Flights,0,0,0,0,0,N/A,OpenSky Network
2026-10-01 05:21:30,NONE,N/A,N/A,N/A,N/A,-8.7482,115.1672,0,0,0,0,0,0,0,0,0,No Flights,0,0,0,0,0,N/A,OpenSky Network
2026-10-01 05:28:40,LNI020,Lion Air,8a0458,Indonesia,N/A,-6.9893,111.2175,10668,35000.0,11399.52,37400.0,811.3,438.1,0,0.0,91.05,Cruising,0,0,0,1790807273,1790807273,N/A,OpenSky Network
2026-10-01 05:35:30,LNI020,Lion Air,8a0458,Indonesia,N/A,-6.9893,111.2175,10668.0,35000.0,11399.52,37400.0,829.3,447.8,0,0.0,112.73,Cruising,0,0,0,1790807273,1790807476,N/A,OpenSky Network
2026-10-01 05:35:30,LNI656,Lion Air,8a097c,Indonesia,N/A,-6.9874,111.1032,10058.4,33000.0,10751.82,35275.0,833.5,450.1,0,0.0,91.02,Cruising,0,0,0,1790807720,1790807723,N/A,OpenSky Network
2026-10-01 05:42:29,BTK6391,Batik Air,8a04ce,Indonesia,N/A,-6.5659,111.0508,10942.32,35900.0,11673.84,38300.0,860.3,464.5,4.23,832.7,283.32,Climbing (Takeoff),0,0,0,1790807928,1790807928,N/A,OpenSky Network
2026-10-01 05:42:29,CTV680,Citilink,8a060e,Indonesia,N/A,-6.9848,110.9677,10660.38,34975.0,11391.9,37375.0,807.6,436.1,0.0,0.0,90.92,Cruising,0,0,0,1790808132,1790808133,N/A,OpenSky Network
2026-10-01 05:49:26,CTV680,Citilink,8a060e,Indonesia,N/A,-7.0766,111.6199,10668,35000.0,11399.52,37400.0,809.5,437.1,0,0.0,91.05,Cruising,0,0,0,1790808457,1790808457,N/A,OpenSky Network
2026-10-01 05:56:26,NONE,N/A,N/A,N/A,N/A,-8.7482,115.1672,0,0,0,0,0,0,0,0,0,No Flights,0,0,0,0,0,N/A,OpenSky Network
2026-10-01 06:00:49,NONE,N/A,N/A,N/A,N/A,-8.7482,115.1672,0,0,0,0,0,0,0,0,0,No Flights,0,0,0,0,0,N/A,OpenSky Network
2026-10-01 06:07:37,T7RMA,Private / Business Jet / General Aviation,500272,San Marino,N/A,-6.9355,111.0652,11887.2,39000.0,12702.54,41675.0,765.1,413.1,0.33,65.0,99.05,Cruising,0,0,0,1790809638,1790809638,N/A,OpenSky Network
2026-10-01 06:07:37,BTK7511,Batik Air,8a06fd,Indonesia,N/A,-6.9466,110.9897,9387.84,30800.0,10066.02,33025.0,827.1,446.6,-16.26,-3200.8,96.17,Descending (Landing/Approach),0,0,0,1790809652,1790809654,N/A,OpenSky Network
2026-10-01 06:14:34,T7RMA,Private / Business Jet / General Aviation,500272,San Marino,N/A,-7.0818,111.6312,11887.2,39000.0,12702.54,41675.0,772.8,417.3,-0.33,-65.0,112.69,Cruising,0,0,0,1790809943,1790809943,N/A,OpenSky Network
2026-10-01 06:14:34,BTK7511,Batik Air,8a06fd,Indonesia,N/A,-6.9779,111.2266,8008.62,26275.0,8580.12,28150.0,800.5,432.3,-7.15,-1407.5,103.1,Descending (Landing/Approach),0,0,0,1790809769,1790809769,N/A,OpenSky Network
2026-10-01 06:14:34,SJV777,Sriwijaya Air / Super Air Jet,8a09c4,Indonesia,N/A,-7.2716,110.7314,7886.7,25875.0,8450.58,27725.0,858.9,463.8,-14.96,-2944.9,210.16,Descending (Landing/Approach),0,0,0,1790810067,1790810067,N/A,OpenSky Network
2026-10-01 06:21:29,NONE,N/A,N/A,N/A,N/A,-8.7482,115.1672,0,0,0,0,0,0,0,0,0,No Flights,0,0,0,0,0,N/A,OpenSky Network
2026-10-01 06:28:38,NONE,N/A,N/A,N/A,N/A,-8.7482,115.1672,0,0,0,0,0,0,0,0,0,No Flights,0,0,0,0,0,N/A,OpenSky Network
2026-10-01 06:35:33,LKN280,Lion Air (Alt),8a05cd,Indonesia,N/A,-6.9894,111.2171,10050.78,32975.0,10751.82,35275.0,787.2,425.1,0,0.0,90.94,Cruising,0,0,0,1790811306,1790811306,N/A,OpenSky Network
2026-10-01 06:42:32,NONE,N/A,N/A,N/A,N/A,-8.7482,115.1672,0,0,0,0,0,0,0,0,0,No Flights,0,0,0,0,0,N/A,OpenSky Network
2026-10-01 06:49:31,NONE,N/A,N/A,N/A,N/A,-8.7482,115.1672,0,0,0,0,0,0,0,0,0,No Flights,0,0,0,0,0,N/A,OpenSky Network
2026-10-01 06:56:33,AWQ806,Indonesia AirAsia,8a0419,Indonesia,N/A,-6.9855,111.002,10668,35000.0,11407.14,37425.0,813.1,439.1,0,0.0,90.91,Cruising,0,0,0,1790812307,1790812307,N/A,OpenSky Network
2026-10-01 07:00:50,N/A,Unknown,8a0377,Indonesia,N/A,-6.9837,110.8791,10668,35000.0,11376.66,37325.0,766.9,414.1,-0.33,-65.0,91.11,Cruising,0,0,0,1790812835,1790812835,N/A,OpenSky Network
2026-10-01 07:07:32,N/A,Unknown,8a0377,Indonesia,N/A,-7.061,111.4953,10271.76,33700.0,11369.04,37300.0,791.8,427.5,-9.43,-1856.3,116.39,Descending (Landing/Approach),0,0,0,1790813161,1790813161,N/A,OpenSky Network
2026-10-01 07:07:32,LNI668,Lion Air,8a0809,Indonesia,N/A,-7.2115,110.7529,9189.72,30150.0,9852.66,32325.0,740.5,399.8,-6.83,-1344.5,188.92,Descending (Landing/Approach),0,0,0,1790813237,1790813237,N/A,OpenSky Network
2026-10-01 07:07:32,SJV796,Sriwijaya Air / Super Air Jet,8a08e9,Indonesia,N/A,-6.9891,111.2221,10675.62,35025.0,11430.0,37500.0,813.2,439.1,0.0,0.0,91.04,Cruising,0,0,0,1790813185,1790813185,N/A,OpenSky Network
2026-10-01 07:07:32,PAS646,Pelita Air Service,8a0a89,Indonesia,N/A,-7.4919,110.7567,7818.12,25650.0,8397.24,27550.0,787.0,424.9,-12.68,-2496.1,209.46,Descending (Landing/Approach),0,0,0,1790813237,1790813237,N/A,OpenSky Network
2026-10-01 07:14:28,N/A,Unknown,8a03af,Indonesia,N/A,-7.146,110.8413,10325.1,33875.0,11094.72,36400.0,897.2,484.5,-3.58,-704.7,226.09,Descending (Landing/Approach),0,0,0,1790813666,1790813666,N/A,OpenSky Network
2026-10-01 07:14:28,SJV665,Sriwijaya Air / Super Air Jet,8a0949,Indonesia,N/A,-7.5888,110.7268,7147.56,23450.0,7673.34,25175.0,694.1,374.8,-9.1,-1791.3,193.11,Descending (Landing/Approach),0,0,0,1790813668,1790813668,N/A,OpenSky Network
2026-10-01 07:21:26,PAS200,Pelita Air Service,8a0993,Indonesia,N/A,-6.971,111.0237,11277.6,37000.0,12039.6,39500.0,810.4,437.6,0,0.0,93.01,Cruising,0,0,0,1790813916,1790813916,N/A,OpenSky Network
2026-10-01 07:29:05,NONE,N/A,N/A,N/A,N/A,-8.7482,115.1672,0,0,0,0,0,0,0,0,0,No Flights,0,0,0,0,0,N/A,OpenSky Network
2026-10-01 07:35:34,BTK7581,Batik Air,8a0519,Indonesia,N/A,-6.9848,110.9602,11277.6,37000.0,0,0.0,815.0,440.0,0,0.0,90.91,Cruising,0,0,0,1790814919,1790814919,N/A,OpenSky Network
2026-10-01 07:42:35,N/A,Unknown,8a023e,Indonesia,N/A,-6.9803,110.6927,10668,35000.0,11391.9,37375.0,779.8,421.1,0,0.0,90.95,Cruising,0,0,0,1790815287,1790815287,N/A,OpenSky Network
2026-10-01 07:49:28,GIA304,Garuda Indonesia,8a043b,Indonesia,N/A,-6.9861,111.0205,10668,35000.0,11399.52,37400.0,796.5,430.1,0,0.0,90.93,Cruising,0,0,0,1790815728,1790815728,N/A,OpenSky Network
2026-10-01 07:49:28,GIA456,Garuda Indonesia,8a023e,Indonesia,N/A,-6.9891,111.2056,10668,35000.0,11391.9,37375.0,803.9,434.1,0,0.0,90.92,Cruising,0,0,0,1790815546,1790815546,N/A,OpenSky Network
2026-10-01 07:56:30,J968KT,Other Airline,8a02d8,Indonesia,N/A,-7.7618,110.6914,4427.22,14525.0,4732.02,15525.0,288.0,155.5,9.43,1856.3,15.29,Climbing (Takeoff),0,0,0,1790816176,1790816176,N/A,OpenSky Network
2026-10-01 07:56:30,CTV178,Citilink,8a04a5,Indonesia,N/A,-6.9858,111.0106,10058.4,33000.0,10774.68,35350.0,802.0,433.1,0.0,0.0,91.06,Cruising,0,0,0,1790816013,1790816013,N/A,OpenSky Network
2026-10-01 07:56:30,SJV316,Sriwijaya Air / Super Air Jet,8a08b8,Indonesia,N/A,-6.9564,111.2024,9753.6,32000.0,10454.64,34300.0,848.6,458.2,-0.33,-65.0,99.42,Cruising,0,0,0,1790816015,1790816031,N/A,OpenSky Network
2026-10-01 08:00:47,CTV178,Citilink,8a04a5,Indonesia,N/A,-6.9949,111.4252,10058.4,33000.0,10774.68,35350.0,810.5,437.6,2.6,511.8,99.2,Climbing (Takeoff),0,0,0,1790816219,1790816219,N/A,OpenSky Network
2026-10-01 08:07:40,N/A,Unknown,8a03c4,Indonesia,N/A,-6.9893,111.2186,10668.0,35000.0,11399.52,37400.0,802.0,433.1,0.0,0.0,91.06,Cruising,0,0,0,1790816835,1790816835,N/A,OpenSky Network
2026-10-01 08:07:40,WGB08,Other Airline,8a1012,Indonesia,N/A,-7.2561,110.7744,3360.42,11025.0,3604.26,11825.0,428.5,231.4,0.33,65.0,353.8,Cruising,0,0,0,1790816821,1790816822,N/A,OpenSky Network
2026-10-01 08:14:30,TNU5104,TransNusa,8a0987,Indonesia,N/A,-6.9857,111.0108,11277.6,37000.0,12054.84,39550.0,803.9,434.1,0,0.0,91.06,Cruising,0,0,0,1790817169,1790817169,N/A,OpenSky Network
2026-10-01 08:21:29,GIA432,Garuda Indonesia,8a02d5,Indonesia,N/A,-6.987,111.0727,10668.0,35000.0,11399.52,37400.0,803.9,434.1,0.0,0.0,91.06,Cruising,0,0,0,1790817667,1790817667,N/A,OpenSky Network
2026-10-01 08:21:29,WGB18,Other Airline,8a083f,Indonesia,N/A,-7.428,110.7953,3375.66,11075.0,3627.12,11900.0,423.6,228.7,0.65,128.0,340.06,Cruising,0,0,0,1790817678,1790817678,N/A,OpenSky Network
2026-10-01 08:21:29,TNU5104,TransNusa,8a0987,Indonesia,N/A,-6.9857,111.0108,11277.6,37000.0,12054.84,39550.0,812.7,438.8,0.0,0.0,112.65,Cruising,0,0,0,1790817169,1790817456,N/A,OpenSky Network
2026-10-01 08:28:32,WONGBE16,Wings Air,8a02db,Indonesia,N/A,-7.5385,110.7427,3345.18,10975.0,3589.02,11775.0,444.0,239.7,-3.25,-639.8,54.85,Descending (Landing/Approach),0,0,0,1790818096,1790818096,N/A,OpenSky Network
2026-10-01 08:28:32,WGB18,Other Airline,8a083f,Indonesia,N/A,-7.2243,110.77,3360.42,11025.0,3611.88,11850.0,435.4,235.1,-1.63,-320.9,350.7,Descending (Landing/Approach),0,0,0,1790817868,1790817868,N/A,OpenSky Network
2026-10-01 08:35:30,WONGBE16,Wings Air,8a02db,Indonesia,N/A,-7.3144,110.7731,3345.18,10975.0,3596.64,11800.0,439.7,237.4,0.98,192.9,356.62,Cruising,0,0,0,1790818329,1790818336,N/A,OpenSky Network
2026-10-01 08:42:27,WGB14,Other Airline,8a02d9,Indonesia,N/A,-7.2992,110.7805,3337.56,10950.0,3581.4,11750.0,438.1,236.5,-0.33,-65.0,356.12,Cruising,0,0,0,1790818934,1790818935,N/A,OpenSky Network
2026-10-01 08:42:27,WGB10,Other Airline,8a0132,Indonesia,N/A,-7.5809,110.6919,3329.94,10925.0,3573.78,11725.0,436.0,235.4,-0.98,-192.9,52.59,Cruising,0,0,0,1790818936,1790818937,N/A,OpenSky Network
2026-10-01 08:42:27,GIA302,Garuda Indonesia,8a0a9e,Indonesia,N/A,-6.8963,111.2289,10058.4,33000.0,10759.44,35300.0,785.4,424.1,0.0,0.0,84.32,Cruising,0,0,0,1790818834,1790818836,N/A,OpenSky Network
2026-10-01 08:49:31,WGB10,Other Airline,8a0132,Indonesia,N/A,-7.2433,110.7846,3352.8,11000.0,3573.78,11725.0,440.9,238.1,0,0.0,358.56,Cruising,0,0,0,1790819296,1790819296,N/A,OpenSky Network
2026-10-01 08:56:30,BTK6584,Batik Air,8a0635,Indonesia,N/A,-6.9495,111.0567,10660.38,34975.0,11407.14,37425.0,813.2,439.1,0.0,0.0,96.8,Cruising,0,0,0,1790819727,1790819733,N/A,OpenSky Network
2026-10-01 08:56:30,WGB19,Other Airline,8a0840,Indonesia,N/A,-7.5948,110.7121,0.0,0.0,1022.91,3356.0,449.3,242.6,-3.58,-704.7,53.89,Descending (Landing/Approach),0,0,0,1790819732,1790819740,N/A,OpenSky Network
2026-10-01 08:56:30,PAS647,Pelita Air Service,8a0a89,Indonesia,N/A,-6.9911,110.7531,9166.86,30075.0,9822.18,32225.0,848.3,458.0,2.6,511.8,0.63,Climbing (Takeoff),0,0,0,1790819758,1790819761,N/A,OpenSky Network
2026-10-01 09:00:44,TGW248,Scoot,76b86b,Singapore,N/A,-7.5722,110.6808,8618.22,28275.0,9265.92,30400.0,863.6,466.3,-10.4,-2047.2,229.96,Descending (Landing/Approach),0,0,0,1790820040,1790820040,N/A,OpenSky Network
2026-10-01 09:00:44,BTK6584,Batik Air,8a0635,Indonesia,N/A,-6.9714,111.2412,10668.0,35000.0,11414.76,37450.0,818.7,442.1,0.0,0.0,96.76,Cruising,0,0,0,1790819818,1790819819,N/A,OpenSky Network
2026-10-01 09:00:44,WGB19,Other Airline,8a0840,Indonesia,N/A,-7.298,110.7806,0.0,0.0,1044.85,3428.0,423.0,228.4,1.63,320.9,351.69,Climbing (Takeoff),0,0,0,1790820034,1790820034,N/A,OpenSky Network
2026-10-01 09:00:44,PAS647,Pelita Air Service,8a0a89,Indonesia,N/A,-6.6256,111.1588,10759.44,35300.0,11521.44,37800.0,806.4,435.4,4.23,832.7,61.32,Climbing (Takeoff),0,0,0,1790820041,1790820041,N/A,OpenSky Network
2026-10-01 09:07:28,LNI641,Lion Air,8a0381,Indonesia,N/A,-7.2482,110.7517,8298.18,27225.0,8907.78,29225.0,784.9,423.8,-13.33,-2624.0,186.64,Descending (Landing/Approach),0,0,0,1790820435,1790820437,N/A,OpenSky Network
2026-10-01 09:14:29,AWQ808,Indonesia AirAsia,8a036b,Indonesia,N/A,-6.9577,111.2256,10668.0,35000.0,11422.38,37475.0,821.8,443.7,0.33,65.0,99.99,Cruising,0,0,0,1790820849,1790820849,N/A,OpenSky Network
2026-10-01 09:14:29,PAS202,Pelita Air Service,8a0927,Indonesia,N/A,-6.9615,111.2551,11269.98,36975.0,12070.08,39600.0,814.4,439.7,0.0,0.0,100.75,Cruising,0,0,0,1790820776,1790820776,N/A,OpenSky Network
2026-10-01 09:21:33,N/A,Unknown,8a0419,Indonesia,N/A,-6.4672,111.2137,10972.8,36000.0,11742.42,38525.0,888.2,479.6,0.0,0.0,280.21,Cruising,0,0,0,1790821240,1790821241,N/A,OpenSky Network
2026-10-01 09:21:33,LNI669,Lion Air,8a0809,Indonesia,N/A,-7.4391,110.8115,7680.96,25200.0,8206.74,26925.0,746.1,402.8,10.08,1984.2,40.57,Climbing (Takeoff),0,0,0,1790821288,1790821288,N/A,OpenSky Network
2026-10-01 09:28:26,BTK7513,Batik Air,8a0522,Indonesia,N/A,-6.9848,110.9527,9044.94,29675.0,9761.22,32025.0,842.8,455.1,-16.26,-3200.8,91.01,Descending (Landing/Approach),0,0,0,1790821677,1790821677,N/A,OpenSky Network
2026-10-01 09:28:26,LNI669,Lion Air,8a0809,Indonesia,N/A,-6.8818,111.2893,9448.8,31000.0,10119.36,33200.0,810.3,437.5,0.0,0.0,40.64,Cruising,0,0,0,1790821657,1790821657,N/A,OpenSky Network
2026-10-01 09:28:26,SJV370,Sriwijaya Air / Super Air Jet,8a0955,Indonesia,N/A,-6.9393,111.0812,10675.62,35025.0,11452.86,37575.0,825.1,445.5,0.0,0.0,99.04,Cruising,0,0,0,1790821689,1790821691,N/A,OpenSky Network
2026-10-01 09:35:30,BTK7580,Batik Air,8a0519,Indonesia,N/A,-6.5992,111.0332,10820.4,35500.0,11346.18,37225.0,890.1,480.6,8.78,1728.3,277.05,Climbing (Takeoff),0,0,0,1790821852,1790821852,N/A,OpenSky Network
2026-10-01 09:35:30,SJV370,Sriwijaya Air / Super Air Jet,8a0955,Indonesia,N/A,-7.0638,111.5888,10675.62,35025.0,11437.62,37525.0,831.6,449.0,0.0,0.0,106.3,Cruising,0,0,0,1790821941,1790821941,N/A,OpenSky Network
2026-10-01 09:35:30,WGB08,Other Airline,8a1012,Indonesia,N/A,-7.3065,110.7791,3337.56,10950.0,3581.4,11750.0,431.6,233.0,0.0,0.0,354.58,Cruising,0,0,0,1790822026,1790822031,N/A,OpenSky Network
2026-10-01 09:42:28,LNI522,Lion Air,8a082b,Indonesia,N/A,-7.3479,110.8897,8671.56,28450.0,9288.78,30475.0,813.0,439.0,0.98,192.9,40.66,Cruising,0,0,0,1790822529,1790822529,N/A,OpenSky Network
2026-10-01 09:42:28,GIA222,Garuda Indonesia,8a09d6,Indonesia,N/A,-7.2585,110.7512,3253.74,10675.0,3467.1,11375.0,555.7,300.0,-3.58,-704.7,180.95,Descending (Landing/Approach),0,0,0,1790822475,1790822528,N/A,OpenSky Network
2026-10-01 09:49:29,LNI694,Lion Air,8a0454,Indonesia,N/A,-6.9857,110.993,9067.8,29750.0,9715.5,31875.0,802.1,433.1,-5.2,-1023.6,91.19,Descending (Landing/Approach),0,0,0,1790822953,1790822954,N/A,OpenSky Network
2026-10-01 09:49:29,WGB18,Other Airline,8a083f,Indonesia,N/A,-7.5639,110.7132,3345.18,10975.0,3589.02,11775.0,426.1,230.1,-1.95,-383.9,51.88,Descending (Landing/Approach),0,0,0,1790822961,1790822961,N/A,OpenSky Network
2026-10-01 09:49:29,LNI522,Lion Air,8a082b,Indonesia,N/A,-6.732,111.4131,10058.4,33000.0,10774.68,35350.0,807.6,436.0,0.33,65.0,38.76,Cruising,0,0,0,1790822919,1790822919,N/A,OpenSky Network
2026-10-01 09:49:29,GIA222,Garuda Indonesia,8a09d6,Indonesia,N/A,-7.4799,110.9334,967.74,3175.0,1074.42,3525.0,374.1,202.0,-5.53,-1088.6,270.28,Descending (Landing/Approach),0,0,0,1790822910,1790822912,N/A,OpenSky Network
2026-10-01 09:49:29,WGB07,Other Airline,8a1011,Indonesia,N/A,-7.3238,110.7804,3352.8,11000.0,3596.64,11800.0,436.0,235.4,-1.63,-320.9,353.66,Descending (Landing/Approach),0,0,0,1790822960,1790822960,N/A,OpenSky Network
2026-10-01 09:56:30,WGB13,Other Airline,8a02d8,Indonesia,N/A,-7.4141,110.7849,3345.18,10975.0,3589.02,11775.0,436.0,235.4,0.65,128.0,356.59,Cruising,0,0,0,1790823353,1790823353,N/A,OpenSky Network
2026-10-01 09:56:30,LNI694,Lion Air,8a0454,Indonesia,N/A,-6.9891,111.1952,8153.4,26750.0,8740.14,28675.0,759.4,410.0,-11.05,-2175.2,90.84,Descending (Landing/Approach),0,0,0,1790823056,1790823063,N/A,OpenSky Network
2026-10-01 09:56:30,CTV640,Citilink,8a03ac,Indonesia,N/A,-6.9876,111.1365,10058.4,33000.0,10767.06,35325.0,766.8,414.1,0.0,0.0,90.97,Cruising,0,0,0,1790823314,1790823314,N/A,OpenSky Network
2026-10-01 09:56:30,WGB18,Other Airline,8a083f,Indonesia,N/A,-7.2379,110.7596,3337.56,10950.0,3589.02,11775.0,437.4,236.2,-1.63,-320.9,352.21,Descending (Landing/Approach),0,0,0,1790823298,1790823298,N/A,OpenSky Network
2026-10-01 09:56:30,N/A,Unknown,8a08b8,Indonesia,N/A,-6.682,111.2151,9403.08,30850.0,0.0,0.0,893.4,482.4,7.8,1535.4,284.53,Climbing (Takeoff),0,0,0,1790823369,1790823369,N/A,OpenSky Network
2026-10-01 10:00:48,WGB13,Other Airline,8a02d8,Indonesia,N/A,-7.2311,110.7645,3337.56,10950.0,3581.4,11750.0,433.4,234.0,2.28,448.8,354.61,Climbing (Takeoff),0,0,0,1790823522,1790823522,N/A,OpenSky Network
2026-10-01 10:00:48,CTV763,Citilink,8a03ab,Indonesia,N/A,-7.3933,110.6879,2423.16,7950.0,2567.94,8425.0,536.5,289.7,9.1,1791.3,17.68,Climbing (Takeoff),0,0,0,1790823627,1790823627,N/A,OpenSky Network
2026-10-01 10:00:48,CTV640,Citilink,8a03ac,Indonesia,N/A,-7.0157,111.566,10058.4,33000.0,10774.68,35350.0,766.3,413.7,0.33,65.0,95.27,Cruising,0,0,0,1790823539,1790823539,N/A,OpenSky Network
2026-10-01 10:00:48,CTV718,Citilink,8a04ab,Indonesia,N/A,-7.0376,111.1329,7498.08,24600.0,8061.96,26450.0,758.1,409.4,-14.63,-2879.9,102.27,Descending (Landing/Approach),0,0,0,1790823524,1790823526,N/A,OpenSky Network
2026-10-01 10:00:48,PAS102,Pelita Air Service,8a0998,Indonesia,N/A,-6.9863,111.0417,10660.38,34975.0,11407.14,37425.0,811.3,438.1,0.0,0.0,91.05,Cruising,0,0,0,1790823575,1790823575,N/A,OpenSky Network
2026-10-01 10:00:48,SJV317,Sriwijaya Air / Super Air Jet,8a08b8,Indonesia,N/A,-6.631,111.0192,9890.76,32450.0,10614.66,34825.0,893.9,482.7,4.88,960.6,284.64,Climbing (Takeoff),0,0,0,1790823460,1790823460,N/A,OpenSky Network
2026-10-01 10:07:31,PAS102,Pelita Air Service,8a0998,Indonesia,N/A,-7.0828,111.6338,10668,35000.0,11414.76,37450.0,825.1,445.5,0,0.0,112.71,Cruising,0,0,0,1790823871,1790823871,N/A,OpenSky Network
2026-10-01 10:14:31,WGB14,Other Airline,8a02d9,Indonesia,N/A,-7.296,110.7799,3360.42,11025.0,3596.64,11800.0,431.6,233.1,-0.98,-192.9,352.36,Cruising,0,0,0,1790824431,1790824431,N/A,OpenSky Network
2026-10-01 10:14:31,CTV632,Citilink,8a04a4,Indonesia,N/A,-6.9959,111.4433,10668.0,35000.0,11422.38,37475.0,813.8,439.4,-0.33,-65.0,96.01,Cruising,0,0,0,1790824414,1790824414,N/A,OpenSky Network
2026-10-01 10:21:21,GIA322,Garuda Indonesia,8a0449,Indonesia,N/A,-6.9185,111.0277,8473.44,27800.0,9197.34,30175.0,769.3,415.4,-9.75,-1919.3,100.82,Descending (Landing/Approach),0,0,0,1790824874,1790824874,N/A,OpenSky Network
2026-10-01 10:21:21,CTV752,Citilink,8a061c,Indonesia,N/A,-6.9841,110.9367,10668.0,35000.0,11422.38,37475.0,802.0,433.1,0.0,0.0,91.06,Cruising,0,0,0,1790824879,1790824879,N/A,OpenSky Network
2026-10-01 10:21:21,BTK7517,Batik Air,8a06fd,Indonesia,N/A,-7.0268,111.1776,8412.48,27600.0,9037.32,29650.0,766.0,413.6,-4.88,-960.6,102.99,Descending (Landing/Approach),0,0,0,1790824799,1790824820,N/A,OpenSky Network
2026-10-01 10:28:26,CTV752,Citilink,8a061c,Indonesia,N/A,-6.9974,111.4236,10668.0,35000.0,11422.38,37475.0,804.7,434.5,0.33,65.0,99.14,Cruising,0,0,0,1790825121,1790825122,N/A,OpenSky Network
2026-10-01 10:28:26,WGB10,Other Airline,8a0132,Indonesia,N/A,-7.306,110.78,3345.18,10975.0,3581.4,11750.0,438.5,236.8,-0.98,-192.9,355.4,Cruising,0,0,0,1790825285,1790825291,N/A,OpenSky Network
2026-10-01 10:35:27,N/A,Unknown,8a0987,Indonesia,N/A,-6.4178,111.2457,11582.4,38000.0,12367.26,40575.0,859.9,464.3,0,0.0,297.72,Cruising,0,0,0,1790825553,1790825553,N/A,OpenSky Network
2026-10-01 10:42:29,LNI640,Lion Air,8a0381,Indonesia,N/A,-7.2757,110.9783,10195.56,33450.0,10911.84,35800.0,802.9,433.5,3.9,767.7,43.97,Climbing (Takeoff),0,0,0,1790826137,1790826137,N/A,OpenSky Network
2026-10-01 10:42:29,BTK6526,Batik Air,8a0604,Indonesia,N/A,-6.9813,110.7537,11277.6,37000.0,12062.46,39575.0,811.3,438.1,0.0,0.0,91.05,Cruising,0,0,0,1790826133,1790826133,N/A,OpenSky Network
2026-10-01 10:49:27,LNI640,Lion Air,8a0381,Indonesia,N/A,-7.0758,111.251,10668.0,35000.0,11414.76,37450.0,805.5,434.9,0.0,0.0,59.31,Cruising,0,0,0,1790826306,1790826306,N/A,OpenSky Network
2026-10-01 10:49:27,AWQ802,Indonesia AirAsia,8a0394,Indonesia,N/A,-6.9858,111.022,10668.0,35000.0,11422.38,37475.0,785.3,424.0,0.0,0.0,90.95,Cruising,0,0,0,1790826528,1790826529,N/A,OpenSky Network
2026-10-01 10:49:27,BTK6526,Batik Air,8a0604,Indonesia,N/A,-6.9952,111.4324,11277.6,37000.0,12062.46,39575.0,820.1,442.8,0.0,0.0,97.53,Cruising,0,0,0,1790826465,1790826470,N/A,OpenSky Network
2026-10-01 10:49:27,ATLAS01,Other Airline,8a0a25,Indonesia,N/A,-6.9838,110.891,8221.98,26975.0,8801.1,28875.0,720.5,389.1,0.33,65.0,91.03,Cruising,0,0,0,1790826448,1790826448,N/A,OpenSky Network
2026-10-01 10:56:28,AWQ802,Indonesia AirAsia,8a0394,Indonesia,N/A,-6.9977,111.4242,10668.0,35000.0,11414.76,37450.0,791.3,427.3,-0.33,-65.0,99.02,Cruising,0,0,0,1790826731,1790826733,N/A,OpenSky Network
2026-10-01 10:56:28,N/A,Unknown,8a09d6,Indonesia,N/A,-7.3381,110.7505,2788.92,9150.0,2979.42,9775.0,544.5,294.0,13.0,2559.0,0.58,Climbing (Takeoff),0,0,0,1790826950,1790826950,N/A,OpenSky Network
2026-10-01 11:00:45,GIA225,Garuda Indonesia,8a09d6,Indonesia,N/A,-7.1876,110.7334,3886.2,12750.0,4008.12,13150.0,635.3,343.0,12.03,2368.1,333.51,Climbing (Takeoff),0,0,0,1790827053,1790827053,N/A,OpenSky Network
2026-10-01 11:07:22,NONE,N/A,N/A,N/A,N/A,-8.7482,115.1672,0,0,0,0,0,0,0,0,0,No Flights,0,0,0,0,0,N/A,OpenSky Network
2026-10-01 11:14:32,PAS203,Pelita Air Service,8a0927,Indonesia,N/A,-6.4219,111.2377,11475.72,37650.0,12268.2,40250.0,792.7,428.0,4.88,960.6,297.4,Climbing (Takeoff),0,0,0,1790827807,1790827807,N/A,OpenSky Network
2026-10-01 11:21:32,NONE,N/A,N/A,N/A,N/A,-8.7482,115.1672,0,0,0,0,0,0,0,0,0,No Flights,0,0,0,0,0,N/A,OpenSky Network
2026-10-01 11:28:31,NONE,N/A,N/A,N/A,N/A,-8.7482,115.1672,0,0,0,0,0,0,0,0,0,No Flights,0,0,0,0,0,N/A,OpenSky Network
2026-10-01 11:35:30,BTK6050,Batik Air,8a09a1,Indonesia,N/A,-6.913,110.9109,10668,35000.0,11399.52,37400.0,820.9,443.3,0,0.0,98.82,Cruising,0,0,0,1790829318,1790829318,N/A,OpenSky Network
2026-10-01 11:42:33,BTK6050,Batik Air,8a09a1,Indonesia,N/A,-6.9647,111.2409,10668.0,35000.0,11399.52,37400.0,823.0,444.4,0,0.0,98.93,Cruising,0,0,0,1790829480,1790829480,N/A,OpenSky Network
2026-10-01 11:42:33,TNU5106,TransNusa,8a09f8,Indonesia,N/A,-7.0056,111.4313,11285.22,37025.0,12062.46,39575.0,821.4,443.5,0,0.0,102.5,Cruising,0,0,0,1790829738,1790829738,N/A,OpenSky Network
2026-10-01 11:49:29,SJV122,Sriwijaya Air / Super Air Jet,8a094d,Indonesia,N/A,-7.0816,111.1284,9745.98,31975.0,10431.78,34225.0,846.0,456.8,0,0.0,253.07,Cruising,0,0,0,1790830154,1790830158,N/A,OpenSky Network
2026-10-01 11:56:29,N/A,Unknown,8a04ae,Indonesia,N/A,-7.0233,111.1651,11277.6,37000.0,12031.98,39475.0,822.9,444.3,0.33,65.0,98.02,Cruising,0,0,0,1790830294,1790830294,N/A,OpenSky Network
2026-10-01 12:00:48,NONE,N/A,N/A,N/A,N/A,-8.7482,115.1672,0,0,0,0,0,0,0,0,0,No Flights,0,0,0,0,0,N/A,OpenSky Network
2026-10-01 12:07:28,N/A,Unknown,8a043b,Indonesia,N/A,-7.1543,111.4429,10363.2,34000.0,11064.24,36300.0,836.9,451.9,0,0.0,266.45,Cruising,0,0,0,1790831238,1790831238,N/A,OpenSky Network
2026-10-01 12:14:32,GIA253,Garuda Indonesia,8a043b,Indonesia,N/A,-7.4548,110.7474,9608.82,31525.0,10302.24,33800.0,835.4,451.1,-23.08,-4543.3,181.14,Descending (Landing/Approach),0,0,0,1790831671,1790831671,N/A,OpenSky Network
2026-10-01 12:14:32,GIA430,Garuda Indonesia,8a04f5,Indonesia,N/A,-6.985,110.9552,9448.8,31000.0,10088.88,33100.0,798.3,431.0,0.0,0.0,90.93,Cruising,0,0,0,1790831671,1790831671,N/A,OpenSky Network
2026-10-01 12:14:32,BTK7309,Batik Air,8a0636,Indonesia,N/A,-7.0504,111.5564,10668.0,35000.0,11414.76,37450.0,831.0,448.7,0.0,0.0,112.68,Cruising,0,0,0,1790831664,1790831665,N/A,OpenSky Network
2026-10-01 12:14:32,N/A,Unknown,8a06fd,Indonesia,N/A,-6.4527,111.2664,10066.02,33025.0,10767.06,35325.0,866.2,467.7,5.53,1088.6,298.76,Climbing (Takeoff),0,0,0,1790831520,1790831520,N/A,OpenSky Network
2026-10-01 12:21:27,GIA430,Garuda Indonesia,8a04f5,Indonesia,N/A,-6.9892,111.2088,9448.8,31000.0,10088.88,33100.0,800.2,432.1,0.33,65.0,90.93,Cruising,0,0,0,1790831797,1790831797,N/A,OpenSky Network
2026-10-01 12:21:27,PAS204,Pelita Air Service,8a0a8a,Indonesia,N/A,-6.9874,111.141,8115.3,26625.0,8694.42,28525.0,742.8,401.1,-5.85,-1151.6,91.0,Descending (Landing/Approach),0,0,0,1790832049,1790832061,N/A,OpenSky Network
2026-10-01 12:28:33,NONE,N/A,N/A,N/A,N/A,-8.7482,115.1672,0,0,0,0,0,0,0,0,0,No Flights,0,0,0,0,0,N/A,OpenSky Network
2026-10-01 12:35:33,BTK7531,Batik Air,8a0494,Indonesia,N/A,-7.4794,110.9222,708.66,2325.0,769.62,2525.0,283.3,153.0,0.98,192.9,258.69,Cruising,0,0,0,1790832839,1790832842,N/A,OpenSky Network
2026-10-01 12:35:33,CTV686,Citilink,8a03b0,Indonesia,N/A,-6.9852,110.9976,10058.4,33000.0,10751.82,35275.0,813.1,439.1,0.0,0.0,90.91,Cruising,0,0,0,1790832918,1790832918,N/A,OpenSky Network
2026-10-01 12:35:33,GIA254,Garuda Indonesia,8a0289,Indonesia,N/A,-7.3806,110.7534,9006.84,29550.0,9593.58,31475.0,819.8,442.6,7.48,1472.4,14.26,Climbing (Takeoff),0,0,0,1790832925,1790832925,N/A,OpenSky Network
2026-10-01 12:42:29,GIA254,Garuda Indonesia,8a0289,Indonesia,N/A,-7.1027,111.2115,10668,35000.0,11376.66,37325.0,790.4,426.8,4.23,832.7,62.05,Climbing (Takeoff),0,0,0,1790833194,1790833194,N/A,OpenSky Network
2026-10-01 12:49:30,GIA408,Garuda Indonesia,8a01de,Indonesia,N/A,-6.9796,111.1506,9448.8,31000.0,10088.88,33100.0,802.9,433.5,0,0.0,92.78,Cruising,0,0,0,1790833727,1790833727,N/A,OpenSky Network
2026-10-01 12:56:25,AWQ860,Indonesia AirAsia,8a0419,Indonesia,N/A,-6.9877,111.1255,10668.0,35000.0,11391.9,37375.0,811.3,438.0,0,0.0,90.78,Cruising,0,0,0,1790834149,1790834153,N/A,OpenSky Network
2026-10-01 12:56:25,LNI034,Lion Air,8a097b,Indonesia,N/A,-6.9857,111.0068,10050.78,32975.0,10736.58,35225.0,846.5,457.1,0,0.0,91.0,Cruising,0,0,0,1790834177,1790834177,N/A,OpenSky Network
2026-10-01 13:00:49,AWQ860,Indonesia AirAsia,8a0419,Indonesia,N/A,-7.0183,111.5816,10668.0,35000.0,11391.9,37375.0,814.9,440.0,0,0.0,95.48,Cruising,0,0,0,1790834373,1790834373,N/A,OpenSky Network
2026-10-01 13:00:49,PAS108,Pelita Air Service,8a0993,Indonesia,N/A,-6.9857,111.0243,11277.6,37000.0,12031.98,39475.0,816.8,441.1,0,0.0,90.91,Cruising,0,0,0,1790834332,1790834332,N/A,OpenSky Network
2026-10-01 13:00:49,LNI034,Lion Air,8a097b,Indonesia,N/A,-7.037,111.5244,10050.78,32975.0,10736.58,35225.0,848.3,458.0,0,0.0,90.88,Cruising,0,0,0,1790834423,1790834423,N/A,OpenSky Network
2026-10-01 13:07:30,CTV736,Citilink,8a03ab,Indonesia,N/A,-6.9826,110.8254,9662.16,31700.0,10363.2,34000.0,809.4,437.1,-12.03,-2368.1,90.92,Descending (Landing/Approach),0,0,0,1790834832,1790834835,N/A,OpenSky Network
2026-10-01 13:07:30,PAS108,Pelita Air Service,8a0993,Indonesia,N/A,-7.0832,111.6355,11277.6,37000.0,12031.98,39475.0,825.1,445.5,0.0,0.0,112.71,Cruising,0,0,0,1790834637,1790834637,N/A,OpenSky Network
2026-10-01 13:14:41,AWQ814,Indonesia AirAsia,8a03f3,Indonesia,N/A,-6.9667,110.9166,10668.0,35000.0,11399.52,37400.0,821.6,443.6,0.0,0.0,92.97,Cruising,0,0,0,1790835271,1790835271,N/A,OpenSky Network
2026-10-01 13:14:41,CTV736,Citilink,8a03ab,Indonesia,N/A,-6.9882,111.1526,7947.66,26075.0,8519.16,27950.0,750.2,405.1,-4.88,-960.6,90.99,Descending (Landing/Approach),0,0,0,1790834997,1790834997,N/A,OpenSky Network
2026-10-01 13:21:31,GIA452,Garuda Indonesia,8a044e,Indonesia,N/A,-6.9863,111.0292,10058.4,33000.0,10744.2,35250.0,807.6,436.1,0.0,0.0,90.92,Cruising,0,0,0,1790835667,1790835667,N/A,OpenSky Network
2026-10-01 13:21:31,GIA312,Garuda Indonesia,8a021e,Indonesia,N/A,-6.9884,111.1482,8237.22,27025.0,8816.34,28925.0,787.2,425.1,-11.38,-2240.2,91.08,Descending (Landing/Approach),0,0,0,1790835587,1790835590,N/A,OpenSky Network
2026-10-01 13:21:31,J055KT,Other Airline,8a0131,Indonesia,N/A,-7.7157,110.7027,2651.76,8700.0,2827.02,9275.0,371.1,200.4,-1.3,-255.9,230.67,Cruising,0,0,0,1790835682,1790835682,N/A,OpenSky Network
2026-10-01 13:28:29,SJV123,Sriwijaya Air / Super Air Jet,8a094d,Indonesia,N/A,-7.3482,110.9614,8260.08,27100.0,8831.58,28975.0,823.5,444.7,4.23,832.7,52.13,Climbing (Takeoff),0,0,0,1790836108,1790836108,N/A,OpenSky Network
2026-10-01 13:28:29,J055KT,Other Airline,8a0131,Indonesia,N/A,-7.7248,110.7406,3048.0,10000.0,3284.22,10775.0,240.8,130.0,-27.64,-5440.9,12.43,Descending (Landing/Approach),0,0,0,1790836030,1790836054,N/A,OpenSky Network
2026-10-01 13:35:32,PAS142,Pelita Air Service,8a0915,Indonesia,N/A,-6.9243,110.9518,10668.0,35000.0,11414.76,37450.0,823.7,444.8,-0.33,-65.0,98.4,Cruising,0,0,0,1790836528,1790836528,N/A,OpenSky Network
2026-10-01 13:35:32,SJV123,Sriwijaya Air / Super Air Jet,8a094d,Indonesia,N/A,-7.0458,111.5448,9448.8,31000.0,10111.74,33175.0,813.4,439.2,0.0,0.0,62.62,Cruising,0,0,0,1790836444,1790836444,N/A,OpenSky Network
2026-10-01 13:35:32,J055KT,Other Airline,8a0131,Indonesia,N/A,-7.7248,110.7406,3048.0,10000.0,3284.22,10775.0,240.8,130.0,-27.64,-5440.9,12.43,Descending (Landing/Approach),0,0,0,1790836030,1790836442,N/A,OpenSky Network
2026-10-01 13:43:30,BTK7532,Batik Air,8a0494,Indonesia,N/A,-7.201,110.7414,3627.12,11900.0,3863.34,12675.0,666.8,360.0,13,2559.0,332.72,Climbing (Takeoff),0,0,0,1790836823,1790836823,N/A,OpenSky Network
2026-10-01 13:43:30,JDE701,IndiGo / Eastindo Charter,8a09cc,Indonesia,N/A,-7.072,111.1997,10050.78,32975.0,10736.58,35225.0,772.7,417.2,0,0.0,97.16,Cruising,0,0,0,1790836992,1790836992,N/A,OpenSky Network
2026-10-01 13:43:30,PAS142,Pelita Air Service,8a0915,Indonesia,N/A,-7.0299,111.6555,10675.62,35025.0,11414.76,37450.0,828.8,447.5,0,0.0,99.0,Cruising,0,0,0,1790836871,1790836871,N/A,OpenSky Network
2026-10-01 13:52:24,NONE,N/A,N/A,N/A,N/A,-8.7482,115.1672,0,0,0,0,0,0,0,0,0,No Flights,0,0,0,0,0,N/A,OpenSky Network
2026-10-01 13:56:33,SJV722,Sriwijaya Air / Super Air Jet,8a08c0,Indonesia,N/A,-6.9857,111.0296,10668,35000.0,11407.14,37425.0,824.3,445.1,0,0.0,91.03,Cruising,0,0,0,1790837753,1790837753,N/A,OpenSky Network
2026-10-01 14:00:55,SJV722,Sriwijaya Air / Super Air Jet,8a08c0,Indonesia,N/A,-6.9968,111.4495,10668,35000.0,11399.52,37400.0,830.5,448.4,0,0.0,98.08,Cruising,0,0,0,1790837956,1790837956,N/A,OpenSky Network
2026-10-01 14:07:32,GIA252,Garuda Indonesia,8a043b,Indonesia,N/A,-7.3488,110.9606,8831.58,28975.0,9418.32,30900.0,814.3,439.7,6.83,1344.5,52.11,Climbing (Takeoff),0,0,0,1790838446,1790838446,N/A,OpenSky Network
2026-10-01 14:07:32,TNU5107,TransNusa,8a09f8,Indonesia,N/A,-6.5431,111.0671,10972.8,36000.0,11727.18,38475.0,849.7,458.8,0.0,0.0,282.46,Cruising,0,0,0,1790838283,1790838283,N/A,OpenSky Network
2026-10-01 14:14:32,GIA252,Garuda Indonesia,8a043b,Indonesia,N/A,-7.0634,111.6696,11277.6,37000.0,12009.12,39400.0,838.5,452.7,4.55,895.7,105.63,Climbing (Takeoff),0,0,0,1790838849,1790838849,N/A,OpenSky Network
2026-10-01 14:14:32,T7A187,Private / Business Jet / General Aviation,5003e4,San Marino,N/A,-6.3316,111.3234,13716.0,45000.0,14485.62,47525.0,855.7,462.1,-0.33,-65.0,82.41,Cruising,0,0,0,1790838757,1790838778,N/A,OpenSky Network
2026-10-01 14:14:32,BTK6564,Batik Air,8a0638,Indonesia,N/A,-6.9834,110.8734,9448.8,31000.0,10134.6,33250.0,822.4,444.1,0.0,0.0,90.9,Cruising,0,0,0,1790838870,1790838870,N/A,OpenSky Network
2026-10-01 14:14:32,SJV676,Sriwijaya Air / Super Air Jet,8a0949,Indonesia,N/A,-7.049,110.7809,8717.28,28600.0,9334.5,30625.0,843.3,455.3,4.88,960.6,5.8,Climbing (Takeoff),0,0,0,1790838863,1790838863,N/A,OpenSky Network
2026-10-01 14:21:27,BTK6564,Batik Air,8a0638,Indonesia,N/A,-6.9966,111.4133,9448.8,31000.0,10134.6,33250.0,826.8,446.5,0,0.0,98.11,Cruising,0,0,0,1790839131,1790839133,N/A,OpenSky Network
2026-10-01 14:21:27,SJV676,Sriwijaya Air / Super Air Jet,8a0949,Indonesia,N/A,-6.5749,111.0671,10050.78,32975.0,10767.06,35325.0,802.3,433.2,0,0.0,47.62,Cruising,0,0,0,1790839146,1790839146,N/A,OpenSky Network
2026-10-01 14:28:32,NONE,N/A,N/A,N/A,N/A,-8.7482,115.1672,0,0,0,0,0,0,0,0,0,No Flights,0,0,0,0,0,N/A,OpenSky Network
2026-10-01 14:35:33,NONE,N/A,N/A,N/A,N/A,-8.7482,115.1672,0,0,0,0,0,0,0,0,0,No Flights,0,0,0,0,0,N/A,OpenSky Network
2026-10-01 14:42:29,BTK6406,Batik Air,8a07ce,Indonesia,N/A,-6.9889,111.2118,8511.54,27925.0,9144,30000.0,824.3,445.1,-12.68,-2496.1,90.9,Descending (Landing/Approach),0,0,0,1790840378,1790840378,N/A,OpenSky Network
2026-10-01 14:49:28,NONE,N/A,N/A,N/A,N/A,-8.7482,115.1672,0,0,0,0,0,0,0,0,0,No Flights,0,0,0,0,0,N/A,OpenSky Network
2026-10-01 14:56:31,CTV681,Citilink,8a060e,Indonesia,N/A,-6.5029,111.3672,10972.8,36000.0,11727.18,38475.0,837.9,452.4,0.0,0.0,298.66,Cruising,0,0,0,1790841367,1790841367,N/A,OpenSky Network
2026-10-01 14:56:31,AWQ818,Indonesia AirAsia,8a07ad,Indonesia,N/A,-6.989,111.2151,10675.62,35025.0,11414.76,37450.0,824.2,445.0,0.33,65.0,90.77,Cruising,0,0,0,1790841355,1790841355,N/A,OpenSky Network
2026-10-01 15:00:43,CTV681,Citilink,8a060e,Indonesia,N/A,-6.4326,111.2386,10980.42,36025.0,11734.8,38500.0,837.9,452.4,0.33,65.0,298.66,Cruising,0,0,0,1790841437,1790841437,N/A,OpenSky Network
2026-10-01 15:00:43,CTV784,Citilink,8a03af,Indonesia,N/A,-7.5513,110.71,7086.6,23250.0,7475.22,24525.0,658.7,355.7,7.8,1535.4,44.89,Climbing (Takeoff),0,0,0,1790841616,1790841616,N/A,OpenSky Network
2026-10-01 15:00:43,AWQ818,Indonesia AirAsia,8a07ad,Indonesia,N/A,-7.049,111.5539,10668.0,35000.0,11414.76,37450.0,833.4,450.0,0.0,0.0,112.75,Cruising,0,0,0,1790841522,1790841522,N/A,OpenSky Network
2026-10-01 15:00:43,PAS106,Pelita Air Service,8a0a89,Indonesia,N/A,-6.9825,110.8364,10668.0,35000.0,11414.76,37450.0,829.8,448.1,0.0,0.0,91.02,Cruising,0,0,0,1790841641,1790841642,N/A,OpenSky Network
2026-10-01 15:00:43,GIA310,Garuda Indonesia,8a0ad5,Indonesia,N/A,-6.9898,111.2392,7818.12,25650.0,8374.38,27475.0,752.0,406.1,-5.85,-1151.6,91.13,Descending (Landing/Approach),0,0,0,1790841642,1790841642,N/A,OpenSky Network
2026-10-01 15:07:35,N/A,Unknown,8a01dc,Indonesia,N/A,-6.9158,111.012,11277.6,37000.0,0.0,0.0,812.5,438.7,0.0,0.0,100.77,Cruising,0,0,0,1790841834,1790841834,N/A,OpenSky Network
2026-10-01 15:07:35,CTV784,Citilink,8a03af,Indonesia,N/A,-7.335,110.9011,7780.02,25525.0,7787.64,25550.0,667.5,360.4,11.38,2240.2,40.27,Climbing (Takeoff),0,0,0,1790841781,1790841781,N/A,OpenSky Network
2026-10-01 15:07:35,BTK7501,Batik Air,8a06fd,Indonesia,N/A,-7.0254,111.1713,9113.52,29900.0,9768.84,32050.0,814.0,439.5,-5.2,-1023.6,103.15,Descending (Landing/Approach),0,0,0,1790842048,1790842049,N/A,OpenSky Network
2026-10-01 15:07:35,PAS106,Pelita Air Service,8a0a89,Indonesia,N/A,-7.0605,111.5818,10668.0,35000.0,11414.76,37450.0,841.0,454.1,0.0,0.0,112.67,Cruising,0,0,0,1790842003,1790842005,N/A,OpenSky Network
2026-10-01 15:14:32,LNI024,Lion Air,8a0486,Indonesia,N/A,-6.9893,111.2206,10058.4,33000.0,10751.82,35275.0,829.8,448.1,0,0.0,91.02,Cruising,0,0,0,1790842400,1790842402,N/A,OpenSky Network
2026-10-01 15:21:31,LNI024,Lion Air,8a0486,Indonesia,N/A,-7.0684,111.5999,10058.4,33000.0,10751.82,35275.0,849.2,458.5,0.0,0.0,112.71,Cruising,0,0,0,1790842587,1790842587,N/A,OpenSky Network
2026-10-01 15:21:31,GIA713,Garuda Indonesia,8a04d7,Indonesia,N/A,-6.4225,111.2388,12192.0,40000.0,12992.1,42625.0,849.9,458.9,0.0,0.0,297.51,Cruising,0,0,0,1790842707,1790842707,N/A,OpenSky Network
2026-10-01 15:21:31,N/A,Unknown,8a092e,Indonesia,N/A,-7.4975,110.9712,830.58,2725.0,0.0,0.0,301.1,162.6,-4.88,-960.6,342.46,Descending (Landing/Approach),0,0,0,1790842890,1790842890,N/A,OpenSky Network
2026-10-01 15:28:29,GIA326,Garuda Indonesia,8a040a,Indonesia,N/A,-7.0863,110.7531,10325.1,33875.0,11468.1,37625.0,813.2,439.1,-14.96,-2944.9,97.85,Descending (Landing/Approach),0,0,0,1790843279,1790843279,N/A,OpenSky Network
2026-10-01 15:28:29,SJV128,Sriwijaya Air / Super Air Jet,8a092e,Indonesia,N/A,-7.4798,110.9198,731.52,2400.0,784.86,2575.0,277.6,149.9,-0.98,-192.9,255.31,Cruising,0,0,0,1790842986,1790842986,N/A,OpenSky Network
2026-10-01 15:37:04,GIA326,Garuda Indonesia,8a040a,Indonesia,N/A,-7.1398,111.1436,8023.86,26325.0,8549.64,28050.0,750.4,405.2,-10.4,-2047.2,98.23,Descending (Landing/Approach),0,0,0,1790843472,1790843512,N/A,OpenSky Network
2026-10-01 15:37:04,CTV833,Citilink,8a0374,Indonesia,N/A,-6.974,111.1554,8122.92,26650.0,8694.42,28525.0,670.3,361.9,-4.23,-832.7,94.12,Descending (Landing/Approach),0,0,0,1790843537,1790843544,N/A,OpenSky Network
2026-10-01 15:37:04,PAS206,Pelita Air Service,8a0998,Indonesia,N/A,-6.9242,111.058,8450.58,27725.0,9052.56,29700.0,759.5,410.1,-10.4,-2047.2,100.68,Descending (Landing/Approach),0,0,0,1790843801,1790843808,N/A,OpenSky Network
2026-10-01 15:37:04,N/A,Unknown,8a1011,Indonesia,N/A,-7.7487,110.7001,1234.44,4050.0,1325.88,4350.0,339.3,183.2,0.0,0.0,133.45,Cruising,0,0,0,1790843747,1790843747,N/A,OpenSky Network
2026-10-01 15:37:04,GIA410,Garuda Indonesia,8a023e,Indonesia,N/A,-6.9575,111.2286,10668.0,35000.0,11384.28,37350.0,821.3,443.5,0.0,0.0,100.52,Cruising,0,0,0,1790843764,1790843773,N/A,OpenSky Network
2026-10-01 15:42:29,PAS206,Pelita Air Service,8a0998,Indonesia,N/A,-6.9569,111.2307,7513.32,24650.0,8054.34,26425.0,734.8,396.8,-9.43,-1856.3,100.6,Descending (Landing/Approach),0,0,0,1790843895,1790843895,N/A,OpenSky Network
2026-10-01 15:42:29,GIA410,Garuda Indonesia,8a023e,Indonesia,N/A,-7.0638,111.5885,10668.0,35000.0,11391.9,37375.0,826.8,446.5,0.0,0.0,112.66,Cruising,0,0,0,1790843946,1790843946,N/A,OpenSky Network
2026-10-01 15:49:32,PAS109,Pelita Air Service,8a0993,Indonesia,N/A,-6.375,111.3237,11582.4,38000.0,12352.02,40525.0,851.9,460.0,0,0.0,293.44,Cruising,0,0,0,1790844408,1790844428,N/A,OpenSky Network
2026-10-01 15:56:48,CTV716,Citilink,8a074d,Indonesia,N/A,-6.9853,110.9815,9502.14,31175.0,10180.32,33400.0,829.8,448.1,-11.7,-2303.1,90.9,Descending (Landing/Approach),0,0,0,1790844950,1790844953,N/A,OpenSky Network
2026-10-01 15:56:48,LNI035,Lion Air,8a097b,Indonesia,N/A,-6.5008,111.1949,10363.2,34000.0,11071.86,36325.0,894.6,483.0,0.0,0.0,281.1,Cruising,0,0,0,1790844776,1790844777,N/A,OpenSky Network
2026-10-01 16:00:48,BTK6508,Batik Air,8a05ef,Indonesia,N/A,-6.9286,111.009,10668.0,35000.0,11414.76,37450.0,837.9,452.4,0.0,0.0,98.9,Cruising,0,0,0,1790845142,1790845142,N/A,OpenSky Network
2026-10-01 16:00:48,CTV716,Citilink,8a074d,Indonesia,N/A,-6.9878,111.1243,8709.66,28575.0,9326.88,30600.0,811.3,438.1,-12.35,-2431.1,90.92,Descending (Landing/Approach),0,0,0,1790845019,1790845022,N/A,OpenSky Network
2026-10-01 16:07:30,LNI692,Lion Air,8a01af,Indonesia,N/A,-6.9898,111.2381,8039.1,26375.0,8595.36,28200.0,679.8,367.1,-5.53,-1088.6,90.94,Descending (Landing/Approach),0,0,0,1790845481,1790845481,N/A,OpenSky Network
2026-10-01 16:07:30,TNU5165,TransNusa,8a0ab8,Indonesia,N/A,-6.9957,111.5051,10675.62,35025.0,11430.0,37500.0,831.2,448.8,0.0,0.0,99.23,Cruising,0,0,0,1790845630,1790845630,N/A,OpenSky Network
2026-10-01 16:14:31,AWQ820,Indonesia AirAsia,8a0394,Indonesia,N/A,-6.998,111.424,10668.0,35000.0,11407.14,37425.0,803.9,434.1,0.0,0.0,90.92,Cruising,0,0,0,1790846054,1790846054,N/A,OpenSky Network
2026-10-01 16:14:31,N/A,Unknown,8a03c4,Indonesia,N/A,-7.1907,110.7283,3992.88,13100.0,4236.72,13900.0,627.2,338.6,14.96,2944.9,324.01,Climbing (Takeoff),0,0,0,1790845944,1790845946,N/A,OpenSky Network
2026-10-01 16:14:31,SJV120,Sriwijaya Air / Super Air Jet,8a094e,Indonesia,N/A,-7.434,110.8476,7208.52,23650.0,7741.92,25400.0,806.1,435.3,-15.93,-3135.8,231.16,Descending (Landing/Approach),0,0,0,1790846066,1790846066,N/A,OpenSky Network
2026-10-01 16:21:30,N/A,Unknown,8a061e,Indonesia,N/A,-6.9803,110.7139,10668,35000.0,11391.9,37375.0,822.5,444.1,0,0.0,91.16,Cruising,0,0,0,1790846475,1790846475,N/A,OpenSky Network
2026-10-01 16:28:32,N/A,Unknown,8a0494,Indonesia,N/A,-7.3996,110.6974,1950.72,6400.0,2103.12,6900.0,487.9,263.4,-3.58,-704.7,138.08,Descending (Landing/Approach),0,0,0,1790846717,1790846717,N/A,OpenSky Network
2026-10-01 16:28:32,CTV688,Citilink,8a061e,Indonesia,N/A,-6.9831,110.8721,10675.62,35025.0,11414.76,37450.0,829.8,448.1,0.0,0.0,90.9,Cruising,0,0,0,1790846551,1790846589,N/A,OpenSky Network
2026-10-01 16:35:39,BTK7041,Batik Air,8a0494,Indonesia,N/A,-7.4795,110.9201,739.14,2425.0,792.48,2600.0,296.1,159.9,-0.65,-128.0,254.4,Cruising,0,0,0,1790847125,1790847125,N/A,OpenSky Network
2026-10-01 16:35:39,GIA975,Garuda Indonesia,8a0a6b,Indonesia,N/A,-6.7561,110.9613,8374.38,27475.0,8968.74,29425.0,854.8,461.6,-9.1,-1791.3,117.34,Descending (Landing/Approach),0,0,0,1790847334,1790847334,N/A,OpenSky Network
2026-10-01 16:42:29,BTK7311,Batik Air,8a0522,Indonesia,N/A,-7.1797,111.4436,10058.4,33000.0,10774.68,35350.0,832.5,449.5,0.0,0.0,102.99,Cruising,0,0,0,1790847726,1790847728,N/A,OpenSky Network
2026-10-01 16:42:29,TNU5108,TransNusa,8a09f8,Indonesia,N/A,-6.9646,111.2478,10660.38,34975.0,11407.14,37425.0,850.1,459.0,0.33,65.0,99.28,Cruising,0,0,0,1790847639,1790847639,N/A,OpenSky Network
2026-10-01 16:42:29,N/A,Unknown,8a0289,Indonesia,N/A,-7.1225,111.426,10363.2,34000.0,0.0,0.0,825.7,445.8,0.0,0.0,263.56,Cruising,0,0,0,1790847724,1790847724,N/A,OpenSky Network
2026-10-01 16:42:29,GIA975,Garuda Indonesia,8a0a6b,Indonesia,N/A,-6.873,111.2624,7033.26,23075.0,7520.94,24675.0,789.2,426.1,-9.43,-1856.3,110.18,Descending (Landing/Approach),0,0,0,1790847491,1790847494,N/A,OpenSky Network
2026-10-01 16:49:32,GIA255,Garuda Indonesia,8a0289,Indonesia,N/A,-7.5795,110.6754,8907.78,29225.0,9540.24,31300.0,837.5,452.2,-13,-2559.0,227.42,Descending (Landing/Approach),0,0,0,1790848169,1790848170,N/A,OpenSky Network
2026-10-01 16:56:33,NONE,N/A,N/A,N/A,N/A,-8.7482,115.1672,0,0,0,0,0,0,0,0,0,No Flights,0,0,0,0,0,N/A,OpenSky Network
2026-10-01 17:01:08,N/A,Unknown,8a0908,Indonesia,N/A,-6.8655,110.9121,9182.1,30125.0,0,0.0,831.0,448.7,-12.03,-2368.1,104.19,Descending (Landing/Approach),0,0,0,1790848864,1790848864,N/A,OpenSky Network
2026-10-01 17:07:33,BTK6578,Batik Air,8a0604,Indonesia,N/A,-6.989,111.2102,8168.64,26800.0,8755.38,28725.0,679.8,367.1,-3.9,-767.7,90.94,Descending (Landing/Approach),0,0,0,1790849177,1790849193,N/A,OpenSky Network
2026-10-01 17:07:33,SJV363,Sriwijaya Air / Super Air Jet,8a0908,Indonesia,N/A,-6.9445,111.2092,7543.8,24750.0,8122.92,26650.0,749.5,404.7,-13.33,-2624.0,106.51,Descending (Landing/Approach),0,0,0,1790849018,1790849018,N/A,OpenSky Network
2026-10-01 17:14:35,N/A,Unknown,8a0515,Indonesia,N/A,-6.3897,111.2643,10972.8,36000.0,11750.04,38550.0,849.0,458.4,0,0.0,295.73,Cruising,0,0,0,1790849630,1790849630,N/A,OpenSky Network
2026-10-01 17:21:36,N/A,Unknown,8a040b,Indonesia,N/A,-6.9527,111.203,11277.6,37000.0,12039.6,39500.0,821.3,443.5,0.33,65.0,100.52,Cruising,0,0,0,1790850009,1790850020,N/A,OpenSky Network
2026-10-01 17:21:36,BTK7515,Batik Air,8a0636,Indonesia,N/A,-6.9869,111.0856,9044.94,29675.0,9723.12,31900.0,857.6,463.1,-19.18,-3775.6,91.11,Descending (Landing/Approach),0,0,0,1790850088,1790850088,N/A,OpenSky Network
2026-10-01 17:21:36,TGW228,Scoot,76d254,Singapore,N/A,-7.2882,110.7368,10058.4,33000.0,10782.3,35375.0,899.7,485.8,0.0,0.0,169.08,Cruising,0,0,0,1790850090,1790850090,N/A,OpenSky Network
2026-10-01 17:28:31,NONE,N/A,N/A,N/A,N/A,-8.7482,115.1672,0,0,0,0,0,0,0,0,0,No Flights,0,0,0,0,0,N/A,OpenSky Network
2026-10-01 17:35:34,BTK5002,Batik Air,8a0634,Indonesia,N/A,-6.9841,110.9264,10668.0,35000.0,11422.38,37475.0,807.6,436.1,0,0.0,90.92,Cruising,0,0,0,1790850915,1790850915,N/A,OpenSky Network
2026-10-01 17:35:34,AWQ819,Indonesia AirAsia,8a07ad,Indonesia,N/A,-6.5445,111.312,10363.2,34000.0,11102.34,36425.0,878.3,474.2,0,0.0,301.81,Cruising,0,0,0,1790850910,1790850913,N/A,OpenSky Network
2026-10-01 17:42:34,BTK7040,Batik Air,8a0494,Indonesia,N/A,-7.1035,110.8116,4853.94,15925.0,5189.22,17025.0,705.2,380.8,6.18,1216.5,298.38,Climbing (Takeoff),0,0,0,1790851335,1790851336,N/A,OpenSky Network
2026-10-01 17:42:34,BTK5002,Batik Air,8a0634,Indonesia,N/A,-7.0481,111.6153,10668.0,35000.0,11422.38,37475.0,817.9,441.6,0.0,0.0,105.77,Cruising,0,0,0,1790851258,1790851264,N/A,OpenSky Network
2026-10-01 17:42:34,PAS107,Pelita Air Service,8a0a89,Indonesia,N/A,-6.4793,111.1792,10972.8,36000.0,11750.04,38550.0,831.7,449.1,0.33,65.0,302.91,Cruising,0,0,0,1790851213,1790851222,N/A,OpenSky Network
2026-10-01 17:49:31,SJV121,Sriwijaya Air / Super Air Jet,8a094e,Indonesia,N/A,-7.3365,110.9763,7307.58,23975.0,7825.74,25675.0,777.2,419.7,5.53,1088.6,52.07,Climbing (Takeoff),0,0,0,1790851769,1790851770,N/A,OpenSky Network
2026-10-01 17:56:32,CTV174,Citilink,8a03ab,Indonesia,N/A,-7.0762,111.1191,8176.26,26825.0,8808.72,28900.0,772.3,417.0,-11.38,-2240.2,100.5,Descending (Landing/Approach),0,0,0,1790852141,1790852141,N/A,OpenSky Network
2026-10-01 17:56:32,BTK6576,Batik Air,8a09a1,Indonesia,N/A,-6.9812,110.7532,10439.4,34250.0,11186.16,36700.0,829.8,448.1,-4.88,-960.6,90.9,Descending (Landing/Approach),0,0,0,1790852175,1790852175,N/A,OpenSky Network
2026-10-01 17:56:32,SJV121,Sriwijaya Air / Super Air Jet,8a094e,Indonesia,N/A,-7.1426,111.5098,8869.68,29100.0,9441.18,30975.0,853.4,460.8,9.43,1856.3,109.26,Climbing (Takeoff),0,0,0,1790852068,1790852068,N/A,OpenSky Network
2026-10-01 17:56:32,PAS104,Pelita Air Service,8a0a44,Indonesia,N/A,-6.9107,111.0271,10668.0,35000.0,11414.76,37450.0,830.7,448.5,-1.3,-255.9,101.84,Cruising,0,0,0,1790852184,1790852184,N/A,OpenSky Network
2026-10-01 18:00:59,CTV194,Citilink,8a03ae,Indonesia,N/A,-6.9846,110.9614,10668.0,35000.0,11399.52,37400.0,811.3,438.1,0.0,0.0,91.18,Cruising,0,0,0,1790852450,1790852450,N/A,OpenSky Network
2026-10-01 18:00:59,BTK6576,Batik Air,8a09a1,Indonesia,N/A,-7.0173,111.2055,7993.38,26225.0,8679.18,28475.0,756.0,408.2,-8.13,-1600.4,104.04,Descending (Landing/Approach),0,0,0,1790852402,1790852402,N/A,OpenSky Network
2026-10-01 18:00:59,PAS104,Pelita Air Service,8a0a44,Indonesia,N/A,-7.0565,111.5708,10668.0,35000.0,11407.14,37425.0,836.8,451.8,0.33,65.0,112.65,Cruising,0,0,0,1790852454,1790852454,N/A,OpenSky Network
2026-10-01 18:07:30,PAS210,Pelita Air Service,8a0927,Indonesia,N/A,-6.9518,110.8895,9220.2,30250.0,10058.4,33000.0,806.1,435.2,-12.68,-2496.1,94.35,Descending (Landing/Approach),0,0,0,1790852846,1790852846,N/A,OpenSky Network
2026-10-01 18:07:30,SJV660,Sriwijaya Air / Super Air Jet,8a090b,Indonesia,N/A,-7.0482,110.7484,7330.44,24050.0,7825.74,25675.0,811.2,438.0,4.55,895.7,359.61,Climbing (Takeoff),0,0,0,1790852780,1790852780,N/A,OpenSky Network
2026-10-01 18:14:31,PAS210,Pelita Air Service,8a0927,Indonesia,N/A,-6.9909,111.1503,7871.46,25825.0,8458.2,27750.0,760.5,410.6,-10.08,-1984.2,104.24,Descending (Landing/Approach),0,0,0,1790852980,1790852980,N/A,OpenSky Network
2026-10-01 18:14:31,SJV768,Sriwijaya Air / Super Air Jet,8a08a0,Indonesia,N/A,-6.9698,110.9618,10675.62,35025.0,11437.62,37525.0,841.9,454.6,0.0,0.0,92.9,Cruising,0,0,0,1790853257,1790853257,N/A,OpenSky Network
2026-10-01 18:21:38,SJV768,Sriwijaya Air / Super Air Jet,8a08a0,Indonesia,N/A,-6.9966,111.4443,10660.38,34975.0,11422.38,37475.0,836.4,451.6,0.33,65.0,99.05,Cruising,0,0,0,1790853488,1790853565,N/A,OpenSky Network
2026-10-01 18:28:33,SJY712,Sriwijaya Air,8a0363,Indonesia,N/A,-7.0509,111.1086,8595.36,28200.0,9220.2,30250.0,739.8,399.4,-14.31,-2816.9,221.75,Descending (Landing/Approach),0,0,0,1790854108,1790854108,N/A,OpenSky Network
2026-10-01 18:28:33,GIA420,Garuda Indonesia,8a021e,Indonesia,N/A,-6.9894,111.2223,10668.0,35000.0,11399.52,37400.0,792.8,428.1,0.0,0.0,90.94,Cruising,0,0,0,1790854076,1790854077,N/A,OpenSky Network
2026-10-01 18:35:35,SJY712,Sriwijaya Air,8a0363,Indonesia,N/A,-7.5829,110.6725,3733.8,12250.0,3992.88,13100.0,580.6,313.5,-13.66,-2689.0,227.2,Descending (Landing/Approach),0,0,0,1790854526,1790854526,N/A,OpenSky Network
2026-10-01 18:35:35,N/A,Unknown,8a03af,Indonesia,N/A,-6.9189,110.8763,9387.84,30800.0,10081.26,33075.0,795.1,429.3,-8.78,-1728.3,204.06,Descending (Landing/Approach),0,0,0,1790854523,1790854526,N/A,OpenSky Network
2026-10-01 18:42:39,BTK7579,Batik Air,8a0605,Indonesia,N/A,-6.5199,111.1735,10317.48,33850.0,11049.0,36250.0,842.6,455.0,8.78,1728.3,291.94,Climbing (Takeoff),0,0,0,1790854699,1790854703,N/A,OpenSky Network
2026-10-01 18:42:39,LNI012,Lion Air,8a097b,Indonesia,N/A,-6.9892,111.2021,9448.8,31000.0,10111.74,33175.0,870.6,470.1,0.0,0.0,90.98,Cruising,0,0,0,1790854955,1790854955,N/A,OpenSky Network
2026-10-01 18:49:24,N/A,Unknown,8a074b,Indonesia,N/A,-7.1904,110.7344,4594.86,15075.0,4899.66,16075.0,652.8,352.5,4.88,960.6,328.34,Climbing (Takeoff),0,0,0,1790855225,1790855226,N/A,OpenSky Network
2026-10-01 18:49:24,LNI012,Lion Air,8a097b,Indonesia,N/A,-7.0761,111.618,9448.8,31000.0,10111.74,33175.0,880.8,475.6,0.0,0.0,112.63,Cruising,0,0,0,1790855138,1790855138,N/A,OpenSky Network
2026-10-01 18:56:32,NONE,N/A,N/A,N/A,N/A,-8.7482,115.1672,0,0,0,0,0,0,0,0,0,No Flights,0,0,0,0,0,N/A,OpenSky Network
2026-10-01 19:00:59,NONE,N/A,N/A,N/A,N/A,-8.7482,115.1672,0,0,0,0,0,0,0,0,0,No Flights,0,0,0,0,0,N/A,OpenSky Network
2026-10-01 19:07:34,LNI665,Lion Air,8a0458,Indonesia,N/A,-6.9625,111.217,11452.86,37575.0,12245.34,40175.0,869.7,469.6,-4.88,-960.6,243.16,Descending (Landing/Approach),0,0,0,1790856429,1790856435,N/A,OpenSky Network
2026-10-01 19:14:32,LNI665,Lion Air,8a0458,Indonesia,N/A,-7.5872,110.6733,7040.88,23100.0,7543.8,24750.0,766.1,413.7,-10.08,-1984.2,225.49,Descending (Landing/Approach),0,0,0,1790856867,1790856868,N/A,OpenSky Network
2026-10-01 19:14:32,N/A,Unknown,8a0636,Indonesia,N/A,-6.4234,111.2403,10888.98,35725.0,11650.98,38225.0,828.3,447.3,7.48,1472.4,297.42,Climbing (Takeoff),0,0,0,1790856684,1790856684,N/A,OpenSky Network
2026-10-01 19:21:33,LNI521,Lion Air,8a0967,Indonesia,N/A,-7.3011,110.7955,7520.94,24675.0,8046.72,26400.0,765.5,413.4,-11.38,-2240.2,192.86,Descending (Landing/Approach),0,0,0,1790857286,1790857286,N/A,OpenSky Network
2026-10-01 19:28:37,NONE,N/A,N/A,N/A,N/A,-8.7482,115.1672,0,0,0,0,0,0,0,0,0,No Flights,0,0,0,0,0,N/A,OpenSky Network
2026-10-01 19:36:00,BTK7310,Batik Air,8a0522,Indonesia,N/A,-6.5967,111.4915,10972.8,36000.0,11772.9,38625.0,855.9,462.1,-0.33,-65.0,299.56,Cruising,0,0,0,1790858095,1790858095,N/A,OpenSky Network
2026-10-01 19:36:00,BTK7503,Batik Air,8a06fd,Indonesia,N/A,-6.9875,111.1197,7993.38,26225.0,8587.74,28175.0,772.4,417.1,-10.4,-2047.2,90.96,Descending (Landing/Approach),0,0,0,1790857891,1790857930,N/A,OpenSky Network
2026-10-01 19:42:37,BTK7310,Batik Air,8a0522,Indonesia,N/A,-6.4474,111.2292,10972.8,36000.0,11765.28,38600.0,855.2,461.8,0,0.0,299.73,Cruising,0,0,0,1790858236,1790858237,N/A,OpenSky Network
2026-10-01 19:49:39,NONE,N/A,N/A,N/A,N/A,-8.7482,115.1672,0,0,0,0,0,0,0,0,0,No Flights,0,0,0,0,0,N/A,OpenSky Network
2026-10-01 19:56:34,GIA426,Garuda Indonesia,8a0448,Indonesia,N/A,-6.9895,111.2204,10058.4,33000.0,10767.06,35325.0,813.2,439.1,0.0,0.0,91.17,Cruising,0,0,0,1790859247,1790859247,N/A,OpenSky Network
2026-10-01 19:56:34,SJY713,Sriwijaya Air,8a0363,Indonesia,N/A,-7.4289,110.8203,7536.18,24725.0,8061.96,26450.0,739.4,399.3,9.75,1919.3,40.63,Climbing (Takeoff),0,0,0,1790859388,1790859388,N/A,OpenSky Network
2026-10-01 19:56:34,BTK7368,Batik Air,8a09a6,Indonesia,N/A,-7.4723,110.9452,716.28,2350.0,792.48,2600.0,340.8,184.0,-3.58,-704.7,269.69,Descending (Landing/Approach),0,0,0,1790859387,1790859387,N/A,OpenSky Network
2026-10-01 19:56:34,SJV677,Sriwijaya Air / Super Air Jet,8a0949,Indonesia,N/A,-7.1641,110.767,9227.82,30275.0,9921.24,32550.0,821.6,443.6,-5.2,-1023.6,194.22,Descending (Landing/Approach),0,0,0,1790859388,1790859388,N/A,OpenSky Network
2026-10-01 20:00:53,SJY713,Sriwijaya Air,8a0363,Indonesia,N/A,-7.1099,111.2068,9174.48,30100.0,9715.5,31875.0,813.0,439.0,7.8,1535.4,68.34,Climbing (Takeoff),0,0,0,1790859649,1790859649,N/A,OpenSky Network
2026-10-01 20:00:53,BTK7368,Batik Air,8a09a6,Indonesia,N/A,-7.4747,110.9346,655.32,2150.0,754.38,2475.0,336.0,181.4,-4.55,-895.7,255.96,Descending (Landing/Approach),0,0,0,1790859400,1790859400,N/A,OpenSky Network
2026-10-01 20:07:33,SJY713,Sriwijaya Air,8a0363,Indonesia,N/A,-7.058,111.3388,9852.66,32325.0,10538.46,34575.0,776.6,419.3,8.13,1600.4,68.45,Climbing (Takeoff),0,0,0,1790859720,1790859722,N/A,OpenSky Network
2026-10-01 20:07:33,SJV950,Sriwijaya Air / Super Air Jet,8a08e9,Indonesia,N/A,-7.3668,110.7493,7269.48,23850.0,7818.12,25650.0,776.1,419.1,-4.55,-895.7,181.09,Descending (Landing/Approach),0,0,0,1790860031,1790860031,N/A,OpenSky Network
2026-10-01 20:14:31,NONE,N/A,N/A,N/A,N/A,-8.7482,115.1672,0,0,0,0,0,0,0,0,0,No Flights,0,0,0,0,0,N/A,OpenSky Network
2026-10-01 20:21:33,NONE,N/A,N/A,N/A,N/A,-8.7482,115.1672,0,0,0,0,0,0,0,0,0,No Flights,0,0,0,0,0,N/A,OpenSky Network
2026-10-01 20:28:30,CTV684,Citilink,8a074d,Indonesia,N/A,-6.9857,111.0065,11285.22,37025.0,12092.94,39675.0,837.3,452.1,-0.33,-65.0,91.01,Cruising,0,0,0,1790861300,1790861300,N/A,OpenSky Network
2026-10-01 20:28:30,PAS105,Pelita Air Service,8a0a44,Indonesia,N/A,-6.4619,111.2094,10972.8,36000.0,11757.66,38575.0,852.6,460.4,0.0,0.0,280.26,Cruising,0,0,0,1790861120,1790861120,N/A,OpenSky Network
2026-10-01 20:35:46,CTV726,Citilink,8a04ab,Indonesia,N/A,-6.9836,110.9021,8892.54,29175.0,9578.34,31425.0,794.6,429.1,-11.05,-2175.2,91.07,Descending (Landing/Approach),0,0,0,1790861725,1790861726,N/A,OpenSky Network
2026-10-01 20:35:46,CTV684,Citilink,8a074d,Indonesia,N/A,-7.0669,111.5955,11277.6,37000.0,12085.32,39650.0,836.1,451.5,0.0,0.0,112.53,Cruising,0,0,0,1790861588,1790861600,N/A,OpenSky Network
2026-10-01 20:35:46,SJV320,Sriwijaya Air / Super Air Jet,8a08d8,Indonesia,N/A,-7.0132,111.1795,7840.98,25725.0,8442.96,27700.0,788.8,425.9,-12.03,-2368.1,103.58,Descending (Landing/Approach),0,0,0,1790861616,1790861617,N/A,OpenSky Network
2026-10-01 20:42:34,GIA424,Garuda Indonesia,8a040a,Indonesia,N/A,-6.9894,111.2174,11277.6,37000.0,0.0,0.0,835.4,451.1,0.33,65.0,91.02,Cruising,0,0,0,1790862085,1790862085,N/A,OpenSky Network
2026-10-01 20:42:34,CTV726,Citilink,8a04ab,Indonesia,N/A,-7.0061,111.1265,7642.86,25075.0,8237.22,27025.0,746.6,403.1,-10.4,-2047.2,103.48,Descending (Landing/Approach),0,0,0,1790861842,1790861843,N/A,OpenSky Network
2026-10-01 20:49:38,BTK6588,Batik Air,8a0494,Indonesia,N/A,-6.9878,111.1377,8016.24,26300.0,8610.6,28250.0,755.7,408.1,-13.0,-2559.0,90.98,Descending (Landing/Approach),0,0,0,1790862331,1790862359,N/A,OpenSky Network
2026-10-01 20:49:38,LNI664,Lion Air,8a0458,Indonesia,N/A,-7.1799,111.0714,7856.22,25775.0,8382.0,27500.0,827.7,446.9,5.53,1088.6,44.09,Climbing (Takeoff),0,0,0,1790862559,1790862559,N/A,OpenSky Network
2026-10-01 20:56:46,LNI664,Lion Air,8a0458,Indonesia,N/A,-7.0508,111.3473,8488.68,27850.0,9098.28,29850.0,881.5,475.9,5.53,1088.6,68.56,Climbing (Takeoff),0,0,0,1790862701,1790862702,N/A,OpenSky Network
2026-10-01 21:00:52,NONE,N/A,N/A,N/A,N/A,-8.7482,115.1672,0,0,0,0,0,0,0,0,0,No Flights,0,0,0,0,0,N/A,OpenSky Network
2026-10-01 21:07:33,NONE,N/A,N/A,N/A,N/A,-8.7482,115.1672,0,0,0,0,0,0,0,0,0,No Flights,0,0,0,0,0,N/A,OpenSky Network
2026-10-01 21:14:34,NONE,N/A,N/A,N/A,N/A,-8.7482,115.1672,0,0,0,0,0,0,0,0,0,No Flights,0,0,0,0,0,N/A,OpenSky Network
2026-10-01 21:21:33,NONE,N/A,N/A,N/A,N/A,-8.7482,115.1672,0,0,0,0,0,0,0,0,0,No Flights,0,0,0,0,0,N/A,OpenSky Network
2026-10-01 21:28:39,LKN7272,Lion Air (Alt),8a05cb,Indonesia,N/A,-6.9835,110.8732,10690.86,35075.0,11445.24,37550.0,800.2,432.1,0.0,0.0,91.06,Cruising,0,0,0,1790864879,1790864880,N/A,OpenSky Network
2026-10-01 21:28:39,GIA324,Garuda Indonesia,8a09f0,Indonesia,N/A,-7.0192,111.1768,7825.74,25675.0,8404.86,27575.0,773.9,417.9,-10.73,-2112.2,103.7,Descending (Landing/Approach),0,0,0,1790864790,1790864796,N/A,OpenSky Network
2026-10-01 21:35:36,BTK7521,Batik Air,8a0604,Indonesia,N/A,-6.9866,111.0622,8427.72,27650.0,9060.18,29725.0,778.0,420.1,-11.38,-2240.2,90.95,Descending (Landing/Approach),0,0,0,1790865306,1790865309,N/A,OpenSky Network
2026-10-01 21:35:36,LKN7272,Lion Air (Alt),8a05cb,Indonesia,N/A,-6.9894,111.2197,10690.86,35075.0,11445.24,37550.0,796.5,430.1,0.0,0.0,90.93,Cruising,0,0,0,1790865052,1790865052,N/A,OpenSky Network
2026-10-01 21:42:36,NONE,N/A,N/A,N/A,N/A,-8.7482,115.1672,0,0,0,0,0,0,0,0,0,No Flights,0,0,0,0,0,N/A,OpenSky Network
2026-10-01 21:49:31,NONE,N/A,N/A,N/A,N/A,-8.7482,115.1672,0,0,0,0,0,0,0,0,0,No Flights,0,0,0,0,0,N/A,OpenSky Network
2026-10-01 21:56:43,CTV728,Citilink,8a0301,Indonesia,N/A,-6.9878,111.1302,8046.72,26400.0,8648.7,28375.0,746.5,403.1,-10.4,-2047.2,91.14,Descending (Landing/Approach),0,0,0,1790866593,1790866594,N/A,OpenSky Network
2026-10-01 22:00:55,CTV728,Citilink,8a0301,Indonesia,N/A,-6.9888,111.1875,7734.3,25375.0,8313.42,27275.0,737.2,398.1,-10.73,-2112.2,91.01,Descending (Landing/Approach),0,0,0,1790866624,1790866624,N/A,OpenSky Network
2026-10-01 22:00:55,SJV661,Sriwijaya Air / Super Air Jet,8a090b,Indonesia,N/A,-7.3842,110.7489,8374.38,27475.0,9029.7,29625.0,824.3,445.1,-13.98,-2752.0,180.9,Descending (Landing/Approach),0,0,0,1790866843,1790866843,N/A,OpenSky Network
2026-10-01 22:07:34,NONE,N/A,N/A,N/A,N/A,-8.7482,115.1672,0,0,0,0,0,0,0,0,0,No Flights,0,0,0,0,0,N/A,OpenSky Network
2026-10-01 22:14:43,NONE,N/A,N/A,N/A,N/A,-8.7482,115.1672,0,0,0,0,0,0,0,0,0,No Flights,0,0,0,0,0,N/A,OpenSky Network
2026-10-01 22:21:31,NONE,N/A,N/A,N/A,N/A,-8.7482,115.1672,0,0,0,0,0,0,0,0,0,No Flights,0,0,0,0,0,N/A,OpenSky Network
2026-10-01 22:28:38,TNU5110,TransNusa,8a09f8,Indonesia,N/A,-7.0742,111.529,9448.8,31000.0,10142.22,33275.0,859.1,463.9,0,0.0,112.03,Cruising,0,0,0,1790868445,1790868445,N/A,OpenSky Network
2026-10-01 22:35:47,NONE,N/A,N/A,N/A,N/A,-8.7482,115.1672,0,0,0,0,0,0,0,0,0,No Flights,0,0,0,0,0,N/A,OpenSky Network
2026-10-01 22:42:38,NONE,N/A,N/A,N/A,N/A,-8.7482,115.1672,0,0,0,0,0,0,0,0,0,No Flights,0,0,0,0,0,N/A,OpenSky Network
2026-10-01 22:49:35,NONE,N/A,N/A,N/A,N/A,-8.7482,115.1672,0,0,0,0,0,0,0,0,0,No Flights,0,0,0,0,0,N/A,OpenSky Network
2026-10-01 22:56:36,NONE,N/A,N/A,N/A,N/A,-8.7482,115.1672,0,0,0,0,0,0,0,0,0,No Flights,0,0,0,0,0,N/A,OpenSky Network
2026-10-01 23:00:54,NONE,N/A,N/A,N/A,N/A,-8.7482,115.1672,0,0,0,0,0,0,0,0,0,No Flights,0,0,0,0,0,N/A,OpenSky Network
2026-10-01 23:07:34,NONE,N/A,N/A,N/A,N/A,-8.7482,115.1672,0,0,0,0,0,0,0,0,0,No Flights,0,0,0,0,0,N/A,OpenSky Network
2026-10-01 23:14:34,NONE,N/A,N/A,N/A,N/A,-8.7482,115.1672,0,0,0,0,0,0,0,0,0,No Flights,0,0,0,0,0,N/A,OpenSky Network
2026-10-01 23:21:31,NONE,N/A,N/A,N/A,N/A,-8.7482,115.1672,0,0,0,0,0,0,0,0,0,No Flights,0,0,0,0,0,N/A,OpenSky Network
2026-10-01 23:28:34,NONE,N/A,N/A,N/A,N/A,-8.7482,115.1672,0,0,0,0,0,0,0,0,0,No Flights,0,0,0,0,0,N/A,OpenSky Network
2026-10-01 23:35:34,GIA652,Garuda Indonesia,8a040b,Indonesia,N/A,-6.984,110.9085,9448.8,31000.0,10111.74,33175.0,796.5,430.1,0,0.0,91.07,Cruising,0,0,0,1790872527,1790872527,N/A,OpenSky Network
2026-10-01 23:42:40,GIA652,Garuda Indonesia,8a040b,Indonesia,N/A,-7.062,111.5843,9448.8,31000.0,10111.74,33175.0,802.8,433.5,0,0.0,112.66,Cruising,0,0,0,1790872870,1790872870,N/A,OpenSky Network
2026-10-01 23:49:45,NONE,N/A,N/A,N/A,N/A,-8.7482,115.1672,0,0,0,0,0,0,0,0,0,No Flights,0,0,0,0,0,N/A,OpenSky Network
2026-10-01 23:56:33,NONE,N/A,N/A,N/A,N/A,-8.7482,115.1672,0,0,0,0,0,0,0,0,0,No Flights,0,0,0,0,0,N/A,OpenSky Network
2026-10-02 00:00:53,NONE,N/A,N/A,N/A,N/A,-8.7482,115.1672,0,0,0,0,0,0,0,0,0,No Flights,0,0,0,0,0,N/A,OpenSky Network
2026-10-02 00:07:37,NONE,N/A,N/A,N/A,N/A,-8.7482,115.1672,0,0,0,0,0,0,0,0,0,No Flights,0,0,0,0,0,N/A,OpenSky Network
2026-10-02 00:14:30,NONE,N/A,N/A,N/A,N/A,-8.7482,115.1672,0,0,0,0,0,0,0,0,0,No Flights,0,0,0,0,0,N/A,OpenSky Network
2026-10-02 00:21:32,NONE,N/A,N/A,N/A,N/A,-8.7482,115.1672,0,0,0,0,0,0,0,0,0,No Flights,0,0,0,0,0,N/A,OpenSky Network
2026-10-02 00:28:35,NONE,N/A,N/A,N/A,N/A,-8.7482,115.1672,0,0,0,0,0,0,0,0,0,No Flights,0,0,0,0,0,N/A,OpenSky Network
2026-10-02 00:35:38,NONE,N/A,N/A,N/A,N/A,-8.7482,115.1672,0,0,0,0,0,0,0,0,0,No Flights,0,0,0,0,0,N/A,OpenSky Network
2026-10-02 00:42:37,NONE,N/A,N/A,N/A,N/A,-8.7482,115.1672,0,0,0,0,0,0,0,0,0,No Flights,0,0,0,0,0,N/A,OpenSky Network
2026-10-02 00:49:38,NONE,N/A,N/A,N/A,N/A,-8.7482,115.1672,0,0,0,0,0,0,0,0,0,No Flights,0,0,0,0,0,N/A,OpenSky Network
2026-10-02 00:56:28,NONE,N/A,N/A,N/A,N/A,-8.7482,115.1672,0,0,0,0,0,0,0,0,0,No Flights,0,0,0,0,0,N/A,OpenSky Network
2026-10-02 01:00:48,NONE,N/A,N/A,N/A,N/A,-8.7482,115.1672,0,0,0,0,0,0,0,0,0,No Flights,0,0,0,0,0,N/A,OpenSky Network
2026-10-02 01:07:32,NONE,N/A,N/A,N/A,N/A,-8.7482,115.1672,0,0,0,0,0,0,0,0,0,No Flights,0,0,0,0,0,N/A,OpenSky Network
2026-10-02 01:14:41,NONE,N/A,N/A,N/A,N/A,-8.7482,115.1672,0,0,0,0,0,0,0,0,0,No Flights,0,0,0,0,0,N/A,OpenSky Network
2026-10-02 01:21:36,NONE,N/A,N/A,N/A,N/A,-8.7482,115.1672,0,0,0,0,0,0,0,0,0,No Flights,0,0,0,0,0,N/A,OpenSky Network
2026-10-02 01:28:32,NONE,N/A,N/A,N/A,N/A,-8.7482,115.1672,0,0,0,0,0,0,0,0,0,No Flights,0,0,0,0,0,N/A,OpenSky Network
2026-10-02 01:35:39,NONE,N/A,N/A,N/A,N/A,-8.7482,115.1672,0,0,0,0,0,0,0,0,0,No Flights,0,0,0,0,0,N/A,OpenSky Network
2026-10-02 01:42:33,NONE,N/A,N/A,N/A,N/A,-8.7482,115.1672,0,0,0,0,0,0,0,0,0,No Flights,0,0,0,0,0,N/A,OpenSky Network
2026-10-02 01:49:32,NONE,N/A,N/A,N/A,N/A,-8.7482,115.1672,0,0,0,0,0,0,0,0,0,No Flights,0,0,0,0,0,N/A,OpenSky Network
2026-10-02 01:56:38,NONE,N/A,N/A,N/A,N/A,-8.7482,115.1672,0,0,0,0,0,0,0,0,0,No Flights,0,0,0,0,0,N/A,OpenSky Network
2026-10-02 02:00:49,NONE,N/A,N/A,N/A,N/A,-8.7482,115.1672,0,0,0,0,0,0,0,0,0,No Flights,0,0,0,0,0,N/A,OpenSky Network
2026-10-02 02:07:32,NONE,N/A,N/A,N/A,N/A,-8.7482,115.1672,0,0,0,0,0,0,0,0,0,No Flights,0,0,0,0,0,N/A,OpenSky Network
2026-10-02 02:14:38,NONE,N/A,N/A,N/A,N/A,-8.7482,115.1672,0,0,0,0,0,0,0,0,0,No Flights,0,0,0,0,0,N/A,OpenSky Network
2026-10-02 02:21:34,NONE,N/A,N/A,N/A,N/A,-8.7482,115.1672,0,0,0,0,0,0,0,0,0,No Flights,0,0,0,0,0,N/A,OpenSky Network
2026-10-02 02:28:30,NONE,N/A,N/A,N/A,N/A,-8.7482,115.1672,0,0,0,0,0,0,0,0,0,No Flights,0,0,0,0,0,N/A,OpenSky Network
2026-10-02 02:35:35,NONE,N/A,N/A,N/A,N/A,-8.7482,115.1672,0,0,0,0,0,0,0,0,0,No Flights,0,0,0,0,0,N/A,OpenSky Network
2026-10-02 02:42:27,NONE,N/A,N/A,N/A,N/A,-8.7482,115.1672,0,0,0,0,0,0,0,0,0,No Flights,0,0,0,0,0,N/A,OpenSky Network
2026-10-02 02:49:35,BTK6540,Batik Air,8a091b,Indonesia,N/A,-6.9815,110.7515,10668,35000.0,11399.52,37400.0,805.7,435.1,0,0.0,90.92,Cruising,0,0,0,1790884138,1790884139,N/A,OpenSky Network
2026-10-02 02:56:34,CTV602,Citilink,8a064e,Indonesia,N/A,-6.9824,110.835,10668,35000.0,11399.52,37400.0,803.9,434.1,0.0,0.0,90.92,Cruising,0,0,0,1790884586,1790884587,N/A,OpenSky Network
2026-10-02 02:56:34,BTK6540,Batik Air,8a091b,Indonesia,N/A,-6.997,111.4445,10668,35000.0,11399.52,37400.0,822.7,444.2,0.33,65.0,97.89,Cruising,0,0,0,1790884479,1790884480,N/A,OpenSky Network
2026-10-02 03:00:52,CTV602,Citilink,8a064e,Indonesia,N/A,-6.9838,110.9148,10668,35000.0,11399.52,37400.0,805.8,435.1,0,0.0,91.05,Cruising,0,0,0,1790884626,1790884673,N/A,OpenSky Network
2026-10-02 03:07:31,NONE,N/A,N/A,N/A,N/A,-8.7482,115.1672,0,0,0,0,0,0,0,0,0,No Flights,0,0,0,0,0,N/A,OpenSky Network
2026-10-02 03:14:40,NONE,N/A,N/A,N/A,N/A,-8.7482,115.1672,0,0,0,0,0,0,0,0,0,No Flights,0,0,0,0,0,N/A,OpenSky Network
2026-10-02 03:21:33,NONE,N/A,N/A,N/A,N/A,-8.7482,115.1672,0,0,0,0,0,0,0,0,0,No Flights,0,0,0,0,0,N/A,OpenSky Network
2026-10-02 03:28:35,NONE,N/A,N/A,N/A,N/A,-8.7482,115.1672,0,0,0,0,0,0,0,0,0,No Flights,0,0,0,0,0,N/A,OpenSky Network
2026-10-02 03:35:47,NONE,N/A,N/A,N/A,N/A,-8.7482,115.1672,0,0,0,0,0,0,0,0,0,No Flights,0,0,0,0,0,N/A,OpenSky Network
2026-10-02 03:42:33,NONE,N/A,N/A,N/A,N/A,-8.7482,115.1672,0,0,0,0,0,0,0,0,0,No Flights,0,0,0,0,0,N/A,OpenSky Network
2026-10-02 03:49:29,NONE,N/A,N/A,N/A,N/A,-8.7482,115.1672,0,0,0,0,0,0,0,0,0,No Flights,0,0,0,0,0,N/A,OpenSky Network
2026-10-02 03:56:30,NONE,N/A,N/A,N/A,N/A,-8.7482,115.1672,0,0,0,0,0,0,0,0,0,No Flights,0,0,0,0,0,N/A,OpenSky Network
2026-10-02 04:00:50,NONE,N/A,N/A,N/A,N/A,-8.7482,115.1672,0,0,0,0,0,0,0,0,0,No Flights,0,0,0,0,0,N/A,OpenSky Network
2026-10-02 04:07:27,NONE,N/A,N/A,N/A,N/A,-8.7482,115.1672,0,0,0,0,0,0,0,0,0,No Flights,0,0,0,0,0,N/A,OpenSky Network
2026-10-02 04:14:32,NONE,N/A,N/A,N/A,N/A,-8.7482,115.1672,0,0,0,0,0,0,0,0,0,No Flights,0,0,0,0,0,N/A,OpenSky Network
2026-10-02 04:21:36,NONE,N/A,N/A,N/A,N/A,-8.7482,115.1672,0,0,0,0,0,0,0,0,0,No Flights,0,0,0,0,0,N/A,OpenSky Network
2026-10-02 04:28:40,NONE,N/A,N/A,N/A,N/A,-8.7482,115.1672,0,0,0,0,0,0,0,0,0,No Flights,0,0,0,0,0,N/A,OpenSky Network
2026-10-02 04:35:35,NONE,N/A,N/A,N/A,N/A,-8.7482,115.1672,0,0,0,0,0,0,0,0,0,No Flights,0,0,0,0,0,N/A,OpenSky Network
2026-10-02 04:42:34,NONE,N/A,N/A,N/A,N/A,-8.7482,115.1672,0,0,0,0,0,0,0,0,0,No Flights,0,0,0,0,0,N/A,OpenSky Network
2026-10-02 04:49:31,NONE,N/A,N/A,N/A,N/A,-8.7482,115.1672,0,0,0,0,0,0,0,0,0,No Flights,0,0,0,0,0,N/A,OpenSky Network
2026-10-02 04:56:30,NONE,N/A,N/A,N/A,N/A,-8.7482,115.1672,0,0,0,0,0,0,0,0,0,No Flights,0,0,0,0,0,N/A,OpenSky Network
2026-10-02 05:00:52,NONE,N/A,N/A,N/A,N/A,-8.7482,115.1672,0,0,0,0,0,0,0,0,0,No Flights,0,0,0,0,0,N/A,OpenSky Network
2026-10-02 05:07:34,NONE,N/A,N/A,N/A,N/A,-8.7482,115.1672,0,0,0,0,0,0,0,0,0,No Flights,0,0,0,0,0,N/A,OpenSky Network
2026-10-02 05:14:32,NONE,N/A,N/A,N/A,N/A,-8.7482,115.1672,0,0,0,0,0,0,0,0,0,No Flights,0,0,0,0,0,N/A,OpenSky Network
2026-10-02 05:21:34,NONE,N/A,N/A,N/A,N/A,-8.7482,115.1672,0,0,0,0,0,0,0,0,0,No Flights,0,0,0,0,0,N/A,OpenSky Network
2026-10-02 05:28:29,NONE,N/A,N/A,N/A,N/A,-8.7482,115.1672,0,0,0,0,0,0,0,0,0,No Flights,0,0,0,0,0,N/A,OpenSky Network
2026-10-02 05:35:32,LNI020,Lion Air,8a097b,Indonesia,N/A,-6.967,111.2471,10058.4,33000.0,10744.2,35250.0,831.6,449.0,0,0.0,98.58,Cruising,0,0,0,1790894099,1790894099,N/A,OpenSky Network
2026-10-02 05:42:27,CTV680,Citilink,8a0507,Indonesia,N/A,-6.9885,111.2,10668.0,35000.0,11414.76,37450.0,800.2,432.1,0,0.0,90.93,Cruising,0,0,0,1790894398,1790894399,N/A,OpenSky Network
2026-10-02 05:42:27,LNI020,Lion Air,8a097b,Indonesia,N/A,-7.0772,111.6205,10058.4,33000.0,10751.82,35275.0,843.4,455.4,0,0.0,112.74,Cruising,0,0,0,1790894285,1790894285,N/A,OpenSky Network
2026-10-02 05:49:29,NONE,N/A,N/A,N/A,N/A,-8.7482,115.1672,0,0,0,0,0,0,0,0,0,No Flights,0,0,0,0,0,N/A,OpenSky Network
2026-10-02 05:56:31,TNU5161,TransNusa,8a0ab8,Indonesia,N/A,-6.991,111.324,11292.84,37050.0,12062.46,39575.0,816.8,441.1,0,0.0,90.91,Cruising,0,0,0,1790895341,1790895341,N/A,OpenSky Network
2026-10-02 06:00:49,TNU5161,TransNusa,8a0ab8,Indonesia,N/A,-7.0363,111.6954,11292.84,37050.0,12070.08,39600.0,815.4,440.3,0,0.0,98.88,Cruising,0,0,0,1790895524,1790895524,N/A,OpenSky Network
2026-10-02 06:07:30,NONE,N/A,N/A,N/A,N/A,-8.7482,115.1672,0,0,0,0,0,0,0,0,0,No Flights,0,0,0,0,0,N/A,OpenSky Network
2026-10-02 06:14:26,BTK7511,Batik Air,8a0522,Indonesia,N/A,-6.9981,111.4242,10485.12,34400.0,11254.74,36925.0,811.2,438.0,-4.55,-895.7,98.67,Descending (Landing/Approach),0,0,0,1790896398,1790896398,N/A,OpenSky Network
2026-10-02 06:21:28,NONE,N/A,N/A,N/A,N/A,-8.7482,115.1672,0,0,0,0,0,0,0,0,0,No Flights,0,0,0,0,0,N/A,OpenSky Network
2026-10-02 06:28:34,NONE,N/A,N/A,N/A,N/A,-8.7482,115.1672,0,0,0,0,0,0,0,0,0,No Flights,0,0,0,0,0,N/A,OpenSky Network
2026-10-02 06:35:32,LKN280,Lion Air (Alt),8a054f,Indonesia,N/A,-6.9894,111.2191,10058.4,33000.0,10767.06,35325.0,774.3,418.1,-0.33,-65.0,90.96,Cruising,0,0,0,1790897683,1790897685,N/A,OpenSky Network
2026-10-02 06:42:31,AWQ806,Indonesia AirAsia,8a02ca,Indonesia,N/A,-6.9621,110.8964,11269.98,36975.0,12047.22,39525.0,810.6,437.7,0.0,0.0,93.27,Cruising,0,0,0,1790898143,1790898143,N/A,OpenSky Network
2026-10-02 06:42:31,LKN280,Lion Air (Alt),8a054f,Indonesia,N/A,-6.9989,111.4265,10058.4,33000.0,10767.06,35325.0,786.2,424.5,-0.33,-65.0,112.58,Cruising,0,0,0,1790897790,1790897858,N/A,OpenSky Network
2026-10-02 06:49:35,NONE,N/A,N/A,N/A,N/A,-8.7482,115.1672,0,0,0,0,0,0,0,0,0,No Flights,0,0,0,0,0,N/A,OpenSky Network
2026-10-02 06:56:31,CTV738,Citilink,8a04a6,Indonesia,N/A,-6.9949,111.429,10416.54,34175.0,11186.16,36700.0,814.5,439.8,-5.85,-1151.6,99.29,Descending (Landing/Approach),0,0,0,1790898918,1790898918,N/A,OpenSky Network
2026-10-02 07:00:45,NONE,N/A,N/A,N/A,N/A,-8.7482,115.1672,0,0,0,0,0,0,0,0,0,No Flights,0,0,0,0,0,N/A,OpenSky Network
2026-10-02 07:07:34,LNI668,Lion Air,8a026a,Indonesia,N/A,-7.1021,110.8208,9966.96,32700.0,10690.86,35075.0,886.1,478.5,-4.88,-960.6,215.82,Descending (Landing/Approach),0,0,0,1790899643,1790899643,N/A,OpenSky Network
2026-10-02 07:14:33,BTK6375,Batik Air,8a09a6,Indonesia,N/A,-7.2136,110.7065,3749.04,12300.0,4023.36,13200.0,681.0,367.7,14.63,2879.9,305.59,Climbing (Takeoff),0,0,0,1790900004,1790900004,N/A,OpenSky Network
2026-10-02 07:14:33,PAS646,Pelita Air Service,8a0998,Indonesia,N/A,-7.1483,110.8072,8938.26,29325.0,9601.2,31500.0,802.6,433.4,-9.75,-1919.3,206.74,Descending (Landing/Approach),0,0,0,1790900068,1790900068,N/A,OpenSky Network
2026-10-02 07:21:31,N/A,Unknown,8a092e,Indonesia,N/A,-7.2417,111.018,4076.7,13375.0,4114.8,13500.0,679.4,366.9,10.73,2112.2,58.26,Climbing (Takeoff),0,0,0,1790900453,1790900453,N/A,OpenSky Network
2026-10-02 07:21:31,PAS200,Pelita Air Service,8a0993,Indonesia,N/A,-6.9856,111.0207,11277.6,37000.0,12054.84,39550.0,802.0,433.0,0.0,0.0,90.93,Cruising,0,0,0,1790900457,1790900457,N/A,OpenSky Network
2026-10-02 07:29:06,PAS200,Pelita Air Service,8a0993,Indonesia,N/A,-7.0358,111.5721,10485.12,34400.0,11239.5,36875.0,778.7,420.5,-10.08,-1984.2,105.59,Descending (Landing/Approach),0,0,0,1790900733,1790900740,N/A,OpenSky Network
2026-10-02 07:35:36,T7G45,Private / Business Jet / General Aviation,50049a,San Marino,N/A,-6.9885,111.1751,13716,45000.0,14508.48,47600.0,837.3,452.1,0.33,65.0,91.01,Cruising,0,0,0,1790901327,1790901327,N/A,OpenSky Network
2026-10-02 07:42:29,T7G45,Private / Business Jet / General Aviation,50049a,San Marino,N/A,-7.0779,111.6224,13716.0,45000.0,14508.48,47600.0,837.5,452.2,0.33,65.0,112.77,Cruising,0,0,0,1790901548,1790901550,N/A,OpenSky Network
2026-10-02 07:42:29,CTV603,Citilink,8a064e,Indonesia,N/A,-6.3655,111.2795,10972.8,36000.0,11750.04,38550.0,872.9,471.3,0.0,0.0,294.17,Cruising,0,0,0,1790901729,1790901729,N/A,OpenSky Network
2026-10-02 07:42:29,BTK7581,Batik Air,8a0634,Indonesia,N/A,-6.9862,111.0428,10668.0,35000.0,11430.0,37500.0,794.6,429.1,0.0,0.0,91.07,Cruising,0,0,0,1790901711,1790901736,N/A,OpenSky Network
2026-10-02 07:49:31,BTK7581,Batik Air,8a0634,Indonesia,N/A,-7.035,111.5687,10668.0,35000.0,11437.62,37525.0,806.2,435.3,0,0.0,105.73,Cruising,0,0,0,1790901976,1790901976,N/A,OpenSky Network
2026-10-02 07:49:31,GIA304,Garuda Indonesia,8a0244,Indonesia,N/A,-6.9892,111.2063,9448.8,31000.0,10119.36,33200.0,783.5,423.1,0,0.0,90.95,Cruising,0,0,0,1790902010,1790902010,N/A,OpenSky Network
2026-10-02 07:56:38,CTV196,Citilink,8a02ff,Indonesia,N/A,-7.0055,111.4317,10668.0,35000.0,11414.76,37450.0,798.3,431.1,0,0.0,91.06,Cruising,0,0,0,1790902590,1790902590,N/A,OpenSky Network
2026-10-02 07:56:38,SJV316,Sriwijaya Air / Super Air Jet,8a08c5,Indonesia,N/A,-6.9864,111.0424,10050.78,32975.0,10782.3,35375.0,798.3,431.1,0,0.0,91.06,Cruising,0,0,0,1790902574,1790902574,N/A,OpenSky Network
2026-10-02 08:00:50,CTV196,Citilink,8a02ff,Indonesia,N/A,-7.0781,111.6232,10668.0,35000.0,11414.76,37450.0,809.3,437.0,0,0.0,112.75,Cruising,0,0,0,1790902691,1790902691,N/A,OpenSky Network
2026-10-02 08:00:50,SJV316,Sriwijaya Air / Super Air Jet,8a08c5,Indonesia,N/A,-7.0083,111.4734,10058.4,33000.0,10782.3,35375.0,800.2,432.1,0,0.0,91.06,Cruising,0,0,0,1790902788,1790902788,N/A,OpenSky Network
2026-10-02 08:00:50,SJV762,Sriwijaya Air / Super Air Jet,8a08c0,Indonesia,N/A,-6.983,110.8792,11277.6,37000.0,12070.08,39600.0,807.6,436.1,0,0.0,91.05,Cruising,0,0,0,1790902835,1790902835,N/A,OpenSky Network
2026-10-02 08:07:29,TNU5104,TransNusa,8a095b,Indonesia,N/A,-6.9877,111.1299,10668.0,35000.0,11445.24,37550.0,800.2,432.1,0,0.0,91.06,Cruising,0,0,0,1790903112,1790903112,N/A,OpenSky Network
2026-10-02 08:07:29,SJV762,Sriwijaya Air / Super Air Jet,8a08c0,Indonesia,N/A,-6.9961,111.4451,11277.6,37000.0,12070.08,39600.0,807.5,436.0,0,0.0,97.78,Cruising,0,0,0,1790903115,1790903115,N/A,OpenSky Network
2026-10-02 08:07:29,GIA402,Garuda Indonesia,8a0ad6,Indonesia,N/A,-6.9608,111.2503,9456.42,31025.0,10134.6,33250.0,853.3,460.7,0,0.0,100.51,Cruising,0,0,0,1790903155,1790903157,N/A,OpenSky Network
2026-10-02 08:14:28,WGB13,Other Airline,8a02d8,Indonesia,N/A,-7.5238,110.7718,3337.56,10950.0,3589.02,11775.0,430.8,232.6,-0.65,-128.0,52.69,Cruising,0,0,0,1790903666,1790903666,N/A,OpenSky Network
2026-10-02 08:21:33,WGB13,Other Airline,8a02d8,Indonesia,N/A,-7.2286,110.767,3352.8,11000.0,3619.5,11875.0,432.1,233.3,-2.93,-576.8,353.85,Descending (Landing/Approach),0,0,0,1790903964,1790903964,N/A,OpenSky Network
2026-10-02 08:21:33,GIA432,Garuda Indonesia,8a03c6,Indonesia,N/A,-6.9839,110.9021,11277.6,37000.0,12062.46,39575.0,804.0,434.1,0.0,0.0,91.19,Cruising,0,0,0,1790904082,1790904089,N/A,OpenSky Network
2026-10-02 08:21:33,WGB10,Other Airline,8a0132,Indonesia,N/A,-7.588,110.6819,3360.42,11025.0,3611.88,11850.0,414.5,223.8,0.65,128.0,53.54,Cruising,0,0,0,1790904089,1790904089,N/A,OpenSky Network
2026-10-02 08:28:31,GIA432,Garuda Indonesia,8a03c6,Indonesia,N/A,-6.9901,111.2501,11277.6,37000.0,12062.46,39575.0,800.2,432.1,0.0,0.0,91.06,Cruising,0,0,0,1790904255,1790904255,N/A,OpenSky Network
2026-10-02 08:28:31,WGB10,Other Airline,8a0132,Indonesia,N/A,-7.2151,110.7677,3368.04,11050.0,3619.5,11875.0,428.3,231.2,2.28,448.8,337.09,Climbing (Takeoff),0,0,0,1790904493,1790904493,N/A,OpenSky Network
2026-10-02 08:35:28,WGB09,Other Airline,8a0131,Indonesia,N/A,-7.3076,110.7719,3329.94,10925.0,3581.4,11750.0,421.4,227.5,-0.65,-128.0,349.88,Cruising,0,0,0,1790904872,1790904915,N/A,OpenSky Network
2026-10-02 08:42:31,NONE,N/A,N/A,N/A,N/A,-8.7482,115.1672,0,0,0,0,0,0,0,0,0,No Flights,0,0,0,0,0,N/A,OpenSky Network
2026-10-02 08:49:28,GIA406,Garuda Indonesia,8a0a65,Indonesia,N/A,-6.987,111.0816,9448.8,31000.0,10126.98,33225.0,807.6,436.1,0,0.0,90.92,Cruising,0,0,0,1790905759,1790905759,N/A,OpenSky Network
2026-10-02 08:56:32,LNI641,Lion Air,8a0381,Indonesia,N/A,-7.2938,111.02,8923.02,29275.0,9601.2,31500.0,802.0,433.1,-8.78,-1728.3,231.09,Descending (Landing/Approach),0,0,0,1790906152,1790906152,N/A,OpenSky Network
2026-10-02 08:56:32,N/A,Unknown,8a0603,Indonesia,N/A,-6.9854,110.9911,9220.2,30250.0,10645.14,34925.0,813.2,439.1,-12.35,-2431.1,91.04,Descending (Landing/Approach),0,0,0,1790906176,1790906176,N/A,OpenSky Network
2026-10-02 08:56:32,PAS647,Pelita Air Service,8a0998,Indonesia,N/A,-7.0159,110.7312,9083.04,29800.0,9738.36,31950.0,848.0,457.9,5.2,1023.6,23.15,Climbing (Takeoff),0,0,0,1790906181,1790906182,N/A,OpenSky Network
2026-10-02 08:56:32,GIA406,Garuda Indonesia,8a0a65,Indonesia,N/A,-7.0777,111.6221,9448.8,31000.0,10126.98,33225.0,802.8,433.5,0.0,0.0,112.66,Cruising,0,0,0,1790906034,1790906034,N/A,OpenSky Network
2026-10-02 09:00:46,BTK6584,Batik Air,8a0603,Indonesia,N/A,-6.9871,111.0925,8587.74,28175.0,9227.82,30275.0,803.9,434.1,-12.68,-2496.1,91.06,Descending (Landing/Approach),0,0,0,1790906226,1790906248,N/A,OpenSky Network
2026-10-02 09:00:46,PAS647,Pelita Air Service,8a0998,Indonesia,N/A,-6.6712,111.0972,10721.34,35175.0,11483.34,37675.0,780.9,421.7,1.3,255.9,46.92,Cruising,0,0,0,1790906428,1790906428,N/A,OpenSky Network
2026-10-02 09:07:37,PAS647,Pelita Air Service,8a0998,Indonesia,N/A,-6.3521,111.4367,11277.6,37000.0,12070.08,39600.0,788.7,425.9,0,0.0,46.71,Cruising,0,0,0,1790906662,1790906671,N/A,OpenSky Network
2026-10-02 09:14:28,NONE,N/A,N/A,N/A,N/A,-8.7482,115.1672,0,0,0,0,0,0,0,0,0,No Flights,0,0,0,0,0,N/A,OpenSky Network
2026-10-02 09:21:31,PAS202,Pelita Air Service,8a0927,Indonesia,N/A,-6.9011,110.9169,8869.68,29100.0,9555.48,31350.0,799.9,431.9,-16.26,-3200.8,100.27,Descending (Landing/Approach),0,0,0,1790907678,1790907678,N/A,OpenSky Network
2026-10-02 09:21:31,LNI669,Lion Air,8a026a,Indonesia,N/A,-7.2348,110.7341,7665.72,25150.0,8206.74,26925.0,815.0,440.1,5.85,1151.6,26.45,Climbing (Takeoff),0,0,0,1790907675,1790907675,N/A,OpenSky Network
2026-10-02 09:28:29,AWQ808,Indonesia AirAsia,8a03f3,Indonesia,N/A,-6.9718,111.2361,10668.0,35000.0,11422.38,37475.0,779.0,420.6,0.0,0.0,96.42,Cruising,0,0,0,1790908069,1790908069,N/A,OpenSky Network
2026-10-02 09:28:29,BTK7513,Batik Air,8a09a1,Indonesia,N/A,-6.9827,110.838,10050.78,32975.0,10782.3,35375.0,815.0,440.0,0.0,0.0,90.91,Cruising,0,0,0,1790908090,1790908090,N/A,OpenSky Network
2026-10-02 09:28:29,PAS202,Pelita Air Service,8a0927,Indonesia,N/A,-6.9561,111.1943,7414.26,24325.0,7985.76,26200.0,722.7,390.2,-11.7,-2303.1,106.07,Descending (Landing/Approach),0,0,0,1790907826,1790907843,N/A,OpenSky Network
2026-10-02 09:28:29,LNI669,Lion Air,8a026a,Indonesia,N/A,-6.7173,111.4102,9944.1,32625.0,10424.16,34200.0,818.3,441.8,4.55,895.7,55.7,Climbing (Takeoff),0,0,0,1790908079,1790908079,N/A,OpenSky Network
2026-10-02 09:35:30,AWQ808,Indonesia AirAsia,8a03f3,Indonesia,N/A,-7.0592,111.5777,10668.0,35000.0,11422.38,37475.0,779.0,420.6,0.0,0.0,96.42,Cruising,0,0,0,1790908249,1790908249,N/A,OpenSky Network
2026-10-02 09:35:30,BTK7513,Batik Air,8a09a1,Indonesia,N/A,-6.9886,111.188,8679.18,28475.0,9342.12,30650.0,850.2,459.1,-20.81,-4096.4,90.87,Descending (Landing/Approach),0,0,0,1790908261,1790908262,N/A,OpenSky Network
2026-10-02 09:35:30,LNI522,Lion Air,8a0967,Indonesia,N/A,-7.5645,110.6894,5996.94,19675.0,6408.42,21025.0,744.3,401.9,10.4,2047.2,48.93,Climbing (Takeoff),0,0,0,1790908509,1790908509,N/A,OpenSky Network
2026-10-02 09:42:31,WGB14,Other Airline,8a02d9,Indonesia,N/A,-7.4996,110.7123,3360.42,11025.0,3604.26,11825.0,415.0,224.1,-1.3,-255.9,354.37,Cruising,0,0,0,1790908947,1790908947,N/A,OpenSky Network
2026-10-02 09:42:31,SJV170,Sriwijaya Air / Super Air Jet,8a09c6,Indonesia,N/A,-6.986,111.0259,10660.38,34975.0,11437.62,37525.0,805.8,435.1,0.0,0.0,91.05,Cruising,0,0,0,1790908913,1790908913,N/A,OpenSky Network
2026-10-02 09:42:31,LNI522,Lion Air,8a0967,Indonesia,N/A,-6.9284,110.9405,8237.22,27025.0,8793.48,28850.0,849.7,458.8,4.55,895.7,40.67,Climbing (Takeoff),0,0,0,1790908871,1790908871,N/A,OpenSky Network
2026-10-02 09:49:23,WGB14,Other Airline,8a02d9,Indonesia,N/A,-7.2447,110.7135,3360.42,11025.0,3604.26,11825.0,410.8,221.8,0.0,0.0,355.09,Cruising,0,0,0,1790909199,1790909199,N/A,OpenSky Network
2026-10-02 09:49:23,WGB13,Other Airline,8a02d8,Indonesia,N/A,-7.5293,110.763,3329.94,10925.0,3573.78,11725.0,436.2,235.5,0.98,192.9,57.66,Cruising,0,0,0,1790909352,1790909352,N/A,OpenSky Network
2026-10-02 09:49:23,BTK7580,Batik Air,8a0634,Indonesia,N/A,-6.5155,111.1637,10363.2,34000.0,11109.96,36450.0,885.3,478.0,0.98,192.9,305.12,Cruising,0,0,0,1790909264,1790909267,N/A,OpenSky Network
2026-10-02 09:49:23,CTV640,Citilink,8a03ac,Indonesia,N/A,-6.9529,111.1774,10668.0,35000.0,11430.0,37500.0,797.7,430.7,-0.33,-65.0,99.35,Cruising,0,0,0,1790909342,1790909344,N/A,OpenSky Network
2026-10-02 09:49:23,SJV170,Sriwijaya Air / Super Air Jet,8a09c6,Indonesia,N/A,-7.0504,111.5565,10660.38,34975.0,11437.62,37525.0,819.3,442.4,0.0,0.0,112.74,Cruising,0,0,0,1790909179,1790909179,N/A,OpenSky Network
2026-10-02 09:56:33,WGB13,Other Airline,8a02d8,Indonesia,N/A,-7.3029,110.7758,3345.18,10975.0,3589.02,11775.0,435.3,235.0,-0.33,-65.0,354.63,Cruising,0,0,0,1790909580,1790909645,N/A,OpenSky Network
2026-10-02 09:56:33,GIA322,Garuda Indonesia,8a043a,Indonesia,N/A,-7.0527,111.0785,8374.38,27475.0,8968.74,29425.0,788.5,425.8,-11.05,-2175.2,101.65,Descending (Landing/Approach),0,0,0,1790909621,1790909644,N/A,OpenSky Network
2026-10-02 09:56:33,SJV122,Sriwijaya Air / Super Air Jet,8a092e,Indonesia,N/A,-7.1252,111.093,9745.98,31975.0,10515.6,34500.0,901.4,486.7,-4.88,-960.6,221.42,Descending (Landing/Approach),0,0,0,1790909789,1790909789,N/A,OpenSky Network
2026-10-02 10:00:50,LNI856,Lion Air,8a02ea,Indonesia,N/A,-6.5486,111.2303,10896.6,35750.0,11643.36,38200.0,876.1,473.1,4.88,960.6,281.83,Climbing (Takeoff),0,0,0,1790910045,1790910045,N/A,OpenSky Network
2026-10-02 10:00:50,LNI694,Lion Air,8a0454,Indonesia,N/A,-6.9894,111.2085,8115.3,26625.0,8740.14,28675.0,783.5,423.1,-8.45,-1663.4,91.08,Descending (Landing/Approach),0,0,0,1790910043,1790910043,N/A,OpenSky Network
2026-10-02 10:00:50,CTV763,Citilink,8a061e,Indonesia,N/A,-7.2491,110.751,3749.04,12300.0,4008.12,13150.0,574.2,310.0,13.66,2689.0,0.92,Climbing (Takeoff),0,0,0,1790910037,1790910040,N/A,OpenSky Network
2026-10-02 10:00:50,J910G,Other Airline,8a055b,Indonesia,N/A,-7.7694,110.674,2072.64,6800.0,2240.28,7350.0,317.3,171.3,-6.83,-1344.5,140.92,Descending (Landing/Approach),0,0,0,1790909965,1790909965,N/A,OpenSky Network
2026-10-02 10:00:50,SJV122,Sriwijaya Air / Super Air Jet,8a092e,Indonesia,N/A,-7.5259,110.7337,7200.9,23625.0,7764.78,25475.0,788.9,426.0,-8.45,-1663.4,227.09,Descending (Landing/Approach),0,0,0,1790910048,1790910048,N/A,OpenSky Network
2026-10-02 10:00:50,PAS102,Pelita Air Service,8a0915,Indonesia,N/A,-6.9301,111.0577,11277.6,37000.0,12077.7,39625.0,806.5,435.5,0.0,0.0,99.92,Cruising,0,0,0,1790910002,1790910002,N/A,OpenSky Network
2026-10-02 10:07:33,CTV718,Citilink,8a0374,Indonesia,N/A,-7.0546,111.1448,7917.18,25975.0,8587.74,28175.0,778.0,420.1,-12.03,-2368.1,96.97,Descending (Landing/Approach),0,0,0,1790910306,1790910306,N/A,OpenSky Network
2026-10-02 10:07:33,BTK6566,Batik Air,8a0638,Indonesia,N/A,-6.9593,111.2444,9448.8,31000.0,10157.46,33325.0,843.0,455.2,0.0,0.0,100.89,Cruising,0,0,0,1790910402,1790910403,N/A,OpenSky Network
2026-10-02 10:07:33,WGB10,Other Airline,8a0132,Indonesia,N/A,-7.3167,110.8048,3352.8,11000.0,3589.02,11775.0,432.0,233.2,0.98,192.9,337.83,Cruising,0,0,0,1790910446,1790910446,N/A,OpenSky Network
2026-10-02 10:14:33,BTK6566,Batik Air,8a0638,Indonesia,N/A,-7.0081,111.4729,9448.8,31000.0,10165.08,33350.0,843.6,455.5,-0.33,-65.0,105.93,Cruising,0,0,0,1790910513,1790910562,N/A,OpenSky Network
2026-10-02 10:14:33,WGB09,Other Airline,8a0131,Indonesia,N/A,-7.3244,110.7804,3314.7,10875.0,3550.92,11650.0,427.6,230.9,-1.63,-320.9,355.03,Descending (Landing/Approach),0,0,0,1790910853,1790910853,N/A,OpenSky Network
2026-10-02 10:21:34,WGB16,Other Airline,8a02db,Indonesia,N/A,-7.5263,110.7675,3345.18,10975.0,3589.02,11775.0,422.0,227.8,0.33,65.0,54.29,Cruising,0,0,0,1790911269,1790911269,N/A,OpenSky Network
2026-10-02 10:21:34,CTV822,Citilink,8a04a4,Indonesia,N/A,-6.9836,110.9027,10668.0,35000.0,11422.38,37475.0,802.0,433.1,0.0,0.0,91.06,Cruising,0,0,0,1790911268,1790911268,N/A,OpenSky Network
2026-10-02 10:21:34,WGB08,Other Airline,8a1012,Indonesia,N/A,-7.2946,110.7933,3352.8,11000.0,3589.02,11775.0,425.6,229.8,-2.28,-448.8,355.26,Descending (Landing/Approach),0,0,0,1790911254,1790911256,N/A,OpenSky Network
2026-10-02 10:28:31,WGB16,Other Airline,8a02db,Indonesia,N/A,-7.2294,110.7739,3345.18,10975.0,3589.02,11775.0,427.9,231.0,0.65,128.0,354.54,Cruising,0,0,0,1790911567,1790911567,N/A,OpenSky Network
2026-10-02 10:28:31,BTK7517,Batik Air,8a0522,Indonesia,N/A,-6.9625,111.1863,7955.28,26100.0,8580.12,28150.0,754.6,407.5,-9.75,-1919.3,97.47,Descending (Landing/Approach),0,0,0,1790911485,1790911485,N/A,OpenSky Network
2026-10-02 10:28:31,CTV822,Citilink,8a04a4,Indonesia,N/A,-7.061,111.5823,10668.0,35000.0,11422.38,37475.0,802.0,433.1,0.0,0.0,91.06,Cruising,0,0,0,1790911610,1790911610,N/A,OpenSky Network
2026-10-02 10:28:31,WGB18,Other Airline,8a083f,Indonesia,N/A,-7.5367,110.7582,3352.8,11000.0,3596.64,11800.0,411.2,222.0,0.65,128.0,52.87,Cruising,0,0,0,1790911709,1790911709,N/A,OpenSky Network
2026-10-02 10:35:30,T7G45,Private / Business Jet / General Aviation,50049a,San Marino,N/A,-6.7282,111.1089,13106.4,43000.0,13914.12,45650.0,832.8,449.6,0.33,65.0,279.09,Cruising,0,0,0,1790912111,1790912111,N/A,OpenSky Network
2026-10-02 10:35:30,BTK6658,Batik Air,8a0516,Indonesia,N/A,-6.989,111.2137,10668.0,35000.0,11452.86,37575.0,811.3,438.1,0.0,0.0,91.05,Cruising,0,0,0,1790912112,1790912112,N/A,OpenSky Network
2026-10-02 10:35:30,WGB18,Other Airline,8a083f,Indonesia,N/A,-7.2953,110.7831,3352.8,11000.0,3604.26,11825.0,420.9,227.3,-0.33,-65.0,357.23,Cruising,0,0,0,1790911955,1790911955,N/A,OpenSky Network
2026-10-02 10:42:33,LNI640,Lion Air,8a0381,Indonesia,N/A,-7.0045,110.9253,9166.86,30075.0,9768.84,32050.0,855.4,461.9,11.38,2240.2,10.6,Climbing (Takeoff),0,0,0,1790912537,1790912537,N/A,OpenSky Network
2026-10-02 10:42:33,BTK6658,Batik Air,8a0516,Indonesia,N/A,-7.0363,111.6964,10668.0,35000.0,11445.24,37550.0,815.7,440.4,0.0,0.0,99.01,Cruising,0,0,0,1790912350,1790912350,N/A,OpenSky Network
2026-10-02 10:49:29,LNI640,Lion Air,8a0381,Indonesia,N/A,-6.7673,111.3727,10050.78,32975.0,10767.06,35325.0,794.5,429.0,0,0.0,73.34,Cruising,0,0,0,1790912825,1790912830,N/A,OpenSky Network
2026-10-02 10:49:29,CTV686,Citilink,8a0376,Indonesia,N/A,-6.986,111.0196,10668.0,35000.0,11414.76,37450.0,772.4,417.1,0,0.0,90.96,Cruising,0,0,0,1790912937,1790912938,N/A,OpenSky Network
2026-10-02 10:56:30,CTV686,Citilink,8a0376,Indonesia,N/A,-6.9894,111.2184,10668,35000.0,11414.76,37450.0,788.0,425.5,0,0.0,112.53,Cruising,0,0,0,1790913040,1790913238,N/A,OpenSky Network
2026-10-02 10:56:30,LNI034,Lion Air,8a097b,Indonesia,N/A,-6.9895,111.2234,10668,35000.0,11414.76,37450.0,805.7,435.1,0,0.0,90.92,Cruising,0,0,0,1790913302,1790913303,N/A,OpenSky Network
2026-10-02 11:00:44,LNI034,Lion Air,8a097b,Indonesia,N/A,-7.0718,111.6076,10668,35000.0,11414.76,37450.0,831.0,448.7,0,0.0,112.68,Cruising,0,0,0,1790913496,1790913496,N/A,OpenSky Network
2026-10-02 11:07:35,GIA225,Garuda Indonesia,8a03c4,Indonesia,N/A,-7.1696,110.7068,4716.78,15475.0,5021.58,16475.0,628.6,339.4,14.63,2879.9,300.65,Climbing (Takeoff),0,0,0,1790914006,1790914007,N/A,OpenSky Network
2026-10-02 11:14:33,AWQ802,Indonesia AirAsia,8a074e,Indonesia,N/A,-7.001,111.4269,11285.22,37025.0,12077.7,39625.0,813.2,439.1,0.33,65.0,95.62,Cruising,0,0,0,1790914452,1790914452,N/A,OpenSky Network
2026-10-02 11:21:36,NONE,N/A,N/A,N/A,N/A,-8.7482,115.1672,0,0,0,0,0,0,0,0,0,No Flights,0,0,0,0,0,N/A,OpenSky Network
2026-10-02 11:28:30,SJV123,Sriwijaya Air / Super Air Jet,8a092e,Indonesia,N/A,-7.4404,110.8423,6697.98,21975.0,7185.66,23575.0,745.7,402.6,2.6,511.8,52.16,Climbing (Takeoff),0,0,0,1790915307,1790915308,N/A,OpenSky Network
2026-10-02 11:28:30,SJV356,Sriwijaya Air / Super Air Jet,8a08eb,Indonesia,N/A,-6.9883,111.1582,7947.66,26075.0,8564.88,28100.0,768.7,415.0,-12.03,-2368.1,90.97,Descending (Landing/Approach),0,0,0,1790915113,1790915114,N/A,OpenSky Network
2026-10-02 11:35:40,TNU5106,TransNusa,8a09f8,Indonesia,N/A,-6.9222,110.8942,11277.6,37000.0,12070.08,39600.0,805.4,434.9,0.0,0.0,97.66,Cruising,0,0,0,1790915711,1790915711,N/A,OpenSky Network
2026-10-02 11:35:40,SJV123,Sriwijaya Air / Super Air Jet,8a092e,Indonesia,N/A,-7.0269,111.3879,8351.52,27400.0,8930.64,29300.0,856.0,462.2,4.55,895.7,65.32,Climbing (Takeoff),0,0,0,1790915646,1790915646,N/A,OpenSky Network
2026-10-02 11:42:33,BTK6526,Batik Air,8a051f,Indonesia,N/A,-7.0315,111.174,10668.0,35000.0,11437.62,37525.0,815.7,440.4,0.0,0.0,99.8,Cruising,0,0,0,1790916045,1790916045,N/A,OpenSky Network
2026-10-02 11:42:33,TNU5106,TransNusa,8a09f8,Indonesia,N/A,-7.0779,111.6138,11277.6,37000.0,12070.08,39600.0,802.0,433.1,0.0,0.0,112.54,Cruising,0,0,0,1790916078,1790916078,N/A,OpenSky Network
2026-10-02 11:42:33,PAS204,Pelita Air Service,8a0a8a,Indonesia,N/A,-7.0021,111.1488,8267.7,27125.0,8884.92,29150.0,829.2,447.7,-12.03,-2368.1,103.69,Descending (Landing/Approach),0,0,0,1790916141,1790916141,N/A,OpenSky Network
2026-10-02 11:49:27,CTV752,Citilink,8a060d,Indonesia,N/A,-7.1104,111.3015,11879.58,38975.0,12679.68,41600.0,807.8,436.2,0.0,0.0,107.06,Cruising,0,0,0,1790916543,1790916557,N/A,OpenSky Network
2026-10-02 11:49:27,BTK6526,Batik Air,8a051f,Indonesia,N/A,-7.0931,111.5315,10668.0,35000.0,11437.62,37525.0,819.3,442.4,0.0,0.0,99.76,Cruising,0,0,0,1790916222,1790916251,N/A,OpenSky Network
2026-10-02 11:49:27,CEO31,Other Airline,8a09e6,Indonesia,N/A,-6.9928,111.3483,10058.4,33000.0,10767.06,35325.0,771.4,416.5,0.0,0.0,92.89,Cruising,0,0,0,1790916493,1790916493,N/A,OpenSky Network
2026-10-02 11:49:27,GIA254,Garuda Indonesia,8a0a43,Indonesia,N/A,-7.0975,111.0769,9098.28,29850.0,9730.74,31925.0,854.1,461.2,7.8,1535.4,72.98,Climbing (Takeoff),0,0,0,1790916559,1790916559,N/A,OpenSky Network
2026-10-02 11:56:31,GIA327,Garuda Indonesia,8a043a,Indonesia,N/A,-6.5498,111.1348,10568.94,34675.0,11285.22,37025.0,858.2,463.4,4.55,895.7,307.02,Climbing (Takeoff),0,0,0,1790916712,1790916712,N/A,OpenSky Network
2026-10-02 11:56:31,BTK6656,Batik Air,8a0830,Indonesia,N/A,-6.9894,111.2187,10668.0,35000.0,11407.14,37425.0,805.7,435.1,0.0,0.0,90.92,Cruising,0,0,0,1790916802,1790916802,N/A,OpenSky Network
2026-10-02 11:56:31,GIA254,Garuda Indonesia,8a0a43,Indonesia,N/A,-7.0918,111.5314,10668.0,35000.0,11414.76,37450.0,793.7,428.5,0.0,0.0,97.37,Cruising,0,0,0,1790916789,1790916789,N/A,OpenSky Network
2026-10-02 12:00:44,BTK7583,Batik Air,8a0634,Indonesia,N/A,-6.9812,110.7554,10668,35000.0,11430,37500.0,807.6,436.1,0,0.0,91.05,Cruising,0,0,0,1790917222,1790917231,N/A,OpenSky Network
2026-10-02 12:07:27,BTK7583,Batik Air,8a0634,Indonesia,N/A,-7.0388,111.5822,10668.0,35000.0,11422.38,37475.0,819.6,442.6,0.0,0.0,105.73,Cruising,0,0,0,1790917631,1790917631,N/A,OpenSky Network
2026-10-02 12:07:27,GIA430,Garuda Indonesia,8a028e,Indonesia,N/A,-6.9897,111.2312,11277.6,37000.0,12054.84,39550.0,811.3,438.1,0.33,65.0,90.92,Cruising,0,0,0,1790917614,1790917620,N/A,OpenSky Network
2026-10-02 12:14:29,NONE,N/A,N/A,N/A,N/A,-8.7482,115.1672,0,0,0,0,0,0,0,0,0,No Flights,0,0,0,0,0,N/A,OpenSky Network
2026-10-02 12:21:32,BTK7309,Batik Air,8a0636,Indonesia,N/A,-6.9893,111.2222,10668.0,35000.0,11422.38,37475.0,790.9,427.1,0.0,0.0,90.94,Cruising,0,0,0,1790918455,1790918457,N/A,OpenSky Network
2026-10-02 12:21:32,BTK7531,Batik Air,8a09a5,Indonesia,N/A,-7.4225,110.7228,2293.62,7525.0,2468.88,8100.0,525.7,283.9,-7.48,-1472.4,139.86,Descending (Landing/Approach),0,0,0,1790918461,1790918463,N/A,OpenSky Network
2026-10-02 12:21:32,GIA253,Garuda Indonesia,8a0244,Indonesia,N/A,-7.5341,110.7265,9227.82,30275.0,10119.36,33200.0,822.4,444.1,-9.1,-1791.3,209.1,Descending (Landing/Approach),0,0,0,1790918488,1790918488,N/A,OpenSky Network
2026-10-02 12:28:30,BTK7309,Batik Air,8a0636,Indonesia,N/A,-7.0788,111.6248,10668.0,35000.0,11422.38,37475.0,802.8,433.5,0.33,65.0,112.66,Cruising,0,0,0,1790918664,1790918664,N/A,OpenSky Network
2026-10-02 12:28:30,BTK7531,Batik Air,8a09a5,Indonesia,N/A,-7.4722,110.9559,777.24,2550.0,845.82,2775.0,307.3,165.9,-1.63,-320.9,259.23,Descending (Landing/Approach),0,0,0,1790918787,1790918801,N/A,OpenSky Network
2026-10-02 12:35:32,GIA408,Garuda Indonesia,8a0449,Indonesia,N/A,-6.9595,111.2416,9448.8,31000.0,10096.5,33125.0,779.9,421.1,0.33,65.0,100.54,Cruising,0,0,0,1790919104,1790919104,N/A,OpenSky Network
2026-10-02 12:42:29,NONE,N/A,N/A,N/A,N/A,-8.7482,115.1672,0,0,0,0,0,0,0,0,0,No Flights,0,0,0,0,0,N/A,OpenSky Network
2026-10-02 12:49:28,CTV736,Citilink,8a061e,Indonesia,N/A,-6.9877,111.1387,7734.3,25375.0,8404.86,27575.0,774.3,418.1,-11.7,-2303.1,91.1,Descending (Landing/Approach),0,0,0,1790919976,1790919976,N/A,OpenSky Network
2026-10-02 12:56:32,NONE,N/A,N/A,N/A,N/A,-8.7482,115.1672,0,0,0,0,0,0,0,0,0,No Flights,0,0,0,0,0,N/A,OpenSky Network
2026-10-02 13:00:45,PAS108,Pelita Air Service,8a0993,Indonesia,N/A,-6.9837,110.9172,11285.22,37025.0,12054.84,39550.0,802.0,433.1,0,0.0,91.06,Cruising,0,0,0,1790920830,1790920830,N/A,OpenSky Network
2026-10-02 13:07:30,CTV176,Citilink,8a03ae,Indonesia,N/A,-6.9928,111.1824,8001.0,26250.0,8610.6,28250.0,799.5,431.7,-13,-2559.0,103.94,Descending (Landing/Approach),0,0,0,1790921210,1790921212,N/A,OpenSky Network
2026-10-02 13:07:30,PAS108,Pelita Air Service,8a0993,Indonesia,N/A,-6.9804,111.474,11277.6,37000.0,12047.22,39525.0,803.1,433.6,0,0.0,78.56,Cruising,0,0,0,1790921108,1790921108,N/A,OpenSky Network
2026-10-02 13:07:30,N/A,Unknown,480c42,Kingdom of the Netherlands,N/A,-6.4423,111.2769,11582.4,38000.0,0.0,0.0,897.9,484.9,0,0.0,297.52,Cruising,0,0,0,1790921192,1790921192,N/A,OpenSky Network
2026-10-02 13:14:30,LNI857,Lion Air,8a02ea,Indonesia,N/A,-6.9885,111.1617,8214.36,26950.0,8854.44,29050.0,785.4,424.1,-14.31,-2816.9,91.08,Descending (Landing/Approach),0,0,0,1790921643,1790921643,N/A,OpenSky Network
2026-10-02 13:14:30,AWQ814,Indonesia AirAsia,8a06f0,Indonesia,N/A,-6.9892,111.2146,10058.4,33000.0,10751.82,35275.0,813.1,439.1,0.33,65.0,90.91,Cruising,0,0,0,1790921595,1790921595,N/A,OpenSky Network
2026-10-02 13:21:26,AWQ860,Indonesia AirAsia,8a0419,Indonesia,N/A,-6.9954,111.4349,11277.6,37000.0,12054.84,39550.0,794.4,428.9,0.65,128.0,96.69,Cruising,0,0,0,1790922067,1790922068,N/A,OpenSky Network
2026-10-02 13:21:26,N/A,Unknown,8a0516,Indonesia,N/A,-6.3871,111.2658,10972.8,36000.0,11765.28,38600.0,883.9,477.3,0.0,0.0,295.44,Cruising,0,0,0,1790922052,1790922053,N/A,OpenSky Network
2026-10-02 13:21:26,AWQ814,Indonesia AirAsia,8a06f0,Indonesia,N/A,-7.0857,111.6412,10058.4,33000.0,10736.58,35225.0,824.4,445.2,0.0,0.0,112.59,Cruising,0,0,0,1790921810,1790921810,N/A,OpenSky Network
2026-10-02 13:28:30,GIA312,Garuda Indonesia,8a02d4,Indonesia,N/A,-6.9879,111.1311,8221.98,26975.0,8846.82,29025.0,805.7,435.1,-5.53,-1088.6,90.92,Descending (Landing/Approach),0,0,0,1790922296,1790922296,N/A,OpenSky Network
2026-10-02 13:28:30,AWQ860,Indonesia AirAsia,8a0419,Indonesia,N/A,-7.0363,111.6963,11285.22,37025.0,12062.46,39575.0,796.8,430.2,0.0,0.0,98.96,Cruising,0,0,0,1790922199,1790922200,N/A,OpenSky Network
2026-10-02 13:28:30,N/A,Unknown,8a0520,Indonesia,N/A,-6.9847,110.9576,10668.0,35000.0,11422.38,37475.0,815.8,440.5,0.0,0.0,92.73,Cruising,0,0,0,1790922486,1790922486,N/A,OpenSky Network
2026-10-02 13:35:34,BTK7532,Batik Air,8a09a5,Indonesia,N/A,-7.2404,110.7653,3230.88,10600.0,3063.24,10050.0,584.4,315.5,4.55,895.7,343.81,Climbing (Takeoff),0,0,0,1790922847,1790922851,N/A,OpenSky Network
2026-10-02 13:35:34,PAS142,Pelita Air Service,8a0914,Indonesia,N/A,-6.9851,110.9697,11262.36,36950.0,12024.36,39450.0,783.5,423.0,0.0,0.0,90.81,Cruising,0,0,0,1790922927,1790922927,N/A,OpenSky Network
2026-10-02 13:42:33,N/A,Unknown,8a074e,Indonesia,N/A,-6.4325,111.2814,10972.8,36000.0,11750.04,38550.0,881.4,475.9,0,0.0,297.53,Cruising,0,0,0,1790923240,1790923257,N/A,OpenSky Network
2026-10-02 13:42:33,PAS142,Pelita Air Service,8a0914,Indonesia,N/A,-7.0323,111.67,11277.6,37000.0,12047.22,39525.0,791.0,427.1,0,0.0,98.89,Cruising,0,0,0,1790923281,1790923309,N/A,OpenSky Network
2026-10-02 13:42:33,GIA452,Garuda Indonesia,8a023f,Indonesia,N/A,-6.9787,110.8358,11277.6,37000.0,0.0,0.0,800.2,432.1,0,0.0,91.06,Cruising,0,0,0,1790923346,1790923351,N/A,OpenSky Network
2026-10-02 13:49:30,CTV753,Citilink,8a060d,Indonesia,N/A,-6.5653,111.1508,10165.08,33350.0,10866.12,35650.0,871.6,470.6,7.48,1472.4,292.75,Climbing (Takeoff),0,0,0,1790923758,1790923759,N/A,OpenSky Network
2026-10-02 13:49:30,GIA452,Garuda Indonesia,8a023f,Indonesia,N/A,-6.9856,111.2161,11277.6,37000.0,0.0,0.0,811.3,438.1,0.0,0.0,90.92,Cruising,0,0,0,1790923535,1790923535,N/A,OpenSky Network
2026-10-02 13:56:32,SJV722,Sriwijaya Air / Super Air Jet,8a08b8,Indonesia,N/A,-6.9891,111.2168,10668,35000.0,11430,37500.0,813.1,439.1,0,0.0,90.91,Cruising,0,0,0,1790924140,1790924140,N/A,OpenSky Network
2026-10-02 14:00:43,SJV722,Sriwijaya Air / Super Air Jet,8a08b8,Indonesia,N/A,-6.9968,111.447,10668,35000.0,11430,37500.0,817.5,441.4,0,0.0,98.99,Cruising,0,0,0,1790924254,1790924353,N/A,OpenSky Network
2026-10-02 14:07:29,BTK7582,Batik Air,8a0634,Indonesia,N/A,-6.5795,111.0508,10370.82,34025.0,11056.62,36275.0,908.1,490.3,6.5,1279.5,277.62,Climbing (Takeoff),0,0,0,1790924698,1790924698,N/A,OpenSky Network
2026-10-02 14:07:29,SJV676,Sriwijaya Air / Super Air Jet,8a0949,Indonesia,N/A,-7.5137,110.7387,6530.34,21425.0,6979.92,22900.0,731.2,394.8,3.58,704.7,35.1,Climbing (Takeoff),0,0,0,1790924837,1790924837,N/A,OpenSky Network
2026-10-02 14:07:29,GIA252,Garuda Indonesia,8a0244,Indonesia,N/A,-7.3658,110.9386,7711.44,25300.0,8244.84,27050.0,797.2,430.5,5.53,1088.6,52.17,Climbing (Takeoff),0,0,0,1790924791,1790924811,N/A,OpenSky Network
2026-10-02 14:14:34,SJV676,Sriwijaya Air / Super Air Jet,8a0949,Indonesia,N/A,-7.0419,111.1545,8122.92,26650.0,8557.26,28075.0,855.9,462.1,5.53,1088.6,47.37,Climbing (Takeoff),0,0,0,1790925149,1790925149,N/A,OpenSky Network
2026-10-02 14:14:34,GIA252,Garuda Indonesia,8a0244,Indonesia,N/A,-7.1562,111.2087,8953.5,29375.0,9448.8,31000.0,826.1,446.1,8.45,1663.4,52.1,Climbing (Takeoff),0,0,0,1790924958,1790924958,N/A,OpenSky Network
2026-10-02 14:21:28,GIA334,Garuda Indonesia,8a0a65,Indonesia,N/A,-6.9898,111.222,11277.6,37000.0,12039.6,39500.0,805.7,435.0,0,0.0,90.66,Cruising,0,0,0,1790925528,1790925541,N/A,OpenSky Network
2026-10-02 14:28:30,BTK7501,Batik Air,8a0522,Indonesia,N/A,-7.0083,111.2594,7597.14,24925.0,8176.26,26825.0,811.8,438.4,-11.7,-2303.1,105.21,Descending (Landing/Approach),0,0,0,1790926006,1790926007,N/A,OpenSky Network
2026-10-02 14:35:32,NONE,N/A,N/A,N/A,N/A,-8.7482,115.1672,0,0,0,0,0,0,0,0,0,No Flights,0,0,0,0,0,N/A,OpenSky Network
2026-10-02 14:42:34,GIA422,Garuda Indonesia,8a021e,Indonesia,N/A,-6.9897,111.2462,11277.6,37000.0,12047.22,39525.0,805.8,435.1,0,0.0,91.05,Cruising,0,0,0,1790926889,1790926889,N/A,OpenSky Network
2026-10-02 14:49:30,PKOFM,Private / Business Jet / General Aviation,8a09fb,Indonesia,N/A,-6.4838,111.3381,11582.4,38000.0,0.0,0.0,873.4,471.6,-0.33,-65.0,298.36,Cruising,0,0,0,1790927350,1790927350,N/A,OpenSky Network
2026-10-02 14:49:30,GIA422,Garuda Indonesia,8a021e,Indonesia,N/A,-7.0515,111.6262,11277.6,37000.0,12047.22,39525.0,798.0,430.9,0.0,0.0,105.62,Cruising,0,0,0,1790927082,1790927097,N/A,OpenSky Network
2026-10-02 14:56:31,GIA310,Garuda Indonesia,8a043a,Indonesia,N/A,-6.9892,111.1976,8008.62,26275.0,8625.84,28300.0,779.8,421.1,-11.05,-2175.2,91.09,Descending (Landing/Approach),0,0,0,1790927659,1790927659,N/A,OpenSky Network
2026-10-02 14:56:31,SJV120,Sriwijaya Air / Super Air Jet,8a08b7,Indonesia,N/A,-7.0447,111.6282,10911.84,35800.0,11704.32,38400.0,896.7,484.2,-11.38,-2240.2,260.13,Descending (Landing/Approach),0,0,0,1790927784,1790927786,N/A,OpenSky Network
2026-10-02 15:00:49,SJV120,Sriwijaya Air / Super Air Jet,8a08b7,Indonesia,N/A,-7.1284,111.1634,8656.32,28400.0,10530.84,34550.0,848.0,457.9,-9.43,-1856.3,260.06,Descending (Landing/Approach),0,0,0,1790928000,1790928000,N/A,OpenSky Network
2026-10-02 15:07:35,NONE,N/A,N/A,N/A,N/A,-8.7482,115.1672,0,0,0,0,0,0,0,0,0,No Flights,0,0,0,0,0,N/A,OpenSky Network
2026-10-02 15:14:32,NONE,N/A,N/A,N/A,N/A,-8.7482,115.1672,0,0,0,0,0,0,0,0,0,No Flights,0,0,0,0,0,N/A,OpenSky Network
2026-10-02 15:21:26,N/A,Unknown,8a0636,Indonesia,N/A,-6.3814,111.3695,10363.2,34000.0,11102.34,36425.0,898.8,485.3,0,0.0,292.92,Cruising,0,0,0,1790928970,1790928971,N/A,OpenSky Network
2026-10-02 15:28:39,AWQ818,Indonesia AirAsia,8a03f4,Indonesia,N/A,-6.9443,110.9116,10668,35000.0,11422.38,37475.0,809.2,436.9,0,0.0,95.38,Cruising,0,0,0,1790929705,1790929708,N/A,OpenSky Network
2026-10-02 15:35:35,AWQ818,Indonesia AirAsia,8a03f4,Indonesia,N/A,-6.9737,111.2205,10668,35000.0,11422.38,37475.0,809.2,436.9,0,0.0,95.38,Cruising,0,0,0,1790929858,1790929858,N/A,OpenSky Network
2026-10-02 15:35:35,BTK6564,Batik Air,8a0517,Indonesia,N/A,-6.9971,111.4171,10668,35000.0,11437.62,37525.0,818.0,441.7,0,0.0,98.33,Cruising,0,0,0,1790930098,1790930100,N/A,OpenSky Network
2026-10-02 15:42:32,BTK6406,Batik Air,8a0515,Indonesia,N/A,-6.9808,110.7282,9974.58,32725.0,11407.14,37425.0,744.7,402.1,-4.55,-895.7,91.14,Descending (Landing/Approach),0,0,0,1790930514,1790930514,N/A,OpenSky Network
2026-10-02 15:42:32,CTV833,Citilink,8a04a4,Indonesia,N/A,-7.0439,111.1423,7665.72,25150.0,8275.32,27150.0,781.2,421.8,-8.45,-1663.4,103.01,Descending (Landing/Approach),0,0,0,1790930320,1790930320,N/A,OpenSky Network
2026-10-02 15:42:32,PAS106,Pelita Air Service,8a0915,Indonesia,N/A,-6.9893,111.2181,11269.98,36975.0,12062.46,39575.0,800.2,432.1,0.0,0.0,90.93,Cruising,0,0,0,1790930467,1790930467,N/A,OpenSky Network
2026-10-02 15:49:35,CTV784,Citilink,8a03af,Indonesia,N/A,-7.1568,110.8206,7018.02,23025.0,7353.3,24125.0,763.8,412.4,6.83,1344.5,33.73,Climbing (Takeoff),0,0,0,1790930830,1790930830,N/A,OpenSky Network
2026-10-02 15:49:35,BTK6406,Batik Air,8a0515,Indonesia,N/A,-6.988,111.1532,7711.44,25300.0,8298.18,27225.0,763.1,412.1,-6.5,-1279.5,90.97,Descending (Landing/Approach),0,0,0,1790930745,1790930746,N/A,OpenSky Network
2026-10-02 15:49:35,PAS106,Pelita Air Service,8a0915,Indonesia,N/A,-7.0872,111.6448,11277.6,37000.0,12062.46,39575.0,785.2,424.0,0.0,0.0,112.75,Cruising,0,0,0,1790930690,1790930690,N/A,OpenSky Network
2026-10-02 15:49:35,SJV128,Sriwijaya Air / Super Air Jet,8a094d,Indonesia,N/A,-7.3439,110.7722,2598.42,8525.0,2788.92,9150.0,532.3,287.4,-9.1,-1791.3,172.6,Descending (Landing/Approach),0,0,0,1790930883,1790930884,N/A,OpenSky Network
