Timestamp_WIB,Flight_IATA,Flight_ICAO,Flight_Number,Airline_IATA,Airline_ICAO,Aircraft_Code,Registration_Number,Transponder_Hex,Airline_Country_Flag,Origin_IATA,Origin_ICAO,Origin_Terminal,Destination_IATA,Destination_ICAO,Destination_Terminal,Latitude,Longitude,Heading_Deg,Altitude_Meters,Altitude_Feet,Ground_Speed_KMH,Ground_Speed_Knots,Vertical_Speed_MS,Vertical_Speed_FPM,Flight_Phase,Is_Ground,Delayed_Minutes,ETA_Timestamp,Updated_Unix_Time,Status
2026-09-24 14:42:17,QG918,CTV918,918,QG,CTV,N/A,PK-GQM,8A05C4,ID,CGK,WIII,N/A,KNO,WIMM,N/A,-0.304066,101.599987,316.5,11731,38487.5,843,455.2,0,0.0,Cruising,0,0,N/A,1790235735,en-route
2026-09-24 14:42:17,IP323,PAS323,323,IP,PAS,N/A,PK-PWH,8A09BB,ID,PKU,WIBB,N/A,CGK,WIII,N/A,-0.046329,102.041078,123.5,6253,20515.1,702,379.0,58,11417.3,Climbing (Takeoff),0,0,N/A,1790235735,en-route
2026-09-24 15:05:28,IU363,SJV363,363,IU,SJV,N/A,PK-SJS,8A08C0,ID,KNO,WIMM,N/A,SUB,WARR,N/A,1.344509,101.264739,137.6,12029,39465.2,840,453.6,0,0.0,Cruising,0,0,N/A,1790237125,en-route
2026-09-24 15:05:28,QG919,CTV919,919,QG,CTV,N/A,PK-GQT,8A061E,ID,KNO,WIMM,N/A,CGK,WIII,N/A,0.618527,101.845453,136.0,10688,35065.6,838,452.5,-7,-1378.0,Descending (Landing/Approach),0,0,N/A,1790237098,en-route
2026-09-24 15:05:28,GA975,GIA975,975,GA,GIA,N/A,PK-GHI,8A0A6B,ID,JED,OEJN,N/A,SUB,WARR,N/A,0.18062,100.643669,130.0,11907,39065.0,0,0.0,0,0.0,Cruising,0,0,N/A,1790237080,en-route
2026-09-24 16:06:03,ID6854,BTK6854,6854,ID,BTK,N/A,PK-BKL,8A093A,ID,CGK,WIII,N/A,PKU,WIBB,N/A,0.486328,101.44519,183,185,607.0,259,139.8,0,0,Cruising,0,0,N/A,1790240738,en-route
2026-09-24 16:06:03,GA189,GIA189,189,GA,GIA,N/A,PK-GFS,8A0290,ID,KNO,WIMM,N/A,CGK,WIII,N/A,0.389207,102.004562,139,11297,37063.6,827,446.5,0,0,Cruising,0,0,N/A,1790240738,en-route
2026-09-24 17:05:30,ID6886,BTK6886,6886,ID,BTK,N/A,PK-LUH,8A05EF,ID,CGK,WIII,N/A,KNO,WIMM,N/A,-0.289914,101.558126,317,11747,38540.0,850,459.0,0,0.0,Cruising,0,0,N/A,1790244329,en-route
2026-09-24 17:05:30,GA176,GIA176,176,GA,GIA,N/A,PK-GMC,8A01DD,ID,CGK,WIII,N/A,PKU,WIBB,N/A,0.469528,101.44472,183,94,308.4,285,153.9,-15,-2952.8,Descending (Landing/Approach),0,0,N/A,1790244309,en-route
2026-09-24 18:05:29,QG979,CTV979,979,QG,CTV,N/A,PK-GQA,8A04A5,ID,KNO,WIMM,N/A,CGK,WIII,N/A,1.285433,101.174412,135.6,12067,39589.9,835,450.9,0,0.0,Cruising,0,0,N/A,1790247917,en-route
2026-09-24 18:05:29,GA190,GIA190,190,GA,GIA,N/A,PK-GDC,8A0A73,ID,CGK,WIII,N/A,KNO,WIMM,N/A,-0.29578,101.437229,318.9,11731,38487.5,848,457.9,0,0.0,Cruising,0,0,N/A,1790247917,en-route
2026-09-24 18:05:29,JT161,LNI161,161,JT,LNI,N/A,PK-LGL,8A01CD,ID,KUL,WMKK,N/A,PKU,WIBB,N/A,0.677428,101.45419,184.0,924,3031.5,342,184.7,-29,-5708.6,Descending (Landing/Approach),0,0,N/A,1790247914,en-route
2026-09-24 19:05:29,MH127,MAS127,127,MH,MAS,N/A,9M-MTA,750254,MY,KUL,WMKK,N/A,PER,YPPH,N/A,1.42825,101.510133,184.9,7693,25239.5,763,412.0,23,4527.6,Climbing (Takeoff),0,0,N/A,1790251522,en-route
2026-09-24 19:05:29,AK349,AXM349,349,AK,AXM,N/A,9M-AJD,75033D,MY,YIA,WAHI,N/A,KUL,WMKK,N/A,-0.411924,102.389684,343.3,12387,40639.8,810,437.4,0,0.0,Cruising,0,0,N/A,1790251522,en-route
2026-09-24 20:05:26,ID6887,BTK6887,6887,ID,BTK,N/A,PK-LUH,8A05EF,ID,KNO,WIMM,N/A,CGK,WIII,N/A,1.045178,101.382558,138.6,11434,37513.1,835,450.9,0,0,Cruising,0,0,N/A,1790255120,en-route
2026-09-24 20:05:26,QR954,QTR954,954,QR,QTR,N/A,A7-ALV,06A10A,QA,DOH,OTHH,N/A,CGK,WIII,N/A,1.153157,100.959253,136.0,12516,41063.0,903,487.6,0,0,Cruising,0,0,N/A,1790255091,en-route
2026-09-24 20:05:26,QG887,CTV887,887,QG,CTV,N/A,PK-GQJ,8A0508,ID,KNO,WIMM,N/A,CGK,WIII,N/A,0.153612,102.342128,136.5,12097,39688.3,845,456.3,0,0,Cruising,0,0,N/A,1790255120,en-route
2026-09-24 21:05:31,SV826,SVA826,826,SV,SVA,N/A,HZ-AK16,710058,SA,JED,OEJN,N/A,CGK,WIII,N/A,-0.121181,101.009618,128,11419,37463.9,895,483.3,0,0.0,Cruising,0,0,N/A,1790258728,en-route
2026-09-24 21:05:31,JT276,LNI276,276,JT,LNI,N/A,PK-LSO,8A082D,ID,YIA,WAHI,N/A,PKU,WIBB,N/A,-0.377416,101.855309,321,4277,14032.2,651,351.5,-39,-7677.1,Descending (Landing/Approach),0,0,N/A,1790258683,en-route
2026-09-24 22:05:33,NONE,NONE,NONE,N/A,N/A,N/A,N/A,N/A,N/A,N/A,N/A,N/A,N/A,N/A,N/A,0.4608,101.4447,0,0,0,0,0,0,0,No Flights,0,0,N/A,0,no_flights
2026-09-24 23:05:33,QG888,CTV888,888,QG,CTV,N/A,PK-GLG,8A02FF,ID,CGK,WIII,N/A,KNO,WIMM,N/A,0.835939,100.451929,319.0,10985,36040.0,0,0.0,0,0,Cruising,0,0,N/A,1790265925,en-route
2026-09-24 23:05:33,QG915,CTV915,915,QG,CTV,N/A,PK-GQG,8A04AA,ID,KNO,WIMM,N/A,CGK,WIII,N/A,1.396624,101.063106,135.7,11427,37490.2,831,448.7,0,0,Cruising,0,0,N/A,1790265925,en-route
2026-09-25 00:05:45,NONE,NONE,NONE,N/A,N/A,N/A,N/A,N/A,N/A,N/A,N/A,N/A,N/A,N/A,N/A,0.4608,101.4447,0,0,0,0,0,0,0,No Flights,0,0,N/A,0,no_flights
2026-09-25 01:05:34,OD191,MXD191,191,OD,MXD,N/A,9M-LNV,7503DB,MY,KUL,WMKK,N/A,PER,YPPH,N/A,1.365685,101.505763,184.9,8188,26863.5,837,451.9,20,3937.0,Climbing (Takeoff),0,0,N/A,1790273128,en-route
2026-09-25 01:05:34,SQ478,SIA478,478,SQ,SIA,N/A,9V-SJD,76CD44,SG,SIN,WSSS,N/A,JNB,FAOR,N/A,-0.281762,100.993577,227.0,10169,33362.9,942,508.6,7,1378.0,Climbing (Takeoff),0,0,N/A,1790273080,en-route
2026-09-25 02:05:30,NONE,NONE,NONE,N/A,N/A,N/A,N/A,N/A,N/A,N/A,N/A,N/A,N/A,N/A,N/A,0.4608,101.4447,0,0,0,0,0,0,0,No Flights,0,0,N/A,0,no_flights
2026-09-25 03:06:01,NONE,NONE,NONE,N/A,N/A,N/A,N/A,N/A,N/A,N/A,N/A,N/A,N/A,N/A,N/A,0.4608,101.4447,0,0,0,0,0,0,0,No Flights,0,0,N/A,0,no_flights
2026-09-25 04:05:28,SQ479,SIA479,479,SQ,SIA,N/A,9V-SMA,76CDA1,SG,JNB,FAOR,N/A,SIN,WSSS,N/A,0.398128,101.888152,52.8,12653,41512.5,862,465.4,0,0,Cruising,0,0,N/A,1790283926,en-route
2026-09-25 05:05:31,SQ437,SIA437,437,SQ,SIA,N/A,9V-SHG,76CD07,SG,MLE,VRMM,N/A,SIN,WSSS,N/A,1.21538,100.793279,110.1,12631,41440.3,858,463.3,0,0,Cruising,0,0,N/A,1790287522,en-route
2026-09-25 06:05:31,NONE,NONE,NONE,N/A,N/A,N/A,N/A,N/A,N/A,N/A,N/A,N/A,N/A,N/A,N/A,0.4608,101.4447,0,0,0,0,0,0,0,No Flights,0,0,N/A,0,no_flights
2026-09-25 07:05:27,QG810,CTV810,810,QG,CTV,N/A,PK-GLY,8A03B3,ID,KNO,WIMM,N/A,BDO,WICC,N/A,1.13666,101.324078,135.7,12036,39488.2,818,441.7,5,984.2,Climbing (Takeoff),0,0,N/A,1790294712,en-route
2026-09-25 07:05:27,IU170,SJV170,170,IU,SJV,N/A,PK-SAG,8A08DE,ID,KNO,WIMM,N/A,BDO,WICC,N/A,0.171765,101.955931,137.1,11404,37414.7,814,439.5,0,0.0,Cruising,0,0,N/A,1790294712,en-route
2026-09-25 07:05:27,QG936,CTV936,936,QG,CTV,N/A,PK-GLS,8A03AD,ID,CGK,WIII,N/A,PKU,WIBB,N/A,0.059211,101.522669,322.0,1777,5830.1,518,279.7,-25,-4921.2,Descending (Landing/Approach),0,0,N/A,1790294678,en-route
2026-09-25 08:05:30,ID6899,BTK6899,6899,ID,BTK,N/A,PK-BKR,8A09A1,ID,BTJ,WITT,N/A,CGK,WIII,N/A,1.334734,100.716105,136.0,11411,37437.7,832,449.2,0,0.0,Cruising,0,0,N/A,1790298318,en-route
2026-09-25 08:05:30,JT393,LNI393,393,JT,LNI,N/A,PK-LRI,8A097C,ID,PKU,WIBB,N/A,CGK,WIII,N/A,-0.04249,102.149777,125.9,5803,19038.7,722,389.8,22,4330.7,Climbing (Takeoff),0,0,N/A,1790298318,en-route
2026-09-25 08:05:30,IP320,PAS320,320,IP,PAS,N/A,PK-PWO,8A0A4A,ID,CGK,WIII,N/A,PKU,WIBB,N/A,0.493258,101.571119,356.0,2021,6630.6,535,288.9,-31,-6102.3,Descending (Landing/Approach),0,0,N/A,1790298274,en-route
2026-09-25 08:05:30,IU956,SJV956,956,IU,SJV,N/A,PK-SJE,8A0908,ID,CGK,WIII,N/A,DTB,WIMN,N/A,0.003723,100.622328,318.0,10992,36063.0,844,455.7,0,0.0,Cruising,0,0,N/A,1790298297,en-route
2026-09-25 09:05:29,QG883,CTV883,883,QG,CTV,N/A,PK-GLU,8A03AF,ID,KNO,WIMM,N/A,CGK,WIII,N/A,1.091433,101.188516,137.5,12074,39612.9,791,427.1,0,0.0,Cruising,0,0,N/A,1790301914,en-route
2026-09-25 09:05:29,SQ462,SIA462,462,SQ,SIA,N/A,9V-MBP,76B450,SG,SIN,WSSS,N/A,CMB,VCBI,N/A,0.713061,102.238193,280.9,9148,30013.1,855,461.7,18,3543.3,Climbing (Takeoff),0,0,N/A,1790301923,en-route
2026-09-25 09:05:29,OD336,MXD336,336,OD,MXD,N/A,9M-LDF,75056B,MY,KUL,WMKK,N/A,PKU,WIBB,N/A,0.94885,101.475357,183.0,2143,7030.8,0,0.0,-18,-3543.3,Descending (Landing/Approach),0,0,N/A,1790301424,en-route
2026-09-25 10:05:29,IP342,PAS342,342,IP,PAS,N/A,PK-PWN,8A0A44,ID,CGK,WIII,N/A,BTJ,WITT,N/A,0.701582,100.577867,317.9,11724,38464.6,854,461.1,0,0.0,Cruising,0,0,N/A,1790305526,en-route
2026-09-25 10:05:29,SQ432,SIA432,432,SQ,SIA,N/A,9V-SMS,76CDB3,SG,SIN,WSSS,N/A,MLE,VRMM,N/A,0.754758,100.680635,294.2,11076,36338.6,985,531.9,0,0.0,Cruising,0,0,N/A,1790305515,en-route
2026-09-25 10:05:29,GA181,GIA181,181,GA,GIA,N/A,PK-GFI,8A0243,ID,KNO,WIMM,N/A,CGK,WIII,N/A,1.060077,101.091662,137.0,10688,35065.6,811,437.9,1,196.8,Cruising,0,0,N/A,1790305418,en-route
2026-09-25 10:05:29,AK431,AXM431,431,AK,AXM,N/A,9M-DAF,75052A,MY,KUL,WMKK,N/A,PKU,WIBB,N/A,0.695298,101.45464,179.0,924,3031.5,438,236.5,-21,-4133.8,Descending (Landing/Approach),0,0,N/A,1790305472,en-route
2026-09-25 10:05:29,QG885,CTV885,885,QG,CTV,N/A,PK-GQP,8A060D,ID,DTB,WIMN,N/A,CGK,WIII,N/A,1.447344,101.011991,135.6,10992,36063.0,809,436.8,10,1968.5,Climbing (Takeoff),0,0,N/A,1790305526,en-route
2026-09-25 10:05:29,IU957,SJV957,957,IU,SJV,N/A,PK-SJE,8A0908,ID,DTB,WIMN,N/A,CGK,WIII,N/A,0.16483,101.984346,128.2,11434,37513.1,814,439.5,0,0.0,Cruising,0,0,N/A,1790305526,en-route
2026-09-25 11:05:32,AK406,AXM406,406,AK,AXM,N/A,9M-AFD,750109,MY,KUL,WMKK,N/A,PDG,WIPT,N/A,0.306577,101.103571,206.6,10467,34340.6,858,463.3,0,0,Cruising,0,0,N/A,1790309125,en-route
2026-09-25 12:05:28,OD151,MXD151,151,OD,MXD,N/A,9M-LRJ,750423,MY,KUL,WMKK,N/A,PER,YPPH,N/A,-0.315962,102.297551,131.8,10771,35337.9,846,456.8,0,0.0,Cruising,0,0,N/A,1790312721,en-route
2026-09-25 12:05:28,JT206,LNI206,206,JT,LNI,N/A,PK-LRI,8A097C,ID,CGK,WIII,N/A,KNO,WIMM,N/A,0.47736,100.717577,319.4,11084,36364.8,886,478.4,0,0.0,Cruising,0,0,N/A,1790312723,en-route
2026-09-25 12:05:28,JT229,LNI229,229,JT,LNI,N/A,PK-LJG,8A02A5,ID,BTH,WIDD,N/A,PDG,WIPT,N/A,0.285037,101.675521,229.6,9148,30013.1,834,450.3,0,0.0,Cruising,0,0,N/A,1790312719,en-route
2026-09-25 12:05:28,JT390,LNI390,390,JT,LNI,N/A,PK-LSJ,8A082A,ID,CGK,WIII,N/A,PKU,WIBB,N/A,-0.348058,101.928867,315.9,4284,14055.1,642,346.7,-36,-7086.6,Descending (Landing/Approach),0,0,N/A,1790312719,en-route
2026-09-25 13:05:29,GA186,GIA186,186,GA,GIA,N/A,PK-GUG,8A0A53,ID,CGK,WIII,N/A,KNO,WIMM,N/A,-0.179725,101.322015,319.1,11724,38464.6,868,468.7,0,0.0,Cruising,0,0,N/A,1790316325,en-route
2026-09-25 13:05:29,6E1601,IGO1601,1601,6E,IGO,N/A,VT-IPF,80152F,IN,BOM,VABB,N/A,CGK,WIII,N/A,0.027128,101.467798,133.2,12059,39563.6,810,437.4,0,0.0,Cruising,0,0,N/A,1790316325,en-route
2026-09-25 13:05:29,IP322,PAS322,322,IP,PAS,N/A,PK-PWO,8A0A4A,ID,CGK,WIII,N/A,PKU,WIBB,N/A,-0.385066,102.089733,322.1,7990,26213.9,840,453.6,-34,-6692.9,Descending (Landing/Approach),0,0,N/A,1790316325,en-route
2026-09-25 13:05:29,AK347,AXM347,347,AK,AXM,N/A,9M-AFE,75010A,MY,YIA,WAHI,N/A,KUL,WMKK,N/A,0.377535,102.261481,340.1,12379,40613.5,834,450.3,0,0.0,Cruising,0,0,N/A,1790316325,en-route
2026-09-25 14:05:30,JT228,LNI228,228,JT,LNI,N/A,PK-LJG,8A02A5,ID,PDG,WIPT,N/A,BTH,WIDD,N/A,0.148744,101.749988,56.4,9461,31040.0,814,439.5,0,0.0,Cruising,0,0,N/A,1790319923,en-route
2026-09-25 14:05:30,SQ482,SIA482,482,SQ,SIA,N/A,9V-SMC,76CDA3,SG,SIN,WSSS,N/A,JNB,FAOR,N/A,0.434552,101.805839,223.2,8996,29514.4,920,496.8,11,2165.3,Climbing (Takeoff),0,0,N/A,1790319927,en-route
2026-09-25 15:05:32,ID6854,BTK6854,6854,ID,BTK,N/A,PK-BKL,8A093A,ID,CGK,WIII,N/A,PKU,WIBB,N/A,-0.529612,102.368604,315.8,9826,32237.5,883,476.8,-48,-9448.8,Descending (Landing/Approach),0,0,N/A,1790323529,en-route
2026-09-25 16:05:32,JT101,LNI101,101,JT,LNI,N/A,PK-LEU,8A08B2,ID,JED,OEJN,N/A,SUB,WARR,N/A,0.330978,100.791526,115.9,12051,39537.4,863,466.0,0,0.0,Cruising,0,0,N/A,1790327123,en-route
2026-09-25 16:05:32,JT237,LNI237,237,JT,LNI,N/A,PK-LJG,8A02A5,ID,BTH,WIDD,N/A,PKU,WIBB,N/A,0.637849,102.424076,271.6,4726,15505.2,656,354.2,-21,-4133.8,Descending (Landing/Approach),0,0,N/A,1790327125,en-route
2026-09-25 17:05:30,GA147,GIA147,147,GA,GIA,N/A,PK-GUF,8A0A43,ID,BTJ,WITT,N/A,CGK,WIII,N/A,1.121373,100.802228,128.9,12044,39514.4,807,435.7,0,0.0,Cruising,0,0,N/A,1790330729,en-route
2026-09-25 17:05:30,ID6898,BTK6898,6898,ID,BTK,N/A,PK-LAF,8A0490,ID,CGK,WIII,N/A,BTJ,WITT,N/A,0.557615,100.881433,316.6,11739,38513.8,868,468.7,0,0.0,Cruising,0,0,N/A,1790330729,en-route
2026-09-25 17:05:30,JT157,LNI157,157,JT,LNI,N/A,PK-LOP,8A0458,ID,KUL,WMKK,N/A,PDG,WIPT,N/A,0.710369,101.499603,192.6,9781,32089.9,839,453.0,0,0.0,Cruising,0,0,N/A,1790330729,en-route
2026-09-25 17:05:30,IP303,PAS303,303,IP,PAS,N/A,PK-PWG,8A0998,ID,KNO,WIMM,N/A,CGK,WIII,N/A,0.749757,101.680563,135.2,11404,37414.7,831,448.7,0,0.0,Cruising,0,0,N/A,1790330729,en-route
2026-09-25 17:05:30,IP306,PAS306,306,IP,PAS,N/A,PK-PWN,8A0A44,ID,CGK,WIII,N/A,KNO,WIMM,N/A,-0.415091,101.937819,327.7,12387,40639.8,843,455.2,0,0.0,Cruising,0,0,N/A,1790330729,en-route
2026-09-25 17:05:30,IP324,PAS324,324,IP,PAS,N/A,PK-PWQ,8A0A8A,ID,CGK,WIII,N/A,PKU,WIBB,N/A,0.365631,101.764346,325.1,2943,9655.5,548,295.9,-23,-4527.6,Descending (Landing/Approach),0,0,N/A,1790330729,en-route
2026-09-25 18:05:31,JT300,LNI300,300,JT,LNI,N/A,PK-LRF,8A097B,ID,CGK,WIII,N/A,KNO,WIMM,N/A,0.165175,101.227318,324.2,11076,36338.6,874,471.9,0,0.0,Cruising,0,0,N/A,1790334326,en-route
2026-09-25 18:05:31,GA190,GIA190,190,GA,GIA,N/A,PK-GDC,8A0A73,ID,CGK,WIII,N/A,KNO,WIMM,N/A,-0.068465,101.295685,317.8,10436,34238.8,858,463.3,0,0.0,Cruising,0,0,N/A,1790334318,en-route
2026-09-25 18:05:31,JT309,LNI309,309,JT,LNI,N/A,PK-LKH,8A0311,ID,KNO,WIMM,N/A,CGK,WIII,N/A,1.296374,101.316498,138.0,10756,35288.7,833,449.8,0,0.0,Cruising,0,0,N/A,1790334326,en-route
2026-09-25 18:05:31,GA121,GIA121,121,GA,GIA,N/A,PK-GMX,8A02D6,ID,KNO,WIMM,N/A,CGK,WIII,N/A,0.894673,101.909806,141.6,11419,37463.9,817,441.1,0,0.0,Cruising,0,0,N/A,1790334326,en-route
2026-09-25 18:05:31,GA179,GIA179,179,GA,GIA,N/A,PK-GNH,8A0449,ID,PKU,WIBB,N/A,CGK,WIII,N/A,0.058355,101.980699,125.3,5544,18189.0,693,374.2,38,7480.3,Climbing (Takeoff),0,0,N/A,1790334326,en-route
2026-09-25 18:05:31,JT977,LNI977,977,JT,LNI,N/A,PK-LHQ,8A026A,ID,KNO,WIMM,N/A,BTH,WIDD,N/A,1.374122,102.197446,112.2,10764,35315.0,810,437.4,-7,-1378.0,Descending (Landing/Approach),0,0,N/A,1790334326,en-route
2026-09-25 18:05:31,SQ421,SIA421,421,SQ,SIA,N/A,9V-SDA,76CC81,SG,BOM,VABB,N/A,SIN,WSSS,N/A,1.425833,102.438447,121.6,11427,37490.2,897,484.3,-32,-6299.2,Descending (Landing/Approach),0,0,N/A,1790334326,en-route
2026-09-25 18:05:31,QG32,CTV32,32,QG,CTV,N/A,PK-GQS,8A061D,ID,HLP,WIHH,N/A,PKU,WIBB,N/A,0.051426,101.670821,329.0,4582,15032.8,646,348.8,-40,-7874.0,Descending (Landing/Approach),0,0,N/A,1790334318,en-route
2026-09-25 19:05:31,AK349,AXM349,349,AK,AXM,N/A,9M-AGN,750458,MY,YIA,WAHI,N/A,KUL,WMKK,N/A,0.133948,102.218213,343.3,12364,40564.3,798,430.9,0,0,Cruising,0,0,N/A,1790337923,en-route
2026-09-25 19:05:31,SQ431,SIA431,431,SQ,SIA,N/A,9V-SMS,76CDB3,SG,MLE,VRMM,N/A,SIN,WSSS,N/A,0.622422,101.017164,87.4,13294,43615.5,823,444.4,0,0,Cruising,0,0,N/A,1790337923,en-route
2026-09-25 19:05:31,ID6887,BTK6887,6887,ID,BTK,N/A,PK-LAO,8A0517,ID,KNO,WIMM,N/A,CGK,WIII,N/A,0.38048,102.188598,138.1,11442,37539.4,826,446.0,0,0,Cruising,0,0,N/A,1790337923,en-route
2026-09-25 20:05:33,JT989,LNI989,989,JT,LNI,N/A,PK-LHQ,8A026A,ID,BTH,WIDD,N/A,KNO,WIMM,N/A,0.904047,101.825138,306.6,9141,29990.2,893,482.2,0,0,Cruising,0,0,N/A,1790341523,en-route
2026-09-25 20:05:33,JT276,LNI276,276,JT,LNI,N/A,PK-LSO,8A082D,ID,YIA,WAHI,N/A,PKU,WIBB,N/A,-0.097256,101.646889,321.0,2265,7431.1,513,277.0,0,0,Cruising,0,0,N/A,1790341474,en-route
2026-09-25 21:05:27,QG914,CTV914,914,QG,CTV,N/A,PK-GTI,8A074D,ID,CGK,WIII,N/A,KNO,WIMM,N/A,1.292727,101.056315,348.1,11754,38563.0,801,432.5,0,0,Cruising,0,0,N/A,1790345124,en-route
2026-09-25 21:05:27,JT383,LNI383,383,JT,LNI,N/A,PK-LRF,8A097B,ID,KNO,WIMM,N/A,CGK,WIII,N/A,1.429327,101.262656,138.8,10771,35337.9,854,461.1,0,0,Cruising,0,0,N/A,1790345124,en-route
2026-09-25 22:05:33,SQ468,SIA468,468,SQ,SIA,N/A,9V-SCM,76CC6D,SG,SIN,WSSS,N/A,CMB,VCBI,N/A,0.673645,100.915923,269.8,10474,34363.5,974,525.9,0,0,Cruising,0,0,N/A,1790348725,en-route
2026-09-25 23:05:29,QG915,CTV915,915,QG,CTV,N/A,PK-GTI,8A074D,ID,KNO,WIMM,N/A,CGK,WIII,N/A,1.404635,100.950402,138.3,12059,39563.6,832,449.2,0,0,Cruising,0,0,N/A,1790352321,en-route
2026-09-26 00:05:30,QG888,CTV888,888,QG,CTV,N/A,PK-GQN,8A05D5,ID,CGK,WIII,N/A,KNO,WIMM,N/A,0.295362,100.984454,317.3,10436,34238.8,840,453.6,0,0,Cruising,0,0,N/A,1790355920,en-route
2026-09-26 01:05:31,NONE,NONE,NONE,N/A,N/A,N/A,N/A,N/A,N/A,N/A,N/A,N/A,N/A,N/A,N/A,0.4608,101.4447,0,0,0,0,0,0,0,No Flights,0,0,N/A,0,no_flights
2026-09-26 02:05:28,SV857,SVA857,857,SV,SVA,N/A,HZ-AR32,7105B1,SA,SIN,WSSS,N/A,JED,OEJN,N/A,1.133971,101.435567,287.1,9765,32037.4,940,507.6,6,1181.1,Climbing (Takeoff),0,0,N/A,1790363120,en-route
2026-09-26 03:05:35,NONE,NONE,NONE,N/A,N/A,N/A,N/A,N/A,N/A,N/A,N/A,N/A,N/A,N/A,N/A,0.4608,101.4447,0,0,0,0,0,0,0,No Flights,0,0,N/A,0,no_flights
2026-09-26 04:05:31,NONE,NONE,NONE,N/A,N/A,N/A,N/A,N/A,N/A,N/A,N/A,N/A,N/A,N/A,N/A,0.4608,101.4447,0,0,0,0,0,0,0,No Flights,0,0,N/A,0,no_flights
2026-09-26 05:05:29,SQ437,SIA437,437,SQ,SIA,N/A,9V-SHP,76CD10,SG,MLE,VRMM,N/A,SIN,WSSS,N/A,1.031407,100.743984,103.2,13255,43487.5,858,463.3,0,0,Cruising,0,0,N/A,1790373920,en-route
2026-09-26 06:05:33,SV816,SVA816,816,SV,SVA,N/A,HZ-AK28,710106,SA,JED,OEJN,N/A,CGK,WIII,N/A,0.287057,101.042394,113.9,12044,39514.4,894,482.7,0,0,Cruising,0,0,N/A,1790377530,en-route
2026-09-26 07:05:27,QG810,CTV810,810,QG,CTV,N/A,PK-GQD,8A04A7,ID,KNO,WIMM,N/A,BDO,WICC,N/A,1.2571,100.652702,129.2,11419,37463.9,822,443.8,5,984.2,Climbing (Takeoff),0,0,N/A,1790381122,en-route
2026-09-26 07:05:27,QG910,CTV910,910,QG,CTV,N/A,PK-GTI,8A074D,ID,CGK,WIII,N/A,KNO,WIMM,N/A,-0.312687,101.532518,319.0,10992,36063.0,829,447.6,0,0.0,Cruising,0,0,N/A,1790381051,en-route
2026-09-26 07:05:27,JT209,LNI209,209,JT,LNI,N/A,PK-LRI,8A097C,ID,KNO,WIMM,N/A,CGK,WIII,N/A,0.289065,101.8004,136.5,11404,37414.7,890,480.6,0,0.0,Cruising,0,0,N/A,1790381122,en-route
2026-09-26 07:05:27,QG936,CTV936,936,QG,CTV,N/A,PK-GQH,8A04AB,ID,CGK,WIII,N/A,PKU,WIBB,N/A,-0.009154,101.597391,329.0,2113,6932.4,531,286.7,-29,-5708.6,Descending (Landing/Approach),0,0,N/A,1790381074,en-route
2026-09-26 08:05:32,ID6899,BTK6899,6899,ID,BTK,N/A,PK-LAF,8A0490,ID,BTJ,WITT,N/A,CGK,WIII,N/A,1.227574,100.818056,130.4,12036,39488.2,819,442.2,0,0.0,Cruising,0,0,N/A,1790384727,en-route
2026-09-26 08:05:32,IP320,PAS320,320,IP,PAS,N/A,PK-PWC,8A0915,ID,CGK,WIII,N/A,PKU,WIBB,N/A,0.623938,101.4497,184.0,772,2532.8,296,159.8,-36,-7086.6,Descending (Landing/Approach),0,0,N/A,1790384709,en-route
2026-09-26 08:05:32,IU956,SJV956,956,IU,SJV,N/A,PK-SJE,8A0908,ID,CGK,WIII,N/A,DTB,WIMN,N/A,-0.392611,100.993671,317.7,11739,38513.8,824,444.9,-10,-1968.5,Descending (Landing/Approach),0,0,N/A,1790384727,en-route
2026-09-26 09:05:25,AK462,AXM462,462,AK,AXM,N/A,9M-AGE,75043E,MY,KUL,WMKK,N/A,PLM,WIPP,N/A,0.519976,101.841049,134.3,10825,35515.1,867,468.1,23,4527.6,Climbing (Takeoff),0,0,N/A,1790388322,en-route
2026-09-26 09:05:25,JT292,LNI292,292,JT,LNI,N/A,PK-LRF,8A097B,ID,CGK,WIII,N/A,PKU,WIBB,N/A,-0.463746,101.911217,322.3,4307,14130.6,713,385.0,-52,-10236.2,Descending (Landing/Approach),0,0,N/A,1790388322,en-route
2026-09-26 10:05:25,IU832,SJV832,832,IU,SJV,N/A,PK-SAO,8A08E9,ID,PKU,WIBB,N/A,KNO,WIMM,N/A,0.926033,101.054701,335.4,5704,18713.9,747,403.3,29,5708.6,Climbing (Takeoff),0,0,N/A,1790391900,en-route
2026-09-26 10:05:25,IP342,PAS342,342,IP,PAS,N/A,PK-PWG,8A0998,ID,CGK,WIII,N/A,BTJ,WITT,N/A,-0.38135,101.469016,318.6,11731,38487.5,818,441.7,0,0.0,Cruising,0,0,N/A,1790391922,en-route
2026-09-26 10:05:25,IU957,SJV957,957,IU,SJV,N/A,PK-SJE,8A0908,ID,DTB,WIMN,N/A,CGK,WIII,N/A,1.017386,100.990223,137.2,11190,36712.6,847,457.3,12,2362.2,Climbing (Takeoff),0,0,N/A,1790391922,en-route
2026-09-26 10:05:25,AK431,AXM431,431,AK,AXM,N/A,9M-RAO,7504AA,MY,KUL,WMKK,N/A,PKU,WIBB,N/A,0.87836,101.405533,165.0,1915,6282.8,0,0.0,-36,-7086.6,Descending (Landing/Approach),0,0,N/A,1790391164,en-route
2026-09-26 11:06:04,AK406,AXM406,406,AK,AXM,N/A,9M-AFE,75010A,MY,KUL,WMKK,N/A,PDG,WIPT,N/A,1.081421,100.76865,183.0,9819,32214.6,0,0.0,0,0.0,Cruising,0,0,N/A,1790395559,en-route
2026-09-26 11:06:04,JT971,LNI971,971,JT,LNI,N/A,PK-LFO,8A1812,ID,BTH,WIDD,N/A,KNO,WIMM,N/A,1.334164,100.976725,312.7,9125,29937.7,815,440.1,0,0.0,Cruising,0,0,N/A,1790395554,en-route
2026-09-26 11:06:04,AK430,AXM430,430,AK,AXM,N/A,9M-RAO,7504AA,MY,PKU,WIBB,N/A,KUL,WMKK,N/A,0.840984,101.160454,6.3,5834,19140.4,678,366.1,37,7283.4,Climbing (Takeoff),0,0,N/A,1790395554,en-route
2026-09-26 11:06:04,SQ481,SIA481,481,SQ,SIA,N/A,9V-SMC,76CDA3,SG,JNB,FAOR,N/A,SIN,WSSS,N/A,0.509497,101.604978,70.4,12852,42165.4,842,454.6,-20,-3937.0,Descending (Landing/Approach),0,0,N/A,1790395554,en-route
2026-09-26 11:06:04,JT982,LNI982,982,JT,LNI,N/A,PK-LFK,8A1822,ID,SUB,WARR,N/A,PKU,WIBB,N/A,0.040466,101.819482,331.0,4307,14130.6,663,358.0,-51,-10039.4,Descending (Landing/Approach),0,0,N/A,1790395556,en-route
2026-09-26 12:05:28,JT229,LNI229,229,JT,LNI,N/A,PK-LJG,8A02A5,ID,BTH,WIDD,N/A,PDG,WIEE,N/A,-0.43969,100.932405,239,6512,21364.8,720,388.8,-37,-7283.4,Descending (Landing/Approach),0,0,N/A,1790399082,en-route
2026-09-26 13:05:33,GA186,GIA186,186,GA,GIA,N/A,PK-GUJ,8A0A9E,ID,CGK,WIII,N/A,KNO,WIMM,N/A,0.547269,100.685728,318.6,11731,38487.5,807,435.7,0,0.0,Cruising,0,0,N/A,1790402725,en-route
2026-09-26 13:05:33,JT160,LNI160,160,JT,LNI,N/A,PK-LGL,8A01CD,ID,PKU,WIBB,N/A,KUL,WMKK,N/A,1.003638,101.457985,5.9,5148,16889.8,732,395.2,34,6692.9,Climbing (Takeoff),0,0,N/A,1790402725,en-route
2026-09-26 13:05:33,IP322,PAS322,322,IP,PAS,N/A,PK-PWC,8A0915,ID,CGK,WIII,N/A,PKU,WIBB,N/A,-0.058824,101.923714,348.8,5483,17988.8,629,339.6,-38,-7480.3,Descending (Landing/Approach),0,0,N/A,1790402702,en-route
2026-09-26 14:05:31,QR956,QTR956,956,QR,QTR,N/A,A7-ALV,06A10A,QA,DOH,OTHH,N/A,CGK,WIII,N/A,0.323013,101.196075,138.3,12684,41614.2,927,500.5,0,0.0,Cruising,0,0,N/A,1790406326,en-route
2026-09-26 14:05:31,GA187,GIA187,187,GA,GIA,N/A,PK-GMM,8A021E,ID,KNO,WIMM,N/A,CGK,WIII,N/A,0.699628,101.626655,176.5,10771,35337.9,852,460.0,0,0.0,Cruising,0,0,N/A,1790406326,en-route
2026-09-26 14:05:31,SQ482,SIA482,482,SQ,SIA,N/A,9V-SMC,76CDA3,SG,SIN,WSSS,N/A,JNB,FAOR,N/A,1.058083,102.068937,262.0,7350,24114.2,877,473.5,18,3543.3,Climbing (Takeoff),0,0,N/A,1790406326,en-route
2026-09-26 15:05:25,IU936,SJV936,936,IU,SJV,N/A,PK-SAO,8A08E9,ID,PDG,WIPT,N/A,BTH,WIDD,N/A,-0.171402,102.027017,82.3,8813,28914.0,794,428.7,0,0.0,Cruising,0,0,N/A,1790409921,en-route
2026-09-26 15:05:25,8B662,TNU662,662,8B,TNU,N/A,PK-TJD,8A0A84,ID,KUL,WMKK,N/A,TKG,WILL,N/A,1.104576,101.971082,149.0,11480,37664.0,838,452.5,10,1968.5,Climbing (Takeoff),0,0,N/A,1790409921,en-route
2026-09-26 15:05:25,GA118,GIA118,118,GA,GIA,N/A,N/A,8A0A43,ID,CGK,WIII,N/A,KNO,WIMM,N/A,0.054853,101.117498,319.0,10383,34065.0,807,435.7,0,0.0,Cruising,0,0,N/A,1790409898,en-route
2026-09-26 16:05:33,JQ72,JST72,72,JQ,JST,N/A,VH-OFQ,7C47A4,AU,HKT,VTSP,N/A,PER,YPPH,N/A,0.265565,101.032982,152.5,10748,35262.5,889,480.0,0,0.0,Cruising,0,0,N/A,1790413531,en-route
2026-09-26 16:05:33,JT237,LNI237,237,JT,LNI,N/A,PK-LJG,8A02A5,ID,BTH,WIDD,N/A,PKU,WIBB,N/A,0.479481,102.131778,247.2,3393,11131.9,562,303.5,-18,-3543.3,Descending (Landing/Approach),0,0,N/A,1790413520,en-route
2026-09-26 17:05:31,JT210,LNI210,210,JT,LNI,N/A,PK-LSK,8A0837,ID,CGK,WIII,N/A,KNO,WIMM,N/A,-0.30467,101.372258,320.1,11084,36364.8,808,436.3,0,0.0,Cruising,0,0,N/A,1790417123,en-route
2026-09-26 17:05:31,IP324,PAS324,324,IP,PAS,N/A,PK-PWA,8A0914,ID,CGK,WIII,N/A,PKU,WIBB,N/A,-0.202485,101.928825,337.8,6016,19737.5,696,375.8,-25,-4921.2,Descending (Landing/Approach),0,0,N/A,1790417072,en-route
2026-09-26 17:05:31,IU937,SJV937,937,IU,SJV,N/A,PK-SAO,8A08E9,ID,BTH,WIDD,N/A,PDG,WIPT,N/A,0.465093,102.097684,235.6,9141,29990.2,888,479.5,0,0.0,Cruising,0,0,N/A,1790417123,en-route
2026-09-26 17:05:31,JT165,LNI165,165,JT,LNI,N/A,PK-LHS,8A0285,ID,KUL,WMKK,N/A,LOP,WADL,N/A,1.285065,102.29697,145.9,8622,28287.4,833,449.8,24,4724.4,Climbing (Takeoff),0,0,N/A,1790417123,en-route
2026-09-26 18:05:30,GA190,GIA190,190,GA,GIA,N/A,PK-GNQ,8A04F4,ID,CGK,WIII,N/A,KNO,WIMM,N/A,0.64784,100.586386,318.8,11099,36414.0,810,437.4,0,0.0,Cruising,0,0,N/A,1790420702,en-route
2026-09-26 18:05:30,JT309,LNI309,309,JT,LNI,N/A,PK-LHY,8A0295,ID,KNO,WIMM,N/A,CGK,WIII,N/A,0.494232,102.00537,136.2,11427,37490.2,861,464.9,0,0.0,Cruising,0,0,N/A,1790420726,en-route
2026-09-26 18:05:30,QZ387,AWQ387,387,QZ,AWQ,N/A,PK-AZJ,8A0442,ID,PEN,WMKP,N/A,SUB,WARR,N/A,1.367781,102.438067,158.4,11450,37565.6,856,462.2,0,0.0,Cruising,0,0,N/A,1790420726,en-route
2026-09-26 18:05:30,JT161,LNI161,161,JT,LNI,N/A,PK-LGL,8A01CD,ID,KUL,WMKK,N/A,PKU,WIBB,N/A,0.466168,101.36266,177.0,1594,5229.7,400,216.0,-24,-4724.4,Descending (Landing/Approach),0,0,N/A,1790420714,en-route
2026-09-26 19:05:29,EY472,ETD472,472,EY,ETD,N/A,A6-BLU,8964FA,AE,AUH,OMAA,N/A,CGK,WIII,N/A,-0.375106,101.293351,141.5,12059,39563.6,926,500.0,0,0.0,Cruising,0,0,N/A,1790424323,en-route
2026-09-26 19:05:29,MH127,MAS127,127,MH,MAS,N/A,9M-MTK,75025E,MY,KUL,WMKK,N/A,PER,YPPH,N/A,1.246745,101.832187,162.2,8516,27939.6,757,408.7,15,2952.8,Climbing (Takeoff),0,0,N/A,1790424323,en-route
2026-09-26 19:05:29,SQ431,SIA431,431,SQ,SIA,N/A,9V-SMS,76CDB3,SG,MLE,VRMM,N/A,SIN,WSSS,N/A,0.722162,102.227102,109.4,11876,38963.3,893,482.2,-18,-3543.3,Descending (Landing/Approach),0,0,N/A,1790424323,en-route
2026-09-26 20:05:30,QG914,CTV914,914,QG,CTV,N/A,PK-GLT,8A03AE,ID,CGK,WIII,N/A,KNO,WIMM,N/A,0.525309,100.529437,323.6,11762,38589.2,807,435.7,0,0.0,Cruising,0,0,N/A,1790427911,en-route
2026-09-26 20:05:30,8B680,TNU680,680,8B,TNU,N/A,PK-TLG,8A0A3E,ID,KUL,WMKK,N/A,CGK,WIII,N/A,1.369176,102.269316,172.6,7411,24314.3,711,383.9,11,2165.3,Climbing (Takeoff),0,0,N/A,1790427927,en-route
2026-09-26 20:05:30,QZ211,AWQ211,211,QZ,AWQ,N/A,PK-AZA,8A0394,ID,KUL,WMKK,N/A,CGK,WIII,N/A,1.085537,102.34779,147.7,8767,28763.1,784,423.3,27,5314.9,Climbing (Takeoff),0,0,N/A,1790427927,en-route
2026-09-26 21:06:06,JT300,LNI300,300,JT,LNI,N/A,PK-LRF,8A097B,ID,CGK,WIII,N/A,KNO,WIMM,N/A,1.411805,100.652586,331.9,11747,38540.0,829,447.6,0,0.0,Cruising,0,0,N/A,1790431562,en-route
2026-09-26 21:06:06,SV826,SVA826,826,SV,SVA,N/A,HZ-AK33,7100C1,SA,JED,OEJN,N/A,CGK,WIII,N/A,-0.198177,101.288559,129.5,11450,37565.6,934,504.3,0,0.0,Cruising,0,0,N/A,1790431562,en-route
2026-09-26 21:06:06,MH145,MAS145,145,MH,MAS,N/A,9M-MNP,7505BC,MY,KUL,WMKK,N/A,AKL,NZAA,N/A,1.17175,102.281161,152.8,7533,24714.6,718,387.7,20,3937.0,Climbing (Takeoff),0,0,N/A,1790431562,en-route
2026-09-26 21:06:06,8B698,TNU698,698,8B,TNU,N/A,PK-TLD,8A0987,ID,SZB,WMSA,N/A,CGK,WIII,N/A,1.382866,102.051253,150.3,10428,34212.6,820,442.8,13,2559.0,Climbing (Takeoff),0,0,N/A,1790431562,en-route
2026-09-26 22:05:28,MH139,MAS139,139,MH,MAS,N/A,9M-MNJ,750594,MY,KUL,WMKK,N/A,ADL,YPAD,N/A,1.0544,102.314569,138.7,8181,26840.6,798,430.9,17,3346.4,Climbing (Takeoff),0,0,N/A,1790435122,en-route
2026-09-26 22:05:28,SQ468,SIA468,468,SQ,SIA,N/A,9V-SCW,76CC77,SG,SIN,WSSS,N/A,CMB,VCBI,N/A,0.919332,101.237693,287.7,10009,32837.9,947,511.3,12,2362.2,Climbing (Takeoff),0,0,N/A,1790435122,en-route
2026-09-26 23:05:36,NONE,NONE,NONE,N/A,N/A,N/A,N/A,N/A,N/A,N/A,N/A,N/A,N/A,N/A,N/A,0.4608,101.4447,0,0,0,0,0,0,0,No Flights,0,0,N/A,0,no_flights
2026-09-27 00:05:32,6E1007,IGO1007,1007,6E,IGO,N/A,VT-IOF,80182D,IN,TRZ,VOTR,N/A,SIN,WSSS,N/A,1.156406,102.351492,84.2,11450,37565.6,822,443.8,0,0,Cruising,0,0,N/A,1790442325,en-route
2026-09-27 01:05:29,AK607,AXM607,607,AK,AXM,N/A,9M-VAH,750586,MY,PER,YPPH,N/A,KUL,WMKK,N/A,0.507064,102.020506,345.9,11099,36414.0,832,449.2,0,0.0,Cruising,0,0,N/A,1790445918,en-route
2026-09-27 01:05:29,SQ478,SIA478,478,SQ,SIA,N/A,9V-SJF,76CD46,SG,SIN,WSSS,N/A,JNB,FAOR,N/A,0.06051,101.006841,250.9,10581,34714.6,944,509.7,10,1968.5,Climbing (Takeoff),0,0,N/A,1790445891,en-route
2026-09-27 02:05:34,NONE,NONE,NONE,N/A,N/A,N/A,N/A,N/A,N/A,N/A,N/A,N/A,N/A,N/A,N/A,0.4608,101.4447,0,0,0,0,0,0,0,No Flights,0,0,N/A,0,no_flights
2026-09-27 03:05:27,NONE,NONE,NONE,N/A,N/A,N/A,N/A,N/A,N/A,N/A,N/A,N/A,N/A,N/A,N/A,0.4608,101.4447,0,0,0,0,0,0,0,No Flights,0,0,N/A,0,no_flights
2026-09-27 04:05:30,SQ479,SIA479,479,SQ,SIA,N/A,9V-SMF,76CDA6,SG,JNB,FAOR,N/A,SIN,WSSS,N/A,-0.236152,101.624948,63,12623,41414.0,862,465.4,0,0,Cruising,0,0,N/A,1790456697,en-route
2026-09-27 05:05:32,SQ437,SIA437,437,SQ,SIA,N/A,9V-SHW,76CD17,SG,MLE,VRMM,N/A,SIN,WSSS,N/A,0.27079,101.698137,103,13263,43513.8,889,480.0,0,0,Cruising,0,0,N/A,1790460328,en-route
2026-09-27 05:05:32,JT93,LNI93,93,JT,LNI,N/A,PK-LEJ,8A0796,ID,JED,OEJN,N/A,UPG,WAAA,N/A,0.12146,100.830391,127,11297,37063.6,0,0.0,0,0,Cruising,0,0,N/A,1790460275,en-route
2026-09-27 06:05:30,JT103,LNI103,103,JT,LNI,N/A,PK-LER,8A0816,ID,JED,OEJN,N/A,SUB,WARR,N/A,-0.041252,101.493764,115.3,12029,39465.2,867,468.1,0,0,Cruising,0,0,N/A,1790463928,en-route
2026-09-27 07:05:33,QG810,CTV810,810,QG,CTV,N/A,PK-GQD,8A04A7,ID,KNO,WIMM,N/A,BDO,WICC,N/A,0.581764,100.584831,118.9,11411,37437.7,831,448.7,9,1771.6,Climbing (Takeoff),0,0,N/A,1790467528,en-route
2026-09-27 08:05:31,JT201,LNI201,201,JT,LNI,N/A,PK-LGL,8A01CD,ID,KNO,WIMM,N/A,CGK,WIII,N/A,1.446292,100.586319,130.8,11404,37414.7,824,444.9,0,0.0,Cruising,0,0,N/A,1790471129,en-route
2026-09-27 08:05:31,ID6899,BTK6899,6899,ID,BTK,N/A,PK-BKR,8A09A1,ID,BTJ,WITT,N/A,CGK,WIII,N/A,0.772006,101.011619,134.1,11396,37388.5,834,450.3,0,0.0,Cruising,0,0,N/A,1790471127,en-route
2026-09-27 08:05:31,JT393,LNI393,393,JT,LNI,N/A,PK-LRI,8A097C,ID,PKU,WIBB,N/A,CGK,WIII,N/A,0.020037,101.906027,136.2,5514,18090.6,678,366.1,26,5118.1,Climbing (Takeoff),0,0,N/A,1790471127,en-route
2026-09-27 08:05:31,IP320,PAS320,320,IP,PAS,N/A,PK-PWG,8A0998,ID,CGK,WIII,N/A,PKU,WIBB,N/A,-0.093789,101.820705,305.0,3515,11532.2,600,324.0,0,0.0,Cruising,0,0,N/A,1790471072,en-route
2026-09-27 09:05:31,QG883,CTV883,883,QG,CTV,N/A,PK-GLS,8A03AD,ID,KNO,WIMM,N/A,CGK,WIII,N/A,0.65221,101.120412,134.0,12067,39589.9,828,447.1,0,0,Cruising,0,0,N/A,1790474729,en-route
2026-09-27 09:05:31,AK462,AXM462,462,AK,AXM,N/A,9M-AGF,75043F,MY,KUL,WMKK,N/A,PLM,WIPP,N/A,0.224969,101.855671,174.2,11419,37463.9,870,469.8,0,0,Cruising,0,0,N/A,1790474729,en-route
2026-09-27 10:05:32,JT105,LNI105,105,JT,LNI,N/A,PK-LEU,8A08B2,ID,JED,OEJN,N/A,SUB,WARR,N/A,0.457135,100.608642,117.0,12676,41587.9,861,464.9,0,0.0,Cruising,0,0,N/A,1790478295,en-route
2026-09-27 10:05:32,SQ432,SIA432,432,SQ,SIA,N/A,9V-SMG,76CDA7,SG,SIN,WSSS,N/A,MLE,VRMM,N/A,1.029088,100.770372,284.0,12364,40564.3,940,507.6,0,0.0,Cruising,0,0,N/A,1790478295,en-route
2026-09-27 10:05:32,IP342,PAS342,342,IP,PAS,N/A,PK-PWC,8A0915,ID,CGK,WIII,N/A,BTJ,WITT,N/A,0.019698,100.839583,320.6,11731,38487.5,834,450.3,0,0.0,Cruising,0,0,N/A,1790478295,en-route
2026-09-27 10:05:32,GA820,GIA820,820,GA,GIA,N/A,PK-GMD,8A01DE,ID,CGK,WIII,N/A,KUL,WMKK,N/A,0.657687,101.457531,4.9,11091,36387.8,800,432.0,-13,-2559.0,Descending (Landing/Approach),0,0,N/A,1790478295,en-route
2026-09-27 10:05:32,SQ131,SIA131,131,SQ,SIA,N/A,9V-MBR,76B452,SG,PEN,WMKP,N/A,SIN,WSSS,N/A,0.425664,102.371047,124.8,12059,39563.6,782,422.2,0,0.0,Cruising,0,0,N/A,1790478295,en-route
2026-09-27 11:05:29,GA184,GIA184,184,GA,GIA,N/A,PK-GFW,8A03C8,ID,CGK,WIII,N/A,KNO,WIMM,N/A,0.601836,100.490489,322.7,11084,36364.8,830,448.2,0,0.0,Cruising,0,0,N/A,1790481919,en-route
2026-09-27 11:05:29,SQ481,SIA481,481,SQ,SIA,N/A,9V-SMC,76CDA3,SG,JNB,FAOR,N/A,SIN,WSSS,N/A,0.300178,101.211516,62.6,13278,43563.0,825,445.5,0,0.0,Cruising,0,0,N/A,1790481919,en-route
2026-09-27 11:05:29,ID6857,BTK6857,6857,ID,BTK,N/A,PK-BKV,8A09A5,ID,PKU,WIBB,N/A,CGK,WIII,N/A,-0.502643,102.077241,185.5,8333,27339.2,776,419.0,32,6299.2,Climbing (Takeoff),0,0,N/A,1790481919,en-route
2026-09-27 12:05:29,SV820,SVA820,820,SV,SVA,N/A,9H-AZD,4D24E4,SA,MED,OEMA,N/A,CGK,WIII,N/A,1.164584,100.788074,137.1,11419,37463.9,899,485.4,0,0.0,Cruising,0,0,N/A,1790485522,en-route
2026-09-27 12:05:29,QG933,CTV933,933,QG,CTV,N/A,PK-GQR,8A061C,ID,PKU,WIBB,N/A,CGK,WIII,N/A,-0.490539,101.859599,180.5,8668,28438.3,807,435.7,27,5314.9,Climbing (Takeoff),0,0,N/A,1790485522,en-route
2026-09-27 13:05:28,QG916,CTV916,916,QG,CTV,N/A,PK-GLG,8A02FF,ID,CGK,WIII,N/A,KNO,WIMM,N/A,0.57817,100.569208,321.1,11069,36315.6,834,450.3,0,0.0,Cruising,0,0,N/A,1790489120,en-route
2026-09-27 13:05:28,AK407,AXM407,407,AK,AXM,N/A,9M-AHX,7501F1,MY,PDG,WIPT,N/A,KUL,WMKK,N/A,0.719297,101.461535,5.0,10779,35364.2,768,414.7,0,0.0,Cruising,0,0,N/A,1790489120,en-route
2026-09-27 13:05:28,IU965,SJV965,965,IU,SJV,N/A,PK-SBG,8A094B,ID,KNO,WIMM,N/A,PLM,WIPP,N/A,0.5507,101.933344,136.1,11411,37437.7,844,455.7,-6,-1181.1,Descending (Landing/Approach),0,0,N/A,1790489120,en-route
2026-09-27 13:05:28,ET638,ETH638,638,ET,ETH,N/A,ET-BCE,040262,ET,ADD,HAAB,N/A,SIN,WSSS,N/A,0.745445,102.402019,76.8,12501,41013.8,875,472.5,-12,-2362.2,Descending (Landing/Approach),0,0,N/A,1790489120,en-route
2026-09-27 14:05:30,QR956,QTR956,956,QR,QTR,N/A,A7-AMG,06A0E6,QA,DOH,OTHH,N/A,CGK,WIII,N/A,0.131173,100.966169,130.0,13278,43563.0,879,474.6,0,0,Cruising,0,0,N/A,1790492723,en-route
2026-09-27 14:05:30,SV818,SVA818,818,SV,SVA,N/A,HZ-AK20,71005F,SA,JED,OEJN,N/A,CGK,WIII,N/A,0.442738,101.417974,129.5,10748,35262.5,915,494.1,0,0,Cruising,0,0,N/A,1790492721,en-route
2026-09-27 14:05:30,JT385,LNI385,385,JT,LNI,N/A,PK-LRI,8A097C,ID,KNO,WIMM,N/A,CGK,WIII,N/A,0.570401,101.852573,178.9,11389,37365.5,874,471.9,0,0,Cruising,0,0,N/A,1790492723,en-route
2026-09-27 15:05:25,AK605,AXM605,605,AK,AXM,N/A,9M-VAF,750584,MY,PER,YPPH,N/A,KUL,WMKK,N/A,0.932785,101.476073,4.8,10406,34140.4,801,432.5,-15,-2952.8,Descending (Landing/Approach),0,0,N/A,1790496317,en-route
2026-09-27 15:05:25,IU995,SJV995,995,IU,SJV,N/A,PK-SJL,8A094A,ID,BTJ,WITT,N/A,CGK,WIII,N/A,1.438098,100.712987,132.2,11396,37388.5,824,444.9,0,0.0,Cruising,0,0,N/A,1790496317,en-route
2026-09-27 15:05:25,IU959,SJV959,959,IU,SJV,N/A,PK-SJQ,8A0973,ID,DTB,WIMN,N/A,CGK,WIII,N/A,1.101414,100.818102,128.7,10070,33038.1,850,459.0,0,0.0,Cruising,0,0,N/A,1790496281,en-route
2026-09-27 15:05:25,IU936,SJV936,936,IU,SJV,N/A,PK-SAO,8A08E9,ID,PDG,WIEE,N/A,BTH,WIDD,N/A,-0.46865,100.858275,56.0,7640,25065.6,783,422.8,0,0.0,Cruising,0,0,N/A,1790496319,en-route
2026-09-27 15:05:25,8B662,TNU662,662,8B,TNU,N/A,PK-TJD,8A0A84,ID,KUL,WMKK,N/A,TKG,WILL,N/A,-0.508177,102.347178,136.7,11381,37339.2,784,423.3,0,0.0,Cruising,0,0,N/A,1790496317,en-route
2026-09-27 15:05:25,IU866,SJV866,866,IU,SJV,N/A,PK-SJW,8A08E0,ID,CGK,WIII,N/A,PKU,WIBB,N/A,-0.25699,101.875618,320.0,3263,10705.4,0,0.0,0,0.0,Cruising,0,0,N/A,1790495467,en-route
2026-09-27 16:05:34,ID6886,BTK6886,6886,ID,BTK,N/A,PK-LAW,8A051F,ID,CGK,WIII,N/A,KNO,WIMM,N/A,0.186323,101.058426,317.7,11731,38487.5,875,472.5,0,0.0,Cruising,0,0,N/A,1790499928,en-route
2026-09-27 16:05:34,ID6854,BTK6854,6854,ID,BTK,N/A,PK-BKL,8A093A,ID,CGK,WIII,N/A,PKU,WIBB,N/A,-0.016712,101.84866,318.0,5635,18487.5,0,0.0,0,0.0,Cruising,0,0,N/A,1790499931,en-route
2026-09-27 16:05:34,GA189,GIA189,189,GA,GIA,N/A,PK-GUF,8A0A43,ID,KNO,WIMM,N/A,CGK,WIII,N/A,0.041232,102.387981,139.5,11396,37388.5,827,446.5,10,1968.5,Climbing (Takeoff),0,0,N/A,1790499928,en-route
2026-09-27 16:05:34,IW1232,WON1232,1232,IW,WON,N/A,PK-WHT,8A05CA,ID,PKU,WIBB,N/A,GNS,WIMB,N/A,0.593674,100.524982,281.0,4582,15032.8,375,202.5,7,1378.0,Climbing (Takeoff),0,0,N/A,1790499908,en-route
2026-09-27 16:05:34,IU867,SJV867,867,IU,SJV,N/A,PK-SJW,8A08E0,ID,PKU,WIBB,N/A,CGK,WIII,N/A,0.200673,101.870649,127.1,5155,16912.7,650,351.0,32,6299.2,Climbing (Takeoff),0,0,N/A,1790499928,en-route
2026-09-27 17:05:29,IP324,PAS324,324,IP,PAS,N/A,PK-PWH,8A09BB,ID,CGK,WIII,N/A,PKU,WIBB,N/A,0.007844,101.888782,334.6,5384,17664.0,738,398.5,-41,-8070.8,Descending (Landing/Approach),0,0,N/A,1790503520,en-route
2026-09-27 17:05:29,GA147,GIA147,147,GA,GIA,N/A,PK-GMP,8A023F,ID,BTJ,WITT,N/A,CGK,WIII,N/A,0.794158,101.459504,132.0,10078,33064.3,794,428.7,0,0.0,Cruising,0,0,N/A,1790503428,en-route
2026-09-27 18:05:34,GA190,GIA190,190,GA,GIA,N/A,PK-GDC,8A0A73,ID,CGK,WIII,N/A,KNO,WIMM,N/A,-0.230517,101.509423,316.7,11076,36338.6,877,473.5,0,0.0,Cruising,0,0,N/A,1790507109,en-route
2026-09-27 18:05:34,JT237,LNI237,237,JT,LNI,N/A,PK-LJG,8A02A5,ID,BTH,WIDD,N/A,PKU,WIBB,N/A,0.64293,101.90041,273.4,3126,10255.9,455,245.7,-17,-3346.4,Descending (Landing/Approach),0,0,N/A,1790507123,en-route
2026-09-27 18:05:34,GA121,GIA121,121,GA,GIA,N/A,PK-GMC,8A01DD,ID,KNO,WIMM,N/A,CGK,WIII,N/A,0.30672,102.179068,135.8,12044,39514.4,790,426.6,0,0.0,Cruising,0,0,N/A,1790507131,en-route
2026-09-27 18:05:34,JT161,LNI161,161,JT,LNI,N/A,PK-LGL,8A01CD,ID,KUL,WMKK,N/A,PKU,WIBB,N/A,0.747348,101.45964,182.0,1107,3631.9,407,219.8,-28,-5511.8,Descending (Landing/Approach),0,0,N/A,1790507104,en-route
2026-09-27 19:05:31,AK349,AXM349,349,AK,AXM,N/A,9M-AHX,7501F1,MY,YIA,WAHI,N/A,KUL,WMKK,N/A,0.76003,101.464519,4.9,12387,40639.8,800,432.0,0,0,Cruising,0,0,N/A,1790510728,en-route
2026-09-27 20:05:28,NONE,NONE,NONE,N/A,N/A,N/A,N/A,N/A,N/A,N/A,N/A,N/A,N/A,N/A,N/A,0.4608,101.4447,0,0,0,0,0,0,0,No Flights,0,0,N/A,0,no_flights
2026-09-27 21:05:30,GA196,GIA196,196,GA,GIA,N/A,PK-GFJ,8A0244,ID,CGK,WIII,N/A,KNO,WIMM,N/A,0.769104,100.672603,325.8,11731,38487.5,874,471.9,0,0,Cruising,0,0,N/A,1790517858,en-route
2026-09-27 21:05:30,EK358,UAE358,358,EK,UAE,N/A,A6-ECW,89611E,AE,DXB,OMDB,N/A,CGK,WIII,N/A,0.333971,101.530676,136.7,11404,37414.7,880,475.2,0,0,Cruising,0,0,N/A,1790517916,en-route
2026-09-27 22:05:33,SQ468,SIA468,468,SQ,SIA,N/A,9V-SCS,76CC73,SG,SIN,WSSS,N/A,CMB,VCBI,N/A,1.083649,101.107871,290.3,10764,35315.0,949,512.4,0,0.0,Cruising,0,0,N/A,1790521514,en-route
2026-09-27 22:05:33,JT276,LNI276,276,JT,LNI,N/A,PK-LSO,8A082D,ID,YIA,WAHI,N/A,PKU,WIBB,N/A,0.246962,101.443609,327.0,772,2532.8,303,163.6,-32,-6299.2,Descending (Landing/Approach),0,0,N/A,1790521458,en-route
2026-09-27 23:05:30,QG888,CTV888,888,QG,CTV,N/A,PK-GQF,8A04A9,ID,CGK,WIII,N/A,KNO,WIMM,N/A,1.09213,100.936643,329,11731,38487.5,856,462.2,0,0,Cruising,0,0,N/A,1790525123,en-route
2026-09-28 00:05:31,NONE,NONE,NONE,N/A,N/A,N/A,N/A,N/A,N/A,N/A,N/A,N/A,N/A,N/A,N/A,0.4608,101.4447,0,0,0,0,0,0,0,No Flights,0,0,N/A,0,no_flights
2026-09-28 01:05:30,SQ478,SIA478,478,SQ,SIA,N/A,9V-SMQ,76CDB1,SG,SIN,WSSS,N/A,JNB,FAOR,N/A,0.682199,102.259701,251.9,9369,30738.2,821,443.3,17,3346.4,Climbing (Takeoff),0,0,N/A,1790532326,en-route
2026-09-28 02:05:30,ET639,ETH639,639,ET,ETH,N/A,ET-BCE,040262,ET,SIN,WSSS,N/A,ADD,HAAB,N/A,1.146336,100.506913,290,10992,36063.0,955,515.7,0,0,Cruising,0,0,N/A,1790535925,en-route
2026-09-28 03:05:33,NONE,NONE,NONE,N/A,N/A,N/A,N/A,N/A,N/A,N/A,N/A,N/A,N/A,N/A,N/A,0.4608,101.4447,0,0,0,0,0,0,0,No Flights,0,0,N/A,0,no_flights
2026-09-28 04:05:30,NONE,NONE,NONE,N/A,N/A,N/A,N/A,N/A,N/A,N/A,N/A,N/A,N/A,N/A,N/A,0.4608,101.4447,0,0,0,0,0,0,0,No Flights,0,0,N/A,0,no_flights
2026-09-28 05:05:33,SQ437,SIA437,437,SQ,SIA,N/A,9V-SHF,76CD06,SG,MLE,VRMM,N/A,SIN,WSSS,N/A,0.809539,101.824526,104.8,12387,40639.8,861,464.9,-34,-6692.9,Descending (Landing/Approach),0,0,N/A,1790546724,en-route
2026-09-28 06:05:36,NONE,NONE,NONE,N/A,N/A,N/A,N/A,N/A,N/A,N/A,N/A,N/A,N/A,N/A,N/A,0.4608,101.4447,0,0,0,0,0,0,0,No Flights,0,0,N/A,0,no_flights
2026-09-28 07:05:37,QG810,CTV810,810,QG,CTV,N/A,PK-GLW,8A03B1,ID,KNO,WIMM,N/A,BDO,WICC,N/A,1.350188,101.058982,138.3,11396,37388.5,808,436.3,0,0.0,Cruising,0,0,N/A,1790553936,en-route
2026-09-28 07:05:37,IP329,PAS329,329,IP,PAS,N/A,PK-PWQ,8A0A8A,ID,PKU,WIBB,N/A,CGK,WIII,N/A,0.263478,101.86036,126.3,4635,15206.7,703,379.6,43,8464.5,Climbing (Takeoff),0,0,N/A,1790553917,en-route
2026-09-28 07:05:37,QG936,CTV936,936,QG,CTV,N/A,PK-GLI,8A0301,ID,CGK,WIII,N/A,PKU,WIBB,N/A,-0.301056,101.821979,320.0,4063,13330.1,609,328.8,0,0.0,Cruising,0,0,N/A,1790553818,en-route
2026-09-28 07:05:37,N/A,CEO99,99,N/A,CEO,N/A,PK-CEO,8A0A68,ID,HLP,WIHH,N/A,N/A,N/A,N/A,0.71773,101.461723,4.0,12212,40065.6,0,0.0,-1,-196.8,Cruising,0,0,N/A,1790553883,en-route
2026-09-28 08:05:29,IU956,SJV956,956,IU,SJV,N/A,PK-SJQ,8A0973,ID,CGK,WIII,N/A,DTB,WIMN,N/A,-0.127121,100.745138,317.6,11709,38415.4,871,470.3,0,0.0,Cruising,0,0,N/A,1790557513,en-route
2026-09-28 08:05:29,ID6899,BTK6899,6899,ID,BTK,N/A,PK-BKR,8A09A1,ID,BTJ,WITT,N/A,CGK,WIII,N/A,1.296514,100.904323,132.6,11396,37388.5,826,446.0,0,0.0,Cruising,0,0,N/A,1790557522,en-route
2026-09-28 08:05:29,IP320,PAS320,320,IP,PAS,N/A,PK-PWD,8A0927,ID,CGK,WIII,N/A,PKU,WIBB,N/A,0.305437,101.717793,336.0,2844,9330.7,559,301.8,-37,-7283.4,Descending (Landing/Approach),0,0,N/A,1790557479,en-route
2026-09-28 09:05:35,SQ462,SIA462,462,SQ,SIA,N/A,9V-MBE,76B445,SG,SIN,WSSS,N/A,CMB,VCBI,N/A,0.983655,101.378836,290.1,11648,38215.2,903,487.6,17,3346.4,Climbing (Takeoff),0,0,N/A,1790561127,en-route
2026-09-28 09:05:35,QG883,CTV883,883,QG,CTV,N/A,PK-GTI,8A074D,ID,KNO,WIMM,N/A,CGK,WIII,N/A,0.524083,101.484498,127.9,12036,39488.2,808,436.3,0,0.0,Cruising,0,0,N/A,1790561127,en-route
2026-09-28 10:06:05,IP342,PAS342,342,IP,PAS,N/A,PK-PWG,8A0998,ID,CGK,WIII,N/A,BTJ,WITT,N/A,0.587873,100.686799,317.8,11716,38438.3,865,467.1,0,0.0,Cruising,0,0,N/A,1790564756,en-route
2026-09-28 10:06:05,QG885,CTV885,885,QG,CTV,N/A,PK-GLX,8A03B2,ID,DTB,WIMN,N/A,CGK,WIII,N/A,1.410221,100.943001,134.4,12051,39537.4,797,430.3,0,0.0,Cruising,0,0,N/A,1790564756,en-route
2026-09-28 10:06:05,GA181,GIA181,181,GA,GIA,N/A,PK-GNF,8A043B,ID,KNO,WIMM,N/A,CGK,WIII,N/A,1.161654,101.299126,135.7,10771,35337.9,845,456.3,0,0.0,Cruising,0,0,N/A,1790564756,en-route
2026-09-28 10:06:05,IU957,SJV957,957,IU,SJV,N/A,PK-SJQ,8A0973,ID,DTB,WIMN,N/A,CGK,WIII,N/A,0.218224,102.247922,135.7,10733,35213.3,821,443.3,0,0.0,Cruising,0,0,N/A,1790564756,en-route
2026-09-28 10:06:05,AK431,AXM431,431,AK,AXM,N/A,9M-AHZ,7501FD,MY,KUL,WMKK,N/A,PKU,WIBB,N/A,0.666438,101.45348,185.0,954,3129.9,292,157.7,-23,-4527.6,Descending (Landing/Approach),0,0,N/A,1790564759,en-route
2026-09-28 11:05:33,AK406,AXM406,406,AK,AXM,N/A,9M-AJE,75033C,MY,KUL,WMKK,N/A,PDG,WIPT,N/A,-0.266749,101.142496,235.6,8432,27664.0,788,425.5,-41,-8070.8,Descending (Landing/Approach),0,0,N/A,1790568331,en-route
2026-09-28 11:05:33,AK430,AXM430,430,AK,AXM,N/A,9M-AHZ,7501FD,MY,PKU,WIBB,N/A,KUL,WMKK,N/A,1.225552,101.362851,12.6,6885,22588.6,776,419.0,39,7677.1,Climbing (Takeoff),0,0,N/A,1790568322,en-route
2026-09-28 11:05:33,ID7010,BTK7010,7010,ID,BTK,N/A,PK-LUQ,8A0635,ID,KNO,WIMM,N/A,CGK,WIII,N/A,0.902821,101.684303,137.7,10764,35315.0,842,454.6,0,0.0,Cruising,0,0,N/A,1790568331,en-route
2026-09-28 11:05:33,JT201,LNI201,201,JT,LNI,N/A,PK-LOP,8A0458,ID,KNO,WIMM,N/A,CGK,WIII,N/A,0.577374,101.907156,136.1,11411,37437.7,813,439.0,0,0.0,Cruising,0,0,N/A,1790568331,en-route
2026-09-28 11:05:33,GA184,GIA184,184,GA,GIA,N/A,PK-GFJ,8A0244,ID,CGK,WIII,N/A,KNO,WIMM,N/A,0.613003,100.647738,318.0,10383,34065.0,846,456.8,0,0.0,Cruising,0,0,N/A,1790568272,en-route
2026-09-28 12:05:32,SV820,SVA820,820,SV,SVA,N/A,9H-AZD,4D24E4,SA,MED,OEMA,N/A,CGK,WIII,N/A,0.22735,100.572319,128.7,11419,37463.9,875,472.5,0,0.0,Cruising,0,0,N/A,1790571929,en-route
2026-09-28 12:05:32,QG933,CTV933,933,QG,CTV,N/A,PK-GQG,8A04AA,ID,PKU,WIBB,N/A,CGK,WIII,N/A,0.14693,101.851935,123.0,4338,14232.3,661,356.9,0,0.0,Cruising,0,0,N/A,1790571884,en-route
2026-09-28 12:05:32,JT229,LNI229,229,JT,LNI,N/A,PK-LJG,8A02A5,ID,BTH,WIDD,N/A,PDG,WIEE,N/A,-0.26769,101.140265,236.0,7365,24163.4,750,405.0,-19,-3740.2,Descending (Landing/Approach),0,0,N/A,1790571840,en-route
2026-09-28 12:05:32,IU833,SJV833,833,IU,SJV,N/A,PK-SAO,8A08E9,ID,KNO,WIMM,N/A,PKU,WIBB,N/A,1.412109,100.557494,130.0,6176,20262.5,742,400.6,-37,-7283.4,Descending (Landing/Approach),0,0,N/A,1790571840,en-route
2026-09-28 13:05:35,6E1601,IGO1601,1601,6E,IGO,N/A,VT-IXM,801729,IN,BOM,VABB,N/A,CGK,WIII,N/A,1.260715,100.472494,135.5,12044,39514.4,800,432.0,0,0.0,Cruising,0,0,N/A,1790575532,en-route
2026-09-28 13:05:35,GA186,GIA186,186,GA,GIA,N/A,PK-GNQ,8A04F4,ID,CGK,WIII,N/A,KNO,WIMM,N/A,-0.519044,101.632094,318.9,11724,38464.6,891,481.1,0,0.0,Cruising,0,0,N/A,1790575532,en-route
2026-09-28 13:05:35,IP322,PAS322,322,IP,PAS,N/A,PK-PWD,8A0927,ID,CGK,WIII,N/A,PKU,WIBB,N/A,0.08809,101.769186,314.7,4292,14081.4,662,357.5,-47,-9251.9,Descending (Landing/Approach),0,0,N/A,1790575523,en-route
2026-09-28 13:05:35,QG916,CTV916,916,QG,CTV,N/A,PK-GQP,8A060D,ID,CGK,WIII,N/A,KNO,WIMM,N/A,0.653608,100.572374,319.2,11739,38513.8,864,466.5,0,0.0,Cruising,0,0,N/A,1790575532,en-route
2026-09-28 13:05:35,QG974,CTV974,974,QG,CTV,N/A,PK-GLO,8A0378,ID,CGK,WIII,N/A,TNJ,WIDN,N/A,0.48804,101.636873,94.0,63,206.7,3,1.6,0,0.0,Cruising,0,0,N/A,1790575531,landed
2026-09-28 13:05:35,IU912,SJV912,912,IU,SJV,N/A,PK-SAH,8A090B,ID,CGK,WIII,N/A,PKU,WIBB,N/A,0.568678,101.44757,181.0,619,2030.8,262,141.5,0,0.0,Cruising,0,0,N/A,1790575509,en-route
2026-09-28 14:05:32,AK606,AXM606,606,AK,AXM,N/A,9M-VAH,750586,MY,KUL,WMKK,N/A,PER,YPPH,N/A,0.38725,101.451592,173.4,9979,32739.5,865,467.1,13,2559.0,Climbing (Takeoff),0,0,N/A,1790579126,en-route
2026-09-28 14:05:32,SQ482,SIA482,482,SQ,SIA,N/A,9V-SJA,76CD41,SG,SIN,WSSS,N/A,JNB,FAOR,N/A,-0.146404,101.486239,232.3,10238,33589.2,920,496.8,12,2362.2,Climbing (Takeoff),0,0,N/A,1790579091,en-route
2026-09-28 14:05:32,JT385,LNI385,385,JT,LNI,N/A,PK-LRF,8A097B,ID,KNO,WIMM,N/A,CGK,WIII,N/A,0.23308,102.300603,137.5,11389,37365.5,820,442.8,0,0.0,Cruising,0,0,N/A,1790579126,en-route
2026-09-28 15:05:41,AK405,AXM405,405,AK,AXM,N/A,9M-AGI,750451,MY,KUL,WMKK,N/A,PDG,WIPT,N/A,1.419233,101.407806,201.2,9712,31863.5,838,452.5,18,3543.3,Climbing (Takeoff),0,0,N/A,1790582739,en-route
2026-09-28 15:05:41,QG918,CTV918,918,QG,CTV,N/A,PK-GLK,8A0374,ID,CGK,WIII,N/A,KNO,WIMM,N/A,0.273973,100.976938,318.0,10992,36063.0,868,468.7,0,0.0,Cruising,0,0,N/A,1790582719,en-route
2026-09-28 16:05:40,IU995,SJV995,995,IU,SJV,N/A,PK-SAA,8A08C5,ID,BTJ,WITT,N/A,CGK,WIII,N/A,0.629981,101.01916,123.9,11411,37437.7,814,439.5,0,0.0,Cruising,0,0,N/A,1790586333,en-route
2026-09-28 16:05:40,QG974,CTV974,974,QG,CTV,N/A,PK-GLO,8A0378,ID,CGK,WIII,N/A,TNJ,WIDN,N/A,0.615563,101.924078,277.3,3233,10607.0,565,305.1,-22,-4330.7,Descending (Landing/Approach),0,0,N/A,1790586333,en-route
2026-09-28 16:05:40,JT237,LNI237,237,JT,LNI,N/A,PK-LJG,8A02A5,ID,BTH,WIDD,N/A,PKU,WIBB,N/A,0.711878,101.439321,149.0,954,3129.9,309,166.8,-25,-4921.2,Descending (Landing/Approach),0,0,N/A,1790586315,en-route
2026-09-28 16:05:40,QG978,CTV978,978,QG,CTV,N/A,PK-GLI,8A0301,ID,CGK,WIII,N/A,KNO,WIMM,N/A,0.219144,100.97668,318.9,11731,38487.5,864,466.5,0,0.0,Cruising,0,0,N/A,1790586333,en-route
2026-09-28 17:05:33,ID6898,BTK6898,6898,ID,BTK,N/A,PK-LAY,8A0520,ID,CGK,WIII,N/A,BTJ,WITT,N/A,0.016401,101.217122,317.7,11739,38513.8,888,479.5,0,0.0,Cruising,0,0,N/A,1790589917,en-route
2026-09-28 17:05:33,SV821,SVA821,821,SV,SVA,N/A,9H-AZD,4D24E4,SA,CGK,WIII,N/A,JED,OEJN,N/A,-0.254211,101.750432,310.0,9804,32165.4,946,510.8,0,0.0,Cruising,0,0,N/A,1790589924,en-route
2026-09-28 17:05:33,GA147,GIA147,147,GA,GIA,N/A,PK-GMY,8A03C4,ID,BTJ,WITT,N/A,CGK,WIII,N/A,-0.429211,102.088372,132.4,12684,41614.2,800,432.0,0,0.0,Cruising,0,0,N/A,1790589917,en-route
2026-09-28 17:05:33,IP303,PAS303,303,IP,PAS,N/A,PK-PWC,8A0915,ID,KNO,WIMM,N/A,CGK,WIII,N/A,0.478218,102.113102,138.3,12692,41640.4,808,436.3,0,0.0,Cruising,0,0,N/A,1790589922,en-route
2026-09-28 17:05:33,JT3983,LNI3983,3983,JT,LNI,N/A,PK-LJR,8A02EA,ID,PKU,WIBB,N/A,SUB,WARR,N/A,-0.079801,102.167042,125.0,7579,24865.5,801,432.5,37,7283.4,Climbing (Takeoff),0,0,N/A,1790589922,en-route
2026-09-28 18:05:31,8C730,ATN730,730,8C,ATN,N/A,N752CX,AA21BF,US,QPG,WSAP,N/A,NKW,FJDG,N/A,0.12602,100.607246,256,10383,34065.0,0,0,0,0,Cruising,0,0,N/A,1790593479,en-route
2026-09-28 19:05:42,AK349,AXM349,349,AK,AXM,N/A,9M-AQH,750287,MY,YIA,WAHI,N/A,KUL,WMKK,N/A,1.187869,101.493888,4.9,10649,34937.7,839,453.0,-41,-8070.8,Descending (Landing/Approach),0,0,N/A,1790597129,en-route
2026-09-28 20:05:30,QR954,QTR954,954,QR,QTR,N/A,A7-ALJ,06A0FE,QA,DOH,OTHH,N/A,CGK,WIII,N/A,-0.084102,100.891841,128.2,12676,41587.9,876,473.0,0,0,Cruising,0,0,N/A,1790600717,en-route
2026-09-28 20:05:30,QG914,CTV914,914,QG,CTV,N/A,PK-GQD,8A04A7,ID,CGK,WIII,N/A,KNO,WIMM,N/A,0.115884,101.124026,327.6,11747,38540.0,855,461.7,0,0,Cruising,0,0,N/A,1790600720,en-route
2026-09-28 20:05:30,JT276,LNI276,276,JT,LNI,N/A,N/A,8A082D,ID,YIA,WAHI,N/A,PKU,WIBB,N/A,0.457703,101.44442,1.0,63,206.7,92,49.7,0,0,Cruising,0,0,N/A,1790600719,scheduled
2026-09-28 21:06:09,NONE,NONE,NONE,N/A,N/A,N/A,N/A,N/A,N/A,N/A,N/A,N/A,N/A,N/A,N/A,0.4608,101.4447,0,0,0,0,0,0,0,No Flights,0,0,N/A,0,no_flights
2026-09-28 22:05:33,ID6884,BTK6884,6884,ID,BTK,N/A,PK-BLA,8A09A6,ID,CGK,WIII,N/A,KNO,WIMM,N/A,0.18596,101.205348,334.0,11099,36414.0,864,466.5,0,0.0,Cruising,0,0,N/A,1790607926,en-route
2026-09-28 22:05:33,SQ468,SIA468,468,SQ,SIA,N/A,9V-SCH,76CC68,SG,SIN,WSSS,N/A,CMB,VCBI,N/A,0.588414,101.93303,252.9,9865,32365.5,910,491.4,29,5708.6,Climbing (Takeoff),0,0,N/A,1790607926,en-route
2026-09-28 23:05:55,QG888,CTV888,888,QG,CTV,N/A,PK-GQF,8A04A9,ID,CGK,WIII,N/A,KNO,WIMM,N/A,1.144247,100.725584,343,10383,34065.0,807,435.7,0,0,Cruising,0,0,N/A,1790611527,en-route
2026-09-29 00:05:32,NONE,NONE,NONE,N/A,N/A,N/A,N/A,N/A,N/A,N/A,N/A,N/A,N/A,N/A,N/A,0.4608,101.4447,0,0,0,0,0,0,0,No Flights,0,0,N/A,0,no_flights
2026-09-29 01:05:37,AK607,AXM607,607,AK,AXM,N/A,9M-VAH,750586,MY,PER,YPPH,N/A,KUL,WMKK,N/A,0.848849,101.843397,349.0,10954,35938.3,848,457.9,-51,-10039.4,Descending (Landing/Approach),0,0,N/A,1790618728,en-route
2026-09-29 01:05:37,SQ478,SIA478,478,SQ,SIA,N/A,9V-SMU,76CDB5,SG,SIN,WSSS,N/A,JNB,FAOR,N/A,0.283713,101.181552,242.6,10291,33763.1,949,512.4,17,3346.4,Climbing (Takeoff),0,0,N/A,1790618728,en-route
2026-09-29 02:05:32,NONE,NONE,NONE,N/A,N/A,N/A,N/A,N/A,N/A,N/A,N/A,N/A,N/A,N/A,N/A,0.4608,101.4447,0,0,0,0,0,0,0,No Flights,0,0,N/A,0,no_flights
2026-09-29 03:05:35,NONE,NONE,NONE,N/A,N/A,N/A,N/A,N/A,N/A,N/A,N/A,N/A,N/A,N/A,N/A,0.4608,101.4447,0,0,0,0,0,0,0,No Flights,0,0,N/A,0,no_flights
2026-09-29 04:05:29,SQ479,SIA479,479,SQ,SIA,N/A,9V-SMQ,76CDB1,SG,JNB,FAOR,N/A,SIN,WSSS,N/A,-0.095334,100.705862,74.2,13255,43487.5,843,455.2,0,0,Cruising,0,0,N/A,1790629527,en-route
2026-09-29 05:05:34,SQ437,SIA437,437,SQ,SIA,N/A,9V-SHT,76CD14,SG,MLE,VRMM,N/A,SIN,WSSS,N/A,0.926921,101.517832,107.7,13263,43513.8,881,475.7,0,0,Cruising,0,0,N/A,1790633123,en-route
2026-09-29 06:05:30,ID6885,BTK6885,6885,ID,BTK,N/A,PK-BLA,8A09A6,ID,KNO,WIMM,N/A,CGK,WIII,N/A,1.44441,101.015559,135.6,11389,37365.5,838,452.5,0,0,Cruising,0,0,N/A,1790636723,en-route
2026-09-29 07:05:33,QG810,CTV810,810,QG,CTV,N/A,PK-GLW,8A03B1,ID,KNO,WIMM,N/A,BDO,WICC,N/A,1.048632,101.41262,135.6,11404,37414.7,825,445.5,0,0.0,Cruising,0,0,N/A,1790640323,en-route
2026-09-29 07:05:33,QG936,CTV936,936,QG,CTV,N/A,PK-GQD,8A04A7,ID,CGK,WIII,N/A,PKU,WIBB,N/A,-0.103436,101.654809,321.0,2570,8431.8,561,302.9,-26,-5118.1,Descending (Landing/Approach),0,0,N/A,1790640279,en-route
2026-09-29 08:05:33,IP320,PAS320,320,IP,PAS,N/A,PK-PWE,8A0993,ID,CGK,WIII,N/A,PKU,WIBB,N/A,0.667931,101.554209,306,1107,3631.9,524,282.9,-25,-4921.2,Descending (Landing/Approach),0,0,N/A,1790643888,en-route
2026-09-29 08:05:33,ID6899,BTK6899,6899,ID,BTK,N/A,PK-LAY,8A0520,ID,BTJ,WITT,N/A,CGK,WIII,N/A,1.147968,100.508113,134,10688,35065.6,838,452.5,0,0.0,Cruising,0,0,N/A,1790643888,en-route
2026-09-29 09:05:33,QG883,CTV883,883,QG,CTV,N/A,PK-GTI,8A074D,ID,KNO,WIMM,N/A,CGK,WIII,N/A,0.793423,101.638323,135.2,12059,39563.6,842,454.6,0,0.0,Cruising,0,0,N/A,1790647527,en-route
2026-09-29 09:05:33,SQ462,SIA462,462,SQ,SIA,N/A,9V-MBO,76B44F,SG,SIN,WSSS,N/A,CMB,VCBI,N/A,0.68721,102.014622,289.7,10733,35213.3,899,485.4,19,3740.2,Climbing (Takeoff),0,0,N/A,1790647527,en-route
2026-09-29 10:05:31,IP342,PAS342,342,IP,PAS,N/A,PK-PWA,8A0914,ID,CGK,WIII,N/A,BTJ,WITT,N/A,-0.076007,100.726764,317.4,12372,40590.6,835,450.9,0,0.0,Cruising,0,0,N/A,1790651122,en-route
2026-09-29 10:05:31,IU957,SJV957,957,IU,SJV,N/A,PK-SJI,8A094C,ID,DTB,WIMN,N/A,CGK,WIII,N/A,0.22125,101.789953,135.7,11427,37490.2,857,462.7,0,0.0,Cruising,0,0,N/A,1790651122,en-route
2026-09-29 10:05:31,IU833,SJV833,833,IU,SJV,N/A,PK-STC,8A096E,ID,KNO,WIMM,N/A,PKU,WIBB,N/A,0.7041,101.320322,97.0,1838,6030.2,403,217.6,-19,-3740.2,Descending (Landing/Approach),0,0,N/A,1790651080,en-route
2026-09-29 10:05:31,AK431,AXM431,431,AK,AXM,N/A,9M-AFE,75010A,MY,KUL,WMKK,N/A,PKU,WIBB,N/A,0.754171,101.424061,48.0,1229,4032.2,353,190.6,-19,-3740.2,Descending (Landing/Approach),0,0,N/A,1790651080,en-route
2026-09-29 10:05:31,QG11,CTV11,11,QG,CTV,N/A,PK-GLG,8A02FF,ID,KNO,WIMM,N/A,HLP,WIHH,N/A,0.66577,101.786797,131.0,11289,37037.4,0,0.0,0,0.0,Cruising,0,0,N/A,1790651078,en-route
2026-09-29 11:05:33,GA184,GIA184,184,GA,GIA,N/A,PK-GFU,8A03C6,ID,CGK,WIII,N/A,KNO,WIMM,N/A,0.609703,100.620358,319.0,10383,34065.0,840,453.6,0,0.0,Cruising,0,0,N/A,1790654677,en-route
2026-09-29 11:05:33,IU933,SJV933,933,IU,SJV,N/A,PK-SBG,8A094B,ID,YIA,WAHI,N/A,PLM,WIPP,N/A,1.119017,100.542767,323.6,11762,38589.2,841,454.1,0,0.0,Cruising,0,0,N/A,1790654726,en-route
2026-09-29 11:05:33,AK406,AXM406,406,AK,AXM,N/A,9M-AFF,75010B,MY,KUL,WMKK,N/A,PDG,WIEE,N/A,-0.25912,101.153045,236.0,8158,26765.1,807,435.7,-44,-8661.4,Descending (Landing/Approach),0,0,N/A,1790654712,en-route
2026-09-29 11:05:33,JT982,LNI982,982,JT,LNI,N/A,PK-LOQ,8A0486,ID,SUB,WARR,N/A,PKU,WIBB,N/A,-0.075655,101.928812,316.7,5841,19163.4,683,368.8,-34,-6692.9,Descending (Landing/Approach),0,0,N/A,1790654726,en-route
2026-09-29 12:05:31,MH856,MAS856,856,MH,MAS,N/A,9M-MLO,750282,MY,YIA,WAHI,N/A,KUL,WMKK,N/A,0.717288,101.461441,5.0,12379,40613.5,800,432.0,0,0,Cruising,0,0,N/A,1790658324,en-route
2026-09-29 12:05:31,GA141,GIA141,141,GA,GIA,N/A,PK-GFQ,8A028E,ID,BTJ,WITT,N/A,CGK,WIII,N/A,1.338969,101.120782,135.6,10779,35364.2,831,448.7,0,0,Cruising,0,0,N/A,1790658324,en-route
2026-09-29 13:05:33,GA186,GIA186,186,GA,GIA,N/A,PK-GUJ,8A0A9E,ID,CGK,WIII,N/A,KNO,WIMM,N/A,0.201491,100.982717,319.0,11724,38464.6,835,450.9,0,0.0,Cruising,0,0,N/A,1790661926,en-route
2026-09-29 13:05:33,6E1601,IGO1601,1601,6E,IGO,N/A,VT-IXE,8016A5,IN,BOM,VABB,N/A,CGK,WIII,N/A,0.734561,101.12232,134.9,11411,37437.7,825,445.5,0,0.0,Cruising,0,0,N/A,1790661926,en-route
2026-09-29 13:05:33,EK354,UAE354,354,EK,UAE,N/A,A6-EPP,8963DF,AE,DXB,OMDB,N/A,SIN,WSSS,N/A,1.329751,102.311594,112.2,9689,31788.1,748,403.9,-33,-6496.1,Descending (Landing/Approach),0,0,N/A,1790661926,en-route
2026-09-29 14:05:33,OD151,MXD151,151,OD,MXD,N/A,9M-LDK,75056F,MY,KUL,WMKK,N/A,PER,YPPH,N/A,1.044464,101.58393,145.0,8889,29163.4,815,440.1,16,3149.6,Climbing (Takeoff),0,0,N/A,1790665529,en-route
2026-09-29 14:05:33,SQ482,SIA482,482,SQ,SIA,N/A,9V-SMM,76CDAD,SG,SIN,WSSS,N/A,JNB,FAOR,N/A,0.309241,101.823782,250.7,10307,33815.6,919,496.2,39,7677.1,Climbing (Takeoff),0,0,N/A,1790665529,en-route
2026-09-29 14:05:33,IP322,PAS322,322,IP,PAS,N/A,PK-PWQ,8A0A8A,ID,CGK,WIII,N/A,PKU,WIBB,N/A,0.479208,101.44501,181.0,63,206.7,161,86.9,0,0.0,Cruising,0,0,N/A,1790665525,en-route
2026-09-29 15:05:33,GA118,GIA118,118,GA,GIA,N/A,PK-GMV,8A02D4,ID,CGK,WIII,N/A,KNO,WIMM,N/A,0.173144,101.003936,334.9,11747,38540.0,804,434.1,0,0,Cruising,0,0,N/A,1790669124,en-route
2026-09-29 15:05:33,AK429,AXM429,429,AK,AXM,N/A,9M-AJD,75033D,MY,KUL,WMKK,N/A,PKU,WIBB,N/A,1.389158,101.688609,201.8,7853,25764.4,812,438.4,0,0,Cruising,0,0,N/A,1790669130,en-route
2026-09-29 15:05:33,QG919,CTV919,919,QG,CTV,N/A,PK-GLN,8A0377,ID,KNO,WIMM,N/A,CGK,WIII,N/A,0.371005,101.96743,132.9,11396,37388.5,835,450.9,0,0,Cruising,0,0,N/A,1790669130,en-route
2026-09-29 16:05:33,AK428,AXM428,428,AK,AXM,N/A,9M-AJD,75033D,MY,PKU,WIBB,N/A,KUL,WMKK,N/A,0.980044,101.456089,5.9,6192,20315.0,732,395.2,22,4330.7,Climbing (Takeoff),0,0,N/A,1790672728,en-route
2026-09-29 16:05:33,ID6854,BTK6854,6854,ID,BTK,N/A,PK-BKM,8A093B,ID,CGK,WIII,N/A,PKU,WIBB,N/A,0.09819,101.766498,285.0,1320,4330.7,472,254.9,0,0.0,Cruising,0,0,N/A,1790672619,en-route
2026-09-29 17:05:30,AK404,AXM404,404,AK,AXM,N/A,9M-AGU,750467,MY,PDG,WIPT,N/A,KUL,WMKK,N/A,0.220523,101.559479,1.3,10764,35315.0,764,412.5,0,0.0,Cruising,0,0,N/A,1790676320,en-route
2026-09-29 17:05:30,ID6898,BTK6898,6898,ID,BTK,N/A,PK-BKQ,8A09A0,ID,CGK,WIII,N/A,BTJ,WITT,N/A,0.344921,101.463845,329.1,11731,38487.5,837,451.9,0,0.0,Cruising,0,0,N/A,1790676320,en-route
2026-09-29 17:05:30,JT157,LNI157,157,JT,LNI,N/A,PK-LOP,8A0458,ID,KUL,WMKK,N/A,PDG,WIPT,N/A,1.172407,101.548812,202.8,9095,29839.2,803,433.6,19,3740.2,Climbing (Takeoff),0,0,N/A,1790676320,en-route
2026-09-29 17:05:30,IU995,SJV995,995,IU,SJV,N/A,PK-SAV,8A08A0,ID,BTJ,WITT,N/A,CGK,WIII,N/A,0.609131,102.349062,146.7,12074,39612.9,851,459.5,0,0.0,Cruising,0,0,N/A,1790676320,en-route
2026-09-29 17:05:30,IP324,PAS324,324,IP,PAS,N/A,PK-PWO,8A0A4A,ID,CGK,WIII,N/A,PKU,WIBB,N/A,-0.266176,101.784079,321.0,3728,12231.0,627,338.6,-30,-5905.5,Descending (Landing/Approach),0,0,N/A,1790676280,en-route
2026-09-29 17:05:30,JT94,LNI94,94,JT,LNI,N/A,PK-LET,8A083C,ID,UPG,WAAA,N/A,JED,OEJN,N/A,0.37651,101.465874,322.0,11091,36387.8,0,0.0,0,0.0,Cruising,0,0,N/A,1790676276,en-route
2026-09-29 18:05:39,QG979,CTV979,979,QG,CTV,N/A,PK-GQD,8A04A7,ID,KNO,WIMM,N/A,CGK,WIII,N/A,1.423956,101.046164,120.5,11427,37490.2,816,440.6,0,0,Cruising,0,0,N/A,1790679937,en-route
2026-09-29 18:05:39,TR225,TGW225,225,TR,TGW,N/A,9V-THH,76D108,SG,PDG,WIPT,N/A,SIN,WSSS,N/A,-0.233734,101.864162,74.8,8813,28914.0,815,440.1,0,0,Cruising,0,0,N/A,1790679937,en-route
2026-09-29 18:05:39,JT161,LNI161,161,JT,LNI,N/A,N/A,8A01CD,ID,KUL,WMKK,N/A,PKU,WIBB,N/A,0.512628,101.44595,183.0,338,1108.9,274,147.9,0,0,Cruising,0,0,N/A,1790679840,en-route
2026-09-29 19:05:33,ID6887,BTK6887,6887,ID,BTK,N/A,PK-BDF,8A07CE,ID,KNO,WIMM,N/A,CGK,WIII,N/A,0.639573,102.137436,141.9,12059,39563.6,851,459.5,0,0,Cruising,0,0,N/A,1790683522,en-route
2026-09-29 20:05:33,QG887,CTV887,887,QG,CTV,N/A,PK-GLR,8A03AC,ID,KNO,WIMM,N/A,CGK,WIII,N/A,0.475844,101.988702,135.7,12059,39563.6,847,457.3,0,0.0,Cruising,0,0,N/A,1790687129,en-route
2026-09-29 20:05:33,QG938,CTV938,938,QG,CTV,N/A,PK-GQT,8A061E,ID,CGK,WIII,N/A,PKU,WIBB,N/A,-0.436648,102.277535,316.8,6375,20915.4,594,320.7,-29,-5708.6,Descending (Landing/Approach),0,0,N/A,1790687129,en-route
2026-09-29 20:05:33,JT276,LNI276,276,JT,LNI,N/A,PK-LSO,8A082D,ID,YIA,WAHI,N/A,PKU,WIBB,N/A,0.110297,101.756546,345.0,3606,11830.7,468,252.7,-23,-4527.6,Descending (Landing/Approach),0,0,N/A,1790687083,en-route
2026-09-29 20:05:33,IP328,PAS328,328,IP,PAS,N/A,N/A,8A09E4,ID,CGK,WIII,N/A,PKU,WIBB,N/A,-0.001099,101.428199,316.0,954,3129.9,440,237.6,0,0.0,Cruising,0,0,N/A,1790687083,en-route
2026-09-29 21:05:34,SV826,SVA826,826,SV,SVA,N/A,HZ-AK15,710057,SA,JED,OEJN,N/A,CGK,WIII,N/A,-0.409905,102.403577,136.6,11434,37513.1,923,498.4,0,0,Cruising,0,0,N/A,1790690705,en-route
2026-09-29 21:05:34,GA196,GIA196,196,GA,GIA,N/A,PK-GUF,8A0A43,ID,CGK,WIII,N/A,KNO,WIMM,N/A,0.389147,100.590573,339.0,10992,36063.0,803,433.6,0,0,Cruising,0,0,N/A,1790690724,en-route
2026-09-29 22:05:54,NONE,NONE,NONE,N/A,N/A,N/A,N/A,N/A,N/A,N/A,N/A,N/A,N/A,N/A,N/A,0.4608,101.4447,0,0,0,0,0,0,0,No Flights,0,0,N/A,0,no_flights
2026-09-29 23:05:34,JT306,LNI306,306,JT,LNI,N/A,PK-LGL,8A01CD,ID,CGK,WIII,N/A,KNO,WIMM,N/A,1.060198,100.585415,339.2,11099,36414.0,873,471.4,0,0,Cruising,0,0,N/A,1790697911,en-route
2026-09-30 00:05:33,NONE,NONE,NONE,N/A,N/A,N/A,N/A,N/A,N/A,N/A,N/A,N/A,N/A,N/A,N/A,0.4608,101.4447,0,0,0,0,0,0,0,No Flights,0,0,N/A,0,no_flights
2026-09-30 01:05:32,AK607,AXM607,607,AK,AXM,N/A,9M-VAF,750584,MY,PER,YPPH,N/A,KUL,WMKK,N/A,1.129049,101.48938,5,8981,29465.2,770,415.8,-18,-3543.3,Descending (Landing/Approach),0,0,N/A,1790705119,en-route
2026-09-30 01:05:32,SQ478,SIA478,478,SQ,SIA,N/A,9V-SJA,76CD41,SG,SIN,WSSS,N/A,JNB,FAOR,N/A,0.171261,101.238713,255,10649,34937.7,941,508.1,13,2559.0,Climbing (Takeoff),0,0,N/A,1790705122,en-route
2026-09-30 02:05:33,NONE,NONE,NONE,N/A,N/A,N/A,N/A,N/A,N/A,N/A,N/A,N/A,N/A,N/A,N/A,0.4608,101.4447,0,0,0,0,0,0,0,No Flights,0,0,N/A,0,no_flights
2026-09-30 03:05:32,NONE,NONE,NONE,N/A,N/A,N/A,N/A,N/A,N/A,N/A,N/A,N/A,N/A,N/A,N/A,0.4608,101.4447,0,0,0,0,0,0,0,No Flights,0,0,N/A,0,no_flights
2026-09-30 04:05:51,SQ479,SIA479,479,SQ,SIA,N/A,9V-SMU,76CDB5,SG,JNB,FAOR,N/A,SIN,WSSS,N/A,0.698554,102.267882,69.2,9773,32063.6,825,445.5,-37,-7283.4,Descending (Landing/Approach),0,0,N/A,1790715946,en-route
2026-09-30 05:05:41,SQ437,SIA437,437,SQ,SIA,N/A,9V-SHA,76CD01,SG,MLE,VRMM,N/A,SIN,WSSS,N/A,0.964731,101.466159,109.1,13187,43264.4,911,491.9,-19,-3740.2,Descending (Landing/Approach),0,0,N/A,1790719537,en-route
2026-09-30 06:05:38,NONE,NONE,NONE,N/A,N/A,N/A,N/A,N/A,N/A,N/A,N/A,N/A,N/A,N/A,N/A,0.4608,101.4447,0,0,0,0,0,0,0,No Flights,0,0,N/A,0,no_flights
2026-09-30 07:05:32,QG810,CTV810,810,QG,CTV,N/A,PK-GQU,8A064E,ID,KNO,WIMM,N/A,BDO,WICC,N/A,1.042199,101.277951,137.8,12051,39537.4,853,460.6,6,1181.1,Climbing (Takeoff),0,0,N/A,1790726722,en-route
2026-09-30 07:05:32,QG889,CTV889,889,QG,CTV,N/A,PK-GLW,8A03B1,ID,KNO,WIMM,N/A,CGK,WIII,N/A,-0.05055,102.054575,135.6,11411,37437.7,843,455.2,8,1574.8,Climbing (Takeoff),0,0,N/A,1790726722,en-route
2026-09-30 07:05:32,QG936,CTV936,936,QG,CTV,N/A,PK-GLK,8A0374,ID,CGK,WIII,N/A,PKU,WIBB,N/A,-0.213076,101.735389,321.0,3179,10429.8,596,321.8,-27,-5314.9,Descending (Landing/Approach),0,0,N/A,1790726626,en-route
2026-09-30 08:05:32,ID6899,BTK6899,6899,ID,BTK,N/A,PK-BKQ,8A09A0,ID,BTJ,WITT,N/A,CGK,WIII,N/A,1.004321,100.476268,132.5,11404,37414.7,847,457.3,0,0.0,Cruising,0,0,N/A,1790730301,en-route
2026-09-30 08:05:32,IP320,PAS320,320,IP,PAS,N/A,PK-PWG,8A0998,ID,CGK,WIII,N/A,PKU,WIBB,N/A,-0.290239,101.835626,318.5,4246,13930.4,618,333.7,-29,-5708.6,Descending (Landing/Approach),0,0,N/A,1790730329,en-route
2026-09-30 08:05:32,JT393,LNI393,393,JT,LNI,N/A,PK-LRI,8A097C,ID,PKU,WIBB,N/A,CGK,WIII,N/A,0.11367,102.012522,127.4,5247,17214.6,711,383.9,30,5905.5,Climbing (Takeoff),0,0,N/A,1790730314,en-route
2026-09-30 08:05:32,ID5001,BTK5001,5001,ID,BTK,N/A,PK-LUV,8A063A,ID,KNO,WIMM,N/A,N/A,N/A,N/A,1.41266,101.066307,135.0,11297,37063.6,0,0.0,0,0.0,Cruising,0,0,N/A,1790730276,en-route
2026-09-30 09:05:32,AK462,AXM462,462,AK,AXM,N/A,9M-AGU,750467,MY,KUL,WMKK,N/A,PLM,WIPP,N/A,0.807666,101.738192,145,10520,34514.4,844,455.7,19,3740.2,Climbing (Takeoff),0,0,N/A,1790733923,en-route
2026-09-30 09:05:32,SQ462,SIA462,462,SQ,SIA,N/A,9V-MBO,76B44F,SG,SIN,WSSS,N/A,CMB,VCBI,N/A,1.028603,100.877939,299,11091,36387.8,855,461.7,0,0.0,Cruising,0,0,N/A,1790733874,en-route
2026-09-30 09:05:32,GA140,GIA140,140,GA,GIA,N/A,PK-GMV,8A02D4,ID,CGK,WIII,N/A,BTJ,WITT,N/A,-0.136357,100.753278,318,10992,36063.0,816,440.6,0,0.0,Cruising,0,0,N/A,1790733898,en-route
2026-09-30 10:05:33,AK431,AXM431,431,AK,AXM,N/A,9M-AGG,750440,MY,KUL,WMKK,N/A,PKU,WIBB,N/A,0.763222,101.406981,30.0,1808,5931.8,414,223.5,-24,-4724.4,Descending (Landing/Approach),0,0,N/A,1790737504,en-route
2026-09-30 10:05:33,IU957,SJV957,957,IU,SJV,N/A,PK-STI,8A0950,ID,DTB,WIMN,N/A,CGK,WIII,N/A,0.7493,101.416577,136.9,11427,37490.2,856,462.2,0,0.0,Cruising,0,0,N/A,1790737527,en-route
2026-09-30 10:05:33,GA820,GIA820,820,GA,GIA,N/A,PK-GFD,8A021D,ID,CGK,WIII,N/A,KUL,WMKK,N/A,0.813876,101.468005,5.1,11739,38513.8,824,444.9,0,0.0,Cruising,0,0,N/A,1790737527,en-route
2026-09-30 10:05:33,SQ432,SIA432,432,SQ,SIA,N/A,9V-SMG,76CDA7,SG,SIN,WSSS,N/A,MLE,VRMM,N/A,1.176057,101.481218,299.2,11663,38264.4,889,480.0,9,1771.6,Climbing (Takeoff),0,0,N/A,1790737527,en-route
2026-09-30 10:05:33,IP342,PAS342,342,IP,PAS,N/A,PK-PWL,8A09E4,ID,CGK,WIII,N/A,BTJ,WITT,N/A,-0.33832,101.548015,317.8,11762,38589.2,838,452.5,0,0.0,Cruising,0,0,N/A,1790737527,en-route
2026-09-30 11:05:27,AK406,AXM406,406,AK,AXM,N/A,9M-AJA,750333,MY,KUL,WMKK,N/A,PDG,WIEE,N/A,-0.40543,100.947905,236.0,6237,20462.6,735,396.9,0,0.0,Cruising,0,0,N/A,1790741041,en-route
2026-09-30 11:05:27,ID7010,BTK7010,7010,ID,BTK,N/A,PK-BDF,8A07CE,ID,KNO,WIMM,N/A,CGK,WIII,N/A,1.399371,101.27543,138.5,11404,37414.7,866,467.6,0,0.0,Cruising,0,0,N/A,1790741123,en-route
2026-09-30 11:05:27,GA184,GIA184,184,GA,GIA,N/A,PK-GUM,8A0AD6,ID,CGK,WIII,N/A,KNO,WIMM,N/A,-0.196047,101.341975,318.9,11731,38487.5,853,460.6,0,0.0,Cruising,0,0,N/A,1790741123,en-route
2026-09-30 11:05:27,ID6852,BTK6852,6852,ID,BTK,N/A,PK-LUG,8A05EE,ID,CGK,WIII,N/A,PKU,WIBB,N/A,-0.205978,102.03433,332.4,7243,23763.1,782,422.2,-46,-9055.1,Descending (Landing/Approach),0,0,N/A,1790741123,en-route
2026-09-30 11:05:27,AK430,AXM430,430,AK,AXM,N/A,9M-AGG,750440,MY,PKU,WIBB,N/A,KUL,WMKK,N/A,0.582934,101.400086,4.8,4048,13280.8,549,296.4,50,9842.5,Climbing (Takeoff),0,0,N/A,1790741123,en-route
2026-09-30 12:05:37,JT206,LNI206,206,JT,LNI,N/A,PK-LRI,8A097C,ID,CGK,WIII,N/A,KNO,WIMM,N/A,0.125349,101.023558,319.6,11076,36338.6,856,462.2,0,0.0,Cruising,0,0,N/A,1790744735,en-route
2026-09-30 12:05:37,IU912,SJV912,912,IU,SJV,N/A,PK-SJF,8A090A,ID,CGK,WIII,N/A,PKU,WIBB,N/A,-0.18841,101.974289,289.5,5963,19563.6,671,362.3,-12,-2362.2,Descending (Landing/Approach),0,0,N/A,1790744735,en-route
2026-09-30 12:05:37,JT390,LNI390,390,JT,LNI,N/A,PK-LHY,8A0295,ID,CGK,WIII,N/A,PKU,WIBB,N/A,0.648052,101.44477,14.0,924,3031.5,442,238.7,0,0.0,Cruising,0,0,N/A,1790744678,en-route
2026-09-30 13:05:32,JT156,LNI156,156,JT,LNI,N/A,PK-LQY,8A081E,ID,PDG,WIPT,N/A,KUL,WMKK,N/A,0.961001,101.499152,13.3,8142,26712.6,767,414.1,0,0,Cruising,0,0,N/A,1790748277,en-route
2026-09-30 14:05:27,IP302,PAS302,302,IP,PAS,N/A,PK-PWA,8A0914,ID,CGK,WIII,N/A,KNO,WIMM,N/A,0.079711,101.051903,319.8,11709,38415.4,837,451.9,0,0.0,Cruising,0,0,N/A,1790751925,en-route
2026-09-30 14:05:27,ID7146,BTK7146,7146,ID,BTK,N/A,PK-LAO,8A0517,ID,SIN,WSSS,N/A,KNO,WIMM,N/A,1.322167,102.279999,298.9,9103,29865.5,842,454.6,16,3149.6,Climbing (Takeoff),0,0,N/A,1790751925,en-route
2026-09-30 14:05:27,IU965,SJV965,965,IU,SJV,N/A,PK-STD,8A0948,ID,KNO,WIMM,N/A,PLM,WIPP,N/A,0.566538,101.44761,181.0,558,1830.7,266,143.6,0,0.0,Cruising,0,0,N/A,1790751880,en-route
2026-09-30 14:05:27,GA174,GIA174,174,GA,GIA,N/A,PK-GFP,8A0289,ID,CGK,WIII,N/A,PKU,WIBB,N/A,0.742142,101.39552,2.0,1259,4130.6,451,243.5,0,0.0,Cruising,0,0,N/A,1790751880,en-route
2026-09-30 15:05:34,GA118,GIA118,118,GA,GIA,N/A,PK-GNG,8A0448,ID,CGK,WIII,N/A,KNO,WIMM,N/A,-0.526911,101.40806,322.3,11731,38487.5,840,453.6,0,0.0,Cruising,0,0,N/A,1790755531,en-route
2026-09-30 15:05:34,IU965,SJV965,965,IU,SJV,N/A,PK-STD,8A0948,ID,PKU,WIMM,N/A,PLM,WIPP,N/A,-0.189345,101.864361,144.0,6603,21663.4,751,405.5,37,7283.4,Climbing (Takeoff),0,0,N/A,1790755531,en-route
2026-09-30 15:05:34,ID6854,BTK6854,6854,ID,BTK,N/A,PK-BKM,8A093B,ID,CGK,WIII,N/A,PKU,WIBB,N/A,-0.446623,102.017546,338.8,8790,28838.6,780,421.2,-16,-3149.6,Descending (Landing/Approach),0,0,N/A,1790755531,en-route
2026-09-30 15:05:34,8B662,TNU662,662,8B,TNU,N/A,PK-TJD,8A0A84,ID,KUL,WMKK,N/A,TKG,WILL,N/A,1.112165,101.308752,170.1,10657,34963.9,780,421.2,17,3346.4,Climbing (Takeoff),0,0,N/A,1790755531,en-route
2026-09-30 16:05:34,JT160,LNI160,160,JT,LNI,N/A,PK-LHY,8A0295,ID,PKU,WIBB,N/A,KUL,WMKK,N/A,1.155631,101.314928,14.2,7304,23963.3,776,419.0,19,3740.2,Climbing (Takeoff),0,0,N/A,1790759120,en-route
2026-09-30 16:05:34,GA189,GIA189,189,GA,GIA,N/A,PK-GNR,8A04F5,ID,KNO,WIMM,N/A,CGK,WIII,N/A,0.427659,101.384543,153.0,12044,39514.4,839,453.0,0,0.0,Cruising,0,0,N/A,1790759120,en-route
2026-09-30 16:05:34,AK483,AXM483,483,AK,AXM,N/A,9M-RAM,7504A0,MY,KUL,WMKK,N/A,BPN,WALL,N/A,1.399595,102.226906,158.8,8874,29114.2,785,423.9,25,4921.2,Climbing (Takeoff),0,0,N/A,1790759120,en-route
2026-09-30 16:05:34,QG978,CTV978,978,QG,CTV,N/A,PK-GLK,8A0374,ID,CGK,WIII,N/A,KNO,WIMM,N/A,-0.281967,101.495178,318.0,10383,34065.0,868,468.7,0,0.0,Cruising,0,0,N/A,1790759109,en-route
2026-09-30 16:05:34,IU959,SJV959,959,IU,SJV,N/A,PK-SAH,8A090B,ID,DTB,WIMN,N/A,CGK,WIII,N/A,0.576538,101.184977,147.6,10771,35337.9,840,453.6,0,0.0,Cruising,0,0,N/A,1790759120,en-route
2026-09-30 16:05:34,JT237,LNI237,237,JT,LNI,N/A,N/A,8A0285,ID,BTH,WIDD,N/A,PKU,WIBB,N/A,0.677538,101.45427,183.0,954,3129.9,287,155.0,0,0.0,Cruising,0,0,N/A,1790759109,en-route
2026-09-30 17:05:33,GA147,GIA147,147,GA,GIA,N/A,PK-GFU,8A03C6,ID,BTJ,WITT,N/A,CGK,WIII,N/A,-0.021243,101.190343,148,12044,39514.4,819,442.2,0,0.0,Cruising,0,0,N/A,1790762731,en-route
2026-09-30 17:05:33,GA176,GIA176,176,GA,GIA,N/A,PK-GFD,8A021D,ID,CGK,WIII,N/A,PKU,WIBB,N/A,0.544918,101.44687,180,528,1732.3,309,166.8,-33,-6496.1,Descending (Landing/Approach),0,0,N/A,1790762718,en-route
2026-09-30 18:05:35,GA190,GIA190,190,GA,GIA,N/A,PK-GUJ,8A0A9E,ID,CGK,WIII,N/A,KNO,WIMM,N/A,-0.493318,101.259951,324.3,11709,38415.4,836,451.4,0,0,Cruising,0,0,N/A,1790766333,en-route
2026-09-30 18:05:35,GA121,GIA121,121,GA,GIA,N/A,PK-GNG,8A0448,ID,KNO,WIMM,N/A,CGK,WIII,N/A,1.003817,101.551112,137.1,12051,39537.4,833,449.8,0,0,Cruising,0,0,N/A,1790766333,en-route
2026-09-30 19:05:32,SQ431,SIA431,431,SQ,SIA,N/A,9V-SMG,76CDA7,SG,MLE,VRMM,N/A,SIN,WSSS,N/A,1.004374,101.229906,107.2,13278,43563.0,877,473.5,0,0,Cruising,0,0,N/A,1790769928,en-route
2026-09-30 20:05:37,JT276,LNI276,276,JT,LNI,N/A,PK-LSH,8A082B,ID,YIA,WAHI,N/A,PKU,WIBB,N/A,-0.070462,101.789177,348,3484,11430.4,631,340.7,0,0.0,Cruising,0,0,N/A,1790773491,en-route
2026-09-30 20:05:37,JT161,LNI161,161,JT,LNI,N/A,PK-LHY,8A0295,ID,KUL,WMKK,N/A,PKU,WIBB,N/A,0.92711,101.472099,183,1907,6256.6,0,0.0,-22,-4330.7,Descending (Landing/Approach),0,0,N/A,1790772654,en-route
2026-09-30 21:05:38,SV826,SVA826,826,SV,SVA,N/A,HZ-AK12,710054,SA,JED,OEJN,N/A,CGK,WIII,N/A,0.092866,101.657251,140.7,10764,35315.0,927,500.5,0,0,Cruising,0,0,N/A,1790777131,en-route
2026-09-30 21:05:38,EK358,UAE358,358,EK,UAE,N/A,A6-ECI,896110,AE,DXB,OMDB,N/A,CGK,WIII,N/A,-0.442817,102.066127,134.1,11411,37437.7,892,481.6,0,0,Cruising,0,0,N/A,1790777131,en-route
2026-09-30 21:05:38,JT383,LNI383,383,JT,LNI,N/A,PK-LRI,8A097C,ID,KNO,WIMM,N/A,CGK,WIII,N/A,0.864649,101.493843,134.0,11411,37437.7,845,456.3,0,0,Cruising,0,0,N/A,1790777131,en-route
2026-09-30 22:05:41,SQ468,SIA468,468,SQ,SIA,N/A,9V-SCH,76CC68,SG,SIN,WSSS,N/A,CMB,VCBI,N/A,0.703965,102.253195,276.6,8737,28664.7,919,496.2,13,2559.0,Climbing (Takeoff),0,0,N/A,1790780739,en-route
2026-09-30 23:05:35,NONE,NONE,NONE,N/A,N/A,N/A,N/A,N/A,N/A,N/A,N/A,N/A,N/A,N/A,N/A,0.4608,101.4447,0,0,0,0,0,0,0,No Flights,0,0,N/A,0,no_flights
2026-10-01 00:05:34,NONE,NONE,NONE,N/A,N/A,N/A,N/A,N/A,N/A,N/A,N/A,N/A,N/A,N/A,N/A,0.4608,101.4447,0,0,0,0,0,0,0,No Flights,0,0,N/A,0,no_flights
2026-10-01 01:05:37,AK607,AXM607,607,AK,AXM,N/A,9M-VAH,750586,MY,PER,YPPH,N/A,KUL,WMKK,N/A,0.058068,102.096701,346.9,11084,36364.8,838,452.5,0,0.0,Cruising,0,0,N/A,1790791531,en-route
2026-10-01 01:05:37,SQ478,SIA478,478,SQ,SIA,N/A,9V-SMB,76CDA2,SG,SIN,WSSS,N/A,JNB,FAOR,N/A,0.321158,101.250356,242.7,9872,32388.5,929,501.6,16,3149.6,Climbing (Takeoff),0,0,N/A,1790791531,en-route
2026-10-01 02:05:39,NONE,NONE,NONE,N/A,N/A,N/A,N/A,N/A,N/A,N/A,N/A,N/A,N/A,N/A,N/A,0.4608,101.4447,0,0,0,0,0,0,0,No Flights,0,0,N/A,0,no_flights
2026-10-01 03:05:33,NONE,NONE,NONE,N/A,N/A,N/A,N/A,N/A,N/A,N/A,N/A,N/A,N/A,N/A,N/A,0.4608,101.4447,0,0,0,0,0,0,0,No Flights,0,0,N/A,0,no_flights
2026-10-01 04:05:33,SQ479,SIA479,479,SQ,SIA,N/A,9V-SJA,76CD41,SG,JNB,FAOR,N/A,SIN,WSSS,N/A,-0.03469,100.693484,66.2,12623,41414.0,869,469.2,0,0,Cruising,0,0,N/A,1790802323,en-route
2026-10-01 05:05:38,NONE,NONE,NONE,N/A,N/A,N/A,N/A,N/A,N/A,N/A,N/A,N/A,N/A,N/A,N/A,0.4608,101.4447,0,0,0,0,0,0,0,No Flights,0,0,N/A,0,no_flights
2026-10-01 06:05:40,QR958,QTR958,958,QR,QTR,N/A,A7-ALN,06A102,QA,DOH,OTHH,N/A,CGK,WIII,N/A,0.232423,101.387768,134.5,12638,41463.3,888,479.5,0,0,Cruising,0,0,N/A,1790809533,en-route
2026-10-01 06:05:40,SV816,SVA816,816,SV,SVA,N/A,HZ-AK33,7100C1,SA,JED,OEJN,N/A,CGK,WIII,N/A,-0.041769,101.694533,134.6,10748,35262.5,931,502.7,0,0,Cruising,0,0,N/A,1790809518,en-route
2026-10-01 07:05:32,AK403,AXM403,403,AK,AXM,N/A,9M-AQS,7502BC,MY,KUL,WMKK,N/A,PDG,WIPT,N/A,0.475422,101.137809,204.5,11076,36338.6,827,446.5,0,0,Cruising,0,0,N/A,1790813130,en-route
2026-10-01 07:05:32,QG810,CTV810,810,QG,CTV,N/A,PK-GLK,8A0374,ID,KNO,WIMM,N/A,BDO,WICC,N/A,0.980098,101.48172,135.6,12036,39488.2,822,443.8,0,0,Cruising,0,0,N/A,1790813100,en-route
2026-10-01 07:05:32,QG936,CTV936,936,QG,CTV,N/A,N/A,8A0509,ID,CGK,WIII,N/A,PKU,WIBB,N/A,0.243982,101.43165,11.0,802,2631.2,312,168.5,0,0,Cruising,0,0,N/A,1790813010,en-route
2026-10-01 08:05:36,AK432,AXM432,432,AK,AXM,N/A,9M-AGT,750466,MY,PKU,WIBB,N/A,KUL,WMKK,N/A,1.126815,101.48919,4.9,6001,19688.3,759,409.8,34,6692.9,Climbing (Takeoff),0,0,N/A,1790816734,en-route
2026-10-01 08:05:36,IU956,SJV956,956,IU,SJV,N/A,PK-SJT,8A0972,ID,CGK,WIII,N/A,DTB,WIMN,N/A,-0.202868,100.827666,317.5,11114,36463.3,852,460.0,0,0.0,Cruising,0,0,N/A,1790816734,en-route
2026-10-01 08:05:36,ID6899,BTK6899,6899,ID,BTK,N/A,PK-BKR,8A09A1,ID,BTJ,WITT,N/A,CGK,WIII,N/A,1.228408,100.857016,131.1,11389,37365.5,822,443.8,0,0.0,Cruising,0,0,N/A,1790816734,en-route
2026-10-01 08:05:36,IP320,PAS320,320,IP,PAS,N/A,PK-PWN,8A0A44,ID,CGK,WIII,N/A,PKU,WIBB,N/A,0.40668,101.443024,334.0,277,908.8,0,0.0,-14,-2755.9,Descending (Landing/Approach),0,0,N/A,1790816304,en-route
2026-10-01 09:06:18,AK462,AXM462,462,AK,AXM,N/A,9M-RAH,750492,MY,KUL,WMKK,N/A,PLM,WIPP,N/A,0.291075,102.350678,152.0,11419,37463.9,779,420.6,0,0.0,Cruising,0,0,N/A,1790820376,en-route
2026-10-01 09:06:18,MH840,MAS840,840,MH,MAS,N/A,9M-MXU,75021F,MY,PKU,WIBB,N/A,KUL,WMKK,N/A,1.109125,101.459263,6.4,5917,19412.7,732,395.2,10,1968.5,Climbing (Takeoff),0,0,N/A,1790820376,en-route
2026-10-01 09:06:18,JT201,LNI201,201,JT,LNI,N/A,PK-LRF,8A097B,ID,KNO,WIMM,N/A,CGK,WIII,N/A,0.85087,101.462447,133.3,11404,37414.7,841,454.1,0,0.0,Cruising,0,0,N/A,1790820376,en-route
2026-10-01 09:06:18,QG883,CTV883,883,QG,CTV,N/A,PK-GTI,8A074D,ID,KNO,WIMM,N/A,CGK,WIII,N/A,0.441776,101.839924,132.0,12051,39537.4,821,443.3,0,0.0,Cruising,0,0,N/A,1790820376,en-route
2026-10-01 09:06:18,GA172,GIA172,172,GA,GIA,N/A,PK-GNE,8A043A,ID,CGK,WIII,N/A,PKU,WIBB,N/A,-0.138432,101.863234,323.5,6923,22713.3,760,410.4,-47,-9251.9,Descending (Landing/Approach),0,0,N/A,1790820376,en-route
2026-10-01 09:06:18,IU933,SJV933,933,IU,SJV,N/A,PK-STR,8A09C6,ID,YIA,WAHI,N/A,PLM,WIPP,N/A,-0.345691,102.120235,313.7,7053,23139.8,682,368.3,-38,-7480.3,Descending (Landing/Approach),0,0,N/A,1790820376,en-route
2026-10-01 10:05:32,IU957,SJV957,957,IU,SJV,N/A,PK-SJT,8A0972,ID,DTB,WIMN,N/A,CGK,WIII,N/A,1.445971,101.101185,136.6,10985,36040.0,834,450.3,26,5118.1,Climbing (Takeoff),0,0,N/A,1790823923,en-route
2026-10-01 10:05:32,TR256,TGW256,256,TR,TGW,N/A,9V-THA,76D101,SG,SIN,WSSS,N/A,PKU,WIBB,N/A,0.6209,102.08355,231.5,3400,11154.9,599,323.4,-29,-5708.6,Descending (Landing/Approach),0,0,N/A,1790823923,en-route
2026-10-01 10:05:32,JT238,LNI238,238,JT,LNI,N/A,PK-LHS,8A0285,ID,PKU,WIBB,N/A,BTH,WIDD,N/A,0.57669,102.240789,95.5,6832,22414.7,733,395.8,0,0.0,Cruising,0,0,N/A,1790823923,en-route
2026-10-01 10:05:32,IU833,SJV833,833,IU,SJV,N/A,PK-STC,8A096E,ID,KNO,WIMM,N/A,PKU,WIBB,N/A,0.403332,101.44288,3.0,307,1007.2,266,143.6,0,0.0,Cruising,0,0,N/A,1790823913,en-route
2026-10-01 11:05:36,AK406,AXM406,406,AK,AXM,N/A,9M-AGH,750441,MY,KUL,WMKK,N/A,PDG,WIPT,N/A,-0.029437,101.421276,204.6,10413,34163.4,856,462.2,-15,-2952.8,Descending (Landing/Approach),0,0,N/A,1790827524,en-route
2026-10-01 11:05:36,GA185,GIA185,185,GA,GIA,N/A,PK-GUE,8A09F0,ID,KNO,WIMM,N/A,CGK,WIII,N/A,1.383898,100.966323,137.8,12051,39537.4,809,436.8,0,0.0,Cruising,0,0,N/A,1790827524,en-route
2026-10-01 11:05:36,ID6857,BTK6857,6857,ID,BTK,N/A,PK-LUT,8A0638,ID,PKU,WIBB,N/A,CGK,WIII,N/A,-0.160596,102.367033,137.8,7106,23313.6,773,417.4,18,3543.3,Climbing (Takeoff),0,0,N/A,1790827524,en-route
2026-10-01 11:05:36,ID7010,BTK7010,7010,ID,BTK,N/A,PK-BDF,8A07CE,ID,KNO,WIMM,N/A,CGK,WIII,N/A,-0.153403,102.40064,138.1,12051,39537.4,821,443.3,0,0.0,Cruising,0,0,N/A,1790827524,en-route
2026-10-01 12:05:33,JT113,LNI113,113,JT,LNI,N/A,PK-LES,8A083B,ID,JED,OEJN,N/A,CGK,WIII,N/A,-0.314583,102.261596,118.4,12067,39589.9,868,468.7,0,0,Cruising,0,0,N/A,1790831125,en-route
2026-10-01 12:05:33,JT229,LNI229,229,JT,LNI,N/A,PK-LHS,8A0285,ID,BTH,WIDD,N/A,PDG,WIEE,N/A,-0.100698,101.653544,244.0,8554,28064.3,835,450.9,0,0,Cruising,0,0,N/A,1790831087,en-route
2026-10-01 13:05:30,JT156,LNI156,156,JT,LNI,N/A,PK-LOJ,8A0455,ID,PDG,WIPT,N/A,KUL,WMKK,N/A,1.453372,100.923625,9.1,8150,26738.8,778,420.1,0,0.0,Cruising,0,0,N/A,1790834723,en-route
2026-10-01 13:05:30,GA186,GIA186,186,GA,GIA,N/A,PK-GUM,8A0AD6,ID,CGK,WIII,N/A,KNO,WIMM,N/A,0.148055,100.965088,320.4,11731,38487.5,861,464.9,0,0.0,Cruising,0,0,N/A,1790834723,en-route
2026-10-01 13:05:30,IU961,SJV961,961,IU,SJV,N/A,PK-STS,8A09C4,ID,DTB,WIMN,N/A,BTH,WIDD,N/A,0.55338,101.269659,127.6,8813,28914.0,786,424.4,0,0.0,Cruising,0,0,N/A,1790834723,en-route
2026-10-01 13:05:30,6E1601,IGO1601,1601,6E,IGO,N/A,VT-IQS,80164C,IN,BOM,VABB,N/A,CGK,WIII,N/A,-0.027479,101.865434,136.5,11427,37490.2,840,453.6,0,0.0,Cruising,0,0,N/A,1790834723,en-route
2026-10-01 13:05:30,JT972,LNI972,972,JT,LNI,N/A,PK-LJG,8A02A5,ID,KNO,WIMM,N/A,BTH,WIDD,N/A,1.34414,102.411867,121.9,9560,31364.8,824,444.9,-22,-4330.7,Descending (Landing/Approach),0,0,N/A,1790834723,en-route
2026-10-01 13:05:30,IU362,SJV362,362,IU,SJV,N/A,PK-SJE,8A0908,ID,SUB,WARR,N/A,KNO,WIMM,N/A,0.535038,100.655921,319.6,11099,36414.0,863,466.0,0,0.0,Cruising,0,0,N/A,1790834706,en-route
2026-10-01 14:05:35,AK347,AXM347,347,AK,AXM,N/A,9M-AHR,750094,MY,YIA,WAHI,N/A,KUL,WMKK,N/A,1.208925,101.944845,20.2,8142,26712.6,788,425.5,0,0,Cruising,0,0,N/A,1790838334,en-route
2026-10-01 14:05:35,SV821,SVA821,821,SV,SVA,N/A,HZ-AZE,4D24DB,SA,CGK,WIII,N/A,MED,OEMA,N/A,-0.027501,100.546116,309.0,9804,32165.4,965,521.1,0,0,Cruising,0,0,N/A,1790838306,en-route
2026-10-01 14:05:35,QR956,QTR956,956,QR,QTR,N/A,A7-ALT,06A108,QA,DOH,OTHH,N/A,CGK,WIII,N/A,-0.237041,100.963955,127.0,11907,39065.0,892,481.6,0,0,Cruising,0,0,N/A,1790838299,en-route
2026-10-01 14:05:35,IW1233,WON1233,1233,IW,WON,N/A,PK-WHT,8A05CA,ID,GNS,WIMB,N/A,PKU,WIBB,N/A,0.416605,100.690827,106.0,4460,14632.5,501,270.5,0,0,Cruising,0,0,N/A,1790838299,en-route
2026-10-01 15:05:33,QG918,CTV918,918,QG,CTV,N/A,PK-GQH,8A04AB,ID,CGK,WIII,N/A,KNO,WIMM,N/A,-0.277437,101.090175,324.4,11747,38540.0,851,459.5,0,0.0,Cruising,0,0,N/A,1790841925,en-route
2026-10-01 15:05:33,GA177,GIA177,177,GA,GIA,N/A,PK-GMC,8A01DD,ID,PKU,WIBB,N/A,CGK,WIII,N/A,0.07987,101.979814,126.0,5933,19465.2,700,378.0,43,8464.5,Climbing (Takeoff),0,0,N/A,1790841907,en-route
2026-10-01 15:05:33,IU959,SJV959,959,IU,SJV,N/A,PK-SJF,8A090A,ID,DTB,WIMN,N/A,CGK,WIII,N/A,0.609499,101.349961,135.3,11419,37463.9,827,446.5,13,2559.0,Climbing (Takeoff),0,0,N/A,1790841928,en-route
2026-10-01 15:05:33,8B662,TNU662,662,8B,TNU,N/A,PK-TJD,8A0A84,ID,KUL,WMKK,N/A,TKG,WILL,N/A,0.062242,102.306793,142.3,11396,37388.5,781,421.7,0,0.0,Cruising,0,0,N/A,1790841928,en-route
2026-10-01 16:05:37,GA189,GIA189,189,GA,GIA,N/A,PK-GUM,8A0AD6,ID,KNO,WIMM,N/A,CGK,WIII,N/A,0.006209,100.730902,162.7,10756,35288.7,821,443.3,0,0.0,Cruising,0,0,N/A,1790845528,en-route
2026-10-01 16:05:37,IU912,SJV912,912,IU,SJV,N/A,PK-SAA,8A08C5,ID,CGK,WIII,N/A,PKU,WIBB,N/A,0.623698,101.44948,183.0,802,2631.2,283,152.8,-20,-3937.0,Descending (Landing/Approach),0,0,N/A,1790845488,en-route
2026-10-01 17:05:35,ID6898,BTK6898,6898,ID,BTK,N/A,PK-LAW,8A051F,ID,CGK,WIII,N/A,BTJ,WITT,N/A,0.758574,100.55124,324,11731,38487.5,867,468.1,0,0.0,Cruising,0,0,N/A,1790849115,en-route
2026-10-01 17:05:35,6E1602,IGO1602,1602,6E,IGO,N/A,VT-IQS,80164C,IN,CGK,WIII,N/A,BOM,VABB,N/A,-0.114107,101.383826,317,11091,36387.8,869,469.2,0,0.0,Cruising,0,0,N/A,1790849129,en-route
2026-10-01 17:05:35,ID6854,BTK6854,6854,ID,BTK,N/A,PK-PBO,8A093C,ID,CGK,WIII,N/A,PKU,WIBB,N/A,0.130888,101.666917,348,3210,10531.5,596,321.8,-26,-5118.1,Descending (Landing/Approach),0,0,N/A,1790849122,en-route
2026-10-01 17:05:35,GA176,GIA176,176,GA,GIA,N/A,N/A,8A028E,ID,CGK,WIII,N/A,PKU,WIBB,N/A,0.478868,101.44505,183,124,406.8,298,160.9,0,0.0,Cruising,0,0,N/A,1790849119,en-route
2026-10-01 18:05:38,JT309,LNI309,309,JT,LNI,N/A,PK-LHY,8A0295,ID,KNO,WIMM,N/A,CGK,WIII,N/A,0.661356,102.154918,131.4,10764,35315.0,811,437.9,0,0.0,Cruising,0,0,N/A,1790852731,en-route
2026-10-01 18:05:38,QG923,CTV923,923,QG,CTV,N/A,PK-GQG,8A04AA,ID,KNO,WIMM,N/A,BTH,WIDD,N/A,1.37063,102.207736,111.5,11434,37513.1,808,436.3,0,0.0,Cruising,0,0,N/A,1790852731,en-route
2026-10-01 18:05:38,AK374,AXM374,374,AK,AXM,N/A,9M-AQQ,7502B8,MY,KUL,WMKK,N/A,DPS,WADD,N/A,1.386744,102.353212,108.2,8531,27988.8,765,413.1,23,4527.6,Climbing (Takeoff),0,0,N/A,1790852731,en-route
2026-10-01 18:05:38,GA179,GIA179,179,GA,GIA,N/A,PK-GFQ,8A028E,ID,PKU,WIBB,N/A,CGK,WIII,N/A,0.3852,101.736021,114.7,4261,13979.7,507,273.8,43,8464.5,Climbing (Takeoff),0,0,N/A,1790852731,en-route
2026-10-01 19:05:42,IU948,SJV948,948,IU,SJV,N/A,PK-SJF,8A090A,ID,CGK,WIII,N/A,KNO,WIMM,N/A,-0.476469,101.923327,343.5,11091,36387.8,860,464.4,0,0,Cruising,0,0,N/A,1790856338,en-route
2026-10-01 20:05:40,QG914,CTV914,914,QG,CTV,N/A,PK-GQU,8A064E,ID,CGK,WIII,N/A,KNO,WIMM,N/A,0.74601,101.200215,303.1,11762,38589.2,870,469.8,-6,-1181.1,Descending (Landing/Approach),0,0,N/A,1790859929,en-route
2026-10-01 20:05:40,OD336,MXD336,336,OD,MXD,N/A,9M-LNR,75056A,MY,KUL,WMKK,N/A,PKU,WIBB,N/A,0.95498,101.399742,247.9,5117,16788.1,732,395.2,-56,-11023.6,Descending (Landing/Approach),0,0,N/A,1790859887,en-route
2026-10-01 21:05:41,SV826,SVA826,826,SV,SVA,N/A,HZ-AK15,710057,SA,JED,OEJN,N/A,CGK,WIII,N/A,0.137917,101.670093,136,10688,35065.6,896,483.8,0,0,Cruising,0,0,N/A,1790863520,en-route
2026-10-01 22:05:38,QG882,CTV882,882,QG,CTV,N/A,PK-GLZ,8A04A4,ID,CGK,WIII,N/A,KNO,WIMM,N/A,0.770981,100.828321,329.9,11762,38589.2,863,466.0,6,1181.1,Climbing (Takeoff),0,0,N/A,1790867127,en-route
2026-10-01 22:05:38,SQ468,SIA468,468,SQ,SIA,N/A,9V-SCO,76CC6F,SG,SIN,WSSS,N/A,CMB,VCBI,N/A,0.942313,100.842257,282.0,11114,36463.3,968,522.7,0,0.0,Cruising,0,0,N/A,1790867081,en-route
2026-10-01 22:05:38,QG915,CTV915,915,QG,CTV,N/A,PK-GQU,8A064E,ID,KNO,WIMM,N/A,CGK,WIII,N/A,1.383614,100.939697,134.0,11686,38339.9,800,432.0,0,0.0,Cruising,0,0,N/A,1790867127,en-route
2026-10-01 23:05:38,NONE,NONE,NONE,N/A,N/A,N/A,N/A,N/A,N/A,N/A,N/A,N/A,N/A,N/A,N/A,0.4608,101.4447,0,0,0,0,0,0,0,No Flights,0,0,N/A,0,no_flights
2026-10-02 00:05:34,NONE,NONE,NONE,N/A,N/A,N/A,N/A,N/A,N/A,N/A,N/A,N/A,N/A,N/A,N/A,0.4608,101.4447,0,0,0,0,0,0,0,No Flights,0,0,N/A,0,no_flights
2026-10-02 01:05:35,SV822,SVA822,822,SV,SVA,N/A,HZ-AK32,7100C0,SA,JED,OEJN,N/A,CGK,WIII,N/A,0.589405,100.575426,131.1,11396,37388.5,917,495.1,0,0.0,Cruising,0,0,N/A,1790877924,en-route
2026-10-02 01:05:35,SQ478,SIA478,478,SQ,SIA,N/A,9V-SMU,76CDB5,SG,SIN,WSSS,N/A,JNB,FAOR,N/A,0.523447,101.737199,252.8,9994,32788.7,906,489.2,8,1574.8,Climbing (Takeoff),0,0,N/A,1790877924,en-route
2026-10-02 02:05:38,MS978,MSR978,978,MS,MSR,N/A,SU-GEU,0101DE,EG,CGK,WIII,N/A,CAI,HECA,N/A,-0.428499,102.011596,320,11084,36364.8,956,516.2,0,0,Cruising,0,0,N/A,1790881524,en-route
2026-10-02 03:05:45,NONE,NONE,NONE,N/A,N/A,N/A,N/A,N/A,N/A,N/A,N/A,N/A,N/A,N/A,N/A,0.4608,101.4447,0,0,0,0,0,0,0,No Flights,0,0,N/A,0,no_flights
2026-10-02 04:06:50,SQ479,SIA479,479,SQ,SIA,N/A,9V-SMB,76CDA2,SG,JNB,FAOR,N/A,SIN,WSSS,N/A,0.471953,101.580317,72.8,12684,41614.2,890,480.6,-19,-3740.2,Descending (Landing/Approach),0,0,N/A,1790888802,en-route
2026-10-02 05:05:39,NONE,NONE,NONE,N/A,N/A,N/A,N/A,N/A,N/A,N/A,N/A,N/A,N/A,N/A,N/A,0.4608,101.4447,0,0,0,0,0,0,0,No Flights,0,0,N/A,0,no_flights
2026-10-02 06:05:42,SV816,SVA816,816,SV,SVA,N/A,HZ-AK33,7100C1,SA,JED,OEJN,N/A,CGK,WIII,N/A,0.472773,100.972798,133.1,11411,37437.7,931,502.7,0,0,Cruising,0,0,N/A,1790895938,en-route
2026-10-02 07:05:35,AK433,AXM433,433,AK,AXM,N/A,9M-AHR,750094,MY,KUL,WMKK,N/A,PKU,WIBB,N/A,0.389052,101.44249,3.0,368,1207.3,264,142.5,0,0,Cruising,0,0,N/A,1790899488,en-route
2026-10-02 07:05:35,QG810,CTV810,810,QG,CTV,N/A,PK-GLZ,8A04A4,ID,KNO,WIMM,N/A,BDO,WICC,N/A,0.788989,101.550135,133.7,12067,39589.9,808,436.3,0,0,Cruising,0,0,N/A,1790899532,en-route
2026-10-02 07:05:35,QG936,CTV936,936,QG,CTV,N/A,PK-GQR,8A061C,ID,CGK,WIII,N/A,PKU,WIBB,N/A,-0.122896,101.663649,321.0,2753,9032.2,574,309.9,0,0,Cruising,0,0,N/A,1790899488,en-route
2026-10-02 08:05:35,QZ724,AWQ724,724,QZ,AWQ,N/A,PK-AZO,8A07AD,ID,CGK,WIII,N/A,DTB,WIMN,N/A,-0.038622,101.189889,319.1,12379,40613.5,823,444.4,5,984.2,Climbing (Takeoff),0,0,N/A,1790903128,en-route
2026-10-02 08:05:35,ID6899,BTK6899,6899,ID,BTK,N/A,PK-LAW,8A051F,ID,BTJ,WITT,N/A,CGK,WIII,N/A,0.603961,101.238142,134.6,11427,37490.2,835,450.9,0,0.0,Cruising,0,0,N/A,1790903128,en-route
2026-10-02 08:05:35,MK646,MAU646,646,MK,MAU,N/A,3B-NBU,060035,MU,MRU,FIMP,N/A,KUL,WMKK,N/A,0.595374,101.437673,18.9,12067,39589.9,883,476.8,0,0.0,Cruising,0,0,N/A,1790903128,en-route
2026-10-02 08:05:35,JT393,LNI393,393,JT,LNI,N/A,PK-LRI,8A097C,ID,PKU,WIBB,N/A,CGK,WIII,N/A,0.068104,102.054531,127.0,5864,19238.8,684,369.3,27,5314.9,Climbing (Takeoff),0,0,N/A,1790903128,en-route
2026-10-02 09:05:33,SQ462,SIA462,462,SQ,SIA,N/A,9V-MBE,76B445,SG,SIN,WSSS,N/A,CMB,VCBI,N/A,0.73395,100.728748,294.3,12166,39914.7,846,456.8,16,3149.6,Climbing (Takeoff),0,0,N/A,1790906721,en-route
2026-10-02 09:05:33,JT201,LNI201,201,JT,LNI,N/A,PK-LSU,8A0966,ID,KNO,WIMM,N/A,CGK,WIII,N/A,0.388466,101.845123,130.9,10779,35364.2,848,457.9,0,0.0,Cruising,0,0,N/A,1790906721,en-route
2026-10-02 10:05:39,QG885,CTV885,885,QG,CTV,N/A,PK-GLW,8A03B1,ID,DTB,WIMN,N/A,CGK,WIII,N/A,1.290834,100.700412,135.7,11168,36640.4,861,464.9,25,4921.2,Climbing (Takeoff),0,0,N/A,1790910334,en-route
2026-10-02 10:05:39,IP342,PAS342,342,IP,PAS,N/A,PK-PWL,8A09E4,ID,CGK,WIII,N/A,BTJ,WITT,N/A,0.46656,100.757592,318.8,12402,40689.0,843,455.2,0,0.0,Cruising,0,0,N/A,1790910334,en-route
2026-10-02 10:05:39,IU957,SJV957,957,IU,SJV,N/A,PK-SAL,8A08B6,ID,DTB,WIMN,N/A,CGK,WIII,N/A,0.476869,101.77158,131.4,11434,37513.1,842,454.6,0,0.0,Cruising,0,0,N/A,1790910334,en-route
2026-10-02 10:05:39,SQ432,SIA432,432,SQ,SIA,N/A,9V-SMS,76CDB3,SG,SIN,WSSS,N/A,MLE,VRMM,N/A,0.726491,102.42765,261.6,9796,32139.1,903,487.6,0,0.0,Cruising,0,0,N/A,1790910334,en-route
2026-10-02 10:05:39,GA820,GIA820,820,GA,GIA,N/A,PK-GMF,8A01E0,ID,CGK,WIII,N/A,KUL,WMKK,N/A,0.569288,101.57912,360.0,10992,36063.0,837,451.9,0,0.0,Cruising,0,0,N/A,1790910289,en-route
2026-10-02 10:05:39,IU833,SJV833,833,IU,SJV,N/A,PK-SJC,8A09C3,ID,KNO,WIMM,N/A,PKU,WIBB,N/A,0.443252,101.44403,4.0,33,108.3,175,94.5,-29,-5708.6,Descending (Landing/Approach),0,0,N/A,1790910266,en-route
2026-10-02 11:05:35,WY849,OMA849,849,WY,OMA,N/A,A4O-SC,70C0EE,OM,MCT,OOMS,N/A,CGK,WIII,N/A,0.135084,100.735219,128.4,12692,41640.4,906,489.2,0,0,Cruising,0,0,N/A,1790913932,en-route
2026-10-02 11:05:35,GA185,GIA185,185,GA,GIA,N/A,PK-GUD,8A09EF,ID,KNO,WIMM,N/A,CGK,WIII,N/A,1.393621,101.06495,135.6,10764,35315.0,817,441.1,0,0,Cruising,0,0,N/A,1790913932,en-route
2026-10-02 12:05:33,IU994,SJV994,994,IU,SJV,N/A,PK-SGD,8A0909,ID,CGK,WIII,N/A,BTJ,WITT,N/A,0.593787,100.674816,317.9,11137,36538.7,864,466.5,0,0.0,Cruising,0,0,N/A,1790917525,en-route
2026-10-02 12:05:33,JT229,LNI229,229,JT,LNI,N/A,PK-LHS,8A0285,ID,BTH,WIDD,N/A,PDG,WIPT,N/A,-0.102006,101.371734,236.5,8935,29314.3,820,442.8,-15,-2952.8,Descending (Landing/Approach),0,0,N/A,1790917519,en-route
2026-10-02 13:05:31,EK368,UAE368,368,EK,UAE,N/A,A6-EVA,8964AF,AE,DXB,OMDB,N/A,DPS,WADD,N/A,1.076284,101.646873,126.7,12692,41640.4,891,481.1,0,0.0,Cruising,0,0,N/A,1790921121,en-route
2026-10-02 13:05:31,GA186,GIA186,186,GA,GIA,N/A,PK-GMX,8A02D6,ID,CGK,WIII,N/A,KNO,WIMM,N/A,-0.028802,101.911772,320.8,11754,38563.0,848,457.9,0,0.0,Cruising,0,0,N/A,1790921121,en-route
2026-10-02 13:05:31,IP322,PAS322,322,IP,PAS,N/A,PK-PWO,8A0A4A,ID,CGK,WIII,N/A,PKU,WIBB,N/A,0.316692,101.44056,0.0,802,2631.2,351,189.5,-23,-4527.6,Descending (Landing/Approach),0,0,N/A,1790921099,en-route
2026-10-02 13:05:31,IU964,SJV964,964,IU,SJV,N/A,PK-SAH,8A090B,ID,PLM,WIPP,N/A,KNO,WIMM,N/A,0.459287,101.43643,318.4,11122,36489.5,858,463.3,0,0.0,Cruising,0,0,N/A,1790921121,en-route
2026-10-02 14:05:35,SQ482,SIA482,482,SQ,SIA,N/A,9V-SMF,76CDA6,SG,SIN,WSSS,N/A,JNB,FAOR,N/A,0.707865,102.031955,243.4,8981,29465.2,875,472.5,15,2952.8,Climbing (Takeoff),0,0,N/A,1790924732,en-route
2026-10-02 14:05:35,SV856,SVA856,856,SV,SVA,N/A,HZ-AR24,7105AB,SA,JED,WSSS,N/A,SIN,WADD,N/A,1.365548,102.2197,112.3,12067,39589.9,898,484.9,0,0.0,Cruising,0,0,N/A,1790924732,en-route
2026-10-02 15:05:38,AK429,AXM429,429,AK,AXM,N/A,9M-AGJ,750452,MY,KUL,WMKK,N/A,PKU,WIBB,N/A,0.975952,101.490328,186.0,2448,8031.5,605,326.7,-62,-12204.7,Descending (Landing/Approach),0,0,N/A,1790928291,en-route
2026-10-02 15:05:38,IU959,SJV959,959,IU,SJV,N/A,PK-STC,8A096E,ID,DTB,WIMN,N/A,CGK,WIII,N/A,0.570861,101.515344,122.3,11427,37490.2,815,440.1,0,0.0,Cruising,0,0,N/A,1790928330,en-route
2026-10-02 15:05:38,QG919,CTV919,919,QG,CTV,N/A,PK-GTA,8A064C,ID,KNO,WIMM,N/A,CGK,WIII,N/A,0.669558,101.944758,138.4,12067,39589.9,832,449.2,0,0.0,Cruising,0,0,N/A,1790928335,en-route
2026-10-02 15:05:38,IW1232,WON1232,1232,IW,WON,N/A,PK-WFT,8A0297,ID,PKU,WIBB,N/A,GNS,WIMB,N/A,0.558393,100.754032,280.0,4063,13330.1,411,221.9,0,0.0,Cruising,0,0,N/A,1790928291,en-route
2026-10-02 16:05:35,AK405,AXM405,405,AK,AXM,N/A,9M-AHR,750094,MY,KUL,WMKK,N/A,PDG,WIPT,N/A,0.41602,100.984997,198.2,10451,34288.1,785,423.9,0,0.0,Cruising,0,0,N/A,1790931921,en-route
2026-10-02 16:05:35,JT973,LNI973,973,JT,LNI,N/A,PK-LJG,8A02A5,ID,BTH,WIDD,N/A,KNO,WIMM,N/A,1.136865,101.566366,318.3,9148,30013.1,832,449.2,0,0.0,Cruising,0,0,N/A,1790931934,en-route
2026-10-02 16:05:35,QG918,CTV918,918,QG,CTV,N/A,PK-GQR,8A061C,ID,CGK,WIII,N/A,KNO,WIMM,N/A,0.189255,101.698567,325.8,11731,38487.5,847,457.3,0,0.0,Cruising,0,0,N/A,1790931934,en-route
2026-10-02 16:05:35,JT101,LNI101,101,JT,LNI,N/A,PK-LEU,8A08B2,ID,JED,OEJN,N/A,SUB,WARR,N/A,0.012997,102.159881,100.9,12059,39563.6,840,453.6,0,0.0,Cruising,0,0,N/A,1790931934,en-route
2026-10-02 16:05:35,GA189,GIA189,189,GA,GIA,N/A,PK-GMX,8A02D6,ID,KNO,WIMM,N/A,CGK,WIII,N/A,0.730805,102.221043,145.9,11427,37490.2,817,441.1,10,1968.5,Climbing (Takeoff),0,0,N/A,1790931934,en-route
2026-10-02 16:05:35,JT237,LNI237,237,JT,LNI,N/A,PK-LHS,8A0285,ID,BTH,WIDD,N/A,PKU,WIBB,N/A,0.547387,102.308209,246.8,5254,17237.5,676,365.0,-36,-7086.6,Descending (Landing/Approach),0,0,N/A,1790931934,en-route
2026-10-02 17:05:35,6E1602,IGO1602,1602,6E,IGO,N/A,VT-IXH,8016BF,IN,CGK,WIII,N/A,BOM,VABB,N/A,0.727856,100.967322,315.0,11084,36364.8,922,497.8,0,0.0,Cruising,0,0,N/A,1790935526,en-route
2026-10-02 17:05:35,TR307,TGW307,307,TR,TGW,N/A,9V-THH,76D108,SG,PKU,WIBB,N/A,SIN,WSSS,N/A,0.684645,102.045106,87.5,7182,23563.0,660,356.4,34,6692.9,Climbing (Takeoff),0,0,N/A,1790935530,en-route
2026-10-02 17:05:35,ID6855,BTK6855,6855,ID,BTK,N/A,PK-BKM,8A093B,ID,PKU,WIBB,N/A,CGK,WIII,N/A,-0.384859,102.264212,134.4,8142,26712.6,744,401.7,23,4527.6,Climbing (Takeoff),0,0,N/A,1790935532,en-route
2026-10-02 17:05:35,GA147,GIA147,147,GA,GIA,N/A,PK-GMW,8A02D5,ID,BTJ,WITT,N/A,CGK,WIII,N/A,0.185543,102.429101,139.8,12692,41640.4,821,443.3,0,0.0,Cruising,0,0,N/A,1790935532,en-route
2026-10-02 17:05:35,GA176,GIA176,176,GA,GIA,N/A,PK-GUJ,8A0A9E,ID,CGK,WIII,N/A,PKU,WIBB,N/A,0.449752,101.44422,3.0,63,206.7,292,157.7,0,0.0,Cruising,0,0,N/A,1790935525,en-route
2026-10-02 18:05:36,QG886,CTV886,886,QG,CTV,N/A,PK-GTF,8A06D0,ID,CGK,WIII,N/A,KNO,WIMM,N/A,0.623164,101.025151,333.2,11754,38563.0,845,456.3,0,0,Cruising,0,0,N/A,1790939127,en-route
2026-10-02 18:05:36,GA121,GIA121,121,GA,GIA,N/A,PK-GUM,8A0AD6,ID,KNO,WIMM,N/A,CGK,WIII,N/A,1.210451,101.502884,139.2,11419,37463.9,817,441.1,0,0,Cruising,0,0,N/A,1790939127,en-route
2026-10-02 18:05:36,ID6898,BTK6898,6898,ID,BTK,N/A,PK-LUW,8A063B,ID,CGK,WIII,N/A,BTJ,WITT,N/A,0.261075,101.656341,313.4,11747,38540.0,862,465.4,0,0,Cruising,0,0,N/A,1790939127,en-route
2026-10-02 18:05:36,JT213,LNI213,213,JT,LNI,N/A,PK-LHY,8A0295,ID,KNO,WIMM,N/A,CGK,WIII,N/A,0.126701,102.405092,140.5,11427,37490.2,832,449.2,0,0,Cruising,0,0,N/A,1790939127,en-route
2026-10-02 18:05:36,QG32,CTV32,32,QG,CTV,N/A,PK-GLT,8A03AE,ID,HLP,WIHH,N/A,PKU,WIBB,N/A,-0.136168,101.769137,313.0,3118,10229.7,601,324.5,0,0,Cruising,0,0,N/A,1790939111,en-route
2026-10-02 19:05:34,AK349,AXM349,349,AK,AXM,N/A,9M-AQH,750287,MY,YIA,WAHI,N/A,KUL,WMKK,N/A,0.693758,101.952097,347.0,12410,40715.2,835,450.9,0,0.0,Cruising,0,0,N/A,1790942728,en-route
2026-10-02 19:05:34,MH127,MAS127,127,MH,MAS,N/A,9H-MNN,750598,MY,KUL,WMKK,N/A,PER,YPPH,N/A,1.106389,101.488099,185.0,8790,28838.6,801,432.5,30,5905.5,Climbing (Takeoff),0,0,N/A,1790942728,en-route
2026-10-02 19:05:34,SQ431,SIA431,431,SQ,SIA,N/A,9V-SMS,76CDB3,SG,MLE,VRMM,N/A,SIN,WSSS,N/A,1.424462,100.480974,112.9,13294,43615.5,890,480.6,0,0.0,Cruising,0,0,N/A,1790942728,en-route
2026-10-02 19:05:34,QG979,CTV979,979,QG,CTV,N/A,PK-GQA,8A04A5,ID,KNO,WIMM,N/A,CGK,WIII,N/A,0.582727,102.196871,142.1,11427,37490.2,808,436.3,0,0.0,Cruising,0,0,N/A,1790942728,en-route
2026-10-02 20:05:36,QG914,CTV914,914,QG,CTV,N/A,PK-GLY,8A03B3,ID,CGK,WIII,N/A,KNO,WIMM,N/A,0.963973,100.825172,333.9,11754,38563.0,848,457.9,0,0,Cruising,0,0,N/A,1790946334,en-route
2026-10-02 20:05:36,SQ438,SIA438,438,SQ,SIA,N/A,9V-SHQ,76CD11,SG,SIN,WSSS,N/A,MLE,VRMM,N/A,0.998784,101.358331,290.2,10444,34265.1,1006,543.2,0,0,Cruising,0,0,N/A,1790946331,en-route
2026-10-02 20:05:36,JQ69,JST69,69,JQ,JST,N/A,VH-OYQ,7C4A50,AU,PER,YPPH,N/A,HKT,VTSP,N/A,1.376567,101.382115,343.7,11122,36489.5,865,467.1,0,0,Cruising,0,0,N/A,1790946334,en-route
2026-10-02 20:05:36,IP307,PAS307,307,IP,PAS,N/A,PK-PWN,8A0A44,ID,KNO,WIMM,N/A,CGK,WIII,N/A,0.163293,102.146773,131.7,12067,39589.9,825,445.5,0,0,Cruising,0,0,N/A,1790946334,en-route
2026-10-02 20:05:36,QR954,QTR954,954,QR,QTR,N/A,A7-ALO,06A103,QA,DOH,OTHH,N/A,CGK,WIII,N/A,0.977038,100.644415,135.6,12692,41640.4,902,487.0,0,0,Cruising,0,0,N/A,1790946303,en-route
2026-10-02 21:05:37,GA196,GIA196,196,GA,GIA,N/A,PK-GNR,8A04F5,ID,CGK,WIII,N/A,KNO,WIMM,N/A,0.224162,101.005732,318.1,11770,38615.5,854,461.1,0,0,Cruising,0,0,N/A,1790949919,en-route
2026-10-02 22:05:39,SQ468,SIA468,468,SQ,SIA,N/A,9V-SCM,76CC6D,SG,SIN,WSSS,N/A,CMB,VCBI,N/A,0.757133,100.675284,294.2,10550,34612.9,997,538.3,13,2559.0,Climbing (Takeoff),0,0,N/A,1790953515,en-route
2026-10-02 22:05:39,QG882,CTV882,882,QG,CTV,N/A,PK-GLX,8A03B2,ID,CGK,WIII,N/A,KNO,WIMM,N/A,-0.468489,101.670026,317.7,11770,38615.5,872,470.8,0,0.0,Cruising,0,0,N/A,1790953532,en-route
2026-10-02 23:06:14,QG888,CTV888,888,QG,CTV,N/A,PK-GQI,8A0507,ID,CGK,WIII,N/A,KNO,WIMM,N/A,0.218995,101.025431,317.9,11770,38615.5,850,459.0,5,984.2,Climbing (Takeoff),0,0,N/A,1790957169,en-route
2026-10-03 00:05:39,NONE,NONE,NONE,N/A,N/A,N/A,N/A,N/A,N/A,N/A,N/A,N/A,N/A,N/A,N/A,0.4608,101.4447,0,0,0,0,0,0,0,No Flights,0,0,N/A,0,no_flights
2026-10-03 01:05:43,SQ478,SIA478,478,SQ,SIA,N/A,9V-SMJ,76CDAA,SG,SIN,WSSS,N/A,JNB,FAOR,N/A,-0.162057,101.063406,242.6,10558,34639.1,964,520.5,11,2165.3,Climbing (Takeoff),0,0,N/A,1790964300,en-route
2026-10-03 02:05:41,NONE,NONE,NONE,N/A,N/A,N/A,N/A,N/A,N/A,N/A,N/A,N/A,N/A,N/A,N/A,0.4608,101.4447,0,0,0,0,0,0,0,No Flights,0,0,N/A,0,no_flights
2026-10-03 03:05:39,NONE,NONE,NONE,N/A,N/A,N/A,N/A,N/A,N/A,N/A,N/A,N/A,N/A,N/A,N/A,0.4608,101.4447,0,0,0,0,0,0,0,No Flights,0,0,N/A,0,no_flights
2026-10-03 04:05:35,NONE,NONE,NONE,N/A,N/A,N/A,N/A,N/A,N/A,N/A,N/A,N/A,N/A,N/A,N/A,0.4608,101.4447,0,0,0,0,0,0,0,No Flights,0,0,N/A,0,no_flights
2026-10-03 05:05:43,SQ437,SIA437,437,SQ,SIA,N/A,9V-SHQ,76CD11,SG,MLE,VRMM,N/A,SIN,WSSS,N/A,0.697632,102.165577,89.7,9918,32539.4,792,427.6,-18,-3543.3,Descending (Landing/Approach),0,0,N/A,1790978739,en-route
2026-10-03 06:05:35,SV816,SVA816,816,SV,SVA,N/A,HZ-AK28,710106,SA,JED,OEJN,N/A,CGK,WIII,N/A,-0.393413,101.67336,130.7,11404,37414.7,910,491.4,0,0,Cruising,0,0,N/A,1790982330,en-route
2026-10-03 06:05:35,QR958,QTR958,958,QR,QTR,N/A,A7-ALM,06A101,QA,DOH,OTHH,N/A,CGK,WIII,N/A,0.089181,101.767886,136.7,12661,41538.7,912,492.4,0,0,Cruising,0,0,N/A,1790982325,en-route
2026-10-03 07:05:36,JT209,LNI209,209,JT,LNI,N/A,PK-LGL,8A01CD,ID,KNO,WIMM,N/A,CGK,WIII,N/A,0.182727,101.687092,134.6,11404,37414.7,843,455.2,0,0.0,Cruising,0,0,N/A,1790985929,en-route
2026-10-03 07:05:36,QG936,CTV936,936,QG,CTV,N/A,PK-GLW,8A03B1,ID,CGK,WIII,N/A,PKU,WIBB,N/A,0.034932,101.555759,329.0,1930,6332.0,544,293.7,-26,-5118.1,Descending (Landing/Approach),0,0,N/A,1790985885,en-route
2026-10-03 08:05:41,IU956,SJV956,956,IU,SJV,N/A,PK-SJJ,8A08B8,ID,CGK,WIII,N/A,DTB,WIMN,N/A,-0.172649,100.787568,317.6,12379,40613.5,833,449.8,0,0,Cruising,0,0,N/A,1790989525,en-route
2026-10-03 08:05:41,ID6899,BTK6899,6899,ID,BTK,N/A,PK-LUW,8A063B,ID,BTJ,WITT,N/A,CGK,WIII,N/A,0.809531,100.807908,133.0,12067,39589.9,810,437.4,0,0,Cruising,0,0,N/A,1790989531,en-route
2026-10-03 09:05:41,QG883,CTV883,883,QG,CTV,N/A,PK-GQT,8A061E,ID,KNO,WIMM,N/A,CGK,WIII,N/A,1.037079,101.23467,133.0,11442,37539.4,825,445.5,0,0,Cruising,0,0,N/A,1790993093,en-route
2026-10-03 09:05:41,SQ462,SIA462,462,SQ,SIA,N/A,9V-MBH,76B448,SG,SIN,WSSS,N/A,CMB,VCBI,N/A,0.783835,101.415895,289.1,11099,36414.0,886,478.4,0,0,Cruising,0,0,N/A,1790993132,en-route
2026-10-03 10:05:35,AK431,AXM431,431,AK,AXM,N/A,9M-AFD,750109,MY,KUL,WMKK,N/A,PKU,WIBB,N/A,0.899,101.496015,161.9,5239,17188.3,627,338.6,0,0.0,Cruising,0,0,N/A,1790996730,en-route
2026-10-03 10:05:35,IU957,SJV957,957,IU,SJV,N/A,PK-SJJ,8A08B8,ID,DTB,WIMN,N/A,CGK,WIII,N/A,0.590132,101.526282,129.4,12074,39612.9,841,454.1,0,0.0,Cruising,0,0,N/A,1790996730,en-route
2026-10-03 10:05:35,SQ432,SIA432,432,SQ,SIA,N/A,9V-SMH,76CDA8,SG,SIN,WSSS,N/A,MLE,VRMM,N/A,0.55636,101.837146,252.8,11084,36364.8,965,521.1,5,984.2,Climbing (Takeoff),0,0,N/A,1790996730,en-route
2026-10-03 10:05:35,TR256,TGW256,256,TR,TGW,N/A,9V-THI,76D109,SG,SIN,WSSS,N/A,PKU,WIBB,N/A,0.480775,101.63274,212.0,2417,7929.8,453,244.6,-7,-1378.0,Descending (Landing/Approach),0,0,N/A,1790996699,en-route
2026-10-03 10:05:35,IU833,SJV833,833,IU,SJV,N/A,PK-SJC,8A09C3,ID,KNO,WIMM,N/A,PKU,WIBB,N/A,0.263311,101.384542,70.0,772,2532.8,400,216.0,-26,-5118.1,Descending (Landing/Approach),0,0,N/A,1790996699,en-route
2026-10-03 11:05:36,GA185,GIA185,185,GA,GIA,N/A,PK-GUE,8A09F0,ID,KNO,WIMM,N/A,CGK,WIII,N/A,1.15239,100.819558,129.7,11419,37463.9,828,447.1,0,0.0,Cruising,0,0,N/A,1791000325,en-route
2026-10-03 11:05:36,GA184,GIA184,184,GA,GIA,N/A,PK-GUM,8A0AD6,ID,CGK,WIII,N/A,KNO,WIMM,N/A,-0.406527,101.534329,319.0,11739,38513.8,837,451.9,0,0.0,Cruising,0,0,N/A,1791000325,en-route
2026-10-03 11:05:36,ID6857,BTK6857,6857,ID,BTK,N/A,PK-LUH,8A05EF,ID,PKU,WIBB,N/A,CGK,WIII,N/A,0.354065,101.741179,126.4,3896,12782.2,634,342.3,44,8661.4,Climbing (Takeoff),0,0,N/A,1791000325,en-route
2026-10-03 12:05:39,IU994,SJV994,994,IU,SJV,N/A,PK-SAL,8A08B6,ID,CGK,WIII,N/A,BTJ,WITT,N/A,-0.089938,101.249941,319,11731,38487.5,852,460.0,0,0,Cruising,0,0,N/A,1791003927,en-route
2026-10-03 13:05:33,GA186,GIA186,186,GA,GIA,N/A,PK-GFU,8A03C6,ID,CGK,WIII,N/A,KNO,WIMM,N/A,-0.380984,101.554579,318.4,11731,38487.5,853,460.6,0,0,Cruising,0,0,N/A,1791007511,en-route
2026-10-03 13:05:33,IP322,PAS322,322,IP,PAS,N/A,PK-PWQ,8A0A8A,ID,CGK,WIII,N/A,PKU,WIBB,N/A,0.077002,101.565669,327.0,1351,4432.4,520,280.8,0,0,Cruising,0,0,N/A,1791007468,en-route
2026-10-03 14:05:34,EK356,UAE356,356,EK,UAE,N/A,A6-ENF,896308,AE,DXB,OMDB,N/A,CGK,WIII,N/A,0.141987,101.316072,128.9,11404,37414.7,922,497.8,0,0,Cruising,0,0,N/A,1791011129,en-route
2026-10-03 14:05:34,QR956,QTR956,956,QR,QTR,N/A,A7-ALC,06A0F7,QA,DOH,OTHH,N/A,CGK,WIII,N/A,0.519826,101.308857,126.2,12669,41565.0,893,482.2,0,0,Cruising,0,0,N/A,1791011129,en-route
2026-10-03 15:05:33,QG918,CTV918,918,QG,CTV,N/A,PK-GLZ,8A04A4,ID,CGK,WIII,N/A,KNO,WIMM,N/A,-0.519365,101.402867,322.3,11731,38487.5,814,439.5,0,0,Cruising,0,0,N/A,1791014724,en-route
2026-10-03 15:05:33,QG919,CTV919,919,QG,CTV,N/A,PK-GLS,8A03AD,ID,KNO,WIMM,N/A,CGK,WIII,N/A,0.873121,101.631456,136.3,12059,39563.6,856,462.2,0,0,Cruising,0,0,N/A,1791014724,en-route
2026-10-03 15:05:33,IU959,SJV959,959,IU,SJV,N/A,PK-SAO,8A08E9,ID,DTB,WIMN,N/A,CGK,WIII,N/A,0.439259,101.682065,129.1,11419,37463.9,846,456.8,0,0,Cruising,0,0,N/A,1791014724,en-route
2026-10-03 16:05:37,GA189,GIA189,189,GA,GIA,N/A,PK-GFU,8A03C6,ID,KNO,WIMM,N/A,CGK,WIII,N/A,-0.361913,102.41257,153.5,12059,39563.6,851,459.5,0,0.0,Cruising,0,0,N/A,1791018333,en-route
2026-10-03 16:05:37,TR227,TGW227,227,TR,TGW,N/A,9V-THA,76D101,SG,PDG,WIEE,N/A,SIN,WSSS,N/A,-0.286961,101.231765,60.0,8249,27063.6,768,414.7,33,6496.1,Climbing (Takeoff),0,0,N/A,1791018276,en-route
2026-10-03 16:05:37,QG978,CTV978,978,QG,CTV,N/A,PK-GLW,8A03B1,ID,CGK,WIII,N/A,KNO,WIMM,N/A,-0.341117,101.611448,317.0,10992,36063.0,848,457.9,0,0.0,Cruising,0,0,N/A,1791018316,en-route
2026-10-03 17:05:33,UL308,ALK308,308,UL,ALK,N/A,4R-ALT,770594,LK,CMB,VCBI,N/A,SIN,WSSS,N/A,1.159516,101.19589,114,12707,41689.6,871,470.3,0,0.0,Cruising,0,0,N/A,1791021931,en-route
2026-10-03 17:05:33,JT237,LNI237,237,JT,LNI,N/A,PK-LHS,8A0285,ID,BTH,WIDD,N/A,PKU,WIBB,N/A,0.529393,101.809752,85,3865,12680.4,655,353.7,21,4133.8,Climbing (Takeoff),0,0,N/A,1791021931,en-route
2026-10-03 18:05:38,GA179,GIA179,179,GA,GIA,N/A,PK-GUJ,8A0A9E,ID,PKU,WIBB,N/A,CGK,WIII,N/A,-0.160529,102.083214,164.8,9384,30787.4,755,407.7,23,4527.6,Climbing (Takeoff),0,0,N/A,1791025529,en-route
2026-10-03 18:05:38,JT161,LNI161,161,JT,LNI,N/A,PK-LSJ,8A082A,ID,KUL,WMKK,N/A,PKU,WIBB,N/A,0.800398,101.46298,184.0,1198,3930.4,401,216.5,-11,-2165.3,Descending (Landing/Approach),0,0,N/A,1791025420,en-route
2026-10-03 19:05:32,ID6887,BTK6887,6887,ID,BTK,N/A,PK-BDF,8A07CE,ID,KNO,WIMM,N/A,CGK,WIII,N/A,1.069618,101.456196,136.6,12051,39537.4,839,453.0,0,0,Cruising,0,0,N/A,1791029130,en-route
2026-10-03 19:05:32,SQ431,SIA431,431,SQ,SIA,N/A,9V-SMH,76CDA8,SG,MLE,VRMM,N/A,SIN,WSSS,N/A,0.941161,101.66019,94.6,13294,43615.5,883,476.8,0,0,Cruising,0,0,N/A,1791029130,en-route
2026-10-03 20:05:41,QG914,CTV914,914,QG,CTV,N/A,PK-GLX,8A03B2,ID,CGK,WIII,N/A,KNO,WIMM,N/A,0.469588,101.107359,334.0,11747,38540.0,812,438.4,0,0.0,Cruising,0,0,N/A,1791032738,en-route
2026-10-03 20:05:41,QG815,CTV815,815,QG,CTV,N/A,PK-GQI,8A0507,ID,BDO,WICC,N/A,KNO,WIMM,N/A,-0.136217,101.358967,317.9,11754,38563.0,807,435.7,-6,-1181.1,Descending (Landing/Approach),0,0,N/A,1791032738,en-route
2026-10-03 21:05:33,SV826,SVA826,826,SV,SVA,N/A,HZ-AK32,7100C0,SA,JED,OEJN,N/A,CGK,WIII,N/A,1.405427,100.787568,86.5,10771,35337.9,875,472.5,0,0.0,Cruising,0,0,N/A,1791036328,en-route
2026-10-03 21:05:33,GA193,GIA193,193,GA,GIA,N/A,PK-GDC,8A0A73,ID,KNO,WIMM,N/A,CGK,WIII,N/A,1.168729,101.778589,127.5,11427,37490.2,815,440.1,0,0.0,Cruising,0,0,N/A,1791036328,en-route
2026-10-03 21:05:33,IU914,SJV914,914,IU,SJV,N/A,PK-SJI,8A094C,ID,CGK,WIII,N/A,PKU,WIBB,N/A,-0.041249,101.588969,324.0,1808,5931.8,490,264.6,-11,-2165.3,Descending (Landing/Approach),0,0,N/A,1791036320,en-route
2026-10-03 22:06:11,SQ468,SIA468,468,SQ,SIA,N/A,9V-SCT,76CC74,SG,SIN,WSSS,N/A,CMB,VCBI,N/A,0.528152,100.442501,347.0,9804,32165.4,916,494.6,-9,-1771.6,Descending (Landing/Approach),0,0,N/A,1791039965,en-route
2026-10-03 22:06:11,JT383,LNI383,383,JT,LNI,N/A,PK-LJG,8A02A5,ID,KNO,WIMM,N/A,CGK,WIII,N/A,1.387473,101.415694,121.6,10794,35413.4,821,443.3,0,0.0,Cruising,0,0,N/A,1791039968,en-route
2026-10-03 23:05:38,NONE,NONE,NONE,N/A,N/A,N/A,N/A,N/A,N/A,N/A,N/A,N/A,N/A,N/A,N/A,0.4608,101.4447,0,0,0,0,0,0,0,No Flights,0,0,N/A,0,no_flights
2026-10-04 00:05:41,NONE,NONE,NONE,N/A,N/A,N/A,N/A,N/A,N/A,N/A,N/A,N/A,N/A,N/A,N/A,0.4608,101.4447,0,0,0,0,0,0,0,No Flights,0,0,N/A,0,no_flights
2026-10-04 01:05:38,SQ478,SIA478,478,SQ,SIA,N/A,9V-SMT,76CDB4,SG,SIN,WSSS,N/A,JNB,FAOR,N/A,-0.495396,100.491413,250,9865,32365.5,998,538.9,0,0,Cruising,0,0,N/A,1791050693,en-route
2026-10-04 02:05:43,AK607,AXM607,607,AK,AXM,N/A,9M-VAC,750561,MY,PER,YPPH,N/A,KUL,WMKK,N/A,0.833862,101.786624,358.4,9491,31138.5,760,410.4,-34,-6692.9,Descending (Landing/Approach),0,0,N/A,1791054338,en-route
2026-10-04 03:05:36,NONE,NONE,NONE,N/A,N/A,N/A,N/A,N/A,N/A,N/A,N/A,N/A,N/A,N/A,N/A,0.4608,101.4447,0,0,0,0,0,0,0,No Flights,0,0,N/A,0,no_flights
2026-10-04 04:05:33,NONE,NONE,NONE,N/A,N/A,N/A,N/A,N/A,N/A,N/A,N/A,N/A,N/A,N/A,N/A,0.4608,101.4447,0,0,0,0,0,0,0,No Flights,0,0,N/A,0,no_flights
2026-10-04 05:05:49,NONE,NONE,NONE,N/A,N/A,N/A,N/A,N/A,N/A,N/A,N/A,N/A,N/A,N/A,N/A,0.4608,101.4447,0,0,0,0,0,0,0,No Flights,0,0,N/A,0,no_flights
2026-10-04 06:05:39,QR958,QTR958,958,QR,QTR,N/A,A7-ALA,06A0F5,QA,DOH,OTHH,N/A,CGK,WIII,N/A,0.665406,100.58823,131.9,12653,41512.5,896,483.8,0,0,Cruising,0,0,N/A,1791068731,en-route
2026-10-04 07:05:33,IU170,SJV170,170,IU,SJV,N/A,PK-STG,8A0951,ID,KNO,WIMM,N/A,BDO,WICC,N/A,0.565646,101.744536,138.1,11411,37437.7,839,453.0,0,0,Cruising,0,0,N/A,1791072326,en-route
2026-10-04 07:05:33,QG936,CTV936,936,QG,CTV,N/A,PK-GLK,8A0374,ID,CGK,WIII,N/A,PKU,WIBB,N/A,-0.430266,101.909219,321.0,4673,15331.4,600,324.0,0,0,Cruising,0,0,N/A,1791072325,en-route
2026-10-04 08:05:43,ID6899,BTK6899,6899,ID,BTK,N/A,PK-LUW,8A063B,ID,BTJ,WITT,N/A,CGK,WIII,N/A,1.201035,101.360586,137.1,10756,35288.7,838,452.5,0,0.0,Cruising,0,0,N/A,1791075936,en-route
2026-10-04 08:05:43,JT393,LNI393,393,JT,LNI,N/A,PK-LRF,8A097B,ID,PKU,WIBB,N/A,CGK,WIII,N/A,-0.052428,102.140192,125.4,6237,20462.6,718,387.7,26,5118.1,Climbing (Takeoff),0,0,N/A,1791075936,en-route
2026-10-04 08:05:43,IP320,PAS320,320,IP,PAS,N/A,PK-PWP,8A0A89,ID,CGK,WIII,N/A,PKU,WIBB,N/A,-0.016236,101.587069,321.0,2539,8330.1,527,284.6,0,0.0,Cruising,0,0,N/A,1791075884,en-route
2026-10-04 09:05:35,SQ462,SIA462,462,SQ,SIA,N/A,9V-MBE,76B445,SG,SIN,WSSS,N/A,CMB,VCBI,N/A,0.784878,100.610882,294.3,12364,40564.3,862,465.4,0,0,Cruising,0,0,N/A,1791079528,en-route
2026-10-04 09:05:35,QG883,CTV883,883,QG,CTV,N/A,PK-GQG,8A04AA,ID,KNO,WIMM,N/A,CGK,WIII,N/A,1.358264,100.93667,133.7,12067,39589.9,829,447.6,0,0,Cruising,0,0,N/A,1791079525,en-route
2026-10-04 09:05:35,JT201,LNI201,201,JT,LNI,N/A,PK-LFZ,8A01AF,ID,KNO,WIMM,N/A,CGK,WIII,N/A,0.789218,101.551439,133.6,11404,37414.7,845,456.3,0,0,Cruising,0,0,N/A,1791079525,en-route
2026-10-04 10:05:35,QG885,CTV885,885,QG,CTV,N/A,PK-GQT,8A061E,ID,DTB,WIMN,N/A,CGK,WIII,N/A,1.415806,100.560575,130.3,10078,33064.3,813,439.0,21,4133.8,Climbing (Takeoff),0,0,N/A,1791083132,en-route
2026-10-04 10:05:35,GA181,GIA181,181,GA,GIA,N/A,PK-GFG,8A0240,ID,KNO,WIMM,N/A,CGK,WIII,N/A,1.353869,101.085823,135.2,12051,39537.4,831,448.7,0,0.0,Cruising,0,0,N/A,1791083132,en-route
2026-10-04 10:05:35,IP342,PAS342,342,IP,PAS,N/A,PK-PWC,8A0915,ID,CGK,WIII,N/A,BTJ,WITT,N/A,-0.069815,101.265426,318.0,12372,40590.6,845,456.3,0,0.0,Cruising,0,0,N/A,1791083132,en-route
2026-10-04 10:05:35,AK431,AXM431,431,AK,AXM,N/A,9M-AFE,75010A,MY,KUL,WMKK,N/A,PKU,WIBB,N/A,1.270067,101.621119,185.6,7015,23015.1,741,400.1,-20,-3937.0,Descending (Landing/Approach),0,0,N/A,1791083132,en-route
