Fetched_Timestamp,Forecast_Target_WIB,City,Weather_Main,Weather_Desc,Temp_C,Feels_Like_C,Humidity_Pct,Pressure_hPa,Wind_Speed_ms,Pop_Rain_Prob,Clouds_Pct,Visibility_m
2026-09-23 09:52:09,2026-09-23 10:00:00,Pekanbaru,Clouds,overcast clouds,29.15,34.94,79,1012,2.02,0.0,100,10000
2026-09-23 09:52:09,2026-09-23 13:00:00,Pekanbaru,Clouds,overcast clouds,30.93,37.41,70,1011,1.77,0.0,100,10000
2026-09-23 09:52:09,2026-09-23 16:00:00,Pekanbaru,Rain,light rain,30.8,36.22,67,1009,1.24,0.2,100,10000
2026-09-23 09:52:09,2026-09-23 19:00:00,Pekanbaru,Clouds,overcast clouds,28.17,31.58,74,1009,1.21,0.0,96,10000
2026-09-23 09:52:09,2026-09-23 22:00:00,Pekanbaru,Clouds,overcast clouds,26.81,29.49,82,1011,0.71,0.23,100,10000
2026-09-23 09:52:09,2026-09-24 01:00:00,Pekanbaru,Rain,moderate rain,24.49,25.5,96,1011,1.57,1.0,100,10000
2026-09-23 09:52:09,2026-09-24 04:00:00,Pekanbaru,Rain,light rain,23.65,24.66,99,1010,0.97,1.0,96,10000
2026-09-23 09:52:09,2026-09-24 07:00:00,Pekanbaru,Rain,moderate rain,23.95,24.96,98,1012,0.27,1.0,98,10000
2026-09-23 09:52:09,2026-09-24 10:00:00,Pekanbaru,Rain,moderate rain,27.26,31.13,87,1013,0.76,1.0,100,10000
2026-09-23 09:52:09,2026-09-24 13:00:00,Pekanbaru,Rain,light rain,29.65,35.36,75,1010,1.67,1.0,86,10000
2026-09-23 09:52:09,2026-09-24 16:00:00,Pekanbaru,Rain,moderate rain,27.83,33.21,90,1009,1.81,1.0,96,10000
2026-09-23 09:52:09,2026-09-24 19:00:00,Pekanbaru,Rain,moderate rain,24.76,25.82,97,1011,1.35,1.0,91,1171
2026-09-23 09:52:09,2026-09-24 22:00:00,Pekanbaru,Rain,moderate rain,24.36,25.41,98,1014,1.54,1.0,90,4278
2026-09-23 09:52:09,2026-09-25 01:00:00,Pekanbaru,Rain,heavy intensity rain,24.08,25.15,100,1013,1.38,1.0,95,10000
2026-09-23 09:52:09,2026-09-25 04:00:00,Pekanbaru,Rain,light rain,23.62,24.62,99,1012,0.67,0.83,100,10000
2026-09-23 09:52:09,2026-09-25 07:00:00,Pekanbaru,Rain,light rain,23.74,24.75,99,1013,0.67,0.94,100,10000
2026-09-23 09:52:09,2026-09-25 10:00:00,Pekanbaru,Clouds,overcast clouds,24.97,25.98,94,1014,0.42,0.0,100,10000
2026-09-23 09:52:09,2026-09-25 13:00:00,Pekanbaru,Clouds,overcast clouds,31.78,36.28,59,1011,0.76,0.0,98,10000
2026-09-23 09:52:09,2026-09-25 16:00:00,Pekanbaru,Clouds,overcast clouds,31.18,35.76,62,1009,1.33,0.13,88,10000
2026-09-23 09:52:09,2026-09-25 19:00:00,Pekanbaru,Rain,light rain,25.13,26.15,94,1011,1.13,0.69,84,10000
2026-09-23 09:52:09,2026-09-25 22:00:00,Pekanbaru,Rain,light rain,24.04,25.03,97,1013,1.03,1.0,61,10000
2026-09-23 09:52:09,2026-09-26 01:00:00,Pekanbaru,Rain,light rain,23.1,24.02,98,1012,0.91,1.0,68,10000
2026-09-23 09:52:09,2026-09-26 04:00:00,Pekanbaru,Rain,light rain,22.29,23.13,98,1011,0.46,0.98,86,10000
2026-09-23 09:52:09,2026-09-26 07:00:00,Pekanbaru,Rain,light rain,22.98,23.87,97,1013,0.31,0.97,88,10000
2026-09-23 09:52:09,2026-09-26 10:00:00,Pekanbaru,Rain,light rain,27.83,31.97,82,1014,0.91,0.95,97,7056
2026-09-23 09:52:09,2026-09-26 13:00:00,Pekanbaru,Rain,light rain,31.61,37.35,64,1010,0.83,0.94,92,10000
2026-09-23 09:52:09,2026-09-26 16:00:00,Pekanbaru,Rain,moderate rain,29.02,35.24,82,1009,0.49,1.0,86,10000
2026-09-23 09:52:09,2026-09-26 19:00:00,Pekanbaru,Rain,light rain,25.31,26.35,94,1011,0.21,1.0,93,10000
2026-09-23 09:52:09,2026-09-26 22:00:00,Pekanbaru,Rain,light rain,24.58,25.63,97,1012,0.41,0.73,100,10000
2026-09-23 09:52:09,2026-09-27 01:00:00,Pekanbaru,Rain,moderate rain,23.45,24.44,99,1011,1.23,1.0,97,9961
2026-09-23 09:52:09,2026-09-27 04:00:00,Pekanbaru,Rain,moderate rain,23.18,24.11,98,1010,0.38,1.0,100,10000
2026-09-23 09:52:09,2026-09-27 07:00:00,Pekanbaru,Rain,light rain,23.74,24.68,96,1012,0.51,1.0,100,10000
2026-09-23 09:52:09,2026-09-27 10:00:00,Pekanbaru,Rain,light rain,24.77,25.78,95,1014,0.69,0.8,100,10000
2026-09-23 09:52:09,2026-09-27 13:00:00,Pekanbaru,Clouds,overcast clouds,26.41,26.41,84,1011,1.55,0.82,99,10000
2026-09-23 09:52:09,2026-09-27 16:00:00,Pekanbaru,Rain,light rain,28.96,32.64,70,1009,1.27,0.57,89,10000
2026-09-23 09:52:09,2026-09-27 19:00:00,Pekanbaru,Rain,light rain,24.09,25.04,95,1012,1.16,1.0,93,4768
2026-09-23 09:52:09,2026-09-27 22:00:00,Pekanbaru,Rain,light rain,23.28,24.25,99,1014,1.15,1.0,97,10000
2026-09-23 09:52:09,2026-09-28 01:00:00,Pekanbaru,Rain,light rain,23.3,24.27,99,1012,1.03,1.0,99,9467
2026-09-23 09:52:09,2026-09-28 04:00:00,Pekanbaru,Rain,moderate rain,23.07,24.02,99,1012,1.0,1.0,100,10000
2026-09-23 09:52:09,2026-09-28 07:00:00,Pekanbaru,Rain,light rain,23.14,24.09,99,1013,0.84,1.0,100,10000
2026-09-23 10:57:04,2026-09-23 13:00:00,Pekanbaru,Clouds,overcast clouds,31.61,38.29,67,1010,1.77,0.0,100,10000
2026-09-23 10:57:04,2026-09-23 16:00:00,Pekanbaru,Rain,light rain,31.14,36.78,66,1008,1.24,0.2,100,10000
2026-09-23 10:57:04,2026-09-23 19:00:00,Pekanbaru,Clouds,overcast clouds,28.17,31.58,74,1009,1.21,0.0,96,10000
2026-09-23 10:57:04,2026-09-23 22:00:00,Pekanbaru,Clouds,overcast clouds,26.81,29.49,82,1011,0.71,0.23,100,10000
2026-09-23 10:57:04,2026-09-24 01:00:00,Pekanbaru,Rain,moderate rain,24.49,25.5,96,1011,1.57,1.0,100,10000
2026-09-23 10:57:04,2026-09-24 04:00:00,Pekanbaru,Rain,light rain,23.65,24.66,99,1010,0.97,1.0,96,10000
2026-09-23 10:57:04,2026-09-24 07:00:00,Pekanbaru,Rain,moderate rain,23.95,24.96,98,1012,0.27,1.0,98,10000
2026-09-23 10:57:04,2026-09-24 10:00:00,Pekanbaru,Rain,moderate rain,27.26,31.13,87,1013,0.76,1.0,100,10000
2026-09-23 10:57:04,2026-09-24 13:00:00,Pekanbaru,Rain,light rain,29.65,35.36,75,1010,1.67,1.0,86,10000
2026-09-23 10:57:04,2026-09-24 16:00:00,Pekanbaru,Rain,moderate rain,27.83,33.21,90,1009,1.81,1.0,96,10000
2026-09-23 10:57:04,2026-09-24 19:00:00,Pekanbaru,Rain,moderate rain,24.76,25.82,97,1011,1.35,1.0,91,1171
2026-09-23 10:57:04,2026-09-24 22:00:00,Pekanbaru,Rain,moderate rain,24.36,25.41,98,1014,1.54,1.0,90,4278
2026-09-23 10:57:04,2026-09-25 01:00:00,Pekanbaru,Rain,heavy intensity rain,24.08,25.15,100,1013,1.38,1.0,95,10000
2026-09-23 10:57:04,2026-09-25 04:00:00,Pekanbaru,Rain,light rain,23.62,24.62,99,1012,0.67,0.83,100,10000
2026-09-23 10:57:04,2026-09-25 07:00:00,Pekanbaru,Rain,light rain,23.74,24.75,99,1013,0.67,0.94,100,10000
2026-09-23 10:57:04,2026-09-25 10:00:00,Pekanbaru,Clouds,overcast clouds,24.97,25.98,94,1014,0.42,0.0,100,10000
2026-09-23 10:57:04,2026-09-25 13:00:00,Pekanbaru,Clouds,overcast clouds,31.78,36.28,59,1011,0.76,0.0,98,10000
2026-09-23 10:57:04,2026-09-25 16:00:00,Pekanbaru,Clouds,overcast clouds,31.18,35.76,62,1009,1.33,0.13,88,10000
2026-09-23 10:57:04,2026-09-25 19:00:00,Pekanbaru,Rain,light rain,25.13,26.15,94,1011,1.13,0.69,84,10000
2026-09-23 10:57:04,2026-09-25 22:00:00,Pekanbaru,Rain,light rain,24.04,25.03,97,1013,1.03,1.0,61,10000
2026-09-23 10:57:04,2026-09-26 01:00:00,Pekanbaru,Rain,light rain,23.1,24.02,98,1012,0.91,1.0,68,10000
2026-09-23 10:57:04,2026-09-26 04:00:00,Pekanbaru,Rain,light rain,22.29,23.13,98,1011,0.46,0.98,86,10000
2026-09-23 10:57:04,2026-09-26 07:00:00,Pekanbaru,Rain,light rain,22.98,23.87,97,1013,0.31,0.97,88,10000
2026-09-23 10:57:04,2026-09-26 10:00:00,Pekanbaru,Rain,light rain,27.83,31.97,82,1014,0.91,0.95,97,7056
2026-09-23 10:57:04,2026-09-26 13:00:00,Pekanbaru,Rain,light rain,31.61,37.35,64,1010,0.83,0.94,92,10000
2026-09-23 10:57:04,2026-09-26 16:00:00,Pekanbaru,Rain,moderate rain,29.02,35.24,82,1009,0.49,1.0,86,10000
2026-09-23 10:57:04,2026-09-26 19:00:00,Pekanbaru,Rain,light rain,25.31,26.35,94,1011,0.21,1.0,93,10000
2026-09-23 10:57:04,2026-09-26 22:00:00,Pekanbaru,Rain,light rain,24.58,25.63,97,1012,0.41,0.73,100,10000
2026-09-23 10:57:04,2026-09-27 01:00:00,Pekanbaru,Rain,moderate rain,23.45,24.44,99,1011,1.23,1.0,97,9961
2026-09-23 10:57:04,2026-09-27 04:00:00,Pekanbaru,Rain,moderate rain,23.18,24.11,98,1010,0.38,1.0,100,10000
2026-09-23 10:57:04,2026-09-27 07:00:00,Pekanbaru,Rain,light rain,23.74,24.68,96,1012,0.51,1.0,100,10000
2026-09-23 10:57:04,2026-09-27 10:00:00,Pekanbaru,Rain,light rain,24.77,25.78,95,1014,0.69,0.8,100,10000
2026-09-23 10:57:04,2026-09-27 13:00:00,Pekanbaru,Clouds,overcast clouds,26.41,26.41,84,1011,1.55,0.82,99,10000
2026-09-23 10:57:04,2026-09-27 16:00:00,Pekanbaru,Rain,light rain,28.96,32.64,70,1009,1.27,0.57,89,10000
2026-09-23 10:57:04,2026-09-27 19:00:00,Pekanbaru,Rain,light rain,24.09,25.04,95,1012,1.16,1.0,93,4768
2026-09-23 10:57:04,2026-09-27 22:00:00,Pekanbaru,Rain,light rain,23.28,24.25,99,1014,1.15,1.0,97,10000
2026-09-23 10:57:04,2026-09-28 01:00:00,Pekanbaru,Rain,light rain,23.3,24.27,99,1012,1.03,1.0,99,9467
2026-09-23 10:57:04,2026-09-28 04:00:00,Pekanbaru,Rain,moderate rain,23.07,24.02,99,1012,1.0,1.0,100,10000
2026-09-23 10:57:04,2026-09-28 07:00:00,Pekanbaru,Rain,light rain,23.14,24.09,99,1013,0.84,1.0,100,10000
2026-09-23 10:57:04,2026-09-28 10:00:00,Pekanbaru,Clouds,overcast clouds,23.77,24.76,98,1015,0.76,0.0,100,10000
2026-09-23 11:45:50,2026-09-23 13:00:00,Pekanbaru,Clouds,overcast clouds,32.15,39.15,66,1009,1.77,0.0,100,10000
2026-09-23 11:45:50,2026-09-23 16:00:00,Pekanbaru,Rain,light rain,31.96,38.56,65,1008,1.24,0.2,100,10000
2026-09-23 11:45:50,2026-09-23 19:00:00,Pekanbaru,Clouds,overcast clouds,29.5,34.29,72,1009,1.21,0.0,97,10000
2026-09-23 11:45:50,2026-09-23 22:00:00,Pekanbaru,Clouds,overcast clouds,26.81,29.49,82,1011,0.71,0.23,100,10000
2026-09-23 11:45:50,2026-09-24 01:00:00,Pekanbaru,Rain,moderate rain,24.49,25.5,96,1011,1.57,1.0,100,10000
2026-09-23 11:45:50,2026-09-24 04:00:00,Pekanbaru,Rain,light rain,23.65,24.66,99,1010,0.97,1.0,96,10000
2026-09-23 11:45:50,2026-09-24 07:00:00,Pekanbaru,Rain,moderate rain,23.95,24.96,98,1012,0.27,1.0,98,10000
2026-09-23 11:45:50,2026-09-24 10:00:00,Pekanbaru,Rain,moderate rain,27.26,31.13,87,1013,0.76,1.0,100,10000
2026-09-23 11:45:50,2026-09-24 13:00:00,Pekanbaru,Rain,light rain,29.65,35.36,75,1010,1.67,1.0,86,10000
2026-09-23 11:45:50,2026-09-24 16:00:00,Pekanbaru,Rain,moderate rain,27.83,33.21,90,1009,1.81,1.0,96,10000
2026-09-23 11:45:50,2026-09-24 19:00:00,Pekanbaru,Rain,moderate rain,24.76,25.82,97,1011,1.35,1.0,91,1171
2026-09-23 11:45:50,2026-09-24 22:00:00,Pekanbaru,Rain,moderate rain,24.36,25.41,98,1014,1.54,1.0,90,4278
2026-09-23 11:45:50,2026-09-25 01:00:00,Pekanbaru,Rain,heavy intensity rain,24.08,25.15,100,1013,1.38,1.0,95,10000
2026-09-23 11:45:50,2026-09-25 04:00:00,Pekanbaru,Rain,light rain,23.62,24.62,99,1012,0.67,0.83,100,10000
2026-09-23 11:45:50,2026-09-25 07:00:00,Pekanbaru,Rain,light rain,23.74,24.75,99,1013,0.67,0.94,100,10000
2026-09-23 11:45:50,2026-09-25 10:00:00,Pekanbaru,Clouds,overcast clouds,24.97,25.98,94,1014,0.42,0.0,100,10000
2026-09-23 11:45:50,2026-09-25 13:00:00,Pekanbaru,Clouds,overcast clouds,31.78,36.28,59,1011,0.76,0.0,98,10000
2026-09-23 11:45:50,2026-09-25 16:00:00,Pekanbaru,Clouds,overcast clouds,31.18,35.76,62,1009,1.33,0.13,88,10000
2026-09-23 11:45:50,2026-09-25 19:00:00,Pekanbaru,Rain,light rain,25.13,26.15,94,1011,1.13,0.69,84,10000
2026-09-23 11:45:50,2026-09-25 22:00:00,Pekanbaru,Rain,light rain,24.04,25.03,97,1013,1.03,1.0,61,10000
2026-09-23 11:45:50,2026-09-26 01:00:00,Pekanbaru,Rain,light rain,23.1,24.02,98,1012,0.91,1.0,68,10000
2026-09-23 11:45:50,2026-09-26 04:00:00,Pekanbaru,Rain,light rain,22.29,23.13,98,1011,0.46,0.98,86,10000
2026-09-23 11:45:50,2026-09-26 07:00:00,Pekanbaru,Rain,light rain,22.98,23.87,97,1013,0.31,0.97,88,10000
2026-09-23 11:45:50,2026-09-26 10:00:00,Pekanbaru,Rain,light rain,27.83,31.97,82,1014,0.91,0.95,97,7056
2026-09-23 11:45:50,2026-09-26 13:00:00,Pekanbaru,Rain,light rain,31.61,37.35,64,1010,0.83,0.94,92,10000
2026-09-23 11:45:50,2026-09-26 16:00:00,Pekanbaru,Rain,moderate rain,29.02,35.24,82,1009,0.49,1.0,86,10000
2026-09-23 11:45:50,2026-09-26 19:00:00,Pekanbaru,Rain,light rain,25.31,26.35,94,1011,0.21,1.0,93,10000
2026-09-23 11:45:50,2026-09-26 22:00:00,Pekanbaru,Rain,light rain,24.58,25.63,97,1012,0.41,0.73,100,10000
2026-09-23 11:45:50,2026-09-27 01:00:00,Pekanbaru,Rain,moderate rain,23.45,24.44,99,1011,1.23,1.0,97,9961
2026-09-23 11:45:50,2026-09-27 04:00:00,Pekanbaru,Rain,moderate rain,23.18,24.11,98,1010,0.38,1.0,100,10000
2026-09-23 11:45:50,2026-09-27 07:00:00,Pekanbaru,Rain,light rain,23.74,24.68,96,1012,0.51,1.0,100,10000
2026-09-23 11:45:50,2026-09-27 10:00:00,Pekanbaru,Rain,light rain,24.77,25.78,95,1014,0.69,0.8,100,10000
2026-09-23 11:45:50,2026-09-27 13:00:00,Pekanbaru,Clouds,overcast clouds,26.41,26.41,84,1011,1.55,0.82,99,10000
2026-09-23 11:45:50,2026-09-27 16:00:00,Pekanbaru,Rain,light rain,28.96,32.64,70,1009,1.27,0.57,89,10000
2026-09-23 11:45:50,2026-09-27 19:00:00,Pekanbaru,Rain,light rain,24.09,25.04,95,1012,1.16,1.0,93,4768
2026-09-23 11:45:50,2026-09-27 22:00:00,Pekanbaru,Rain,light rain,23.28,24.25,99,1014,1.15,1.0,97,10000
2026-09-23 11:45:50,2026-09-28 01:00:00,Pekanbaru,Rain,light rain,23.3,24.27,99,1012,1.03,1.0,99,9467
2026-09-23 11:45:50,2026-09-28 04:00:00,Pekanbaru,Rain,moderate rain,23.07,24.02,99,1012,1.0,1.0,100,10000
2026-09-23 11:45:50,2026-09-28 07:00:00,Pekanbaru,Rain,light rain,23.14,24.09,99,1013,0.84,1.0,100,10000
2026-09-23 11:45:50,2026-09-28 10:00:00,Pekanbaru,Clouds,overcast clouds,23.77,24.76,98,1015,0.76,0.0,100,10000
2026-09-23 12:00:40,2026-09-23 13:00:00,Pekanbaru,Clouds,overcast clouds,32.15,39.15,66,1009,1.77,0.0,100,10000
2026-09-23 12:00:40,2026-09-23 16:00:00,Pekanbaru,Rain,light rain,31.98,38.28,64,1008,1.24,0.2,100,10000
2026-09-23 12:00:40,2026-09-23 19:00:00,Pekanbaru,Clouds,overcast clouds,29.5,34.29,72,1009,1.21,0.0,97,10000
2026-09-23 12:00:40,2026-09-23 22:00:00,Pekanbaru,Clouds,overcast clouds,26.81,29.49,82,1011,0.71,0.23,100,10000
2026-09-23 12:00:40,2026-09-24 01:00:00,Pekanbaru,Rain,moderate rain,24.49,25.5,96,1011,1.57,1.0,100,10000
2026-09-23 12:00:40,2026-09-24 04:00:00,Pekanbaru,Rain,light rain,23.65,24.66,99,1010,0.97,1.0,96,10000
2026-09-23 12:00:40,2026-09-24 07:00:00,Pekanbaru,Rain,moderate rain,23.95,24.96,98,1012,0.27,1.0,98,10000
2026-09-23 12:00:40,2026-09-24 10:00:00,Pekanbaru,Rain,moderate rain,27.26,31.13,87,1013,0.76,1.0,100,10000
2026-09-23 12:00:40,2026-09-24 13:00:00,Pekanbaru,Rain,light rain,29.65,35.36,75,1010,1.67,1.0,86,10000
2026-09-23 12:00:40,2026-09-24 16:00:00,Pekanbaru,Rain,moderate rain,27.83,33.21,90,1009,1.81,1.0,96,10000
2026-09-23 12:00:40,2026-09-24 19:00:00,Pekanbaru,Rain,moderate rain,24.76,25.82,97,1011,1.35,1.0,91,1171
2026-09-23 12:00:40,2026-09-24 22:00:00,Pekanbaru,Rain,moderate rain,24.36,25.41,98,1014,1.54,1.0,90,4278
2026-09-23 12:00:40,2026-09-25 01:00:00,Pekanbaru,Rain,heavy intensity rain,24.08,25.15,100,1013,1.38,1.0,95,10000
2026-09-23 12:00:40,2026-09-25 04:00:00,Pekanbaru,Rain,light rain,23.62,24.62,99,1012,0.67,0.83,100,10000
2026-09-23 12:00:40,2026-09-25 07:00:00,Pekanbaru,Rain,light rain,23.74,24.75,99,1013,0.67,0.94,100,10000
2026-09-23 12:00:40,2026-09-25 10:00:00,Pekanbaru,Clouds,overcast clouds,24.97,25.98,94,1014,0.42,0.0,100,10000
2026-09-23 12:00:40,2026-09-25 13:00:00,Pekanbaru,Clouds,overcast clouds,31.78,36.28,59,1011,0.76,0.0,98,10000
2026-09-23 12:00:40,2026-09-25 16:00:00,Pekanbaru,Clouds,overcast clouds,31.18,35.76,62,1009,1.33,0.13,88,10000
2026-09-23 12:00:40,2026-09-25 19:00:00,Pekanbaru,Rain,light rain,25.13,26.15,94,1011,1.13,0.69,84,10000
2026-09-23 12:00:40,2026-09-25 22:00:00,Pekanbaru,Rain,light rain,24.04,25.03,97,1013,1.03,1.0,61,10000
2026-09-23 12:00:40,2026-09-26 01:00:00,Pekanbaru,Rain,light rain,23.1,24.02,98,1012,0.91,1.0,68,10000
2026-09-23 12:00:40,2026-09-26 04:00:00,Pekanbaru,Rain,light rain,22.29,23.13,98,1011,0.46,0.98,86,10000
2026-09-23 12:00:40,2026-09-26 07:00:00,Pekanbaru,Rain,light rain,22.98,23.87,97,1013,0.31,0.97,88,10000
2026-09-23 12:00:40,2026-09-26 10:00:00,Pekanbaru,Rain,light rain,27.83,31.97,82,1014,0.91,0.95,97,7056
2026-09-23 12:00:40,2026-09-26 13:00:00,Pekanbaru,Rain,light rain,31.61,37.35,64,1010,0.83,0.94,92,10000
2026-09-23 12:00:40,2026-09-26 16:00:00,Pekanbaru,Rain,moderate rain,29.02,35.24,82,1009,0.49,1.0,86,10000
2026-09-23 12:00:40,2026-09-26 19:00:00,Pekanbaru,Rain,light rain,25.31,26.35,94,1011,0.21,1.0,93,10000
2026-09-23 12:00:40,2026-09-26 22:00:00,Pekanbaru,Rain,light rain,24.58,25.63,97,1012,0.41,0.73,100,10000
2026-09-23 12:00:40,2026-09-27 01:00:00,Pekanbaru,Rain,moderate rain,23.45,24.44,99,1011,1.23,1.0,97,9961
2026-09-23 12:00:40,2026-09-27 04:00:00,Pekanbaru,Rain,moderate rain,23.18,24.11,98,1010,0.38,1.0,100,10000
2026-09-23 12:00:40,2026-09-27 07:00:00,Pekanbaru,Rain,light rain,23.74,24.68,96,1012,0.51,1.0,100,10000
2026-09-23 12:00:40,2026-09-27 10:00:00,Pekanbaru,Rain,light rain,24.77,25.78,95,1014,0.69,0.8,100,10000
2026-09-23 12:00:40,2026-09-27 13:00:00,Pekanbaru,Clouds,overcast clouds,26.41,26.41,84,1011,1.55,0.82,99,10000
2026-09-23 12:00:40,2026-09-27 16:00:00,Pekanbaru,Rain,light rain,28.96,32.64,70,1009,1.27,0.57,89,10000
2026-09-23 12:00:40,2026-09-27 19:00:00,Pekanbaru,Rain,light rain,24.09,25.04,95,1012,1.16,1.0,93,4768
2026-09-23 12:00:40,2026-09-27 22:00:00,Pekanbaru,Rain,light rain,23.28,24.25,99,1014,1.15,1.0,97,10000
2026-09-23 12:00:40,2026-09-28 01:00:00,Pekanbaru,Rain,light rain,23.3,24.27,99,1012,1.03,1.0,99,9467
2026-09-23 12:00:40,2026-09-28 04:00:00,Pekanbaru,Rain,moderate rain,23.07,24.02,99,1012,1.0,1.0,100,10000
2026-09-23 12:00:40,2026-09-28 07:00:00,Pekanbaru,Rain,light rain,23.14,24.09,99,1013,0.84,1.0,100,10000
2026-09-23 12:00:40,2026-09-28 10:00:00,Pekanbaru,Clouds,overcast clouds,23.77,24.76,98,1015,0.76,0.0,100,10000
2026-09-23 12:30:31,2026-09-23 13:00:00,Pekanbaru,Clouds,overcast clouds,32.15,39.15,66,1009,1.77,0.0,100,10000
2026-09-23 12:30:31,2026-09-23 16:00:00,Pekanbaru,Rain,light rain,31.98,38.61,65,1008,1.24,0.2,100,10000
2026-09-23 12:30:31,2026-09-23 19:00:00,Pekanbaru,Clouds,overcast clouds,29.5,34.29,72,1009,1.21,0.0,97,10000
2026-09-23 12:30:31,2026-09-23 22:00:00,Pekanbaru,Clouds,overcast clouds,26.81,29.49,82,1011,0.71,0.23,100,10000
2026-09-23 12:30:31,2026-09-24 01:00:00,Pekanbaru,Rain,moderate rain,24.49,25.5,96,1011,1.57,1.0,100,10000
2026-09-23 12:30:31,2026-09-24 04:00:00,Pekanbaru,Rain,light rain,23.65,24.66,99,1010,0.97,1.0,96,10000
2026-09-23 12:30:31,2026-09-24 07:00:00,Pekanbaru,Rain,moderate rain,23.95,24.96,98,1012,0.27,1.0,98,10000
2026-09-23 12:30:31,2026-09-24 10:00:00,Pekanbaru,Rain,moderate rain,27.26,31.13,87,1013,0.76,1.0,100,10000
2026-09-23 12:30:31,2026-09-24 13:00:00,Pekanbaru,Rain,light rain,29.65,35.36,75,1010,1.67,1.0,86,10000
2026-09-23 12:30:31,2026-09-24 16:00:00,Pekanbaru,Rain,moderate rain,27.83,33.21,90,1009,1.81,1.0,96,10000
2026-09-23 12:30:31,2026-09-24 19:00:00,Pekanbaru,Rain,moderate rain,24.76,25.82,97,1011,1.35,1.0,91,1171
2026-09-23 12:30:31,2026-09-24 22:00:00,Pekanbaru,Rain,moderate rain,24.36,25.41,98,1014,1.54,1.0,90,4278
2026-09-23 12:30:31,2026-09-25 01:00:00,Pekanbaru,Rain,heavy intensity rain,24.08,25.15,100,1013,1.38,1.0,95,10000
2026-09-23 12:30:31,2026-09-25 04:00:00,Pekanbaru,Rain,light rain,23.62,24.62,99,1012,0.67,0.83,100,10000
2026-09-23 12:30:31,2026-09-25 07:00:00,Pekanbaru,Rain,light rain,23.74,24.75,99,1013,0.67,0.94,100,10000
2026-09-23 12:30:31,2026-09-25 10:00:00,Pekanbaru,Clouds,overcast clouds,24.97,25.98,94,1014,0.42,0.0,100,10000
2026-09-23 12:30:31,2026-09-25 13:00:00,Pekanbaru,Clouds,overcast clouds,31.78,36.28,59,1011,0.76,0.0,98,10000
2026-09-23 12:30:31,2026-09-25 16:00:00,Pekanbaru,Clouds,overcast clouds,31.18,35.76,62,1009,1.33,0.13,88,10000
2026-09-23 12:30:31,2026-09-25 19:00:00,Pekanbaru,Rain,light rain,25.13,26.15,94,1011,1.13,0.69,84,10000
2026-09-23 12:30:31,2026-09-25 22:00:00,Pekanbaru,Rain,light rain,24.04,25.03,97,1013,1.03,1.0,61,10000
2026-09-23 12:30:31,2026-09-26 01:00:00,Pekanbaru,Rain,light rain,23.1,24.02,98,1012,0.91,1.0,68,10000
2026-09-23 12:30:31,2026-09-26 04:00:00,Pekanbaru,Rain,light rain,22.29,23.13,98,1011,0.46,0.98,86,10000
2026-09-23 12:30:31,2026-09-26 07:00:00,Pekanbaru,Rain,light rain,22.98,23.87,97,1013,0.31,0.97,88,10000
2026-09-23 12:30:31,2026-09-26 10:00:00,Pekanbaru,Rain,light rain,27.83,31.97,82,1014,0.91,0.95,97,7056
2026-09-23 12:30:31,2026-09-26 13:00:00,Pekanbaru,Rain,light rain,31.61,37.35,64,1010,0.83,0.94,92,10000
2026-09-23 12:30:31,2026-09-26 16:00:00,Pekanbaru,Rain,moderate rain,29.02,35.24,82,1009,0.49,1.0,86,10000
2026-09-23 12:30:31,2026-09-26 19:00:00,Pekanbaru,Rain,light rain,25.31,26.35,94,1011,0.21,1.0,93,10000
2026-09-23 12:30:31,2026-09-26 22:00:00,Pekanbaru,Rain,light rain,24.58,25.63,97,1012,0.41,0.73,100,10000
2026-09-23 12:30:31,2026-09-27 01:00:00,Pekanbaru,Rain,moderate rain,23.45,24.44,99,1011,1.23,1.0,97,9961
2026-09-23 12:30:31,2026-09-27 04:00:00,Pekanbaru,Rain,moderate rain,23.18,24.11,98,1010,0.38,1.0,100,10000
2026-09-23 12:30:31,2026-09-27 07:00:00,Pekanbaru,Rain,light rain,23.74,24.68,96,1012,0.51,1.0,100,10000
2026-09-23 12:30:31,2026-09-27 10:00:00,Pekanbaru,Rain,light rain,24.77,25.78,95,1014,0.69,0.8,100,10000
2026-09-23 12:30:31,2026-09-27 13:00:00,Pekanbaru,Clouds,overcast clouds,26.41,26.41,84,1011,1.55,0.82,99,10000
2026-09-23 12:30:31,2026-09-27 16:00:00,Pekanbaru,Rain,light rain,28.96,32.64,70,1009,1.27,0.57,89,10000
2026-09-23 12:30:31,2026-09-27 19:00:00,Pekanbaru,Rain,light rain,24.09,25.04,95,1012,1.16,1.0,93,4768
2026-09-23 12:30:31,2026-09-27 22:00:00,Pekanbaru,Rain,light rain,23.28,24.25,99,1014,1.15,1.0,97,10000
2026-09-23 12:30:31,2026-09-28 01:00:00,Pekanbaru,Rain,light rain,23.3,24.27,99,1012,1.03,1.0,99,9467
2026-09-23 12:30:31,2026-09-28 04:00:00,Pekanbaru,Rain,moderate rain,23.07,24.02,99,1012,1.0,1.0,100,10000
2026-09-23 12:30:31,2026-09-28 07:00:00,Pekanbaru,Rain,light rain,23.14,24.09,99,1013,0.84,1.0,100,10000
2026-09-23 12:30:31,2026-09-28 10:00:00,Pekanbaru,Clouds,overcast clouds,23.77,24.76,98,1015,0.76,0.0,100,10000
2026-09-23 13:00:37,2026-09-23 16:00:00,Pekanbaru,Clouds,overcast clouds,32.65,39.33,62,1008,1.49,0.0,100,10000
2026-09-23 13:00:37,2026-09-23 19:00:00,Pekanbaru,Clouds,overcast clouds,29.52,34.33,72,1009,1.01,0.0,100,10000
2026-09-23 13:00:37,2026-09-23 22:00:00,Pekanbaru,Rain,light rain,24.91,25.91,94,1012,0.23,1.0,100,3680
2026-09-23 13:00:37,2026-09-24 01:00:00,Pekanbaru,Rain,moderate rain,24.09,25.11,98,1011,1.21,1.0,100,10000
2026-09-23 13:00:37,2026-09-24 04:00:00,Pekanbaru,Rain,light rain,23.63,24.63,99,1010,1.1,1.0,100,10000
2026-09-23 13:00:37,2026-09-24 07:00:00,Pekanbaru,Rain,light rain,24.44,25.47,97,1012,1.23,1.0,97,10000
2026-09-23 13:00:37,2026-09-24 10:00:00,Pekanbaru,Rain,light rain,29.54,34.16,71,1013,1.41,0.48,99,10000
2026-09-23 13:00:37,2026-09-24 13:00:00,Pekanbaru,Rain,moderate rain,28.52,34.21,84,1011,1.66,1.0,91,10000
2026-09-23 13:00:37,2026-09-24 16:00:00,Pekanbaru,Rain,moderate rain,28.29,33.91,86,1009,1.09,1.0,100,10000
2026-09-23 13:00:37,2026-09-24 19:00:00,Pekanbaru,Rain,light rain,25.03,26.1,96,1012,1.4,1.0,95,10000
2026-09-23 13:00:37,2026-09-24 22:00:00,Pekanbaru,Rain,moderate rain,24.33,25.38,98,1014,0.61,1.0,100,10000
2026-09-23 13:00:37,2026-09-25 01:00:00,Pekanbaru,Rain,light rain,24.22,25.28,99,1012,0.66,1.0,100,10000
2026-09-23 13:00:37,2026-09-25 04:00:00,Pekanbaru,Rain,light rain,23.8,24.82,99,1011,0.57,0.72,100,10000
2026-09-23 13:00:37,2026-09-25 07:00:00,Pekanbaru,Clouds,overcast clouds,23.79,24.78,98,1013,0.41,0.43,100,10000
2026-09-23 13:00:37,2026-09-25 10:00:00,Pekanbaru,Clouds,overcast clouds,24.97,25.98,94,1014,0.42,0.0,100,10000
2026-09-23 13:00:37,2026-09-25 13:00:00,Pekanbaru,Clouds,overcast clouds,31.78,36.28,59,1011,0.76,0.0,98,10000
2026-09-23 13:00:37,2026-09-25 16:00:00,Pekanbaru,Clouds,overcast clouds,31.18,35.76,62,1009,1.33,0.13,88,10000
2026-09-23 13:00:37,2026-09-25 19:00:00,Pekanbaru,Rain,light rain,25.13,26.15,94,1011,1.13,0.69,84,10000
2026-09-23 13:00:37,2026-09-25 22:00:00,Pekanbaru,Rain,light rain,24.04,25.03,97,1013,1.03,1.0,61,10000
2026-09-23 13:00:37,2026-09-26 01:00:00,Pekanbaru,Rain,light rain,23.1,24.02,98,1012,0.91,1.0,68,10000
2026-09-23 13:00:37,2026-09-26 04:00:00,Pekanbaru,Rain,light rain,22.29,23.13,98,1011,0.46,0.98,86,10000
2026-09-23 13:00:37,2026-09-26 07:00:00,Pekanbaru,Rain,light rain,22.98,23.87,97,1013,0.31,0.97,88,10000
2026-09-23 13:00:37,2026-09-26 10:00:00,Pekanbaru,Rain,light rain,27.83,31.97,82,1014,0.91,0.95,97,7056
2026-09-23 13:00:37,2026-09-26 13:00:00,Pekanbaru,Rain,light rain,31.61,37.35,64,1010,0.83,0.94,92,10000
2026-09-23 13:00:37,2026-09-26 16:00:00,Pekanbaru,Rain,moderate rain,29.02,35.24,82,1009,0.49,1.0,86,10000
2026-09-23 13:00:37,2026-09-26 19:00:00,Pekanbaru,Rain,light rain,25.31,26.35,94,1011,0.21,1.0,93,10000
2026-09-23 13:00:37,2026-09-26 22:00:00,Pekanbaru,Rain,light rain,24.58,25.63,97,1012,0.41,0.73,100,10000
2026-09-23 13:00:37,2026-09-27 01:00:00,Pekanbaru,Rain,moderate rain,23.45,24.44,99,1011,1.23,1.0,97,9961
2026-09-23 13:00:37,2026-09-27 04:00:00,Pekanbaru,Rain,moderate rain,23.18,24.11,98,1010,0.38,1.0,100,10000
2026-09-23 13:00:37,2026-09-27 07:00:00,Pekanbaru,Rain,light rain,23.74,24.68,96,1012,0.51,1.0,100,10000
2026-09-23 13:00:37,2026-09-27 10:00:00,Pekanbaru,Rain,light rain,24.77,25.78,95,1014,0.69,0.8,100,10000
2026-09-23 13:00:37,2026-09-27 13:00:00,Pekanbaru,Clouds,overcast clouds,26.41,26.41,84,1011,1.55,0.82,99,10000
2026-09-23 13:00:37,2026-09-27 16:00:00,Pekanbaru,Rain,light rain,28.96,32.64,70,1009,1.27,0.57,89,10000
2026-09-23 13:00:37,2026-09-27 19:00:00,Pekanbaru,Rain,light rain,24.09,25.04,95,1012,1.16,1.0,93,4768
2026-09-23 13:00:37,2026-09-27 22:00:00,Pekanbaru,Rain,light rain,23.28,24.25,99,1014,1.15,1.0,97,10000
2026-09-23 13:00:37,2026-09-28 01:00:00,Pekanbaru,Rain,light rain,23.3,24.27,99,1012,1.03,1.0,99,9467
2026-09-23 13:00:37,2026-09-28 04:00:00,Pekanbaru,Rain,moderate rain,23.07,24.02,99,1012,1.0,1.0,100,10000
2026-09-23 13:00:37,2026-09-28 07:00:00,Pekanbaru,Rain,light rain,23.14,24.09,99,1013,0.84,1.0,100,10000
2026-09-23 13:00:37,2026-09-28 10:00:00,Pekanbaru,Clouds,overcast clouds,23.77,24.76,98,1015,0.76,0.0,100,10000
2026-09-23 13:00:37,2026-09-28 13:00:00,Pekanbaru,Clouds,overcast clouds,24.76,25.69,92,1012,1.65,0.0,100,10000
2026-09-23 14:00:38,2026-09-23 16:00:00,Pekanbaru,Clouds,overcast clouds,33.95,39.69,54,1008,1.49,0.0,100,10000
2026-09-23 14:00:38,2026-09-23 19:00:00,Pekanbaru,Clouds,overcast clouds,29.85,34.68,70,1009,1.01,0.0,100,10000
2026-09-23 14:00:38,2026-09-23 22:00:00,Pekanbaru,Rain,light rain,24.91,25.91,94,1012,0.23,1.0,100,3680
2026-09-23 14:00:38,2026-09-24 01:00:00,Pekanbaru,Rain,moderate rain,24.09,25.11,98,1011,1.21,1.0,100,10000
2026-09-23 14:00:38,2026-09-24 04:00:00,Pekanbaru,Rain,light rain,23.63,24.63,99,1010,1.1,1.0,100,10000
2026-09-23 14:00:38,2026-09-24 07:00:00,Pekanbaru,Rain,light rain,24.44,25.47,97,1012,1.23,1.0,97,10000
2026-09-23 14:00:38,2026-09-24 10:00:00,Pekanbaru,Rain,light rain,29.54,34.16,71,1013,1.41,0.48,99,10000
2026-09-23 14:00:38,2026-09-24 13:00:00,Pekanbaru,Rain,moderate rain,28.52,34.21,84,1011,1.66,1.0,91,10000
2026-09-23 14:00:38,2026-09-24 16:00:00,Pekanbaru,Rain,moderate rain,28.29,33.91,86,1009,1.09,1.0,100,10000
2026-09-23 14:00:38,2026-09-24 19:00:00,Pekanbaru,Rain,light rain,25.03,26.1,96,1012,1.4,1.0,95,10000
2026-09-23 14:00:38,2026-09-24 22:00:00,Pekanbaru,Rain,moderate rain,24.33,25.38,98,1014,0.61,1.0,100,10000
2026-09-23 14:00:38,2026-09-25 01:00:00,Pekanbaru,Rain,light rain,24.22,25.28,99,1012,0.66,1.0,100,10000
2026-09-23 14:00:38,2026-09-25 04:00:00,Pekanbaru,Rain,light rain,23.8,24.82,99,1011,0.57,0.72,100,10000
2026-09-23 14:00:38,2026-09-25 07:00:00,Pekanbaru,Clouds,overcast clouds,23.79,24.78,98,1013,0.41,0.43,100,10000
2026-09-23 14:00:38,2026-09-25 10:00:00,Pekanbaru,Clouds,overcast clouds,28.29,32.67,79,1014,0.9,0.0,99,10000
2026-09-23 14:00:38,2026-09-25 13:00:00,Pekanbaru,Rain,light rain,30.92,37.09,69,1011,1.13,0.75,98,10000
2026-09-23 14:00:38,2026-09-25 16:00:00,Pekanbaru,Rain,light rain,29.14,35.13,80,1009,0.89,1.0,85,8038
2026-09-23 14:00:38,2026-09-25 19:00:00,Pekanbaru,Rain,light rain,25.2,26.18,92,1011,0.8,1.0,69,10000
2026-09-23 14:00:38,2026-09-25 22:00:00,Pekanbaru,Rain,moderate rain,23.69,24.65,97,1013,0.69,1.0,37,7086
2026-09-23 14:00:38,2026-09-26 01:00:00,Pekanbaru,Rain,moderate rain,23.28,24.25,99,1011,0.82,1.0,44,10000
2026-09-23 14:00:38,2026-09-26 04:00:00,Pekanbaru,Rain,moderate rain,23.3,24.27,99,1011,0.43,1.0,88,10000
2026-09-23 14:00:38,2026-09-26 07:00:00,Pekanbaru,Rain,moderate rain,23.76,24.75,98,1013,0.6,1.0,90,10000
2026-09-23 14:00:38,2026-09-26 10:00:00,Pekanbaru,Rain,moderate rain,26.7,29.56,86,1014,1.81,1.0,100,10000
2026-09-23 14:00:38,2026-09-26 13:00:00,Pekanbaru,Rain,light rain,31.76,36.23,59,1011,0.97,0.99,100,10000
2026-09-23 14:00:38,2026-09-26 16:00:00,Pekanbaru,Rain,light rain,29.34,34.11,73,1009,0.96,0.89,100,10000
2026-09-23 14:00:38,2026-09-26 19:00:00,Pekanbaru,Rain,light rain,24.32,25.34,97,1011,1.13,1.0,100,10000
2026-09-23 14:00:38,2026-09-26 22:00:00,Pekanbaru,Rain,light rain,23.57,24.49,96,1012,0.61,0.61,100,10000
2026-09-23 14:00:38,2026-09-27 01:00:00,Pekanbaru,Rain,moderate rain,23.06,23.98,98,1011,0.41,1.0,100,10000
2026-09-23 14:00:38,2026-09-27 04:00:00,Pekanbaru,Rain,moderate rain,22.7,23.61,99,1010,0.21,1.0,100,10000
2026-09-23 14:00:38,2026-09-27 07:00:00,Pekanbaru,Rain,light rain,23.49,24.45,98,1012,0.46,1.0,100,10000
2026-09-23 14:00:38,2026-09-27 10:00:00,Pekanbaru,Clouds,overcast clouds,27.84,31.7,80,1013,0.69,0.06,100,10000
2026-09-23 14:00:38,2026-09-27 13:00:00,Pekanbaru,Rain,moderate rain,28.69,34.29,82,1011,1.19,1.0,100,5115
2026-09-23 14:00:38,2026-09-27 16:00:00,Pekanbaru,Rain,moderate rain,28.38,32.89,79,1009,0.73,1.0,99,10000
2026-09-23 14:00:38,2026-09-27 19:00:00,Pekanbaru,Rain,moderate rain,24.52,25.51,95,1011,0.63,1.0,99,1373
2026-09-23 14:00:38,2026-09-27 22:00:00,Pekanbaru,Rain,moderate rain,23.92,24.9,97,1013,1.44,1.0,100,10000
2026-09-23 14:00:38,2026-09-28 01:00:00,Pekanbaru,Rain,moderate rain,23.24,24.2,99,1012,1.35,1.0,100,8840
2026-09-23 14:00:38,2026-09-28 04:00:00,Pekanbaru,Rain,light rain,22.98,23.92,99,1012,1.93,0.95,100,10000
2026-09-23 14:00:38,2026-09-28 07:00:00,Pekanbaru,Rain,light rain,22.97,23.91,99,1013,1.37,0.95,100,10000
2026-09-23 14:00:38,2026-09-28 10:00:00,Pekanbaru,Clouds,overcast clouds,24.22,25.18,95,1015,1.5,0.0,100,10000
2026-09-23 14:00:38,2026-09-28 13:00:00,Pekanbaru,Clouds,overcast clouds,28.72,32.13,70,1012,2.14,0.0,98,10000
2026-09-23 15:00:37,2026-09-23 16:00:00,Pekanbaru,Clouds,overcast clouds,34.15,40.55,55,1007,1.49,0.0,99,10000
2026-09-23 15:00:37,2026-09-23 19:00:00,Pekanbaru,Clouds,overcast clouds,32.13,37.69,61,1008,1.01,0.0,99,10000
2026-09-23 15:00:37,2026-09-23 22:00:00,Pekanbaru,Rain,light rain,27.99,32.23,81,1010,0.23,1.0,100,3680
2026-09-23 15:00:37,2026-09-24 01:00:00,Pekanbaru,Rain,moderate rain,24.09,25.11,98,1011,1.21,1.0,100,10000
2026-09-23 15:00:37,2026-09-24 04:00:00,Pekanbaru,Rain,light rain,23.63,24.63,99,1010,1.1,1.0,100,10000
2026-09-23 15:00:37,2026-09-24 07:00:00,Pekanbaru,Rain,light rain,24.44,25.47,97,1012,1.23,1.0,97,10000
2026-09-23 15:00:37,2026-09-24 10:00:00,Pekanbaru,Rain,light rain,29.54,34.16,71,1013,1.41,0.48,99,10000
2026-09-23 15:00:37,2026-09-24 13:00:00,Pekanbaru,Rain,moderate rain,28.52,34.21,84,1011,1.66,1.0,91,10000
2026-09-23 15:00:37,2026-09-24 16:00:00,Pekanbaru,Rain,moderate rain,28.29,33.91,86,1009,1.09,1.0,100,10000
2026-09-23 15:00:37,2026-09-24 19:00:00,Pekanbaru,Rain,light rain,25.03,26.1,96,1012,1.4,1.0,95,10000
2026-09-23 15:00:37,2026-09-24 22:00:00,Pekanbaru,Rain,moderate rain,24.33,25.38,98,1014,0.61,1.0,100,10000
2026-09-23 15:00:37,2026-09-25 01:00:00,Pekanbaru,Rain,light rain,24.22,25.28,99,1012,0.66,1.0,100,10000
2026-09-23 15:00:37,2026-09-25 04:00:00,Pekanbaru,Rain,light rain,23.8,24.82,99,1011,0.57,0.72,100,10000
2026-09-23 15:00:37,2026-09-25 07:00:00,Pekanbaru,Clouds,overcast clouds,23.79,24.78,98,1013,0.41,0.43,100,10000
2026-09-23 15:00:37,2026-09-25 10:00:00,Pekanbaru,Clouds,overcast clouds,28.29,32.67,79,1014,0.9,0.0,99,10000
2026-09-23 15:00:37,2026-09-25 13:00:00,Pekanbaru,Rain,light rain,30.92,37.09,69,1011,1.13,0.75,98,10000
2026-09-23 15:00:37,2026-09-25 16:00:00,Pekanbaru,Rain,light rain,29.14,35.13,80,1009,0.89,1.0,85,8038
2026-09-23 15:00:37,2026-09-25 19:00:00,Pekanbaru,Rain,light rain,25.2,26.18,92,1011,0.8,1.0,69,10000
2026-09-23 15:00:37,2026-09-25 22:00:00,Pekanbaru,Rain,moderate rain,23.69,24.65,97,1013,0.69,1.0,37,7086
2026-09-23 15:00:37,2026-09-26 01:00:00,Pekanbaru,Rain,moderate rain,23.28,24.25,99,1011,0.82,1.0,44,10000
2026-09-23 15:00:37,2026-09-26 04:00:00,Pekanbaru,Rain,moderate rain,23.3,24.27,99,1011,0.43,1.0,88,10000
2026-09-23 15:00:37,2026-09-26 07:00:00,Pekanbaru,Rain,moderate rain,23.76,24.75,98,1013,0.6,1.0,90,10000
2026-09-23 15:00:37,2026-09-26 10:00:00,Pekanbaru,Rain,moderate rain,26.7,29.56,86,1014,1.81,1.0,100,10000
2026-09-23 15:00:37,2026-09-26 13:00:00,Pekanbaru,Rain,light rain,31.76,36.23,59,1011,0.97,0.99,100,10000
2026-09-23 15:00:37,2026-09-26 16:00:00,Pekanbaru,Rain,light rain,29.34,34.11,73,1009,0.96,0.89,100,10000
2026-09-23 15:00:37,2026-09-26 19:00:00,Pekanbaru,Rain,light rain,24.32,25.34,97,1011,1.13,1.0,100,10000
2026-09-23 15:00:37,2026-09-26 22:00:00,Pekanbaru,Rain,light rain,23.57,24.49,96,1012,0.61,0.61,100,10000
2026-09-23 15:00:37,2026-09-27 01:00:00,Pekanbaru,Rain,moderate rain,23.06,23.98,98,1011,0.41,1.0,100,10000
2026-09-23 15:00:37,2026-09-27 04:00:00,Pekanbaru,Rain,moderate rain,22.7,23.61,99,1010,0.21,1.0,100,10000
2026-09-23 15:00:37,2026-09-27 07:00:00,Pekanbaru,Rain,light rain,23.49,24.45,98,1012,0.46,1.0,100,10000
2026-09-23 15:00:37,2026-09-27 10:00:00,Pekanbaru,Clouds,overcast clouds,27.84,31.7,80,1013,0.69,0.06,100,10000
2026-09-23 15:00:37,2026-09-27 13:00:00,Pekanbaru,Rain,moderate rain,28.69,34.29,82,1011,1.19,1.0,100,5115
2026-09-23 15:00:37,2026-09-27 16:00:00,Pekanbaru,Rain,moderate rain,28.38,32.89,79,1009,0.73,1.0,99,10000
2026-09-23 15:00:37,2026-09-27 19:00:00,Pekanbaru,Rain,moderate rain,24.52,25.51,95,1011,0.63,1.0,99,1373
2026-09-23 15:00:37,2026-09-27 22:00:00,Pekanbaru,Rain,moderate rain,23.92,24.9,97,1013,1.44,1.0,100,10000
2026-09-23 15:00:37,2026-09-28 01:00:00,Pekanbaru,Rain,moderate rain,23.24,24.2,99,1012,1.35,1.0,100,8840
2026-09-23 15:00:37,2026-09-28 04:00:00,Pekanbaru,Rain,light rain,22.98,23.92,99,1012,1.93,0.95,100,10000
2026-09-23 15:00:37,2026-09-28 07:00:00,Pekanbaru,Rain,light rain,22.97,23.91,99,1013,1.37,0.95,100,10000
2026-09-23 15:00:37,2026-09-28 10:00:00,Pekanbaru,Clouds,overcast clouds,24.22,25.18,95,1015,1.5,0.0,100,10000
2026-09-23 15:00:37,2026-09-28 13:00:00,Pekanbaru,Clouds,overcast clouds,28.72,32.13,70,1012,2.14,0.0,98,10000
2026-09-23 16:00:37,2026-09-23 19:00:00,Pekanbaru,Clouds,overcast clouds,32.11,37.03,59,1008,1.01,0.0,99,10000
2026-09-23 16:00:37,2026-09-23 22:00:00,Pekanbaru,Rain,light rain,27.99,32.07,80,1010,0.23,1.0,100,3680
2026-09-23 16:00:37,2026-09-24 01:00:00,Pekanbaru,Rain,moderate rain,24.09,25.11,98,1011,1.21,1.0,100,10000
2026-09-23 16:00:37,2026-09-24 04:00:00,Pekanbaru,Rain,light rain,23.63,24.63,99,1010,1.1,1.0,100,10000
2026-09-23 16:00:37,2026-09-24 07:00:00,Pekanbaru,Rain,light rain,24.44,25.47,97,1012,1.23,1.0,97,10000
2026-09-23 16:00:37,2026-09-24 10:00:00,Pekanbaru,Rain,light rain,29.54,34.16,71,1013,1.41,0.48,99,10000
2026-09-23 16:00:37,2026-09-24 13:00:00,Pekanbaru,Rain,moderate rain,28.52,34.21,84,1011,1.66,1.0,91,10000
2026-09-23 16:00:37,2026-09-24 16:00:00,Pekanbaru,Rain,moderate rain,28.29,33.91,86,1009,1.09,1.0,100,10000
2026-09-23 16:00:37,2026-09-24 19:00:00,Pekanbaru,Rain,light rain,25.03,26.1,96,1012,1.4,1.0,95,10000
2026-09-23 16:00:37,2026-09-24 22:00:00,Pekanbaru,Rain,moderate rain,24.33,25.38,98,1014,0.61,1.0,100,10000
2026-09-23 16:00:37,2026-09-25 01:00:00,Pekanbaru,Rain,light rain,24.22,25.28,99,1012,0.66,1.0,100,10000
2026-09-23 16:00:37,2026-09-25 04:00:00,Pekanbaru,Rain,light rain,23.8,24.82,99,1011,0.57,0.72,100,10000
2026-09-23 16:00:37,2026-09-25 07:00:00,Pekanbaru,Clouds,overcast clouds,23.79,24.78,98,1013,0.41,0.43,100,10000
2026-09-23 16:00:37,2026-09-25 10:00:00,Pekanbaru,Clouds,overcast clouds,28.29,32.67,79,1014,0.9,0.0,99,10000
2026-09-23 16:00:37,2026-09-25 13:00:00,Pekanbaru,Rain,light rain,30.92,37.09,69,1011,1.13,0.75,98,10000
2026-09-23 16:00:37,2026-09-25 16:00:00,Pekanbaru,Rain,light rain,29.14,35.13,80,1009,0.89,1.0,85,8038
2026-09-23 16:00:37,2026-09-25 19:00:00,Pekanbaru,Rain,light rain,25.2,26.18,92,1011,0.8,1.0,69,10000
2026-09-23 16:00:37,2026-09-25 22:00:00,Pekanbaru,Rain,moderate rain,23.69,24.65,97,1013,0.69,1.0,37,7086
2026-09-23 16:00:37,2026-09-26 01:00:00,Pekanbaru,Rain,moderate rain,23.28,24.25,99,1011,0.82,1.0,44,10000
2026-09-23 16:00:37,2026-09-26 04:00:00,Pekanbaru,Rain,moderate rain,23.3,24.27,99,1011,0.43,1.0,88,10000
2026-09-23 16:00:37,2026-09-26 07:00:00,Pekanbaru,Rain,moderate rain,23.76,24.75,98,1013,0.6,1.0,90,10000
2026-09-23 16:00:37,2026-09-26 10:00:00,Pekanbaru,Rain,moderate rain,26.7,29.56,86,1014,1.81,1.0,100,10000
2026-09-23 16:00:37,2026-09-26 13:00:00,Pekanbaru,Rain,light rain,31.76,36.23,59,1011,0.97,0.99,100,10000
2026-09-23 16:00:37,2026-09-26 16:00:00,Pekanbaru,Rain,light rain,29.34,34.11,73,1009,0.96,0.89,100,10000
2026-09-23 16:00:37,2026-09-26 19:00:00,Pekanbaru,Rain,light rain,24.32,25.34,97,1011,1.13,1.0,100,10000
2026-09-23 16:00:37,2026-09-26 22:00:00,Pekanbaru,Rain,light rain,23.57,24.49,96,1012,0.61,0.61,100,10000
2026-09-23 16:00:37,2026-09-27 01:00:00,Pekanbaru,Rain,moderate rain,23.06,23.98,98,1011,0.41,1.0,100,10000
2026-09-23 16:00:37,2026-09-27 04:00:00,Pekanbaru,Rain,moderate rain,22.7,23.61,99,1010,0.21,1.0,100,10000
2026-09-23 16:00:37,2026-09-27 07:00:00,Pekanbaru,Rain,light rain,23.49,24.45,98,1012,0.46,1.0,100,10000
2026-09-23 16:00:37,2026-09-27 10:00:00,Pekanbaru,Clouds,overcast clouds,27.84,31.7,80,1013,0.69,0.06,100,10000
2026-09-23 16:00:37,2026-09-27 13:00:00,Pekanbaru,Rain,moderate rain,28.69,34.29,82,1011,1.19,1.0,100,5115
2026-09-23 16:00:37,2026-09-27 16:00:00,Pekanbaru,Rain,moderate rain,28.38,32.89,79,1009,0.73,1.0,99,10000
2026-09-23 16:00:37,2026-09-27 19:00:00,Pekanbaru,Rain,moderate rain,24.52,25.51,95,1011,0.63,1.0,99,1373
2026-09-23 16:00:37,2026-09-27 22:00:00,Pekanbaru,Rain,moderate rain,23.92,24.9,97,1013,1.44,1.0,100,10000
2026-09-23 16:00:37,2026-09-28 01:00:00,Pekanbaru,Rain,moderate rain,23.24,24.2,99,1012,1.35,1.0,100,8840
2026-09-23 16:00:37,2026-09-28 04:00:00,Pekanbaru,Rain,light rain,22.98,23.92,99,1012,1.93,0.95,100,10000
2026-09-23 16:00:37,2026-09-28 07:00:00,Pekanbaru,Rain,light rain,22.97,23.91,99,1013,1.37,0.95,100,10000
2026-09-23 16:00:37,2026-09-28 10:00:00,Pekanbaru,Clouds,overcast clouds,24.22,25.18,95,1015,1.5,0.0,100,10000
2026-09-23 16:00:37,2026-09-28 13:00:00,Pekanbaru,Clouds,overcast clouds,28.72,32.13,70,1012,2.14,0.0,98,10000
2026-09-23 16:00:37,2026-09-28 16:00:00,Pekanbaru,Clouds,scattered clouds,29.41,32.84,66,1010,2.22,0.0,45,10000
2026-09-23 16:16:12,2026-09-23 19:00:00,Pekanbaru,Clouds,overcast clouds,32.11,36.73,58,1006,1.01,0.0,99,10000
2026-09-23 16:16:12,2026-09-23 22:00:00,Pekanbaru,Rain,light rain,27.99,32.07,80,1010,0.23,1.0,100,3680
2026-09-23 16:16:12,2026-09-24 01:00:00,Pekanbaru,Rain,moderate rain,24.09,25.11,98,1011,1.21,1.0,100,10000
2026-09-23 16:16:12,2026-09-24 04:00:00,Pekanbaru,Rain,light rain,23.63,24.63,99,1010,1.1,1.0,100,10000
2026-09-23 16:16:12,2026-09-24 07:00:00,Pekanbaru,Rain,light rain,24.44,25.47,97,1012,1.23,1.0,97,10000
2026-09-23 16:16:12,2026-09-24 10:00:00,Pekanbaru,Rain,light rain,29.54,34.16,71,1013,1.41,0.48,99,10000
2026-09-23 16:16:12,2026-09-24 13:00:00,Pekanbaru,Rain,moderate rain,28.52,34.21,84,1011,1.66,1.0,91,10000
2026-09-23 16:16:12,2026-09-24 16:00:00,Pekanbaru,Rain,moderate rain,28.29,33.91,86,1009,1.09,1.0,100,10000
2026-09-23 16:16:12,2026-09-24 19:00:00,Pekanbaru,Rain,light rain,25.03,26.1,96,1012,1.4,1.0,95,10000
2026-09-23 16:16:12,2026-09-24 22:00:00,Pekanbaru,Rain,moderate rain,24.33,25.38,98,1014,0.61,1.0,100,10000
2026-09-23 16:16:12,2026-09-25 01:00:00,Pekanbaru,Rain,light rain,24.22,25.28,99,1012,0.66,1.0,100,10000
2026-09-23 16:16:12,2026-09-25 04:00:00,Pekanbaru,Rain,light rain,23.8,24.82,99,1011,0.57,0.72,100,10000
2026-09-23 16:16:12,2026-09-25 07:00:00,Pekanbaru,Clouds,overcast clouds,23.79,24.78,98,1013,0.41,0.43,100,10000
2026-09-23 16:16:12,2026-09-25 10:00:00,Pekanbaru,Clouds,overcast clouds,28.29,32.67,79,1014,0.9,0.0,99,10000
2026-09-23 16:16:12,2026-09-25 13:00:00,Pekanbaru,Rain,light rain,30.92,37.09,69,1011,1.13,0.75,98,10000
2026-09-23 16:16:12,2026-09-25 16:00:00,Pekanbaru,Rain,light rain,29.14,35.13,80,1009,0.89,1.0,85,8038
2026-09-23 16:16:12,2026-09-25 19:00:00,Pekanbaru,Rain,light rain,25.2,26.18,92,1011,0.8,1.0,69,10000
2026-09-23 16:16:12,2026-09-25 22:00:00,Pekanbaru,Rain,moderate rain,23.69,24.65,97,1013,0.69,1.0,37,7086
2026-09-23 16:16:12,2026-09-26 01:00:00,Pekanbaru,Rain,moderate rain,23.28,24.25,99,1011,0.82,1.0,44,10000
2026-09-23 16:16:12,2026-09-26 04:00:00,Pekanbaru,Rain,moderate rain,23.3,24.27,99,1011,0.43,1.0,88,10000
2026-09-23 16:16:12,2026-09-26 07:00:00,Pekanbaru,Rain,moderate rain,23.76,24.75,98,1013,0.6,1.0,90,10000
2026-09-23 16:16:12,2026-09-26 10:00:00,Pekanbaru,Rain,moderate rain,26.7,29.56,86,1014,1.81,1.0,100,10000
2026-09-23 16:16:12,2026-09-26 13:00:00,Pekanbaru,Rain,light rain,31.76,36.23,59,1011,0.97,0.99,100,10000
2026-09-23 16:16:12,2026-09-26 16:00:00,Pekanbaru,Rain,light rain,29.34,34.11,73,1009,0.96,0.89,100,10000
2026-09-23 16:16:12,2026-09-26 19:00:00,Pekanbaru,Rain,light rain,24.32,25.34,97,1011,1.13,1.0,100,10000
2026-09-23 16:16:12,2026-09-26 22:00:00,Pekanbaru,Rain,light rain,23.57,24.49,96,1012,0.61,0.61,100,10000
2026-09-23 16:16:12,2026-09-27 01:00:00,Pekanbaru,Rain,moderate rain,23.06,23.98,98,1011,0.41,1.0,100,10000
2026-09-23 16:16:12,2026-09-27 04:00:00,Pekanbaru,Rain,moderate rain,22.7,23.61,99,1010,0.21,1.0,100,10000
2026-09-23 16:16:12,2026-09-27 07:00:00,Pekanbaru,Rain,light rain,23.49,24.45,98,1012,0.46,1.0,100,10000
2026-09-23 16:16:12,2026-09-27 10:00:00,Pekanbaru,Clouds,overcast clouds,27.84,31.7,80,1013,0.69,0.06,100,10000
2026-09-23 16:16:12,2026-09-27 13:00:00,Pekanbaru,Rain,moderate rain,28.69,34.29,82,1011,1.19,1.0,100,5115
2026-09-23 16:16:12,2026-09-27 16:00:00,Pekanbaru,Rain,moderate rain,28.38,32.89,79,1009,0.73,1.0,99,10000
2026-09-23 16:16:12,2026-09-27 19:00:00,Pekanbaru,Rain,moderate rain,24.52,25.51,95,1011,0.63,1.0,99,1373
2026-09-23 16:16:12,2026-09-27 22:00:00,Pekanbaru,Rain,moderate rain,23.92,24.9,97,1013,1.44,1.0,100,10000
2026-09-23 16:16:12,2026-09-28 01:00:00,Pekanbaru,Rain,moderate rain,23.24,24.2,99,1012,1.35,1.0,100,8840
2026-09-23 16:16:12,2026-09-28 04:00:00,Pekanbaru,Rain,light rain,22.98,23.92,99,1012,1.93,0.95,100,10000
2026-09-23 16:16:12,2026-09-28 07:00:00,Pekanbaru,Rain,light rain,22.97,23.91,99,1013,1.37,0.95,100,10000
2026-09-23 16:16:12,2026-09-28 10:00:00,Pekanbaru,Clouds,overcast clouds,24.22,25.18,95,1015,1.5,0.0,100,10000
2026-09-23 16:16:12,2026-09-28 13:00:00,Pekanbaru,Clouds,overcast clouds,28.72,32.13,70,1012,2.14,0.0,98,10000
2026-09-23 16:16:12,2026-09-28 16:00:00,Pekanbaru,Clouds,scattered clouds,29.41,32.84,66,1010,2.22,0.0,45,10000
2026-09-23 17:00:38,2026-09-23 19:00:00,Pekanbaru,Clouds,overcast clouds,31.43,36.05,61,1006,1.01,0.0,99,10000
2026-09-23 17:00:38,2026-09-23 22:00:00,Pekanbaru,Rain,light rain,27.66,31.4,81,1010,0.23,1.0,100,3680
2026-09-23 17:00:38,2026-09-24 01:00:00,Pekanbaru,Rain,moderate rain,24.09,25.11,98,1011,1.21,1.0,100,10000
2026-09-23 17:00:38,2026-09-24 04:00:00,Pekanbaru,Rain,light rain,23.63,24.63,99,1010,1.1,1.0,100,10000
2026-09-23 17:00:38,2026-09-24 07:00:00,Pekanbaru,Rain,light rain,24.44,25.47,97,1012,1.23,1.0,97,10000
2026-09-23 17:00:38,2026-09-24 10:00:00,Pekanbaru,Rain,light rain,29.54,34.16,71,1013,1.41,0.48,99,10000
2026-09-23 17:00:38,2026-09-24 13:00:00,Pekanbaru,Rain,moderate rain,28.52,34.21,84,1011,1.66,1.0,91,10000
2026-09-23 17:00:38,2026-09-24 16:00:00,Pekanbaru,Rain,moderate rain,28.29,33.91,86,1009,1.09,1.0,100,10000
2026-09-23 17:00:38,2026-09-24 19:00:00,Pekanbaru,Rain,light rain,25.03,26.1,96,1012,1.4,1.0,95,10000
2026-09-23 17:00:38,2026-09-24 22:00:00,Pekanbaru,Rain,moderate rain,24.33,25.38,98,1014,0.61,1.0,100,10000
2026-09-23 17:00:38,2026-09-25 01:00:00,Pekanbaru,Rain,light rain,24.22,25.28,99,1012,0.66,1.0,100,10000
2026-09-23 17:00:38,2026-09-25 04:00:00,Pekanbaru,Rain,light rain,23.8,24.82,99,1011,0.57,0.72,100,10000
2026-09-23 17:00:38,2026-09-25 07:00:00,Pekanbaru,Clouds,overcast clouds,23.79,24.78,98,1013,0.41,0.43,100,10000
2026-09-23 17:00:38,2026-09-25 10:00:00,Pekanbaru,Clouds,overcast clouds,28.29,32.67,79,1014,0.9,0.0,99,10000
2026-09-23 17:00:38,2026-09-25 13:00:00,Pekanbaru,Rain,light rain,30.92,37.09,69,1011,1.13,0.75,98,10000
2026-09-23 17:00:38,2026-09-25 16:00:00,Pekanbaru,Rain,light rain,29.14,35.13,80,1009,0.89,1.0,85,8038
2026-09-23 17:00:38,2026-09-25 19:00:00,Pekanbaru,Rain,light rain,25.2,26.18,92,1011,0.8,1.0,69,10000
2026-09-23 17:00:38,2026-09-25 22:00:00,Pekanbaru,Rain,moderate rain,23.69,24.65,97,1013,0.69,1.0,37,7086
2026-09-23 17:00:38,2026-09-26 01:00:00,Pekanbaru,Rain,moderate rain,23.28,24.25,99,1011,0.82,1.0,44,10000
2026-09-23 17:00:38,2026-09-26 04:00:00,Pekanbaru,Rain,moderate rain,23.3,24.27,99,1011,0.43,1.0,88,10000
2026-09-23 17:00:38,2026-09-26 07:00:00,Pekanbaru,Rain,moderate rain,23.76,24.75,98,1013,0.6,1.0,90,10000
2026-09-23 17:00:38,2026-09-26 10:00:00,Pekanbaru,Rain,moderate rain,26.7,29.56,86,1014,1.81,1.0,100,10000
2026-09-23 17:00:38,2026-09-26 13:00:00,Pekanbaru,Rain,light rain,31.76,36.23,59,1011,0.97,0.99,100,10000
2026-09-23 17:00:38,2026-09-26 16:00:00,Pekanbaru,Rain,light rain,29.34,34.11,73,1009,0.96,0.89,100,10000
2026-09-23 17:00:38,2026-09-26 19:00:00,Pekanbaru,Rain,light rain,24.32,25.34,97,1011,1.13,1.0,100,10000
2026-09-23 17:00:38,2026-09-26 22:00:00,Pekanbaru,Rain,light rain,23.57,24.49,96,1012,0.61,0.61,100,10000
2026-09-23 17:00:38,2026-09-27 01:00:00,Pekanbaru,Rain,moderate rain,23.06,23.98,98,1011,0.41,1.0,100,10000
2026-09-23 17:00:38,2026-09-27 04:00:00,Pekanbaru,Rain,moderate rain,22.7,23.61,99,1010,0.21,1.0,100,10000
2026-09-23 17:00:38,2026-09-27 07:00:00,Pekanbaru,Rain,light rain,23.49,24.45,98,1012,0.46,1.0,100,10000
2026-09-23 17:00:38,2026-09-27 10:00:00,Pekanbaru,Clouds,overcast clouds,27.84,31.7,80,1013,0.69,0.06,100,10000
2026-09-23 17:00:38,2026-09-27 13:00:00,Pekanbaru,Rain,moderate rain,28.69,34.29,82,1011,1.19,1.0,100,5115
2026-09-23 17:00:38,2026-09-27 16:00:00,Pekanbaru,Rain,moderate rain,28.38,32.89,79,1009,0.73,1.0,99,10000
2026-09-23 17:00:38,2026-09-27 19:00:00,Pekanbaru,Rain,moderate rain,24.52,25.51,95,1011,0.63,1.0,99,1373
2026-09-23 17:00:38,2026-09-27 22:00:00,Pekanbaru,Rain,moderate rain,23.92,24.9,97,1013,1.44,1.0,100,10000
2026-09-23 17:00:38,2026-09-28 01:00:00,Pekanbaru,Rain,moderate rain,23.24,24.2,99,1012,1.35,1.0,100,8840
2026-09-23 17:00:38,2026-09-28 04:00:00,Pekanbaru,Rain,light rain,22.98,23.92,99,1012,1.93,0.95,100,10000
2026-09-23 17:00:38,2026-09-28 07:00:00,Pekanbaru,Rain,light rain,22.97,23.91,99,1013,1.37,0.95,100,10000
2026-09-23 17:00:38,2026-09-28 10:00:00,Pekanbaru,Clouds,overcast clouds,24.22,25.18,95,1015,1.5,0.0,100,10000
2026-09-23 17:00:38,2026-09-28 13:00:00,Pekanbaru,Clouds,overcast clouds,28.72,32.13,70,1012,2.14,0.0,98,10000
2026-09-23 17:00:38,2026-09-28 16:00:00,Pekanbaru,Clouds,scattered clouds,29.41,32.84,66,1010,2.22,0.0,45,10000
2026-09-23 18:00:42,2026-09-23 19:00:00,Pekanbaru,Clouds,overcast clouds,33.15,38.16,55,1009,1.01,0.0,100,10000
2026-09-23 18:00:42,2026-09-23 22:00:00,Pekanbaru,Rain,light rain,30.43,35.08,66,1010,0.23,1.0,100,3680
2026-09-23 18:00:42,2026-09-24 01:00:00,Pekanbaru,Rain,moderate rain,27.11,30.4,84,1010,1.21,1.0,100,10000
2026-09-23 18:00:42,2026-09-24 04:00:00,Pekanbaru,Rain,light rain,23.63,24.63,99,1010,1.1,1.0,100,10000
2026-09-23 18:00:42,2026-09-24 07:00:00,Pekanbaru,Rain,light rain,24.44,25.47,97,1012,1.23,1.0,97,10000
2026-09-23 18:00:42,2026-09-24 10:00:00,Pekanbaru,Rain,light rain,29.54,34.16,71,1013,1.41,0.48,99,10000
2026-09-23 18:00:42,2026-09-24 13:00:00,Pekanbaru,Rain,moderate rain,28.52,34.21,84,1011,1.66,1.0,91,10000
2026-09-23 18:00:42,2026-09-24 16:00:00,Pekanbaru,Rain,moderate rain,28.29,33.91,86,1009,1.09,1.0,100,10000
2026-09-23 18:00:42,2026-09-24 19:00:00,Pekanbaru,Rain,light rain,25.03,26.1,96,1012,1.4,1.0,95,10000
2026-09-23 18:00:42,2026-09-24 22:00:00,Pekanbaru,Rain,moderate rain,24.33,25.38,98,1014,0.61,1.0,100,10000
2026-09-23 18:00:42,2026-09-25 01:00:00,Pekanbaru,Rain,light rain,24.22,25.28,99,1012,0.66,1.0,100,10000
2026-09-23 18:00:42,2026-09-25 04:00:00,Pekanbaru,Rain,light rain,23.8,24.82,99,1011,0.57,0.72,100,10000
2026-09-23 18:00:42,2026-09-25 07:00:00,Pekanbaru,Clouds,overcast clouds,23.79,24.78,98,1013,0.41,0.43,100,10000
2026-09-23 18:00:42,2026-09-25 10:00:00,Pekanbaru,Clouds,overcast clouds,28.29,32.67,79,1014,0.9,0.0,99,10000
2026-09-23 18:00:42,2026-09-25 13:00:00,Pekanbaru,Rain,light rain,30.92,37.09,69,1011,1.13,0.75,98,10000
2026-09-23 18:00:42,2026-09-25 16:00:00,Pekanbaru,Rain,light rain,29.14,35.13,80,1009,0.89,1.0,85,8038
2026-09-23 18:00:42,2026-09-25 19:00:00,Pekanbaru,Rain,light rain,25.2,26.18,92,1011,0.8,1.0,69,10000
2026-09-23 18:00:42,2026-09-25 22:00:00,Pekanbaru,Rain,moderate rain,23.69,24.65,97,1013,0.69,1.0,37,7086
2026-09-23 18:00:42,2026-09-26 01:00:00,Pekanbaru,Rain,moderate rain,23.28,24.25,99,1011,0.82,1.0,44,10000
2026-09-23 18:00:42,2026-09-26 04:00:00,Pekanbaru,Rain,moderate rain,23.3,24.27,99,1011,0.43,1.0,88,10000
2026-09-23 18:00:42,2026-09-26 07:00:00,Pekanbaru,Rain,moderate rain,23.76,24.75,98,1013,0.6,1.0,90,10000
2026-09-23 18:00:42,2026-09-26 10:00:00,Pekanbaru,Rain,moderate rain,26.7,29.56,86,1014,1.81,1.0,100,10000
2026-09-23 18:00:42,2026-09-26 13:00:00,Pekanbaru,Rain,light rain,31.76,36.23,59,1011,0.97,0.99,100,10000
2026-09-23 18:00:42,2026-09-26 16:00:00,Pekanbaru,Rain,light rain,29.34,34.11,73,1009,0.96,0.89,100,10000
2026-09-23 18:00:42,2026-09-26 19:00:00,Pekanbaru,Rain,light rain,24.32,25.34,97,1011,1.13,1.0,100,10000
2026-09-23 18:00:42,2026-09-26 22:00:00,Pekanbaru,Rain,light rain,23.57,24.49,96,1012,0.61,0.61,100,10000
2026-09-23 18:00:42,2026-09-27 01:00:00,Pekanbaru,Rain,moderate rain,23.06,23.98,98,1011,0.41,1.0,100,10000
2026-09-23 18:00:42,2026-09-27 04:00:00,Pekanbaru,Rain,moderate rain,22.7,23.61,99,1010,0.21,1.0,100,10000
2026-09-23 18:00:42,2026-09-27 07:00:00,Pekanbaru,Rain,light rain,23.49,24.45,98,1012,0.46,1.0,100,10000
2026-09-23 18:00:42,2026-09-27 10:00:00,Pekanbaru,Clouds,overcast clouds,27.84,31.7,80,1013,0.69,0.06,100,10000
2026-09-23 18:00:42,2026-09-27 13:00:00,Pekanbaru,Rain,moderate rain,28.69,34.29,82,1011,1.19,1.0,100,5115
2026-09-23 18:00:42,2026-09-27 16:00:00,Pekanbaru,Rain,moderate rain,28.38,32.89,79,1009,0.73,1.0,99,10000
2026-09-23 18:00:42,2026-09-27 19:00:00,Pekanbaru,Rain,moderate rain,24.52,25.51,95,1011,0.63,1.0,99,1373
2026-09-23 18:00:42,2026-09-27 22:00:00,Pekanbaru,Rain,moderate rain,23.92,24.9,97,1013,1.44,1.0,100,10000
2026-09-23 18:00:42,2026-09-28 01:00:00,Pekanbaru,Rain,moderate rain,23.24,24.2,99,1012,1.35,1.0,100,8840
2026-09-23 18:00:42,2026-09-28 04:00:00,Pekanbaru,Rain,light rain,22.98,23.92,99,1012,1.93,0.95,100,10000
2026-09-23 18:00:42,2026-09-28 07:00:00,Pekanbaru,Rain,light rain,22.97,23.91,99,1013,1.37,0.95,100,10000
2026-09-23 18:00:42,2026-09-28 10:00:00,Pekanbaru,Clouds,overcast clouds,24.22,25.18,95,1015,1.5,0.0,100,10000
2026-09-23 18:00:42,2026-09-28 13:00:00,Pekanbaru,Clouds,overcast clouds,28.72,32.13,70,1012,2.14,0.0,98,10000
2026-09-23 18:00:42,2026-09-28 16:00:00,Pekanbaru,Clouds,scattered clouds,29.41,32.84,66,1010,2.22,0.0,45,10000
2026-09-23 19:00:38,2026-09-23 22:00:00,Pekanbaru,Rain,light rain,29.77,34.71,71,1009,0.23,1.0,100,3680
2026-09-23 19:00:38,2026-09-24 01:00:00,Pekanbaru,Rain,moderate rain,26.78,29.76,86,1010,1.21,1.0,100,10000
2026-09-23 19:00:38,2026-09-24 04:00:00,Pekanbaru,Rain,light rain,23.63,24.63,99,1010,1.1,1.0,100,10000
2026-09-23 19:00:38,2026-09-24 07:00:00,Pekanbaru,Rain,light rain,24.44,25.47,97,1012,1.23,1.0,97,10000
2026-09-23 19:00:38,2026-09-24 10:00:00,Pekanbaru,Rain,light rain,29.54,34.16,71,1013,1.41,0.48,99,10000
2026-09-23 19:00:38,2026-09-24 13:00:00,Pekanbaru,Rain,moderate rain,28.52,34.21,84,1011,1.66,1.0,91,10000
2026-09-23 19:00:38,2026-09-24 16:00:00,Pekanbaru,Rain,moderate rain,28.29,33.91,86,1009,1.09,1.0,100,10000
2026-09-23 19:00:38,2026-09-24 19:00:00,Pekanbaru,Rain,light rain,25.03,26.1,96,1012,1.4,1.0,95,10000
2026-09-23 19:00:38,2026-09-24 22:00:00,Pekanbaru,Rain,moderate rain,24.33,25.38,98,1014,0.61,1.0,100,10000
2026-09-23 19:00:38,2026-09-25 01:00:00,Pekanbaru,Rain,light rain,24.22,25.28,99,1012,0.66,1.0,100,10000
2026-09-23 19:00:38,2026-09-25 04:00:00,Pekanbaru,Rain,light rain,23.8,24.82,99,1011,0.57,0.72,100,10000
2026-09-23 19:00:38,2026-09-25 07:00:00,Pekanbaru,Clouds,overcast clouds,23.79,24.78,98,1013,0.41,0.43,100,10000
2026-09-23 19:00:38,2026-09-25 10:00:00,Pekanbaru,Clouds,overcast clouds,28.29,32.67,79,1014,0.9,0.0,99,10000
2026-09-23 19:00:38,2026-09-25 13:00:00,Pekanbaru,Rain,light rain,30.92,37.09,69,1011,1.13,0.75,98,10000
2026-09-23 19:00:38,2026-09-25 16:00:00,Pekanbaru,Rain,light rain,29.14,35.13,80,1009,0.89,1.0,85,8038
2026-09-23 19:00:38,2026-09-25 19:00:00,Pekanbaru,Rain,light rain,25.2,26.18,92,1011,0.8,1.0,69,10000
2026-09-23 19:00:38,2026-09-25 22:00:00,Pekanbaru,Rain,moderate rain,23.69,24.65,97,1013,0.69,1.0,37,7086
2026-09-23 19:00:38,2026-09-26 01:00:00,Pekanbaru,Rain,moderate rain,23.28,24.25,99,1011,0.82,1.0,44,10000
2026-09-23 19:00:38,2026-09-26 04:00:00,Pekanbaru,Rain,moderate rain,23.3,24.27,99,1011,0.43,1.0,88,10000
2026-09-23 19:00:38,2026-09-26 07:00:00,Pekanbaru,Rain,moderate rain,23.76,24.75,98,1013,0.6,1.0,90,10000
2026-09-23 19:00:38,2026-09-26 10:00:00,Pekanbaru,Rain,moderate rain,26.7,29.56,86,1014,1.81,1.0,100,10000
2026-09-23 19:00:38,2026-09-26 13:00:00,Pekanbaru,Rain,light rain,31.76,36.23,59,1011,0.97,0.99,100,10000
2026-09-23 19:00:38,2026-09-26 16:00:00,Pekanbaru,Rain,light rain,29.34,34.11,73,1009,0.96,0.89,100,10000
2026-09-23 19:00:38,2026-09-26 19:00:00,Pekanbaru,Rain,light rain,24.32,25.34,97,1011,1.13,1.0,100,10000
2026-09-23 19:00:38,2026-09-26 22:00:00,Pekanbaru,Rain,light rain,23.57,24.49,96,1012,0.61,0.61,100,10000
2026-09-23 19:00:38,2026-09-27 01:00:00,Pekanbaru,Rain,moderate rain,23.06,23.98,98,1011,0.41,1.0,100,10000
2026-09-23 19:00:38,2026-09-27 04:00:00,Pekanbaru,Rain,moderate rain,22.7,23.61,99,1010,0.21,1.0,100,10000
2026-09-23 19:00:38,2026-09-27 07:00:00,Pekanbaru,Rain,light rain,23.49,24.45,98,1012,0.46,1.0,100,10000
2026-09-23 19:00:38,2026-09-27 10:00:00,Pekanbaru,Clouds,overcast clouds,27.84,31.7,80,1013,0.69,0.06,100,10000
2026-09-23 19:00:38,2026-09-27 13:00:00,Pekanbaru,Rain,moderate rain,28.69,34.29,82,1011,1.19,1.0,100,5115
2026-09-23 19:00:38,2026-09-27 16:00:00,Pekanbaru,Rain,moderate rain,28.38,32.89,79,1009,0.73,1.0,99,10000
2026-09-23 19:00:38,2026-09-27 19:00:00,Pekanbaru,Rain,moderate rain,24.52,25.51,95,1011,0.63,1.0,99,1373
2026-09-23 19:00:38,2026-09-27 22:00:00,Pekanbaru,Rain,moderate rain,23.92,24.9,97,1013,1.44,1.0,100,10000
2026-09-23 19:00:38,2026-09-28 01:00:00,Pekanbaru,Rain,moderate rain,23.24,24.2,99,1012,1.35,1.0,100,8840
2026-09-23 19:00:38,2026-09-28 04:00:00,Pekanbaru,Rain,light rain,22.98,23.92,99,1012,1.93,0.95,100,10000
2026-09-23 19:00:38,2026-09-28 07:00:00,Pekanbaru,Rain,light rain,22.97,23.91,99,1013,1.37,0.95,100,10000
2026-09-23 19:00:38,2026-09-28 10:00:00,Pekanbaru,Clouds,overcast clouds,24.22,25.18,95,1015,1.5,0.0,100,10000
2026-09-23 19:00:38,2026-09-28 13:00:00,Pekanbaru,Clouds,overcast clouds,28.72,32.13,70,1012,2.14,0.0,98,10000
2026-09-23 19:00:38,2026-09-28 16:00:00,Pekanbaru,Clouds,scattered clouds,29.41,32.84,66,1010,2.22,0.0,45,10000
2026-09-23 19:00:38,2026-09-28 19:00:00,Pekanbaru,Clouds,scattered clouds,24.24,25.15,93,1012,1.44,0.0,48,10000
2026-09-23 20:00:42,2026-09-23 22:00:00,Pekanbaru,Rain,light rain,26.21,26.21,88,1010,0.19,0.36,99,10000
2026-09-23 20:00:42,2026-09-24 01:00:00,Pekanbaru,Rain,light rain,25.58,26.54,90,1010,0.64,0.42,99,10000
2026-09-23 20:00:42,2026-09-24 04:00:00,Pekanbaru,Rain,moderate rain,23.71,24.67,97,1010,1.53,1.0,100,1121
2026-09-23 20:00:42,2026-09-24 07:00:00,Pekanbaru,Rain,moderate rain,24.01,25.0,97,1012,0.66,1.0,100,10000
2026-09-23 20:00:42,2026-09-24 10:00:00,Pekanbaru,Rain,light rain,29.26,34.35,75,1013,0.89,0.98,100,10000
2026-09-23 20:00:42,2026-09-24 13:00:00,Pekanbaru,Rain,light rain,29.86,36.44,77,1010,0.94,1.0,92,10000
2026-09-23 20:00:42,2026-09-24 16:00:00,Pekanbaru,Rain,moderate rain,28.74,35.28,86,1009,1.28,1.0,99,10000
2026-09-23 20:00:42,2026-09-24 19:00:00,Pekanbaru,Rain,light rain,25.2,26.23,94,1011,0.41,1.0,91,10000
2026-09-23 20:00:42,2026-09-24 22:00:00,Pekanbaru,Rain,light rain,24.48,25.52,97,1013,0.95,0.28,92,10000
2026-09-23 20:00:42,2026-09-25 01:00:00,Pekanbaru,Rain,moderate rain,23.68,24.66,98,1012,0.62,0.95,96,10000
2026-09-23 20:00:42,2026-09-25 04:00:00,Pekanbaru,Rain,light rain,23.12,24.05,98,1012,0.99,0.94,100,10000
2026-09-23 20:00:42,2026-09-25 07:00:00,Pekanbaru,Rain,light rain,23.46,24.37,96,1013,0.58,0.99,100,10000
2026-09-23 20:00:42,2026-09-25 10:00:00,Pekanbaru,Clouds,overcast clouds,27.81,31.35,78,1014,0.5,0.0,100,10000
2026-09-23 20:00:42,2026-09-25 13:00:00,Pekanbaru,Clouds,overcast clouds,30.23,34.38,65,1011,1.4,0.0,100,10000
2026-09-23 20:00:42,2026-09-25 16:00:00,Pekanbaru,Rain,light rain,31.22,35.85,62,1008,0.28,0.37,71,10000
2026-09-23 20:00:42,2026-09-25 19:00:00,Pekanbaru,Rain,light rain,25.22,26.2,92,1011,1.35,0.63,43,10000
2026-09-23 20:00:42,2026-09-25 22:00:00,Pekanbaru,Rain,moderate rain,24.43,25.44,96,1013,1.01,1.0,66,10000
2026-09-23 20:00:42,2026-09-26 01:00:00,Pekanbaru,Rain,light rain,23.85,24.85,98,1011,0.45,1.0,59,10000
2026-09-23 20:00:42,2026-09-26 04:00:00,Pekanbaru,Rain,moderate rain,22.88,23.81,99,1011,0.6,1.0,64,10000
2026-09-23 20:00:42,2026-09-26 07:00:00,Pekanbaru,Rain,light rain,23.62,24.6,98,1013,0.83,1.0,79,10000
2026-09-23 20:00:42,2026-09-26 10:00:00,Pekanbaru,Rain,light rain,28.0,31.95,79,1014,1.75,0.73,88,10000
2026-09-23 20:00:42,2026-09-26 13:00:00,Pekanbaru,Rain,light rain,27.89,32.12,82,1011,0.83,0.86,94,10000
2026-09-23 20:00:42,2026-09-26 16:00:00,Pekanbaru,Rain,light rain,27.1,30.58,86,1009,0.23,0.77,100,10000
2026-09-23 20:00:42,2026-09-26 19:00:00,Pekanbaru,Clouds,overcast clouds,24.62,25.59,94,1011,0.64,0.84,100,10000
2026-09-23 20:00:42,2026-09-26 22:00:00,Pekanbaru,Rain,light rain,23.79,24.76,97,1013,0.47,0.71,93,10000
2026-09-23 20:00:42,2026-09-27 01:00:00,Pekanbaru,Rain,light rain,23.17,24.1,98,1011,0.97,1.0,89,10000
2026-09-23 20:00:42,2026-09-27 04:00:00,Pekanbaru,Rain,light rain,22.87,23.75,97,1011,0.85,0.77,100,10000
2026-09-23 20:00:42,2026-09-27 07:00:00,Pekanbaru,Rain,light rain,23.19,24.1,97,1013,0.51,0.92,100,10000
2026-09-23 20:00:42,2026-09-27 10:00:00,Pekanbaru,Rain,light rain,23.39,24.37,99,1014,0.26,1.0,100,10000
2026-09-23 20:00:42,2026-09-27 13:00:00,Pekanbaru,Rain,light rain,23.93,24.94,98,1011,0.65,1.0,100,10000
2026-09-23 20:00:42,2026-09-27 16:00:00,Pekanbaru,Rain,light rain,28.04,31.44,75,1010,0.62,0.32,98,10000
2026-09-23 20:00:42,2026-09-27 19:00:00,Pekanbaru,Rain,light rain,24.41,25.33,93,1012,0.76,0.26,98,10000
2026-09-23 20:00:42,2026-09-27 22:00:00,Pekanbaru,Rain,light rain,23.11,24.06,99,1014,1.09,1.0,100,10000
2026-09-23 20:00:42,2026-09-28 01:00:00,Pekanbaru,Rain,light rain,23.02,23.94,98,1012,1.12,1.0,99,10000
2026-09-23 20:00:42,2026-09-28 04:00:00,Pekanbaru,Clouds,overcast clouds,22.71,23.62,99,1012,1.22,0.05,86,10000
2026-09-23 20:00:42,2026-09-28 07:00:00,Pekanbaru,Rain,light rain,22.91,23.82,98,1013,1.09,0.5,82,10000
2026-09-23 20:00:42,2026-09-28 10:00:00,Pekanbaru,Rain,light rain,23.44,24.37,97,1014,1.07,0.39,99,10000
2026-09-23 20:00:42,2026-09-28 13:00:00,Pekanbaru,Rain,light rain,23.22,24.16,98,1012,0.79,0.22,99,10000
2026-09-23 20:00:42,2026-09-28 16:00:00,Pekanbaru,Clouds,overcast clouds,23.53,24.47,97,1011,1.01,0.0,100,10000
2026-09-23 20:00:42,2026-09-28 19:00:00,Pekanbaru,Clouds,overcast clouds,23.61,24.51,95,1012,0.86,0.0,100,10000
2026-09-23 21:11:10,2026-09-23 22:00:00,Pekanbaru,Rain,light rain,27.15,31.05,89,1011,0.19,0.36,98,10000
2026-09-23 21:11:10,2026-09-24 01:00:00,Pekanbaru,Rain,light rain,26.58,26.58,90,1011,0.64,0.42,98,10000
2026-09-23 21:11:10,2026-09-24 04:00:00,Pekanbaru,Rain,moderate rain,24.86,25.88,95,1010,1.53,1.0,99,1121
2026-09-23 21:11:10,2026-09-24 07:00:00,Pekanbaru,Rain,moderate rain,24.01,25.0,97,1012,0.66,1.0,100,10000
2026-09-23 21:11:10,2026-09-24 10:00:00,Pekanbaru,Rain,light rain,29.26,34.35,75,1013,0.89,0.98,100,10000
2026-09-23 21:11:10,2026-09-24 13:00:00,Pekanbaru,Rain,light rain,29.86,36.44,77,1010,0.94,1.0,92,10000
2026-09-23 21:11:10,2026-09-24 16:00:00,Pekanbaru,Rain,moderate rain,28.74,35.28,86,1009,1.28,1.0,99,10000
2026-09-23 21:11:10,2026-09-24 19:00:00,Pekanbaru,Rain,light rain,25.2,26.23,94,1011,0.41,1.0,91,10000
2026-09-23 21:11:10,2026-09-24 22:00:00,Pekanbaru,Rain,light rain,24.48,25.52,97,1013,0.95,0.28,92,10000
2026-09-23 21:11:10,2026-09-25 01:00:00,Pekanbaru,Rain,moderate rain,23.68,24.66,98,1012,0.62,0.95,96,10000
2026-09-23 21:11:10,2026-09-25 04:00:00,Pekanbaru,Rain,light rain,23.12,24.05,98,1012,0.99,0.94,100,10000
2026-09-23 21:11:10,2026-09-25 07:00:00,Pekanbaru,Rain,light rain,23.46,24.37,96,1013,0.58,0.99,100,10000
2026-09-23 21:11:10,2026-09-25 10:00:00,Pekanbaru,Clouds,overcast clouds,27.81,31.35,78,1014,0.5,0.0,100,10000
2026-09-23 21:11:10,2026-09-25 13:00:00,Pekanbaru,Clouds,overcast clouds,30.23,34.38,65,1011,1.4,0.0,100,10000
2026-09-23 21:11:10,2026-09-25 16:00:00,Pekanbaru,Rain,light rain,31.22,35.85,62,1008,0.28,0.37,71,10000
2026-09-23 21:11:10,2026-09-25 19:00:00,Pekanbaru,Rain,light rain,25.22,26.2,92,1011,1.35,0.63,43,10000
2026-09-23 21:11:10,2026-09-25 22:00:00,Pekanbaru,Rain,moderate rain,24.43,25.44,96,1013,1.01,1.0,66,10000
2026-09-23 21:11:10,2026-09-26 01:00:00,Pekanbaru,Rain,light rain,23.85,24.85,98,1011,0.45,1.0,59,10000
2026-09-23 21:11:10,2026-09-26 04:00:00,Pekanbaru,Rain,moderate rain,22.88,23.81,99,1011,0.6,1.0,64,10000
2026-09-23 21:11:10,2026-09-26 07:00:00,Pekanbaru,Rain,light rain,23.62,24.6,98,1013,0.83,1.0,79,10000
2026-09-23 21:11:10,2026-09-26 10:00:00,Pekanbaru,Rain,light rain,28.0,31.95,79,1014,1.75,0.73,88,10000
2026-09-23 21:11:10,2026-09-26 13:00:00,Pekanbaru,Rain,light rain,27.89,32.12,82,1011,0.83,0.86,94,10000
2026-09-23 21:11:10,2026-09-26 16:00:00,Pekanbaru,Rain,light rain,27.1,30.58,86,1009,0.23,0.77,100,10000
2026-09-23 21:11:10,2026-09-26 19:00:00,Pekanbaru,Clouds,overcast clouds,24.62,25.59,94,1011,0.64,0.84,100,10000
2026-09-23 21:11:10,2026-09-26 22:00:00,Pekanbaru,Rain,light rain,23.79,24.76,97,1013,0.47,0.71,93,10000
2026-09-23 21:11:10,2026-09-27 01:00:00,Pekanbaru,Rain,light rain,23.17,24.1,98,1011,0.97,1.0,89,10000
2026-09-23 21:11:10,2026-09-27 04:00:00,Pekanbaru,Rain,light rain,22.87,23.75,97,1011,0.85,0.77,100,10000
2026-09-23 21:11:10,2026-09-27 07:00:00,Pekanbaru,Rain,light rain,23.19,24.1,97,1013,0.51,0.92,100,10000
2026-09-23 21:11:10,2026-09-27 10:00:00,Pekanbaru,Rain,light rain,23.39,24.37,99,1014,0.26,1.0,100,10000
2026-09-23 21:11:10,2026-09-27 13:00:00,Pekanbaru,Rain,light rain,23.93,24.94,98,1011,0.65,1.0,100,10000
2026-09-23 21:11:10,2026-09-27 16:00:00,Pekanbaru,Rain,light rain,28.04,31.44,75,1010,0.62,0.32,98,10000
2026-09-23 21:11:10,2026-09-27 19:00:00,Pekanbaru,Rain,light rain,24.41,25.33,93,1012,0.76,0.26,98,10000
2026-09-23 21:11:10,2026-09-27 22:00:00,Pekanbaru,Rain,light rain,23.11,24.06,99,1014,1.09,1.0,100,10000
2026-09-23 21:11:10,2026-09-28 01:00:00,Pekanbaru,Rain,light rain,23.02,23.94,98,1012,1.12,1.0,99,10000
2026-09-23 21:11:10,2026-09-28 04:00:00,Pekanbaru,Clouds,overcast clouds,22.71,23.62,99,1012,1.22,0.05,86,10000
2026-09-23 21:11:10,2026-09-28 07:00:00,Pekanbaru,Rain,light rain,22.91,23.82,98,1013,1.09,0.5,82,10000
2026-09-23 21:11:10,2026-09-28 10:00:00,Pekanbaru,Rain,light rain,23.44,24.37,97,1014,1.07,0.39,99,10000
2026-09-23 21:11:10,2026-09-28 13:00:00,Pekanbaru,Rain,light rain,23.22,24.16,98,1012,0.79,0.22,99,10000
2026-09-23 21:11:10,2026-09-28 16:00:00,Pekanbaru,Clouds,overcast clouds,23.53,24.47,97,1011,1.01,0.0,100,10000
2026-09-23 21:11:10,2026-09-28 19:00:00,Pekanbaru,Clouds,overcast clouds,23.61,24.51,95,1012,0.86,0.0,100,10000
2026-09-23 21:24:52,2026-09-23 22:00:00,Pekanbaru,Rain,light rain,27.15,31.05,89,1011,0.19,0.36,98,10000
2026-09-23 21:24:52,2026-09-24 01:00:00,Pekanbaru,Rain,light rain,26.57,26.57,90,1011,0.64,0.42,98,10000
2026-09-23 21:24:52,2026-09-24 04:00:00,Pekanbaru,Rain,moderate rain,24.86,25.88,95,1010,1.53,1.0,99,1121
2026-09-23 21:24:52,2026-09-24 07:00:00,Pekanbaru,Rain,moderate rain,24.01,25.0,97,1012,0.66,1.0,100,10000
2026-09-23 21:24:52,2026-09-24 10:00:00,Pekanbaru,Rain,light rain,29.26,34.35,75,1013,0.89,0.98,100,10000
2026-09-23 21:24:52,2026-09-24 13:00:00,Pekanbaru,Rain,light rain,29.86,36.44,77,1010,0.94,1.0,92,10000
2026-09-23 21:24:52,2026-09-24 16:00:00,Pekanbaru,Rain,moderate rain,28.74,35.28,86,1009,1.28,1.0,99,10000
2026-09-23 21:24:52,2026-09-24 19:00:00,Pekanbaru,Rain,light rain,25.2,26.23,94,1011,0.41,1.0,91,10000
2026-09-23 21:24:52,2026-09-24 22:00:00,Pekanbaru,Rain,light rain,24.48,25.52,97,1013,0.95,0.28,92,10000
2026-09-23 21:24:52,2026-09-25 01:00:00,Pekanbaru,Rain,moderate rain,23.68,24.66,98,1012,0.62,0.95,96,10000
2026-09-23 21:24:52,2026-09-25 04:00:00,Pekanbaru,Rain,light rain,23.12,24.05,98,1012,0.99,0.94,100,10000
2026-09-23 21:24:52,2026-09-25 07:00:00,Pekanbaru,Rain,light rain,23.46,24.37,96,1013,0.58,0.99,100,10000
2026-09-23 21:24:52,2026-09-25 10:00:00,Pekanbaru,Clouds,overcast clouds,27.81,31.35,78,1014,0.5,0.0,100,10000
2026-09-23 21:24:52,2026-09-25 13:00:00,Pekanbaru,Clouds,overcast clouds,30.23,34.38,65,1011,1.4,0.0,100,10000
2026-09-23 21:24:52,2026-09-25 16:00:00,Pekanbaru,Rain,light rain,31.22,35.85,62,1008,0.28,0.37,71,10000
2026-09-23 21:24:52,2026-09-25 19:00:00,Pekanbaru,Rain,light rain,25.22,26.2,92,1011,1.35,0.63,43,10000
2026-09-23 21:24:52,2026-09-25 22:00:00,Pekanbaru,Rain,moderate rain,24.43,25.44,96,1013,1.01,1.0,66,10000
2026-09-23 21:24:52,2026-09-26 01:00:00,Pekanbaru,Rain,light rain,23.85,24.85,98,1011,0.45,1.0,59,10000
2026-09-23 21:24:52,2026-09-26 04:00:00,Pekanbaru,Rain,moderate rain,22.88,23.81,99,1011,0.6,1.0,64,10000
2026-09-23 21:24:52,2026-09-26 07:00:00,Pekanbaru,Rain,light rain,23.62,24.6,98,1013,0.83,1.0,79,10000
2026-09-23 21:24:52,2026-09-26 10:00:00,Pekanbaru,Rain,light rain,28.0,31.95,79,1014,1.75,0.73,88,10000
2026-09-23 21:24:52,2026-09-26 13:00:00,Pekanbaru,Rain,light rain,27.89,32.12,82,1011,0.83,0.86,94,10000
2026-09-23 21:24:52,2026-09-26 16:00:00,Pekanbaru,Rain,light rain,27.1,30.58,86,1009,0.23,0.77,100,10000
2026-09-23 21:24:52,2026-09-26 19:00:00,Pekanbaru,Clouds,overcast clouds,24.62,25.59,94,1011,0.64,0.84,100,10000
2026-09-23 21:24:52,2026-09-26 22:00:00,Pekanbaru,Rain,light rain,23.79,24.76,97,1013,0.47,0.71,93,10000
2026-09-23 21:24:52,2026-09-27 01:00:00,Pekanbaru,Rain,light rain,23.17,24.1,98,1011,0.97,1.0,89,10000
2026-09-23 21:24:52,2026-09-27 04:00:00,Pekanbaru,Rain,light rain,22.87,23.75,97,1011,0.85,0.77,100,10000
2026-09-23 21:24:52,2026-09-27 07:00:00,Pekanbaru,Rain,light rain,23.19,24.1,97,1013,0.51,0.92,100,10000
2026-09-23 21:24:52,2026-09-27 10:00:00,Pekanbaru,Rain,light rain,23.39,24.37,99,1014,0.26,1.0,100,10000
2026-09-23 21:24:52,2026-09-27 13:00:00,Pekanbaru,Rain,light rain,23.93,24.94,98,1011,0.65,1.0,100,10000
2026-09-23 21:24:52,2026-09-27 16:00:00,Pekanbaru,Rain,light rain,28.04,31.44,75,1010,0.62,0.32,98,10000
2026-09-23 21:24:52,2026-09-27 19:00:00,Pekanbaru,Rain,light rain,24.41,25.33,93,1012,0.76,0.26,98,10000
2026-09-23 21:24:52,2026-09-27 22:00:00,Pekanbaru,Rain,light rain,23.11,24.06,99,1014,1.09,1.0,100,10000
2026-09-23 21:24:52,2026-09-28 01:00:00,Pekanbaru,Rain,light rain,23.02,23.94,98,1012,1.12,1.0,99,10000
2026-09-23 21:24:52,2026-09-28 04:00:00,Pekanbaru,Clouds,overcast clouds,22.71,23.62,99,1012,1.22,0.05,86,10000
2026-09-23 21:24:52,2026-09-28 07:00:00,Pekanbaru,Rain,light rain,22.91,23.82,98,1013,1.09,0.5,82,10000
2026-09-23 21:24:52,2026-09-28 10:00:00,Pekanbaru,Rain,light rain,23.44,24.37,97,1014,1.07,0.39,99,10000
2026-09-23 21:24:52,2026-09-28 13:00:00,Pekanbaru,Rain,light rain,23.22,24.16,98,1012,0.79,0.22,99,10000
2026-09-23 21:24:52,2026-09-28 16:00:00,Pekanbaru,Clouds,overcast clouds,23.53,24.47,97,1011,1.01,0.0,100,10000
2026-09-23 21:24:52,2026-09-28 19:00:00,Pekanbaru,Clouds,overcast clouds,23.61,24.51,95,1012,0.86,0.0,100,10000
2026-09-23 22:00:41,2026-09-24 01:00:00,Pekanbaru,Rain,light rain,25.89,26.96,93,1011,0.64,0.42,98,10000
2026-09-23 22:00:41,2026-09-24 04:00:00,Pekanbaru,Rain,moderate rain,24.52,25.53,96,1010,1.53,1.0,99,1121
2026-09-23 22:00:41,2026-09-24 07:00:00,Pekanbaru,Rain,moderate rain,24.01,25.0,97,1012,0.66,1.0,100,10000
2026-09-23 22:00:41,2026-09-24 10:00:00,Pekanbaru,Rain,light rain,29.26,34.35,75,1013,0.89,0.98,100,10000
2026-09-23 22:00:41,2026-09-24 13:00:00,Pekanbaru,Rain,light rain,29.86,36.44,77,1010,0.94,1.0,92,10000
2026-09-23 22:00:41,2026-09-24 16:00:00,Pekanbaru,Rain,moderate rain,28.74,35.28,86,1009,1.28,1.0,99,10000
2026-09-23 22:00:41,2026-09-24 19:00:00,Pekanbaru,Rain,light rain,25.2,26.23,94,1011,0.41,1.0,91,10000
2026-09-23 22:00:41,2026-09-24 22:00:00,Pekanbaru,Rain,light rain,24.48,25.52,97,1013,0.95,0.28,92,10000
2026-09-23 22:00:41,2026-09-25 01:00:00,Pekanbaru,Rain,moderate rain,23.68,24.66,98,1012,0.62,0.95,96,10000
2026-09-23 22:00:41,2026-09-25 04:00:00,Pekanbaru,Rain,light rain,23.12,24.05,98,1012,0.99,0.94,100,10000
2026-09-23 22:00:41,2026-09-25 07:00:00,Pekanbaru,Rain,light rain,23.46,24.37,96,1013,0.58,0.99,100,10000
2026-09-23 22:00:41,2026-09-25 10:00:00,Pekanbaru,Clouds,overcast clouds,27.81,31.35,78,1014,0.5,0.0,100,10000
2026-09-23 22:00:41,2026-09-25 13:00:00,Pekanbaru,Clouds,overcast clouds,30.23,34.38,65,1011,1.4,0.0,100,10000
2026-09-23 22:00:41,2026-09-25 16:00:00,Pekanbaru,Rain,light rain,31.22,35.85,62,1008,0.28,0.37,71,10000
2026-09-23 22:00:41,2026-09-25 19:00:00,Pekanbaru,Rain,light rain,25.22,26.2,92,1011,1.35,0.63,43,10000
2026-09-23 22:00:41,2026-09-25 22:00:00,Pekanbaru,Rain,moderate rain,24.43,25.44,96,1013,1.01,1.0,66,10000
2026-09-23 22:00:41,2026-09-26 01:00:00,Pekanbaru,Rain,light rain,23.85,24.85,98,1011,0.45,1.0,59,10000
2026-09-23 22:00:41,2026-09-26 04:00:00,Pekanbaru,Rain,moderate rain,22.88,23.81,99,1011,0.6,1.0,64,10000
2026-09-23 22:00:41,2026-09-26 07:00:00,Pekanbaru,Rain,light rain,23.62,24.6,98,1013,0.83,1.0,79,10000
2026-09-23 22:00:41,2026-09-26 10:00:00,Pekanbaru,Rain,light rain,28.0,31.95,79,1014,1.75,0.73,88,10000
2026-09-23 22:00:41,2026-09-26 13:00:00,Pekanbaru,Rain,light rain,27.89,32.12,82,1011,0.83,0.86,94,10000
2026-09-23 22:00:41,2026-09-26 16:00:00,Pekanbaru,Rain,light rain,27.1,30.58,86,1009,0.23,0.77,100,10000
2026-09-23 22:00:41,2026-09-26 19:00:00,Pekanbaru,Clouds,overcast clouds,24.62,25.59,94,1011,0.64,0.84,100,10000
2026-09-23 22:00:41,2026-09-26 22:00:00,Pekanbaru,Rain,light rain,23.79,24.76,97,1013,0.47,0.71,93,10000
2026-09-23 22:00:41,2026-09-27 01:00:00,Pekanbaru,Rain,light rain,23.17,24.1,98,1011,0.97,1.0,89,10000
2026-09-23 22:00:41,2026-09-27 04:00:00,Pekanbaru,Rain,light rain,22.87,23.75,97,1011,0.85,0.77,100,10000
2026-09-23 22:00:41,2026-09-27 07:00:00,Pekanbaru,Rain,light rain,23.19,24.1,97,1013,0.51,0.92,100,10000
2026-09-23 22:00:41,2026-09-27 10:00:00,Pekanbaru,Rain,light rain,23.39,24.37,99,1014,0.26,1.0,100,10000
2026-09-23 22:00:41,2026-09-27 13:00:00,Pekanbaru,Rain,light rain,23.93,24.94,98,1011,0.65,1.0,100,10000
2026-09-23 22:00:41,2026-09-27 16:00:00,Pekanbaru,Rain,light rain,28.04,31.44,75,1010,0.62,0.32,98,10000
2026-09-23 22:00:41,2026-09-27 19:00:00,Pekanbaru,Rain,light rain,24.41,25.33,93,1012,0.76,0.26,98,10000
2026-09-23 22:00:41,2026-09-27 22:00:00,Pekanbaru,Rain,light rain,23.11,24.06,99,1014,1.09,1.0,100,10000
2026-09-23 22:00:41,2026-09-28 01:00:00,Pekanbaru,Rain,light rain,23.02,23.94,98,1012,1.12,1.0,99,10000
2026-09-23 22:00:41,2026-09-28 04:00:00,Pekanbaru,Clouds,overcast clouds,22.71,23.62,99,1012,1.22,0.05,86,10000
2026-09-23 22:00:41,2026-09-28 07:00:00,Pekanbaru,Rain,light rain,22.91,23.82,98,1013,1.09,0.5,82,10000
2026-09-23 22:00:41,2026-09-28 10:00:00,Pekanbaru,Rain,light rain,23.44,24.37,97,1014,1.07,0.39,99,10000
2026-09-23 22:00:41,2026-09-28 13:00:00,Pekanbaru,Rain,light rain,23.22,24.16,98,1012,0.79,0.22,99,10000
2026-09-23 22:00:41,2026-09-28 16:00:00,Pekanbaru,Clouds,overcast clouds,23.53,24.47,97,1011,1.01,0.0,100,10000
2026-09-23 22:00:41,2026-09-28 19:00:00,Pekanbaru,Clouds,overcast clouds,23.61,24.51,95,1012,0.86,0.0,100,10000
2026-09-23 22:00:41,2026-09-28 22:00:00,Pekanbaru,Clouds,overcast clouds,23.37,24.24,95,1014,1.16,0.0,97,10000
2026-09-23 23:00:41,2026-09-24 01:00:00,Pekanbaru,Rain,light rain,25.22,26.23,93,1012,0.64,0.42,98,10000
2026-09-23 23:00:41,2026-09-24 04:00:00,Pekanbaru,Rain,moderate rain,24.19,25.17,96,1011,1.53,1.0,99,1121
2026-09-23 23:00:41,2026-09-24 07:00:00,Pekanbaru,Rain,moderate rain,24.01,25.0,97,1012,0.66,1.0,100,10000
2026-09-23 23:00:41,2026-09-24 10:00:00,Pekanbaru,Rain,light rain,29.26,34.35,75,1013,0.89,0.98,100,10000
2026-09-23 23:00:41,2026-09-24 13:00:00,Pekanbaru,Rain,light rain,29.86,36.44,77,1010,0.94,1.0,92,10000
2026-09-23 23:00:41,2026-09-24 16:00:00,Pekanbaru,Rain,moderate rain,28.74,35.28,86,1009,1.28,1.0,99,10000
2026-09-23 23:00:41,2026-09-24 19:00:00,Pekanbaru,Rain,light rain,25.2,26.23,94,1011,0.41,1.0,91,10000
2026-09-23 23:00:41,2026-09-24 22:00:00,Pekanbaru,Rain,light rain,24.48,25.52,97,1013,0.95,0.28,92,10000
2026-09-23 23:00:41,2026-09-25 01:00:00,Pekanbaru,Rain,moderate rain,23.68,24.66,98,1012,0.62,0.95,96,10000
2026-09-23 23:00:41,2026-09-25 04:00:00,Pekanbaru,Rain,light rain,23.12,24.05,98,1012,0.99,0.94,100,10000
2026-09-23 23:00:41,2026-09-25 07:00:00,Pekanbaru,Rain,light rain,23.46,24.37,96,1013,0.58,0.99,100,10000
2026-09-23 23:00:41,2026-09-25 10:00:00,Pekanbaru,Clouds,overcast clouds,27.81,31.35,78,1014,0.5,0.0,100,10000
2026-09-23 23:00:41,2026-09-25 13:00:00,Pekanbaru,Clouds,overcast clouds,30.23,34.38,65,1011,1.4,0.0,100,10000
2026-09-23 23:00:41,2026-09-25 16:00:00,Pekanbaru,Rain,light rain,31.22,35.85,62,1008,0.28,0.37,71,10000
2026-09-23 23:00:41,2026-09-25 19:00:00,Pekanbaru,Rain,light rain,25.22,26.2,92,1011,1.35,0.63,43,10000
2026-09-23 23:00:41,2026-09-25 22:00:00,Pekanbaru,Rain,moderate rain,24.43,25.44,96,1013,1.01,1.0,66,10000
2026-09-23 23:00:41,2026-09-26 01:00:00,Pekanbaru,Rain,light rain,23.85,24.85,98,1011,0.45,1.0,59,10000
2026-09-23 23:00:41,2026-09-26 04:00:00,Pekanbaru,Rain,moderate rain,22.88,23.81,99,1011,0.6,1.0,64,10000
2026-09-23 23:00:41,2026-09-26 07:00:00,Pekanbaru,Rain,light rain,23.62,24.6,98,1013,0.83,1.0,79,10000
2026-09-23 23:00:41,2026-09-26 10:00:00,Pekanbaru,Rain,light rain,28.0,31.95,79,1014,1.75,0.73,88,10000
2026-09-23 23:00:41,2026-09-26 13:00:00,Pekanbaru,Rain,light rain,27.89,32.12,82,1011,0.83,0.86,94,10000
2026-09-23 23:00:41,2026-09-26 16:00:00,Pekanbaru,Rain,light rain,27.1,30.58,86,1009,0.23,0.77,100,10000
2026-09-23 23:00:41,2026-09-26 19:00:00,Pekanbaru,Clouds,overcast clouds,24.62,25.59,94,1011,0.64,0.84,100,10000
2026-09-23 23:00:41,2026-09-26 22:00:00,Pekanbaru,Rain,light rain,23.79,24.76,97,1013,0.47,0.71,93,10000
2026-09-23 23:00:41,2026-09-27 01:00:00,Pekanbaru,Rain,light rain,23.17,24.1,98,1011,0.97,1.0,89,10000
2026-09-23 23:00:41,2026-09-27 04:00:00,Pekanbaru,Rain,light rain,22.87,23.75,97,1011,0.85,0.77,100,10000
2026-09-23 23:00:41,2026-09-27 07:00:00,Pekanbaru,Rain,light rain,23.19,24.1,97,1013,0.51,0.92,100,10000
2026-09-23 23:00:41,2026-09-27 10:00:00,Pekanbaru,Rain,light rain,23.39,24.37,99,1014,0.26,1.0,100,10000
2026-09-23 23:00:41,2026-09-27 13:00:00,Pekanbaru,Rain,light rain,23.93,24.94,98,1011,0.65,1.0,100,10000
2026-09-23 23:00:41,2026-09-27 16:00:00,Pekanbaru,Rain,light rain,28.04,31.44,75,1010,0.62,0.32,98,10000
2026-09-23 23:00:41,2026-09-27 19:00:00,Pekanbaru,Rain,light rain,24.41,25.33,93,1012,0.76,0.26,98,10000
2026-09-23 23:00:41,2026-09-27 22:00:00,Pekanbaru,Rain,light rain,23.11,24.06,99,1014,1.09,1.0,100,10000
2026-09-23 23:00:41,2026-09-28 01:00:00,Pekanbaru,Rain,light rain,23.02,23.94,98,1012,1.12,1.0,99,10000
2026-09-23 23:00:41,2026-09-28 04:00:00,Pekanbaru,Clouds,overcast clouds,22.71,23.62,99,1012,1.22,0.05,86,10000
2026-09-23 23:00:41,2026-09-28 07:00:00,Pekanbaru,Rain,light rain,22.91,23.82,98,1013,1.09,0.5,82,10000
2026-09-23 23:00:41,2026-09-28 10:00:00,Pekanbaru,Rain,light rain,23.44,24.37,97,1014,1.07,0.39,99,10000
2026-09-23 23:00:41,2026-09-28 13:00:00,Pekanbaru,Rain,light rain,23.22,24.16,98,1012,0.79,0.22,99,10000
2026-09-23 23:00:41,2026-09-28 16:00:00,Pekanbaru,Clouds,overcast clouds,23.53,24.47,97,1011,1.01,0.0,100,10000
2026-09-23 23:00:41,2026-09-28 19:00:00,Pekanbaru,Clouds,overcast clouds,23.61,24.51,95,1012,0.86,0.0,100,10000
2026-09-23 23:00:41,2026-09-28 22:00:00,Pekanbaru,Clouds,overcast clouds,23.37,24.24,95,1014,1.16,0.0,97,10000
2026-09-24 01:00:41,2026-09-24 04:00:00,Pekanbaru,Rain,light rain,24.03,24.97,95,1011,0.81,0.31,100,10000
2026-09-24 01:00:41,2026-09-24 07:00:00,Pekanbaru,Rain,moderate rain,24.05,25.04,97,1012,1.28,1.0,100,10000
2026-09-24 01:00:41,2026-09-24 10:00:00,Pekanbaru,Rain,light rain,27.31,31.14,86,1013,1.27,1.0,100,10000
2026-09-24 01:00:41,2026-09-24 13:00:00,Pekanbaru,Rain,light rain,30.62,36.88,71,1010,0.72,1.0,99,10000
2026-09-24 01:00:41,2026-09-24 16:00:00,Pekanbaru,Rain,moderate rain,28.5,34.34,85,1008,0.82,1.0,100,10000
2026-09-24 01:00:41,2026-09-24 19:00:00,Pekanbaru,Rain,light rain,24.84,25.86,95,1011,1.41,1.0,100,10000
2026-09-24 01:00:41,2026-09-24 22:00:00,Pekanbaru,Clouds,overcast clouds,24.15,25.15,97,1014,1.35,0.58,100,10000
2026-09-24 01:00:41,2026-09-25 01:00:00,Pekanbaru,Rain,light rain,22.89,23.79,98,1012,1.3,0.98,100,10000
2026-09-24 01:00:41,2026-09-25 04:00:00,Pekanbaru,Clouds,overcast clouds,22.86,23.79,99,1012,1.02,0.39,98,10000
2026-09-24 01:00:41,2026-09-25 07:00:00,Pekanbaru,Rain,light rain,23.69,24.62,96,1013,0.65,0.37,98,10000
2026-09-24 01:00:41,2026-09-25 10:00:00,Pekanbaru,Clouds,overcast clouds,27.06,29.78,79,1015,1.05,0.0,89,10000
2026-09-24 01:00:41,2026-09-25 13:00:00,Pekanbaru,Clouds,overcast clouds,28.23,31.41,72,1011,1.64,0.0,91,10000
2026-09-24 01:00:41,2026-09-25 16:00:00,Pekanbaru,Clouds,broken clouds,30.81,34.21,59,1009,1.73,0.0,65,10000
2026-09-24 01:00:41,2026-09-25 19:00:00,Pekanbaru,Clouds,scattered clouds,24.94,25.76,87,1011,1.34,0.0,35,10000
2026-09-24 01:00:41,2026-09-25 22:00:00,Pekanbaru,Rain,moderate rain,24.43,25.44,96,1013,1.01,1.0,66,10000
2026-09-24 01:00:41,2026-09-26 01:00:00,Pekanbaru,Rain,light rain,23.85,24.85,98,1011,0.45,1.0,59,10000
2026-09-24 01:00:41,2026-09-26 04:00:00,Pekanbaru,Rain,moderate rain,22.88,23.81,99,1011,0.6,1.0,64,10000
2026-09-24 01:00:41,2026-09-26 07:00:00,Pekanbaru,Rain,light rain,23.62,24.6,98,1013,0.83,1.0,79,10000
2026-09-24 01:00:41,2026-09-26 10:00:00,Pekanbaru,Rain,light rain,28.0,31.95,79,1014,1.75,0.73,88,10000
2026-09-24 01:00:41,2026-09-26 13:00:00,Pekanbaru,Rain,light rain,27.89,32.12,82,1011,0.83,0.86,94,10000
2026-09-24 01:00:41,2026-09-26 16:00:00,Pekanbaru,Rain,light rain,27.1,30.58,86,1009,0.23,0.77,100,10000
2026-09-24 01:00:41,2026-09-26 19:00:00,Pekanbaru,Clouds,overcast clouds,24.62,25.59,94,1011,0.64,0.84,100,10000
2026-09-24 01:00:41,2026-09-26 22:00:00,Pekanbaru,Rain,light rain,23.79,24.76,97,1013,0.47,0.71,93,10000
2026-09-24 01:00:41,2026-09-27 01:00:00,Pekanbaru,Rain,light rain,23.17,24.1,98,1011,0.97,1.0,89,10000
2026-09-24 01:00:41,2026-09-27 04:00:00,Pekanbaru,Rain,light rain,22.87,23.75,97,1011,0.85,0.77,100,10000
2026-09-24 01:00:41,2026-09-27 07:00:00,Pekanbaru,Rain,light rain,23.19,24.1,97,1013,0.51,0.92,100,10000
2026-09-24 01:00:41,2026-09-27 10:00:00,Pekanbaru,Rain,light rain,23.39,24.37,99,1014,0.26,1.0,100,10000
2026-09-24 01:00:41,2026-09-27 13:00:00,Pekanbaru,Rain,light rain,23.93,24.94,98,1011,0.65,1.0,100,10000
2026-09-24 01:00:41,2026-09-27 16:00:00,Pekanbaru,Rain,light rain,28.04,31.44,75,1010,0.62,0.32,98,10000
2026-09-24 01:00:41,2026-09-27 19:00:00,Pekanbaru,Rain,light rain,24.41,25.33,93,1012,0.76,0.26,98,10000
2026-09-24 01:00:41,2026-09-27 22:00:00,Pekanbaru,Rain,light rain,23.11,24.06,99,1014,1.09,1.0,100,10000
2026-09-24 01:00:41,2026-09-28 01:00:00,Pekanbaru,Rain,light rain,23.02,23.94,98,1012,1.12,1.0,99,10000
2026-09-24 01:00:41,2026-09-28 04:00:00,Pekanbaru,Clouds,overcast clouds,22.71,23.62,99,1012,1.22,0.05,86,10000
2026-09-24 01:00:41,2026-09-28 07:00:00,Pekanbaru,Rain,light rain,22.91,23.82,98,1013,1.09,0.5,82,10000
2026-09-24 01:00:41,2026-09-28 10:00:00,Pekanbaru,Rain,light rain,23.44,24.37,97,1014,1.07,0.39,99,10000
2026-09-24 01:00:41,2026-09-28 13:00:00,Pekanbaru,Rain,light rain,23.22,24.16,98,1012,0.79,0.22,99,10000
2026-09-24 01:00:41,2026-09-28 16:00:00,Pekanbaru,Clouds,overcast clouds,23.53,24.47,97,1011,1.01,0.0,100,10000
2026-09-24 01:00:41,2026-09-28 19:00:00,Pekanbaru,Clouds,overcast clouds,23.61,24.51,95,1012,0.86,0.0,100,10000
2026-09-24 01:00:41,2026-09-28 22:00:00,Pekanbaru,Clouds,overcast clouds,23.37,24.24,95,1014,1.16,0.0,97,10000
2026-09-24 01:00:41,2026-09-29 01:00:00,Pekanbaru,Clouds,overcast clouds,23.49,24.4,96,1013,0.54,0.0,97,10000
2026-09-24 03:00:39,2026-09-24 04:00:00,Pekanbaru,Rain,light rain,24.15,25.23,100,1010,0.81,0.31,100,10000
2026-09-24 03:00:39,2026-09-24 07:00:00,Pekanbaru,Rain,moderate rain,24.11,25.16,99,1011,1.28,1.0,100,10000
2026-09-24 03:00:39,2026-09-24 10:00:00,Pekanbaru,Rain,light rain,26.26,26.26,90,1012,1.27,1.0,100,10000
2026-09-24 03:00:39,2026-09-24 13:00:00,Pekanbaru,Rain,light rain,30.62,36.88,71,1010,0.72,1.0,99,10000
2026-09-24 03:00:39,2026-09-24 16:00:00,Pekanbaru,Rain,moderate rain,28.5,34.34,85,1008,0.82,1.0,100,10000
2026-09-24 03:00:39,2026-09-24 19:00:00,Pekanbaru,Rain,light rain,24.84,25.86,95,1011,1.41,1.0,100,10000
2026-09-24 03:00:39,2026-09-24 22:00:00,Pekanbaru,Clouds,overcast clouds,24.15,25.15,97,1014,1.35,0.58,100,10000
2026-09-24 03:00:39,2026-09-25 01:00:00,Pekanbaru,Rain,light rain,22.89,23.79,98,1012,1.3,0.98,100,10000
2026-09-24 03:00:39,2026-09-25 04:00:00,Pekanbaru,Clouds,overcast clouds,22.86,23.79,99,1012,1.02,0.39,98,10000
2026-09-24 03:00:39,2026-09-25 07:00:00,Pekanbaru,Rain,light rain,23.69,24.62,96,1013,0.65,0.37,98,10000
2026-09-24 03:00:39,2026-09-25 10:00:00,Pekanbaru,Clouds,overcast clouds,27.06,29.78,79,1015,1.05,0.0,89,10000
2026-09-24 03:00:39,2026-09-25 13:00:00,Pekanbaru,Clouds,overcast clouds,28.23,31.41,72,1011,1.64,0.0,91,10000
2026-09-24 03:00:39,2026-09-25 16:00:00,Pekanbaru,Clouds,broken clouds,30.81,34.21,59,1009,1.73,0.0,65,10000
2026-09-24 03:00:39,2026-09-25 19:00:00,Pekanbaru,Clouds,scattered clouds,24.94,25.76,87,1011,1.34,0.0,35,10000
2026-09-24 03:00:39,2026-09-25 22:00:00,Pekanbaru,Rain,light rain,23.95,24.75,90,1013,0.56,0.94,76,10000
2026-09-24 03:00:39,2026-09-26 01:00:00,Pekanbaru,Rain,moderate rain,22.51,23.38,98,1012,0.35,1.0,75,6437
2026-09-24 03:00:39,2026-09-26 04:00:00,Pekanbaru,Rain,moderate rain,22.29,23.16,99,1011,0.42,1.0,75,8666
2026-09-24 03:00:39,2026-09-26 07:00:00,Pekanbaru,Rain,light rain,23.22,24.13,97,1013,0.93,1.0,77,10000
2026-09-24 03:00:39,2026-09-26 10:00:00,Pekanbaru,Clouds,overcast clouds,26.3,26.3,85,1014,0.54,0.0,100,10000
2026-09-24 03:00:39,2026-09-26 13:00:00,Pekanbaru,Clouds,overcast clouds,29.7,33.66,67,1011,1.86,0.0,100,10000
2026-09-24 03:00:39,2026-09-26 16:00:00,Pekanbaru,Rain,light rain,29.38,33.17,68,1009,1.3,0.52,100,10000
2026-09-24 03:00:39,2026-09-26 19:00:00,Pekanbaru,Rain,moderate rain,23.5,24.46,98,1011,1.2,1.0,100,4988
2026-09-24 03:00:39,2026-09-26 22:00:00,Pekanbaru,Rain,moderate rain,23.32,24.24,97,1013,0.07,1.0,100,10000
2026-09-24 03:00:39,2026-09-27 01:00:00,Pekanbaru,Rain,light rain,22.84,23.74,98,1011,0.81,1.0,98,10000
2026-09-24 03:00:39,2026-09-27 04:00:00,Pekanbaru,Rain,moderate rain,22.6,23.5,99,1011,0.98,1.0,100,4708
2026-09-24 03:00:39,2026-09-27 07:00:00,Pekanbaru,Rain,moderate rain,22.93,23.86,99,1013,1.01,1.0,100,10000
2026-09-24 03:00:39,2026-09-27 10:00:00,Pekanbaru,Rain,moderate rain,24.27,25.23,95,1014,0.67,1.0,100,10000
2026-09-24 03:00:39,2026-09-27 13:00:00,Pekanbaru,Rain,moderate rain,23.52,24.51,99,1012,0.78,1.0,100,10000
2026-09-24 03:00:39,2026-09-27 16:00:00,Pekanbaru,Rain,light rain,25.0,25.98,93,1011,0.47,0.91,100,10000
2026-09-24 03:00:39,2026-09-27 19:00:00,Pekanbaru,Clouds,overcast clouds,23.76,24.75,98,1013,1.08,0.66,100,10000
2026-09-24 03:00:39,2026-09-27 22:00:00,Pekanbaru,Clouds,overcast clouds,23.56,24.53,98,1014,0.18,0.0,100,10000
2026-09-24 03:00:39,2026-09-28 01:00:00,Pekanbaru,Clouds,overcast clouds,23.14,24.09,99,1012,0.21,0.0,100,10000
2026-09-24 03:00:39,2026-09-28 04:00:00,Pekanbaru,Clouds,overcast clouds,22.82,23.74,99,1012,0.33,0.0,96,10000
2026-09-24 03:00:39,2026-09-28 07:00:00,Pekanbaru,Clouds,overcast clouds,23.81,24.75,96,1014,0.45,0.0,97,10000
2026-09-24 03:00:39,2026-09-28 10:00:00,Pekanbaru,Clouds,broken clouds,30.66,34.85,63,1014,1.15,0.0,69,10000
2026-09-24 03:00:39,2026-09-28 13:00:00,Pekanbaru,Rain,light rain,33.71,38.42,52,1011,1.03,0.31,63,10000
2026-09-24 03:00:39,2026-09-28 16:00:00,Pekanbaru,Rain,light rain,28.89,34.23,79,1009,1.38,1.0,89,10000
2026-09-24 03:00:39,2026-09-28 19:00:00,Pekanbaru,Rain,light rain,26.15,26.15,88,1011,0.25,1.0,91,10000
2026-09-24 03:00:39,2026-09-28 22:00:00,Pekanbaru,Rain,light rain,25.41,26.38,91,1014,1.28,1.0,100,10000
2026-09-24 03:00:39,2026-09-29 01:00:00,Pekanbaru,Rain,light rain,24.54,25.56,96,1013,0.9,1.0,98,10000
2026-09-24 04:00:41,2026-09-24 07:00:00,Pekanbaru,Rain,moderate rain,24.11,25.16,99,1010,1.28,1.0,100,10000
2026-09-24 04:00:41,2026-09-24 10:00:00,Pekanbaru,Rain,light rain,26.26,26.26,90,1012,1.27,1.0,100,10000
2026-09-24 04:00:41,2026-09-24 13:00:00,Pekanbaru,Rain,light rain,30.62,36.88,71,1010,0.72,1.0,99,10000
2026-09-24 04:00:41,2026-09-24 16:00:00,Pekanbaru,Rain,moderate rain,28.5,34.34,85,1008,0.82,1.0,100,10000
2026-09-24 04:00:41,2026-09-24 19:00:00,Pekanbaru,Rain,light rain,24.84,25.86,95,1011,1.41,1.0,100,10000
2026-09-24 04:00:41,2026-09-24 22:00:00,Pekanbaru,Clouds,overcast clouds,24.15,25.15,97,1014,1.35,0.58,100,10000
2026-09-24 04:00:41,2026-09-25 01:00:00,Pekanbaru,Rain,light rain,22.89,23.79,98,1012,1.3,0.98,100,10000
2026-09-24 04:00:41,2026-09-25 04:00:00,Pekanbaru,Clouds,overcast clouds,22.86,23.79,99,1012,1.02,0.39,98,10000
2026-09-24 04:00:41,2026-09-25 07:00:00,Pekanbaru,Rain,light rain,23.69,24.62,96,1013,0.65,0.37,98,10000
2026-09-24 04:00:41,2026-09-25 10:00:00,Pekanbaru,Clouds,overcast clouds,27.06,29.78,79,1015,1.05,0.0,89,10000
2026-09-24 04:00:41,2026-09-25 13:00:00,Pekanbaru,Clouds,overcast clouds,28.23,31.41,72,1011,1.64,0.0,91,10000
2026-09-24 04:00:41,2026-09-25 16:00:00,Pekanbaru,Clouds,broken clouds,30.81,34.21,59,1009,1.73,0.0,65,10000
2026-09-24 04:00:41,2026-09-25 19:00:00,Pekanbaru,Clouds,scattered clouds,24.94,25.76,87,1011,1.34,0.0,35,10000
2026-09-24 04:00:41,2026-09-25 22:00:00,Pekanbaru,Rain,light rain,23.95,24.75,90,1013,0.56,0.94,76,10000
2026-09-24 04:00:41,2026-09-26 01:00:00,Pekanbaru,Rain,moderate rain,22.51,23.38,98,1012,0.35,1.0,75,6437
2026-09-24 04:00:41,2026-09-26 04:00:00,Pekanbaru,Rain,moderate rain,22.29,23.16,99,1011,0.42,1.0,75,8666
2026-09-24 04:00:41,2026-09-26 07:00:00,Pekanbaru,Rain,light rain,23.22,24.13,97,1013,0.93,1.0,77,10000
2026-09-24 04:00:41,2026-09-26 10:00:00,Pekanbaru,Clouds,overcast clouds,26.3,26.3,85,1014,0.54,0.0,100,10000
2026-09-24 04:00:41,2026-09-26 13:00:00,Pekanbaru,Clouds,overcast clouds,29.7,33.66,67,1011,1.86,0.0,100,10000
2026-09-24 04:00:41,2026-09-26 16:00:00,Pekanbaru,Rain,light rain,29.38,33.17,68,1009,1.3,0.52,100,10000
2026-09-24 04:00:41,2026-09-26 19:00:00,Pekanbaru,Rain,moderate rain,23.5,24.46,98,1011,1.2,1.0,100,4988
2026-09-24 04:00:41,2026-09-26 22:00:00,Pekanbaru,Rain,moderate rain,23.32,24.24,97,1013,0.07,1.0,100,10000
2026-09-24 04:00:41,2026-09-27 01:00:00,Pekanbaru,Rain,light rain,22.84,23.74,98,1011,0.81,1.0,98,10000
2026-09-24 04:00:41,2026-09-27 04:00:00,Pekanbaru,Rain,moderate rain,22.6,23.5,99,1011,0.98,1.0,100,4708
2026-09-24 04:00:41,2026-09-27 07:00:00,Pekanbaru,Rain,moderate rain,22.93,23.86,99,1013,1.01,1.0,100,10000
2026-09-24 04:00:41,2026-09-27 10:00:00,Pekanbaru,Rain,moderate rain,24.27,25.23,95,1014,0.67,1.0,100,10000
2026-09-24 04:00:41,2026-09-27 13:00:00,Pekanbaru,Rain,moderate rain,23.52,24.51,99,1012,0.78,1.0,100,10000
2026-09-24 04:00:41,2026-09-27 16:00:00,Pekanbaru,Rain,light rain,25.0,25.98,93,1011,0.47,0.91,100,10000
2026-09-24 04:00:41,2026-09-27 19:00:00,Pekanbaru,Clouds,overcast clouds,23.76,24.75,98,1013,1.08,0.66,100,10000
2026-09-24 04:00:41,2026-09-27 22:00:00,Pekanbaru,Clouds,overcast clouds,23.56,24.53,98,1014,0.18,0.0,100,10000
2026-09-24 04:00:41,2026-09-28 01:00:00,Pekanbaru,Clouds,overcast clouds,23.14,24.09,99,1012,0.21,0.0,100,10000
2026-09-24 04:00:41,2026-09-28 04:00:00,Pekanbaru,Clouds,overcast clouds,22.82,23.74,99,1012,0.33,0.0,96,10000
2026-09-24 04:00:41,2026-09-28 07:00:00,Pekanbaru,Clouds,overcast clouds,23.81,24.75,96,1014,0.45,0.0,97,10000
2026-09-24 04:00:41,2026-09-28 10:00:00,Pekanbaru,Clouds,broken clouds,30.66,34.85,63,1014,1.15,0.0,69,10000
2026-09-24 04:00:41,2026-09-28 13:00:00,Pekanbaru,Rain,light rain,33.71,38.42,52,1011,1.03,0.31,63,10000
2026-09-24 04:00:41,2026-09-28 16:00:00,Pekanbaru,Rain,light rain,28.89,34.23,79,1009,1.38,1.0,89,10000
2026-09-24 04:00:41,2026-09-28 19:00:00,Pekanbaru,Rain,light rain,26.15,26.15,88,1011,0.25,1.0,91,10000
2026-09-24 04:00:41,2026-09-28 22:00:00,Pekanbaru,Rain,light rain,25.41,26.38,91,1014,1.28,1.0,100,10000
2026-09-24 04:00:41,2026-09-29 01:00:00,Pekanbaru,Rain,light rain,24.54,25.56,96,1013,0.9,1.0,98,10000
2026-09-24 04:00:41,2026-09-29 04:00:00,Pekanbaru,Clouds,overcast clouds,24.37,25.4,97,1012,0.96,0.15,100,10000
2026-09-24 07:07:12,2026-09-24 10:00:00,Pekanbaru,Rain,light rain,25.17,26.25,96,1012,0.35,0.48,100,10000
2026-09-24 07:07:12,2026-09-24 13:00:00,Pekanbaru,Clouds,overcast clouds,24.98,25.99,94,1010,1.75,0.41,99,10000
2026-09-24 07:07:12,2026-09-24 16:00:00,Pekanbaru,Clouds,overcast clouds,25.69,26.64,89,1009,1.0,0.42,99,10000
2026-09-24 07:07:12,2026-09-24 19:00:00,Pekanbaru,Rain,light rain,24.84,25.78,92,1011,0.95,0.33,100,10000
2026-09-24 07:07:12,2026-09-24 22:00:00,Pekanbaru,Rain,light rain,24.11,25.06,95,1013,0.79,0.2,95,10000
2026-09-24 07:07:12,2026-09-25 01:00:00,Pekanbaru,Rain,light rain,23.73,24.69,97,1012,0.74,0.8,93,10000
2026-09-24 07:07:12,2026-09-25 04:00:00,Pekanbaru,Rain,light rain,23.07,23.99,98,1011,0.58,0.83,99,8038
2026-09-24 07:07:12,2026-09-25 07:00:00,Pekanbaru,Rain,light rain,23.97,24.9,95,1013,0.1,0.8,100,10000
2026-09-24 07:07:12,2026-09-25 10:00:00,Pekanbaru,Clouds,overcast clouds,28.39,32.07,74,1014,0.92,0.0,100,10000
2026-09-24 07:07:12,2026-09-25 13:00:00,Pekanbaru,Clouds,overcast clouds,27.86,31.05,75,1011,1.61,0.0,100,10000
2026-09-24 07:07:12,2026-09-25 16:00:00,Pekanbaru,Clouds,overcast clouds,28.53,32.05,72,1009,0.63,0.09,100,10000
2026-09-24 07:07:12,2026-09-25 19:00:00,Pekanbaru,Rain,light rain,25.02,25.93,90,1011,0.28,0.35,99,10000
2026-09-24 07:07:12,2026-09-25 22:00:00,Pekanbaru,Rain,light rain,24.28,25.3,97,1013,0.64,1.0,70,10000
2026-09-24 07:07:12,2026-09-26 01:00:00,Pekanbaru,Rain,light rain,23.7,24.68,98,1011,0.66,1.0,57,10000
2026-09-24 07:07:12,2026-09-26 04:00:00,Pekanbaru,Rain,moderate rain,22.29,23.16,99,1011,0.42,1.0,75,8666
2026-09-24 07:07:12,2026-09-26 07:00:00,Pekanbaru,Rain,light rain,23.22,24.13,97,1013,0.93,1.0,77,10000
2026-09-24 07:07:12,2026-09-26 10:00:00,Pekanbaru,Clouds,overcast clouds,26.3,26.3,85,1014,0.54,0.0,100,10000
2026-09-24 07:07:12,2026-09-26 13:00:00,Pekanbaru,Clouds,overcast clouds,29.7,33.66,67,1011,1.86,0.0,100,10000
2026-09-24 07:07:12,2026-09-26 16:00:00,Pekanbaru,Rain,light rain,29.38,33.17,68,1009,1.3,0.52,100,10000
2026-09-24 07:07:12,2026-09-26 19:00:00,Pekanbaru,Rain,moderate rain,23.5,24.46,98,1011,1.2,1.0,100,4988
2026-09-24 07:07:12,2026-09-26 22:00:00,Pekanbaru,Rain,moderate rain,23.32,24.24,97,1013,0.07,1.0,100,10000
2026-09-24 07:07:12,2026-09-27 01:00:00,Pekanbaru,Rain,light rain,22.84,23.74,98,1011,0.81,1.0,98,10000
2026-09-24 07:07:12,2026-09-27 04:00:00,Pekanbaru,Rain,moderate rain,22.6,23.5,99,1011,0.98,1.0,100,4708
2026-09-24 07:07:12,2026-09-27 07:00:00,Pekanbaru,Rain,moderate rain,22.93,23.86,99,1013,1.01,1.0,100,10000
2026-09-24 07:07:12,2026-09-27 10:00:00,Pekanbaru,Rain,moderate rain,24.27,25.23,95,1014,0.67,1.0,100,10000
2026-09-24 07:07:12,2026-09-27 13:00:00,Pekanbaru,Rain,moderate rain,23.52,24.51,99,1012,0.78,1.0,100,10000
2026-09-24 07:07:12,2026-09-27 16:00:00,Pekanbaru,Rain,light rain,25.0,25.98,93,1011,0.47,0.91,100,10000
2026-09-24 07:07:12,2026-09-27 19:00:00,Pekanbaru,Clouds,overcast clouds,23.76,24.75,98,1013,1.08,0.66,100,10000
2026-09-24 07:07:12,2026-09-27 22:00:00,Pekanbaru,Clouds,overcast clouds,23.56,24.53,98,1014,0.18,0.0,100,10000
2026-09-24 07:07:12,2026-09-28 01:00:00,Pekanbaru,Clouds,overcast clouds,23.14,24.09,99,1012,0.21,0.0,100,10000
2026-09-24 07:07:12,2026-09-28 04:00:00,Pekanbaru,Clouds,overcast clouds,22.82,23.74,99,1012,0.33,0.0,96,10000
2026-09-24 07:07:12,2026-09-28 07:00:00,Pekanbaru,Clouds,overcast clouds,23.81,24.75,96,1014,0.45,0.0,97,10000
2026-09-24 07:07:12,2026-09-28 10:00:00,Pekanbaru,Clouds,broken clouds,30.66,34.85,63,1014,1.15,0.0,69,10000
2026-09-24 07:07:12,2026-09-28 13:00:00,Pekanbaru,Rain,light rain,33.71,38.42,52,1011,1.03,0.31,63,10000
2026-09-24 07:07:12,2026-09-28 16:00:00,Pekanbaru,Rain,light rain,28.89,34.23,79,1009,1.38,1.0,89,10000
2026-09-24 07:07:12,2026-09-28 19:00:00,Pekanbaru,Rain,light rain,26.15,26.15,88,1011,0.25,1.0,91,10000
2026-09-24 07:07:12,2026-09-28 22:00:00,Pekanbaru,Rain,light rain,25.41,26.38,91,1014,1.28,1.0,100,10000
2026-09-24 07:07:12,2026-09-29 01:00:00,Pekanbaru,Rain,light rain,24.54,25.56,96,1013,0.9,1.0,98,10000
2026-09-24 07:07:12,2026-09-29 04:00:00,Pekanbaru,Clouds,overcast clouds,24.37,25.4,97,1012,0.96,0.15,100,10000
2026-09-24 07:07:12,2026-09-29 07:00:00,Pekanbaru,Rain,moderate rain,24.06,25.05,97,1014,1.14,1.0,97,10000
2026-09-24 07:25:14,2026-09-24 10:00:00,Pekanbaru,Rain,light rain,25.17,26.25,96,1012,0.35,0.48,100,10000
2026-09-24 07:25:14,2026-09-24 13:00:00,Pekanbaru,Clouds,overcast clouds,24.98,25.99,94,1010,1.75,0.41,99,10000
2026-09-24 07:25:14,2026-09-24 16:00:00,Pekanbaru,Clouds,overcast clouds,25.69,26.64,89,1009,1.0,0.42,99,10000
2026-09-24 07:25:14,2026-09-24 19:00:00,Pekanbaru,Rain,light rain,24.84,25.78,92,1011,0.95,0.33,100,10000
2026-09-24 07:25:14,2026-09-24 22:00:00,Pekanbaru,Rain,light rain,24.11,25.06,95,1013,0.79,0.2,95,10000
2026-09-24 07:25:14,2026-09-25 01:00:00,Pekanbaru,Rain,light rain,23.73,24.69,97,1012,0.74,0.8,93,10000
2026-09-24 07:25:14,2026-09-25 04:00:00,Pekanbaru,Rain,light rain,23.07,23.99,98,1011,0.58,0.83,99,8038
2026-09-24 07:25:14,2026-09-25 07:00:00,Pekanbaru,Rain,light rain,23.97,24.9,95,1013,0.1,0.8,100,10000
2026-09-24 07:25:14,2026-09-25 10:00:00,Pekanbaru,Clouds,overcast clouds,28.39,32.07,74,1014,0.92,0.0,100,10000
2026-09-24 07:25:14,2026-09-25 13:00:00,Pekanbaru,Clouds,overcast clouds,27.86,31.05,75,1011,1.61,0.0,100,10000
2026-09-24 07:25:14,2026-09-25 16:00:00,Pekanbaru,Clouds,overcast clouds,28.53,32.05,72,1009,0.63,0.09,100,10000
2026-09-24 07:25:14,2026-09-25 19:00:00,Pekanbaru,Rain,light rain,25.02,25.93,90,1011,0.28,0.35,99,10000
2026-09-24 07:25:14,2026-09-25 22:00:00,Pekanbaru,Rain,light rain,24.28,25.3,97,1013,0.64,1.0,70,10000
2026-09-24 07:25:14,2026-09-26 01:00:00,Pekanbaru,Rain,light rain,23.7,24.68,98,1011,0.66,1.0,57,10000
2026-09-24 07:25:14,2026-09-26 04:00:00,Pekanbaru,Rain,light rain,23.31,24.28,99,1011,0.97,0.76,93,10000
2026-09-24 07:25:14,2026-09-26 07:00:00,Pekanbaru,Rain,light rain,23.64,24.62,98,1013,0.48,1.0,93,8742
2026-09-24 07:25:14,2026-09-26 10:00:00,Pekanbaru,Rain,light rain,27.83,31.68,80,1014,1.37,1.0,100,10000
2026-09-24 07:25:14,2026-09-26 13:00:00,Pekanbaru,Rain,moderate rain,30.23,35.86,71,1011,1.0,1.0,100,10000
2026-09-24 07:25:14,2026-09-26 16:00:00,Pekanbaru,Rain,light rain,29.95,35.16,71,1009,0.55,0.59,100,10000
2026-09-24 07:25:14,2026-09-26 19:00:00,Pekanbaru,Rain,light rain,25.24,26.25,93,1011,1.24,0.88,100,10000
2026-09-24 07:25:14,2026-09-26 22:00:00,Pekanbaru,Rain,light rain,24.28,25.3,97,1013,0.81,1.0,100,10000
2026-09-24 07:25:14,2026-09-27 01:00:00,Pekanbaru,Rain,light rain,23.62,24.6,98,1011,0.54,1.0,100,10000
2026-09-24 07:25:14,2026-09-27 04:00:00,Pekanbaru,Rain,light rain,23.29,24.23,98,1011,1.04,1.0,100,10000
2026-09-24 07:25:14,2026-09-27 07:00:00,Pekanbaru,Rain,light rain,23.31,24.28,99,1013,1.07,1.0,100,10000
2026-09-24 07:25:14,2026-09-27 10:00:00,Pekanbaru,Rain,light rain,23.73,24.69,97,1014,0.29,0.99,100,10000
2026-09-24 07:25:14,2026-09-27 13:00:00,Pekanbaru,Rain,light rain,26.95,29.63,80,1011,0.14,1.0,100,10000
2026-09-24 07:25:14,2026-09-27 16:00:00,Pekanbaru,Rain,light rain,27.7,30.83,76,1010,1.0,0.39,100,10000
2026-09-24 07:25:14,2026-09-27 19:00:00,Pekanbaru,Rain,light rain,24.61,25.55,93,1012,1.01,0.21,98,10000
2026-09-24 07:25:14,2026-09-27 22:00:00,Pekanbaru,Clouds,overcast clouds,23.8,24.72,95,1014,0.51,0.2,100,10000
2026-09-24 07:25:14,2026-09-28 01:00:00,Pekanbaru,Clouds,overcast clouds,23.29,24.18,96,1012,0.89,0.07,100,10000
2026-09-24 07:25:14,2026-09-28 04:00:00,Pekanbaru,Clouds,overcast clouds,23.31,24.18,95,1012,0.5,0.0,99,10000
2026-09-24 07:25:14,2026-09-28 07:00:00,Pekanbaru,Clouds,overcast clouds,23.54,24.4,94,1013,0.39,0.07,100,10000
2026-09-24 07:25:14,2026-09-28 10:00:00,Pekanbaru,Rain,light rain,27.08,29.82,79,1015,0.6,0.22,89,10000
2026-09-24 07:25:14,2026-09-28 13:00:00,Pekanbaru,Rain,moderate rain,28.26,33.28,83,1012,1.21,1.0,93,5763
2026-09-24 07:25:14,2026-09-28 16:00:00,Pekanbaru,Rain,light rain,25.94,27.04,94,1010,1.03,1.0,100,10000
2026-09-24 07:25:14,2026-09-28 19:00:00,Pekanbaru,Clouds,overcast clouds,24.83,25.88,96,1012,1.1,0.8,96,10000
2026-09-24 07:25:14,2026-09-28 22:00:00,Pekanbaru,Rain,light rain,23.57,24.49,96,1015,0.68,0.53,91,10000
2026-09-24 07:25:14,2026-09-29 01:00:00,Pekanbaru,Clouds,overcast clouds,22.94,23.82,97,1014,0.31,0.34,89,10000
2026-09-24 07:25:14,2026-09-29 04:00:00,Pekanbaru,Clouds,overcast clouds,23.31,24.2,96,1013,1.15,0.0,96,10000
2026-09-24 07:25:14,2026-09-29 07:00:00,Pekanbaru,Clouds,overcast clouds,23.96,24.89,95,1014,0.61,0.01,96,10000
2026-09-24 08:05:24,2026-09-24 10:00:00,Pekanbaru,Rain,light rain,25.27,26.33,95,1012,0.35,0.48,100,10000
2026-09-24 08:05:24,2026-09-24 13:00:00,Pekanbaru,Clouds,overcast clouds,24.92,25.95,95,1010,1.75,0.41,99,10000
2026-09-24 08:05:24,2026-09-24 16:00:00,Pekanbaru,Clouds,overcast clouds,25.69,26.64,89,1009,1.0,0.42,99,10000
2026-09-24 08:05:24,2026-09-24 19:00:00,Pekanbaru,Rain,light rain,24.84,25.78,92,1011,0.95,0.33,100,10000
2026-09-24 08:05:24,2026-09-24 22:00:00,Pekanbaru,Rain,light rain,24.11,25.06,95,1013,0.79,0.2,95,10000
2026-09-24 08:05:24,2026-09-25 01:00:00,Pekanbaru,Rain,light rain,23.73,24.69,97,1012,0.74,0.8,93,10000
2026-09-24 08:05:24,2026-09-25 04:00:00,Pekanbaru,Rain,light rain,23.07,23.99,98,1011,0.58,0.83,99,8038
2026-09-24 08:05:24,2026-09-25 07:00:00,Pekanbaru,Rain,light rain,23.97,24.9,95,1013,0.1,0.8,100,10000
2026-09-24 08:05:24,2026-09-25 10:00:00,Pekanbaru,Clouds,overcast clouds,28.39,32.07,74,1014,0.92,0.0,100,10000
2026-09-24 08:05:24,2026-09-25 13:00:00,Pekanbaru,Clouds,overcast clouds,27.86,31.05,75,1011,1.61,0.0,100,10000
2026-09-24 08:05:24,2026-09-25 16:00:00,Pekanbaru,Clouds,overcast clouds,28.53,32.05,72,1009,0.63,0.09,100,10000
2026-09-24 08:05:24,2026-09-25 19:00:00,Pekanbaru,Rain,light rain,25.02,25.93,90,1011,0.28,0.35,99,10000
2026-09-24 08:05:24,2026-09-25 22:00:00,Pekanbaru,Rain,light rain,24.28,25.3,97,1013,0.64,1.0,70,10000
2026-09-24 08:05:24,2026-09-26 01:00:00,Pekanbaru,Rain,light rain,23.7,24.68,98,1011,0.66,1.0,57,10000
2026-09-24 08:05:24,2026-09-26 04:00:00,Pekanbaru,Rain,light rain,23.31,24.28,99,1011,0.97,0.76,93,10000
2026-09-24 08:05:24,2026-09-26 07:00:00,Pekanbaru,Rain,light rain,23.64,24.62,98,1013,0.48,1.0,93,8742
2026-09-24 08:05:24,2026-09-26 10:00:00,Pekanbaru,Rain,light rain,27.83,31.68,80,1014,1.37,1.0,100,10000
2026-09-24 08:05:24,2026-09-26 13:00:00,Pekanbaru,Rain,moderate rain,30.23,35.86,71,1011,1.0,1.0,100,10000
2026-09-24 08:05:24,2026-09-26 16:00:00,Pekanbaru,Rain,light rain,29.95,35.16,71,1009,0.55,0.59,100,10000
2026-09-24 08:05:24,2026-09-26 19:00:00,Pekanbaru,Rain,light rain,25.24,26.25,93,1011,1.24,0.88,100,10000
2026-09-24 08:05:24,2026-09-26 22:00:00,Pekanbaru,Rain,light rain,24.28,25.3,97,1013,0.81,1.0,100,10000
2026-09-24 08:05:24,2026-09-27 01:00:00,Pekanbaru,Rain,light rain,23.62,24.6,98,1011,0.54,1.0,100,10000
2026-09-24 08:05:24,2026-09-27 04:00:00,Pekanbaru,Rain,light rain,23.29,24.23,98,1011,1.04,1.0,100,10000
2026-09-24 08:05:24,2026-09-27 07:00:00,Pekanbaru,Rain,light rain,23.31,24.28,99,1013,1.07,1.0,100,10000
2026-09-24 08:05:24,2026-09-27 10:00:00,Pekanbaru,Rain,light rain,23.73,24.69,97,1014,0.29,0.99,100,10000
2026-09-24 08:05:24,2026-09-27 13:00:00,Pekanbaru,Rain,light rain,26.95,29.63,80,1011,0.14,1.0,100,10000
2026-09-24 08:05:24,2026-09-27 16:00:00,Pekanbaru,Rain,light rain,27.7,30.83,76,1010,1.0,0.39,100,10000
2026-09-24 08:05:24,2026-09-27 19:00:00,Pekanbaru,Rain,light rain,24.61,25.55,93,1012,1.01,0.21,98,10000
2026-09-24 08:05:24,2026-09-27 22:00:00,Pekanbaru,Clouds,overcast clouds,23.8,24.72,95,1014,0.51,0.2,100,10000
2026-09-24 08:05:24,2026-09-28 01:00:00,Pekanbaru,Clouds,overcast clouds,23.29,24.18,96,1012,0.89,0.07,100,10000
2026-09-24 08:05:24,2026-09-28 04:00:00,Pekanbaru,Clouds,overcast clouds,23.31,24.18,95,1012,0.5,0.0,99,10000
2026-09-24 08:05:24,2026-09-28 07:00:00,Pekanbaru,Clouds,overcast clouds,23.54,24.4,94,1013,0.39,0.07,100,10000
2026-09-24 08:05:24,2026-09-28 10:00:00,Pekanbaru,Rain,light rain,27.08,29.82,79,1015,0.6,0.22,89,10000
2026-09-24 08:05:24,2026-09-28 13:00:00,Pekanbaru,Rain,moderate rain,28.26,33.28,83,1012,1.21,1.0,93,5763
2026-09-24 08:05:24,2026-09-28 16:00:00,Pekanbaru,Rain,light rain,25.94,27.04,94,1010,1.03,1.0,100,10000
2026-09-24 08:05:24,2026-09-28 19:00:00,Pekanbaru,Clouds,overcast clouds,24.83,25.88,96,1012,1.1,0.8,96,10000
2026-09-24 08:05:24,2026-09-28 22:00:00,Pekanbaru,Rain,light rain,23.57,24.49,96,1015,0.68,0.53,91,10000
2026-09-24 08:05:24,2026-09-29 01:00:00,Pekanbaru,Clouds,overcast clouds,22.94,23.82,97,1014,0.31,0.34,89,10000
2026-09-24 08:05:24,2026-09-29 04:00:00,Pekanbaru,Clouds,overcast clouds,23.31,24.2,96,1013,1.15,0.0,96,10000
2026-09-24 08:05:24,2026-09-29 07:00:00,Pekanbaru,Clouds,overcast clouds,23.96,24.89,95,1014,0.61,0.01,96,10000
2026-09-24 09:05:27,2026-09-24 10:00:00,Pekanbaru,Rain,light rain,26.15,26.15,89,1013,0.35,0.48,100,10000
2026-09-24 09:05:27,2026-09-24 13:00:00,Pekanbaru,Clouds,overcast clouds,25.92,26.92,90,1012,1.75,0.41,100,10000
2026-09-24 09:05:27,2026-09-24 16:00:00,Pekanbaru,Clouds,overcast clouds,25.84,26.8,89,1010,1.0,0.42,99,10000
2026-09-24 09:05:27,2026-09-24 19:00:00,Pekanbaru,Rain,light rain,24.84,25.78,92,1011,0.95,0.33,100,10000
2026-09-24 09:05:27,2026-09-24 22:00:00,Pekanbaru,Rain,light rain,24.11,25.06,95,1013,0.79,0.2,95,10000
2026-09-24 09:05:27,2026-09-25 01:00:00,Pekanbaru,Rain,light rain,23.73,24.69,97,1012,0.74,0.8,93,10000
2026-09-24 09:05:27,2026-09-25 04:00:00,Pekanbaru,Rain,light rain,23.07,23.99,98,1011,0.58,0.83,99,8038
2026-09-24 09:05:27,2026-09-25 07:00:00,Pekanbaru,Rain,light rain,23.97,24.9,95,1013,0.1,0.8,100,10000
2026-09-24 09:05:27,2026-09-25 10:00:00,Pekanbaru,Clouds,overcast clouds,28.39,32.07,74,1014,0.92,0.0,100,10000
2026-09-24 09:05:27,2026-09-25 13:00:00,Pekanbaru,Clouds,overcast clouds,27.86,31.05,75,1011,1.61,0.0,100,10000
2026-09-24 09:05:27,2026-09-25 16:00:00,Pekanbaru,Clouds,overcast clouds,28.53,32.05,72,1009,0.63,0.09,100,10000
2026-09-24 09:05:27,2026-09-25 19:00:00,Pekanbaru,Rain,light rain,25.02,25.93,90,1011,0.28,0.35,99,10000
2026-09-24 09:05:27,2026-09-25 22:00:00,Pekanbaru,Rain,light rain,24.28,25.3,97,1013,0.64,1.0,70,10000
2026-09-24 09:05:27,2026-09-26 01:00:00,Pekanbaru,Rain,light rain,23.7,24.68,98,1011,0.66,1.0,57,10000
2026-09-24 09:05:27,2026-09-26 04:00:00,Pekanbaru,Rain,light rain,23.31,24.28,99,1011,0.97,0.76,93,10000
2026-09-24 09:05:27,2026-09-26 07:00:00,Pekanbaru,Rain,light rain,23.64,24.62,98,1013,0.48,1.0,93,8742
2026-09-24 09:05:27,2026-09-26 10:00:00,Pekanbaru,Rain,light rain,27.83,31.68,80,1014,1.37,1.0,100,10000
2026-09-24 09:05:27,2026-09-26 13:00:00,Pekanbaru,Rain,moderate rain,30.23,35.86,71,1011,1.0,1.0,100,10000
2026-09-24 09:05:27,2026-09-26 16:00:00,Pekanbaru,Rain,light rain,29.95,35.16,71,1009,0.55,0.59,100,10000
2026-09-24 09:05:27,2026-09-26 19:00:00,Pekanbaru,Rain,light rain,25.24,26.25,93,1011,1.24,0.88,100,10000
2026-09-24 09:05:27,2026-09-26 22:00:00,Pekanbaru,Rain,light rain,24.28,25.3,97,1013,0.81,1.0,100,10000
2026-09-24 09:05:27,2026-09-27 01:00:00,Pekanbaru,Rain,light rain,23.62,24.6,98,1011,0.54,1.0,100,10000
2026-09-24 09:05:27,2026-09-27 04:00:00,Pekanbaru,Rain,light rain,23.29,24.23,98,1011,1.04,1.0,100,10000
2026-09-24 09:05:27,2026-09-27 07:00:00,Pekanbaru,Rain,light rain,23.31,24.28,99,1013,1.07,1.0,100,10000
2026-09-24 09:05:27,2026-09-27 10:00:00,Pekanbaru,Rain,light rain,23.73,24.69,97,1014,0.29,0.99,100,10000
2026-09-24 09:05:27,2026-09-27 13:00:00,Pekanbaru,Rain,light rain,26.95,29.63,80,1011,0.14,1.0,100,10000
2026-09-24 09:05:27,2026-09-27 16:00:00,Pekanbaru,Rain,light rain,27.7,30.83,76,1010,1.0,0.39,100,10000
2026-09-24 09:05:27,2026-09-27 19:00:00,Pekanbaru,Rain,light rain,24.61,25.55,93,1012,1.01,0.21,98,10000
2026-09-24 09:05:27,2026-09-27 22:00:00,Pekanbaru,Clouds,overcast clouds,23.8,24.72,95,1014,0.51,0.2,100,10000
2026-09-24 09:05:27,2026-09-28 01:00:00,Pekanbaru,Clouds,overcast clouds,23.29,24.18,96,1012,0.89,0.07,100,10000
2026-09-24 09:05:27,2026-09-28 04:00:00,Pekanbaru,Clouds,overcast clouds,23.31,24.18,95,1012,0.5,0.0,99,10000
2026-09-24 09:05:27,2026-09-28 07:00:00,Pekanbaru,Clouds,overcast clouds,23.54,24.4,94,1013,0.39,0.07,100,10000
2026-09-24 09:05:27,2026-09-28 10:00:00,Pekanbaru,Rain,light rain,27.08,29.82,79,1015,0.6,0.22,89,10000
2026-09-24 09:05:27,2026-09-28 13:00:00,Pekanbaru,Rain,moderate rain,28.26,33.28,83,1012,1.21,1.0,93,5763
2026-09-24 09:05:27,2026-09-28 16:00:00,Pekanbaru,Rain,light rain,25.94,27.04,94,1010,1.03,1.0,100,10000
2026-09-24 09:05:27,2026-09-28 19:00:00,Pekanbaru,Clouds,overcast clouds,24.83,25.88,96,1012,1.1,0.8,96,10000
2026-09-24 09:05:27,2026-09-28 22:00:00,Pekanbaru,Rain,light rain,23.57,24.49,96,1015,0.68,0.53,91,10000
2026-09-24 09:05:27,2026-09-29 01:00:00,Pekanbaru,Clouds,overcast clouds,22.94,23.82,97,1014,0.31,0.34,89,10000
2026-09-24 09:05:27,2026-09-29 04:00:00,Pekanbaru,Clouds,overcast clouds,23.31,24.2,96,1013,1.15,0.0,96,10000
2026-09-24 09:05:27,2026-09-29 07:00:00,Pekanbaru,Clouds,overcast clouds,23.96,24.89,95,1014,0.61,0.01,96,10000
2026-09-24 10:05:26,2026-09-24 13:00:00,Pekanbaru,Clouds,overcast clouds,26.62,26.62,86,1012,1.75,0.41,100,10000
2026-09-24 10:05:26,2026-09-24 16:00:00,Pekanbaru,Clouds,overcast clouds,26.18,26.18,87,1010,1.0,0.42,99,10000
2026-09-24 10:05:26,2026-09-24 19:00:00,Pekanbaru,Rain,light rain,24.84,25.78,92,1011,0.95,0.33,100,10000
2026-09-24 10:05:26,2026-09-24 22:00:00,Pekanbaru,Rain,light rain,24.11,25.06,95,1013,0.79,0.2,95,10000
2026-09-24 10:05:26,2026-09-25 01:00:00,Pekanbaru,Rain,light rain,23.73,24.69,97,1012,0.74,0.8,93,10000
2026-09-24 10:05:26,2026-09-25 04:00:00,Pekanbaru,Rain,light rain,23.07,23.99,98,1011,0.58,0.83,99,8038
2026-09-24 10:05:26,2026-09-25 07:00:00,Pekanbaru,Rain,light rain,23.97,24.9,95,1013,0.1,0.8,100,10000
2026-09-24 10:05:26,2026-09-25 10:00:00,Pekanbaru,Clouds,overcast clouds,28.39,32.07,74,1014,0.92,0.0,100,10000
2026-09-24 10:05:26,2026-09-25 13:00:00,Pekanbaru,Clouds,overcast clouds,27.86,31.05,75,1011,1.61,0.0,100,10000
2026-09-24 10:05:26,2026-09-25 16:00:00,Pekanbaru,Clouds,overcast clouds,28.53,32.05,72,1009,0.63,0.09,100,10000
2026-09-24 10:05:26,2026-09-25 19:00:00,Pekanbaru,Rain,light rain,25.02,25.93,90,1011,0.28,0.35,99,10000
2026-09-24 10:05:26,2026-09-25 22:00:00,Pekanbaru,Rain,light rain,24.28,25.3,97,1013,0.64,1.0,70,10000
2026-09-24 10:05:26,2026-09-26 01:00:00,Pekanbaru,Rain,light rain,23.7,24.68,98,1011,0.66,1.0,57,10000
2026-09-24 10:05:26,2026-09-26 04:00:00,Pekanbaru,Rain,light rain,23.31,24.28,99,1011,0.97,0.76,93,10000
2026-09-24 10:05:26,2026-09-26 07:00:00,Pekanbaru,Rain,light rain,23.64,24.62,98,1013,0.48,1.0,93,8742
2026-09-24 10:05:26,2026-09-26 10:00:00,Pekanbaru,Rain,light rain,27.83,31.68,80,1014,1.37,1.0,100,10000
2026-09-24 10:05:26,2026-09-26 13:00:00,Pekanbaru,Rain,moderate rain,30.23,35.86,71,1011,1.0,1.0,100,10000
2026-09-24 10:05:26,2026-09-26 16:00:00,Pekanbaru,Rain,light rain,29.95,35.16,71,1009,0.55,0.59,100,10000
2026-09-24 10:05:26,2026-09-26 19:00:00,Pekanbaru,Rain,light rain,25.24,26.25,93,1011,1.24,0.88,100,10000
2026-09-24 10:05:26,2026-09-26 22:00:00,Pekanbaru,Rain,light rain,24.28,25.3,97,1013,0.81,1.0,100,10000
2026-09-24 10:05:26,2026-09-27 01:00:00,Pekanbaru,Rain,light rain,23.62,24.6,98,1011,0.54,1.0,100,10000
2026-09-24 10:05:26,2026-09-27 04:00:00,Pekanbaru,Rain,light rain,23.29,24.23,98,1011,1.04,1.0,100,10000
2026-09-24 10:05:26,2026-09-27 07:00:00,Pekanbaru,Rain,light rain,23.31,24.28,99,1013,1.07,1.0,100,10000
2026-09-24 10:05:26,2026-09-27 10:00:00,Pekanbaru,Rain,light rain,23.73,24.69,97,1014,0.29,0.99,100,10000
2026-09-24 10:05:26,2026-09-27 13:00:00,Pekanbaru,Rain,light rain,26.95,29.63,80,1011,0.14,1.0,100,10000
2026-09-24 10:05:26,2026-09-27 16:00:00,Pekanbaru,Rain,light rain,27.7,30.83,76,1010,1.0,0.39,100,10000
2026-09-24 10:05:26,2026-09-27 19:00:00,Pekanbaru,Rain,light rain,24.61,25.55,93,1012,1.01,0.21,98,10000
2026-09-24 10:05:26,2026-09-27 22:00:00,Pekanbaru,Clouds,overcast clouds,23.8,24.72,95,1014,0.51,0.2,100,10000
2026-09-24 10:05:26,2026-09-28 01:00:00,Pekanbaru,Clouds,overcast clouds,23.29,24.18,96,1012,0.89,0.07,100,10000
2026-09-24 10:05:26,2026-09-28 04:00:00,Pekanbaru,Clouds,overcast clouds,23.31,24.18,95,1012,0.5,0.0,99,10000
2026-09-24 10:05:26,2026-09-28 07:00:00,Pekanbaru,Clouds,overcast clouds,23.54,24.4,94,1013,0.39,0.07,100,10000
2026-09-24 10:05:26,2026-09-28 10:00:00,Pekanbaru,Rain,light rain,27.08,29.82,79,1015,0.6,0.22,89,10000
2026-09-24 10:05:26,2026-09-28 13:00:00,Pekanbaru,Rain,moderate rain,28.26,33.28,83,1012,1.21,1.0,93,5763
2026-09-24 10:05:26,2026-09-28 16:00:00,Pekanbaru,Rain,light rain,25.94,27.04,94,1010,1.03,1.0,100,10000
2026-09-24 10:05:26,2026-09-28 19:00:00,Pekanbaru,Clouds,overcast clouds,24.83,25.88,96,1012,1.1,0.8,96,10000
2026-09-24 10:05:26,2026-09-28 22:00:00,Pekanbaru,Rain,light rain,23.57,24.49,96,1015,0.68,0.53,91,10000
2026-09-24 10:05:26,2026-09-29 01:00:00,Pekanbaru,Clouds,overcast clouds,22.94,23.82,97,1014,0.31,0.34,89,10000
2026-09-24 10:05:26,2026-09-29 04:00:00,Pekanbaru,Clouds,overcast clouds,23.31,24.2,96,1013,1.15,0.0,96,10000
2026-09-24 10:05:26,2026-09-29 07:00:00,Pekanbaru,Clouds,overcast clouds,23.96,24.89,95,1014,0.61,0.01,96,10000
2026-09-24 10:05:26,2026-09-29 10:00:00,Pekanbaru,Rain,light rain,27.94,32.57,84,1015,1.5,1.0,67,10000
2026-09-24 12:05:28,2026-09-24 13:00:00,Pekanbaru,Clouds,overcast clouds,30.15,36.44,74,1011,1.75,0.41,99,10000
2026-09-24 12:05:28,2026-09-24 16:00:00,Pekanbaru,Clouds,overcast clouds,28.73,33.61,78,1010,1.0,0.42,99,10000
2026-09-24 12:05:28,2026-09-24 19:00:00,Pekanbaru,Rain,light rain,26.61,26.61,86,1011,0.95,0.33,100,10000
2026-09-24 12:05:28,2026-09-24 22:00:00,Pekanbaru,Rain,light rain,24.11,25.06,95,1013,0.79,0.2,95,10000
2026-09-24 12:05:28,2026-09-25 01:00:00,Pekanbaru,Rain,light rain,23.73,24.69,97,1012,0.74,0.8,93,10000
2026-09-24 12:05:28,2026-09-25 04:00:00,Pekanbaru,Rain,light rain,23.07,23.99,98,1011,0.58,0.83,99,8038
2026-09-24 12:05:28,2026-09-25 07:00:00,Pekanbaru,Rain,light rain,23.97,24.9,95,1013,0.1,0.8,100,10000
2026-09-24 12:05:28,2026-09-25 10:00:00,Pekanbaru,Clouds,overcast clouds,28.39,32.07,74,1014,0.92,0.0,100,10000
2026-09-24 12:05:28,2026-09-25 13:00:00,Pekanbaru,Clouds,overcast clouds,27.86,31.05,75,1011,1.61,0.0,100,10000
2026-09-24 12:05:28,2026-09-25 16:00:00,Pekanbaru,Clouds,overcast clouds,28.53,32.05,72,1009,0.63,0.09,100,10000
2026-09-24 12:05:28,2026-09-25 19:00:00,Pekanbaru,Rain,light rain,25.02,25.93,90,1011,0.28,0.35,99,10000
2026-09-24 12:05:28,2026-09-25 22:00:00,Pekanbaru,Rain,light rain,24.28,25.3,97,1013,0.64,1.0,70,10000
2026-09-24 12:05:28,2026-09-26 01:00:00,Pekanbaru,Rain,light rain,23.7,24.68,98,1011,0.66,1.0,57,10000
2026-09-24 12:05:28,2026-09-26 04:00:00,Pekanbaru,Rain,light rain,23.31,24.28,99,1011,0.97,0.76,93,10000
2026-09-24 12:05:28,2026-09-26 07:00:00,Pekanbaru,Rain,light rain,23.64,24.62,98,1013,0.48,1.0,93,8742
2026-09-24 12:05:28,2026-09-26 10:00:00,Pekanbaru,Rain,light rain,27.83,31.68,80,1014,1.37,1.0,100,10000
2026-09-24 12:05:28,2026-09-26 13:00:00,Pekanbaru,Rain,moderate rain,30.23,35.86,71,1011,1.0,1.0,100,10000
2026-09-24 12:05:28,2026-09-26 16:00:00,Pekanbaru,Rain,light rain,29.95,35.16,71,1009,0.55,0.59,100,10000
2026-09-24 12:05:28,2026-09-26 19:00:00,Pekanbaru,Rain,light rain,25.24,26.25,93,1011,1.24,0.88,100,10000
2026-09-24 12:05:28,2026-09-26 22:00:00,Pekanbaru,Rain,light rain,24.28,25.3,97,1013,0.81,1.0,100,10000
2026-09-24 12:05:28,2026-09-27 01:00:00,Pekanbaru,Rain,light rain,23.62,24.6,98,1011,0.54,1.0,100,10000
2026-09-24 12:05:28,2026-09-27 04:00:00,Pekanbaru,Rain,light rain,23.29,24.23,98,1011,1.04,1.0,100,10000
2026-09-24 12:05:28,2026-09-27 07:00:00,Pekanbaru,Rain,light rain,23.31,24.28,99,1013,1.07,1.0,100,10000
2026-09-24 12:05:28,2026-09-27 10:00:00,Pekanbaru,Rain,light rain,23.73,24.69,97,1014,0.29,0.99,100,10000
2026-09-24 12:05:28,2026-09-27 13:00:00,Pekanbaru,Rain,light rain,26.95,29.63,80,1011,0.14,1.0,100,10000
2026-09-24 12:05:28,2026-09-27 16:00:00,Pekanbaru,Rain,light rain,27.7,30.83,76,1010,1.0,0.39,100,10000
2026-09-24 12:05:28,2026-09-27 19:00:00,Pekanbaru,Rain,light rain,24.61,25.55,93,1012,1.01,0.21,98,10000
2026-09-24 12:05:28,2026-09-27 22:00:00,Pekanbaru,Clouds,overcast clouds,23.8,24.72,95,1014,0.51,0.2,100,10000
2026-09-24 12:05:28,2026-09-28 01:00:00,Pekanbaru,Clouds,overcast clouds,23.29,24.18,96,1012,0.89,0.07,100,10000
2026-09-24 12:05:28,2026-09-28 04:00:00,Pekanbaru,Clouds,overcast clouds,23.31,24.18,95,1012,0.5,0.0,99,10000
2026-09-24 12:05:28,2026-09-28 07:00:00,Pekanbaru,Clouds,overcast clouds,23.54,24.4,94,1013,0.39,0.07,100,10000
2026-09-24 12:05:28,2026-09-28 10:00:00,Pekanbaru,Rain,light rain,27.08,29.82,79,1015,0.6,0.22,89,10000
2026-09-24 12:05:28,2026-09-28 13:00:00,Pekanbaru,Rain,moderate rain,28.26,33.28,83,1012,1.21,1.0,93,5763
2026-09-24 12:05:28,2026-09-28 16:00:00,Pekanbaru,Rain,light rain,25.94,27.04,94,1010,1.03,1.0,100,10000
2026-09-24 12:05:28,2026-09-28 19:00:00,Pekanbaru,Clouds,overcast clouds,24.83,25.88,96,1012,1.1,0.8,96,10000
2026-09-24 12:05:28,2026-09-28 22:00:00,Pekanbaru,Rain,light rain,23.57,24.49,96,1015,0.68,0.53,91,10000
2026-09-24 12:05:28,2026-09-29 01:00:00,Pekanbaru,Clouds,overcast clouds,22.94,23.82,97,1014,0.31,0.34,89,10000
2026-09-24 12:05:28,2026-09-29 04:00:00,Pekanbaru,Clouds,overcast clouds,23.31,24.2,96,1013,1.15,0.0,96,10000
2026-09-24 12:05:28,2026-09-29 07:00:00,Pekanbaru,Clouds,overcast clouds,23.96,24.89,95,1014,0.61,0.01,96,10000
2026-09-24 12:05:28,2026-09-29 10:00:00,Pekanbaru,Rain,light rain,27.94,32.57,84,1015,1.5,1.0,67,10000
2026-09-24 15:05:27,2026-09-24 16:00:00,Pekanbaru,Clouds,overcast clouds,30.15,36.44,74,1009,0.65,0.0,100,10000
2026-09-24 15:05:27,2026-09-24 19:00:00,Pekanbaru,Clouds,overcast clouds,28.5,33.2,79,1010,0.64,0.0,98,10000
2026-09-24 15:05:27,2026-09-24 22:00:00,Pekanbaru,Clouds,overcast clouds,26.2,26.2,86,1012,0.22,0.16,98,10000
2026-09-24 15:05:27,2026-09-25 01:00:00,Pekanbaru,Rain,light rain,23.59,24.46,94,1012,0.24,0.55,96,10000
2026-09-24 15:05:27,2026-09-25 04:00:00,Pekanbaru,Rain,light rain,23.15,24.0,95,1011,0.09,0.77,80,10000
2026-09-24 15:05:27,2026-09-25 07:00:00,Pekanbaru,Rain,light rain,24.35,25.19,90,1013,0.5,0.76,82,10000
2026-09-24 15:05:27,2026-09-25 10:00:00,Pekanbaru,Clouds,overcast clouds,30.9,35.13,62,1014,1.38,0.0,92,10000
2026-09-24 15:05:27,2026-09-25 13:00:00,Pekanbaru,Clouds,overcast clouds,32.7,37.14,55,1010,0.7,0.0,96,10000
2026-09-24 15:05:27,2026-09-25 16:00:00,Pekanbaru,Clouds,overcast clouds,31.81,36.63,60,1008,1.56,0.12,100,10000
2026-09-24 15:05:27,2026-09-25 19:00:00,Pekanbaru,Rain,light rain,25.5,26.48,91,1011,1.0,1.0,75,10000
2026-09-24 15:05:27,2026-09-25 22:00:00,Pekanbaru,Rain,light rain,24.6,25.62,96,1013,1.24,0.67,100,10000
2026-09-24 15:05:27,2026-09-26 01:00:00,Pekanbaru,Rain,moderate rain,24.02,25.04,98,1011,0.15,0.91,100,10000
2026-09-24 15:05:27,2026-09-26 04:00:00,Pekanbaru,Rain,light rain,23.35,24.33,99,1010,0.71,1.0,97,7681
2026-09-24 15:05:27,2026-09-26 07:00:00,Pekanbaru,Rain,moderate rain,23.66,24.67,99,1013,0.51,1.0,99,10000
2026-09-24 15:05:27,2026-09-26 10:00:00,Pekanbaru,Rain,light rain,28.27,32.96,81,1014,1.05,0.88,100,10000
2026-09-24 15:05:27,2026-09-26 13:00:00,Pekanbaru,Rain,moderate rain,29.66,35.87,77,1011,0.3,1.0,100,10000
2026-09-24 15:05:27,2026-09-26 16:00:00,Pekanbaru,Rain,moderate rain,28.01,33.43,88,1009,0.52,1.0,100,5816
2026-09-24 15:05:27,2026-09-26 19:00:00,Pekanbaru,Rain,moderate rain,24.62,25.64,96,1011,1.36,1.0,100,10000
2026-09-24 15:05:27,2026-09-26 22:00:00,Pekanbaru,Rain,light rain,24.02,25.04,98,1013,1.29,0.86,100,10000
2026-09-24 15:05:27,2026-09-27 01:00:00,Pekanbaru,Rain,light rain,23.67,24.65,98,1012,1.21,0.85,100,10000
2026-09-24 15:05:27,2026-09-27 04:00:00,Pekanbaru,Rain,moderate rain,23.15,24.11,99,1011,1.38,1.0,100,10000
2026-09-24 15:05:27,2026-09-27 07:00:00,Pekanbaru,Rain,light rain,22.92,23.83,98,1012,0.81,1.0,100,10000
2026-09-24 15:05:27,2026-09-27 10:00:00,Pekanbaru,Rain,light rain,23.55,24.49,97,1014,0.58,0.91,100,10000
2026-09-24 15:05:27,2026-09-27 13:00:00,Pekanbaru,Clouds,overcast clouds,27.4,30.19,76,1011,1.57,0.27,99,10000
2026-09-24 15:05:27,2026-09-27 16:00:00,Pekanbaru,Rain,light rain,30.0,34.1,66,1009,1.6,0.57,91,10000
2026-09-24 15:05:27,2026-09-27 19:00:00,Pekanbaru,Rain,light rain,23.72,24.65,96,1012,1.14,1.0,92,8691
2026-09-24 15:05:27,2026-09-27 22:00:00,Pekanbaru,Rain,moderate rain,22.8,23.69,98,1014,1.14,1.0,90,7613
2026-09-24 15:05:27,2026-09-28 01:00:00,Pekanbaru,Rain,light rain,22.94,23.85,98,1012,0.78,1.0,95,10000
2026-09-24 15:05:27,2026-09-28 04:00:00,Pekanbaru,Rain,light rain,22.84,23.76,99,1012,0.98,0.94,100,10000
2026-09-24 15:05:27,2026-09-28 07:00:00,Pekanbaru,Rain,light rain,23.22,24.13,97,1014,0.34,1.0,100,10000
2026-09-24 15:05:27,2026-09-28 10:00:00,Pekanbaru,Rain,light rain,27.89,31.39,77,1015,0.82,0.2,82,10000
2026-09-24 15:05:27,2026-09-28 13:00:00,Pekanbaru,Rain,light rain,33.72,38.45,52,1012,0.76,0.26,87,10000
2026-09-24 15:05:27,2026-09-28 16:00:00,Pekanbaru,Rain,light rain,31.09,35.82,63,1010,1.91,0.72,100,10000
2026-09-24 15:05:27,2026-09-28 19:00:00,Pekanbaru,Rain,light rain,25.04,26.05,94,1012,1.08,1.0,98,10000
2026-09-24 15:05:27,2026-09-28 22:00:00,Pekanbaru,Rain,light rain,24.98,26.01,95,1014,0.29,0.3,100,10000
2026-09-24 15:05:27,2026-09-29 01:00:00,Pekanbaru,Clouds,overcast clouds,24.47,25.51,97,1013,0.18,0.0,99,10000
2026-09-24 15:05:27,2026-09-29 04:00:00,Pekanbaru,Rain,light rain,24.05,25.04,97,1013,1.18,0.36,94,10000
2026-09-24 15:05:27,2026-09-29 07:00:00,Pekanbaru,Clouds,overcast clouds,24.36,25.33,95,1014,1.26,0.15,96,10000
2026-09-24 15:05:27,2026-09-29 10:00:00,Pekanbaru,Rain,light rain,26.81,29.84,86,1015,1.18,1.0,100,10000
2026-09-24 15:05:27,2026-09-29 13:00:00,Pekanbaru,Clouds,overcast clouds,32.41,36.51,55,1012,1.45,0.8,100,10000
2026-09-24 18:05:28,2026-09-24 19:00:00,Pekanbaru,Clouds,overcast clouds,29.15,34.94,79,1010,0.64,0.0,93,10000
2026-09-24 18:05:28,2026-09-24 22:00:00,Pekanbaru,Clouds,overcast clouds,27.58,31.47,83,1011,0.22,0.16,94,10000
2026-09-24 18:05:28,2026-09-25 01:00:00,Pekanbaru,Rain,light rain,25.44,26.36,89,1011,0.24,0.55,95,10000
2026-09-24 18:05:28,2026-09-25 04:00:00,Pekanbaru,Rain,light rain,23.15,24.0,95,1011,0.09,0.77,80,10000
2026-09-24 18:05:28,2026-09-25 07:00:00,Pekanbaru,Rain,light rain,24.35,25.19,90,1013,0.5,0.76,82,10000
2026-09-24 18:05:28,2026-09-25 10:00:00,Pekanbaru,Clouds,overcast clouds,30.9,35.13,62,1014,1.38,0.0,92,10000
2026-09-24 18:05:28,2026-09-25 13:00:00,Pekanbaru,Clouds,overcast clouds,32.7,37.14,55,1010,0.7,0.0,96,10000
2026-09-24 18:05:28,2026-09-25 16:00:00,Pekanbaru,Clouds,overcast clouds,31.81,36.63,60,1008,1.56,0.12,100,10000
2026-09-24 18:05:28,2026-09-25 19:00:00,Pekanbaru,Rain,light rain,25.5,26.48,91,1011,1.0,1.0,75,10000
2026-09-24 18:05:28,2026-09-25 22:00:00,Pekanbaru,Rain,light rain,24.6,25.62,96,1013,1.24,0.67,100,10000
2026-09-24 18:05:28,2026-09-26 01:00:00,Pekanbaru,Rain,moderate rain,24.02,25.04,98,1011,0.15,0.91,100,10000
2026-09-24 18:05:28,2026-09-26 04:00:00,Pekanbaru,Rain,light rain,23.35,24.33,99,1010,0.71,1.0,97,7681
2026-09-24 18:05:28,2026-09-26 07:00:00,Pekanbaru,Rain,moderate rain,23.66,24.67,99,1013,0.51,1.0,99,10000
2026-09-24 18:05:28,2026-09-26 10:00:00,Pekanbaru,Rain,light rain,28.27,32.96,81,1014,1.05,0.88,100,10000
2026-09-24 18:05:28,2026-09-26 13:00:00,Pekanbaru,Rain,moderate rain,29.66,35.87,77,1011,0.3,1.0,100,10000
2026-09-24 18:05:28,2026-09-26 16:00:00,Pekanbaru,Rain,moderate rain,28.01,33.43,88,1009,0.52,1.0,100,5816
2026-09-24 18:05:28,2026-09-26 19:00:00,Pekanbaru,Rain,moderate rain,24.62,25.64,96,1011,1.36,1.0,100,10000
2026-09-24 18:05:28,2026-09-26 22:00:00,Pekanbaru,Rain,light rain,24.02,25.04,98,1013,1.29,0.86,100,10000
2026-09-24 18:05:28,2026-09-27 01:00:00,Pekanbaru,Rain,light rain,23.67,24.65,98,1012,1.21,0.85,100,10000
2026-09-24 18:05:28,2026-09-27 04:00:00,Pekanbaru,Rain,moderate rain,23.15,24.11,99,1011,1.38,1.0,100,10000
2026-09-24 18:05:28,2026-09-27 07:00:00,Pekanbaru,Rain,light rain,22.92,23.83,98,1012,0.81,1.0,100,10000
2026-09-24 18:05:28,2026-09-27 10:00:00,Pekanbaru,Rain,light rain,23.55,24.49,97,1014,0.58,0.91,100,10000
2026-09-24 18:05:28,2026-09-27 13:00:00,Pekanbaru,Clouds,overcast clouds,27.4,30.19,76,1011,1.57,0.27,99,10000
2026-09-24 18:05:28,2026-09-27 16:00:00,Pekanbaru,Rain,light rain,30.0,34.1,66,1009,1.6,0.57,91,10000
2026-09-24 18:05:28,2026-09-27 19:00:00,Pekanbaru,Rain,light rain,23.72,24.65,96,1012,1.14,1.0,92,8691
2026-09-24 18:05:28,2026-09-27 22:00:00,Pekanbaru,Rain,moderate rain,22.8,23.69,98,1014,1.14,1.0,90,7613
2026-09-24 18:05:28,2026-09-28 01:00:00,Pekanbaru,Rain,light rain,22.94,23.85,98,1012,0.78,1.0,95,10000
2026-09-24 18:05:28,2026-09-28 04:00:00,Pekanbaru,Rain,light rain,22.84,23.76,99,1012,0.98,0.94,100,10000
2026-09-24 18:05:28,2026-09-28 07:00:00,Pekanbaru,Rain,light rain,23.22,24.13,97,1014,0.34,1.0,100,10000
2026-09-24 18:05:28,2026-09-28 10:00:00,Pekanbaru,Rain,light rain,27.89,31.39,77,1015,0.82,0.2,82,10000
2026-09-24 18:05:28,2026-09-28 13:00:00,Pekanbaru,Rain,light rain,33.72,38.45,52,1012,0.76,0.26,87,10000
2026-09-24 18:05:28,2026-09-28 16:00:00,Pekanbaru,Rain,light rain,31.09,35.82,63,1010,1.91,0.72,100,10000
2026-09-24 18:05:28,2026-09-28 19:00:00,Pekanbaru,Rain,light rain,25.04,26.05,94,1012,1.08,1.0,98,10000
2026-09-24 18:05:28,2026-09-28 22:00:00,Pekanbaru,Rain,light rain,24.98,26.01,95,1014,0.29,0.3,100,10000
2026-09-24 18:05:28,2026-09-29 01:00:00,Pekanbaru,Clouds,overcast clouds,24.47,25.51,97,1013,0.18,0.0,99,10000
2026-09-24 18:05:28,2026-09-29 04:00:00,Pekanbaru,Rain,light rain,24.05,25.04,97,1013,1.18,0.36,94,10000
2026-09-24 18:05:28,2026-09-29 07:00:00,Pekanbaru,Clouds,overcast clouds,24.36,25.33,95,1014,1.26,0.15,96,10000
2026-09-24 18:05:28,2026-09-29 10:00:00,Pekanbaru,Rain,light rain,26.81,29.84,86,1015,1.18,1.0,100,10000
2026-09-24 18:05:28,2026-09-29 13:00:00,Pekanbaru,Clouds,overcast clouds,32.41,36.51,55,1012,1.45,0.8,100,10000
2026-09-24 18:05:28,2026-09-29 16:00:00,Pekanbaru,Clouds,overcast clouds,30.96,35.27,62,1010,0.52,0.0,100,10000
2026-09-24 21:05:29,2026-09-24 22:00:00,Pekanbaru,Clouds,overcast clouds,27.15,31.05,89,1012,0.16,0.06,100,10000
2026-09-24 21:05:29,2026-09-25 01:00:00,Pekanbaru,Clouds,overcast clouds,26.1,26.1,91,1012,0.21,0.02,100,10000
2026-09-24 21:05:29,2026-09-25 04:00:00,Pekanbaru,Clouds,overcast clouds,24.85,25.79,92,1011,0.59,0.0,88,10000
2026-09-24 21:05:29,2026-09-25 07:00:00,Pekanbaru,Clouds,overcast clouds,24.33,25.19,91,1013,0.88,0.0,85,10000
2026-09-24 21:05:29,2026-09-25 10:00:00,Pekanbaru,Clouds,broken clouds,31.4,35.98,61,1013,1.32,0.0,84,10000
2026-09-24 21:05:29,2026-09-25 13:00:00,Pekanbaru,Rain,light rain,34.62,39.42,49,1010,0.95,0.2,92,10000
2026-09-24 21:05:29,2026-09-25 16:00:00,Pekanbaru,Rain,light rain,30.61,36.57,70,1008,1.32,0.2,98,10000
2026-09-24 21:05:29,2026-09-25 19:00:00,Pekanbaru,Rain,light rain,26.88,29.83,84,1010,1.78,0.91,99,9609
2026-09-24 21:05:29,2026-09-25 22:00:00,Pekanbaru,Rain,light rain,25.28,26.34,95,1013,1.28,0.9,90,10000
2026-09-24 21:05:29,2026-09-26 01:00:00,Pekanbaru,Clouds,overcast clouds,25.01,26.07,96,1011,0.3,0.77,88,10000
2026-09-24 21:05:29,2026-09-26 04:00:00,Pekanbaru,Rain,light rain,24.43,25.46,97,1011,0.63,0.91,92,10000
2026-09-24 21:05:29,2026-09-26 07:00:00,Pekanbaru,Rain,moderate rain,24.08,25.1,98,1013,1.18,1.0,96,1909
2026-09-24 21:05:29,2026-09-26 10:00:00,Pekanbaru,Rain,moderate rain,27.86,32.66,86,1014,1.08,1.0,100,10000
2026-09-24 21:05:29,2026-09-26 13:00:00,Pekanbaru,Rain,moderate rain,30.28,36.52,73,1011,0.83,1.0,97,10000
2026-09-24 21:05:29,2026-09-26 16:00:00,Pekanbaru,Rain,light rain,30.93,36.26,66,1008,0.92,1.0,87,10000
2026-09-24 21:05:29,2026-09-26 19:00:00,Pekanbaru,Rain,moderate rain,25.66,26.68,92,1010,0.3,1.0,84,10
2026-09-24 21:05:29,2026-09-26 22:00:00,Pekanbaru,Rain,moderate rain,25.05,26.04,93,1013,1.11,1.0,100,10000
2026-09-24 21:05:29,2026-09-27 01:00:00,Pekanbaru,Rain,light rain,23.82,24.82,98,1011,1.68,1.0,100,10000
2026-09-24 21:05:29,2026-09-27 04:00:00,Pekanbaru,Rain,light rain,23.21,24.17,99,1010,2.16,1.0,100,8055
2026-09-24 21:05:29,2026-09-27 07:00:00,Pekanbaru,Rain,light rain,23.4,24.38,99,1013,1.55,1.0,100,10000
2026-09-24 21:05:29,2026-09-27 10:00:00,Pekanbaru,Rain,light rain,25.59,26.53,89,1014,2.23,0.37,100,10000
2026-09-24 21:05:29,2026-09-27 13:00:00,Pekanbaru,Rain,light rain,30.3,34.54,65,1011,1.9,0.28,100,10000
2026-09-24 21:05:29,2026-09-27 16:00:00,Pekanbaru,Rain,light rain,28.79,33.76,78,1010,1.44,0.85,95,10000
2026-09-24 21:05:29,2026-09-27 19:00:00,Pekanbaru,Rain,light rain,24.87,25.87,94,1012,0.48,0.83,98,10000
2026-09-24 21:05:29,2026-09-27 22:00:00,Pekanbaru,Rain,light rain,24.35,25.35,96,1013,0.66,0.52,100,10000
2026-09-24 21:05:29,2026-09-28 01:00:00,Pekanbaru,Clouds,overcast clouds,24.02,24.98,96,1012,0.65,0.37,100,10000
2026-09-24 21:05:29,2026-09-28 04:00:00,Pekanbaru,Clouds,overcast clouds,23.49,24.4,96,1011,0.78,0.0,100,10000
2026-09-24 21:05:29,2026-09-28 07:00:00,Pekanbaru,Clouds,overcast clouds,23.98,24.89,94,1013,0.42,0.0,94,10000
2026-09-24 21:05:29,2026-09-28 10:00:00,Pekanbaru,Rain,light rain,28.15,32.98,83,1014,0.48,1.0,72,4796
2026-09-24 21:05:29,2026-09-28 13:00:00,Pekanbaru,Rain,moderate rain,28.74,34.03,80,1012,1.36,1.0,77,10000
2026-09-24 21:05:29,2026-09-28 16:00:00,Pekanbaru,Rain,light rain,31.43,35.51,59,1010,1.45,0.28,52,10000
2026-09-24 21:05:29,2026-09-28 19:00:00,Pekanbaru,Rain,light rain,25.21,26.24,94,1012,1.46,0.99,70,8853
2026-09-24 21:05:29,2026-09-28 22:00:00,Pekanbaru,Rain,light rain,24.03,25.05,98,1014,1.61,1.0,100,10000
2026-09-24 21:05:29,2026-09-29 01:00:00,Pekanbaru,Rain,light rain,23.68,24.66,98,1013,1.03,1.0,99,10000
2026-09-24 21:05:29,2026-09-29 04:00:00,Pekanbaru,Rain,light rain,23.27,24.21,98,1013,1.13,1.0,100,10000
2026-09-24 21:05:29,2026-09-29 07:00:00,Pekanbaru,Rain,light rain,23.28,24.22,98,1015,1.15,1.0,100,10000
2026-09-24 21:05:29,2026-09-29 10:00:00,Pekanbaru,Rain,light rain,24.1,25.12,98,1016,1.01,0.28,100,10000
2026-09-24 21:05:29,2026-09-29 13:00:00,Pekanbaru,Clouds,overcast clouds,25.05,26.04,93,1013,0.92,0.0,100,10000
2026-09-24 21:05:29,2026-09-29 16:00:00,Pekanbaru,Clouds,overcast clouds,24.71,25.72,95,1012,0.28,0.0,100,10000
2026-09-24 21:05:29,2026-09-29 19:00:00,Pekanbaru,Clouds,overcast clouds,23.87,24.79,95,1013,0.57,0.0,100,10000
2026-09-25 00:05:44,2026-09-25 01:00:00,Pekanbaru,Clouds,overcast clouds,26.15,26.15,89,1012,0.21,0.02,100,10000
2026-09-25 00:05:44,2026-09-25 04:00:00,Pekanbaru,Clouds,overcast clouds,25.38,26.32,90,1012,0.59,0.0,94,10000
2026-09-25 00:05:44,2026-09-25 07:00:00,Pekanbaru,Clouds,overcast clouds,24.94,25.87,91,1013,0.88,0.0,90,10000
2026-09-25 00:05:44,2026-09-25 10:00:00,Pekanbaru,Clouds,broken clouds,31.4,35.98,61,1013,1.32,0.0,84,10000
2026-09-25 00:05:44,2026-09-25 13:00:00,Pekanbaru,Rain,light rain,34.62,39.42,49,1010,0.95,0.2,92,10000
2026-09-25 00:05:44,2026-09-25 16:00:00,Pekanbaru,Rain,light rain,30.61,36.57,70,1008,1.32,0.2,98,10000
2026-09-25 00:05:44,2026-09-25 19:00:00,Pekanbaru,Rain,light rain,26.88,29.83,84,1010,1.78,0.91,99,9609
2026-09-25 00:05:44,2026-09-25 22:00:00,Pekanbaru,Rain,light rain,25.28,26.34,95,1013,1.28,0.9,90,10000
2026-09-25 00:05:44,2026-09-26 01:00:00,Pekanbaru,Clouds,overcast clouds,25.01,26.07,96,1011,0.3,0.77,88,10000
2026-09-25 00:05:44,2026-09-26 04:00:00,Pekanbaru,Rain,light rain,24.43,25.46,97,1011,0.63,0.91,92,10000
2026-09-25 00:05:44,2026-09-26 07:00:00,Pekanbaru,Rain,moderate rain,24.08,25.1,98,1013,1.18,1.0,96,1909
2026-09-25 00:05:44,2026-09-26 10:00:00,Pekanbaru,Rain,moderate rain,27.86,32.66,86,1014,1.08,1.0,100,10000
2026-09-25 00:05:44,2026-09-26 13:00:00,Pekanbaru,Rain,moderate rain,30.28,36.52,73,1011,0.83,1.0,97,10000
2026-09-25 00:05:44,2026-09-26 16:00:00,Pekanbaru,Rain,light rain,30.93,36.26,66,1008,0.92,1.0,87,10000
2026-09-25 00:05:44,2026-09-26 19:00:00,Pekanbaru,Rain,moderate rain,25.66,26.68,92,1010,0.3,1.0,84,10
2026-09-25 00:05:44,2026-09-26 22:00:00,Pekanbaru,Rain,moderate rain,25.05,26.04,93,1013,1.11,1.0,100,10000
2026-09-25 00:05:44,2026-09-27 01:00:00,Pekanbaru,Rain,light rain,23.82,24.82,98,1011,1.68,1.0,100,10000
2026-09-25 00:05:44,2026-09-27 04:00:00,Pekanbaru,Rain,light rain,23.21,24.17,99,1010,2.16,1.0,100,8055
2026-09-25 00:05:44,2026-09-27 07:00:00,Pekanbaru,Rain,light rain,23.4,24.38,99,1013,1.55,1.0,100,10000
2026-09-25 00:05:44,2026-09-27 10:00:00,Pekanbaru,Rain,light rain,25.59,26.53,89,1014,2.23,0.37,100,10000
2026-09-25 00:05:44,2026-09-27 13:00:00,Pekanbaru,Rain,light rain,30.3,34.54,65,1011,1.9,0.28,100,10000
2026-09-25 00:05:44,2026-09-27 16:00:00,Pekanbaru,Rain,light rain,28.79,33.76,78,1010,1.44,0.85,95,10000
2026-09-25 00:05:44,2026-09-27 19:00:00,Pekanbaru,Rain,light rain,24.87,25.87,94,1012,0.48,0.83,98,10000
2026-09-25 00:05:44,2026-09-27 22:00:00,Pekanbaru,Rain,light rain,24.35,25.35,96,1013,0.66,0.52,100,10000
2026-09-25 00:05:44,2026-09-28 01:00:00,Pekanbaru,Clouds,overcast clouds,24.02,24.98,96,1012,0.65,0.37,100,10000
2026-09-25 00:05:44,2026-09-28 04:00:00,Pekanbaru,Clouds,overcast clouds,23.49,24.4,96,1011,0.78,0.0,100,10000
2026-09-25 00:05:44,2026-09-28 07:00:00,Pekanbaru,Clouds,overcast clouds,23.98,24.89,94,1013,0.42,0.0,94,10000
2026-09-25 00:05:44,2026-09-28 10:00:00,Pekanbaru,Rain,light rain,28.15,32.98,83,1014,0.48,1.0,72,4796
2026-09-25 00:05:44,2026-09-28 13:00:00,Pekanbaru,Rain,moderate rain,28.74,34.03,80,1012,1.36,1.0,77,10000
2026-09-25 00:05:44,2026-09-28 16:00:00,Pekanbaru,Rain,light rain,31.43,35.51,59,1010,1.45,0.28,52,10000
2026-09-25 00:05:44,2026-09-28 19:00:00,Pekanbaru,Rain,light rain,25.21,26.24,94,1012,1.46,0.99,70,8853
2026-09-25 00:05:44,2026-09-28 22:00:00,Pekanbaru,Rain,light rain,24.03,25.05,98,1014,1.61,1.0,100,10000
2026-09-25 00:05:44,2026-09-29 01:00:00,Pekanbaru,Rain,light rain,23.68,24.66,98,1013,1.03,1.0,99,10000
2026-09-25 00:05:44,2026-09-29 04:00:00,Pekanbaru,Rain,light rain,23.27,24.21,98,1013,1.13,1.0,100,10000
2026-09-25 00:05:44,2026-09-29 07:00:00,Pekanbaru,Rain,light rain,23.28,24.22,98,1015,1.15,1.0,100,10000
2026-09-25 00:05:44,2026-09-29 10:00:00,Pekanbaru,Rain,light rain,24.1,25.12,98,1016,1.01,0.28,100,10000
2026-09-25 00:05:44,2026-09-29 13:00:00,Pekanbaru,Clouds,overcast clouds,25.05,26.04,93,1013,0.92,0.0,100,10000
2026-09-25 00:05:44,2026-09-29 16:00:00,Pekanbaru,Clouds,overcast clouds,24.71,25.72,95,1012,0.28,0.0,100,10000
2026-09-25 00:05:44,2026-09-29 19:00:00,Pekanbaru,Clouds,overcast clouds,23.87,24.79,95,1013,0.57,0.0,100,10000
2026-09-25 00:05:44,2026-09-29 22:00:00,Pekanbaru,Clouds,overcast clouds,23.37,24.19,93,1015,0.47,0.0,99,10000
2026-09-25 03:05:58,2026-09-25 04:00:00,Pekanbaru,Clouds,overcast clouds,25.15,26.33,100,1011,0.64,0.01,100,10000
2026-09-25 03:05:58,2026-09-25 07:00:00,Pekanbaru,Clouds,overcast clouds,24.95,26.06,98,1011,0.98,0.0,100,10000
2026-09-25 03:05:58,2026-09-25 10:00:00,Pekanbaru,Clouds,overcast clouds,28.76,33.68,78,1012,1.39,0.0,100,10000
2026-09-25 03:05:58,2026-09-25 13:00:00,Pekanbaru,Rain,light rain,34.17,39.48,52,1010,1.71,0.23,100,10000
2026-09-25 03:05:58,2026-09-25 16:00:00,Pekanbaru,Clouds,overcast clouds,32.32,37.83,60,1008,0.82,0.0,100,10000
2026-09-25 03:05:58,2026-09-25 19:00:00,Pekanbaru,Rain,light rain,27.85,31.73,80,1010,1.09,0.28,96,10000
2026-09-25 03:05:58,2026-09-25 22:00:00,Pekanbaru,Rain,moderate rain,25.49,26.47,91,1012,1.26,1.0,99,10000
2026-09-25 03:05:58,2026-09-26 01:00:00,Pekanbaru,Rain,light rain,24.93,25.96,95,1011,0.58,1.0,90,10000
2026-09-25 03:05:58,2026-09-26 04:00:00,Pekanbaru,Rain,light rain,24.46,25.49,97,1010,1.18,0.68,80,10000
2026-09-25 03:05:58,2026-09-26 07:00:00,Pekanbaru,Rain,moderate rain,24.26,25.27,97,1013,0.92,0.97,88,10000
2026-09-25 03:05:58,2026-09-26 10:00:00,Pekanbaru,Rain,moderate rain,27.58,32.01,87,1014,0.9,1.0,100,10000
2026-09-25 03:05:58,2026-09-26 13:00:00,Pekanbaru,Rain,moderate rain,30.4,37.4,75,1011,0.47,1.0,92,10000
2026-09-25 03:05:58,2026-09-26 16:00:00,Pekanbaru,Rain,moderate rain,30.16,36.74,75,1009,0.68,1.0,85,10000
2026-09-25 03:05:58,2026-09-26 19:00:00,Pekanbaru,Rain,moderate rain,25.61,26.63,92,1011,0.45,1.0,91,10000
2026-09-25 03:05:58,2026-09-26 22:00:00,Pekanbaru,Rain,light rain,24.94,26.0,96,1012,0.97,0.63,100,10000
2026-09-25 03:05:58,2026-09-27 01:00:00,Pekanbaru,Rain,moderate rain,24.01,25.03,98,1011,1.08,0.95,100,10000
2026-09-25 03:05:58,2026-09-27 04:00:00,Pekanbaru,Rain,light rain,23.52,24.49,98,1010,1.44,1.0,99,10000
2026-09-25 03:05:58,2026-09-27 07:00:00,Pekanbaru,Rain,light rain,23.88,24.86,97,1012,1.13,1.0,96,10000
2026-09-25 03:05:58,2026-09-27 10:00:00,Pekanbaru,Rain,light rain,28.24,32.05,76,1014,1.42,0.29,100,10000
2026-09-25 03:05:58,2026-09-27 13:00:00,Pekanbaru,Rain,light rain,30.31,35.81,70,1011,1.19,0.58,100,10000
2026-09-25 03:05:58,2026-09-27 16:00:00,Pekanbaru,Rain,light rain,28.38,33.61,83,1009,1.5,0.91,100,10000
2026-09-25 03:05:58,2026-09-27 19:00:00,Pekanbaru,Rain,moderate rain,24.15,25.15,97,1011,0.55,1.0,100,3348
2026-09-25 03:05:58,2026-09-27 22:00:00,Pekanbaru,Rain,moderate rain,23.89,24.89,98,1013,1.31,1.0,100,10000
2026-09-25 03:05:58,2026-09-28 01:00:00,Pekanbaru,Rain,light rain,23.13,24.06,98,1011,1.06,1.0,100,10000
2026-09-25 03:05:58,2026-09-28 04:00:00,Pekanbaru,Rain,light rain,22.9,23.8,98,1011,0.98,0.75,100,10000
2026-09-25 03:05:58,2026-09-28 07:00:00,Pekanbaru,Clouds,overcast clouds,23.66,24.59,96,1013,0.49,0.25,99,10000
2026-09-25 03:05:58,2026-09-28 10:00:00,Pekanbaru,Clouds,overcast clouds,27.62,30.66,76,1015,1.32,0.0,89,10000
2026-09-25 03:05:58,2026-09-28 13:00:00,Pekanbaru,Rain,light rain,29.61,33.68,68,1012,1.8,0.63,83,10000
2026-09-25 03:05:58,2026-09-28 16:00:00,Pekanbaru,Rain,light rain,28.75,32.9,74,1011,1.55,0.89,94,10000
2026-09-25 03:05:58,2026-09-28 19:00:00,Pekanbaru,Rain,light rain,24.81,25.77,93,1013,1.25,0.89,97,10000
2026-09-25 03:05:58,2026-09-28 22:00:00,Pekanbaru,Rain,light rain,24.32,25.26,94,1015,1.3,0.4,100,10000
2026-09-25 03:05:58,2026-09-29 01:00:00,Pekanbaru,Rain,light rain,23.31,24.2,96,1013,1.21,0.47,100,10000
2026-09-25 03:05:58,2026-09-29 04:00:00,Pekanbaru,Clouds,overcast clouds,23.43,24.34,96,1013,0.8,0.0,100,10000
2026-09-25 03:05:58,2026-09-29 07:00:00,Pekanbaru,Clouds,overcast clouds,23.6,24.52,96,1015,0.96,0.0,100,10000
2026-09-25 03:05:58,2026-09-29 10:00:00,Pekanbaru,Clouds,overcast clouds,26.51,26.51,83,1016,1.46,0.0,100,10000
2026-09-25 03:05:58,2026-09-29 13:00:00,Pekanbaru,Clouds,overcast clouds,26.01,26.01,86,1013,1.19,0.0,100,10000
2026-09-25 03:05:58,2026-09-29 16:00:00,Pekanbaru,Clouds,overcast clouds,28.22,31.54,73,1011,0.35,0.0,100,10000
2026-09-25 03:05:58,2026-09-29 19:00:00,Pekanbaru,Clouds,overcast clouds,25.78,26.63,85,1012,0.98,0.0,99,10000
2026-09-25 03:05:58,2026-09-29 22:00:00,Pekanbaru,Clouds,overcast clouds,24.55,25.41,90,1014,0.72,0.0,89,10000
2026-09-25 03:05:58,2026-09-30 01:00:00,Pekanbaru,Clouds,overcast clouds,23.78,24.64,93,1013,0.87,0.0,93,10000
2026-09-25 06:05:29,2026-09-25 07:00:00,Pekanbaru,Clouds,overcast clouds,25.15,26.18,94,1011,0.98,0.0,99,10000
2026-09-25 06:05:29,2026-09-25 10:00:00,Pekanbaru,Clouds,overcast clouds,26.88,30.02,86,1012,1.39,0.0,99,10000
2026-09-25 06:05:29,2026-09-25 13:00:00,Pekanbaru,Rain,light rain,31.16,36.83,66,1010,1.71,0.23,100,10000
2026-09-25 06:05:29,2026-09-25 16:00:00,Pekanbaru,Clouds,overcast clouds,32.32,37.83,60,1008,0.82,0.0,100,10000
2026-09-25 06:05:29,2026-09-25 19:00:00,Pekanbaru,Rain,light rain,27.85,31.73,80,1010,1.09,0.28,96,10000
2026-09-25 06:05:29,2026-09-25 22:00:00,Pekanbaru,Rain,moderate rain,25.49,26.47,91,1012,1.26,1.0,99,10000
2026-09-25 06:05:29,2026-09-26 01:00:00,Pekanbaru,Rain,light rain,24.93,25.96,95,1011,0.58,1.0,90,10000
2026-09-25 06:05:29,2026-09-26 04:00:00,Pekanbaru,Rain,light rain,24.46,25.49,97,1010,1.18,0.68,80,10000
2026-09-25 06:05:29,2026-09-26 07:00:00,Pekanbaru,Rain,moderate rain,24.26,25.27,97,1013,0.92,0.97,88,10000
2026-09-25 06:05:29,2026-09-26 10:00:00,Pekanbaru,Rain,moderate rain,27.58,32.01,87,1014,0.9,1.0,100,10000
2026-09-25 06:05:29,2026-09-26 13:00:00,Pekanbaru,Rain,moderate rain,30.4,37.4,75,1011,0.47,1.0,92,10000
2026-09-25 06:05:29,2026-09-26 16:00:00,Pekanbaru,Rain,moderate rain,30.16,36.74,75,1009,0.68,1.0,85,10000
2026-09-25 06:05:29,2026-09-26 19:00:00,Pekanbaru,Rain,moderate rain,25.61,26.63,92,1011,0.45,1.0,91,10000
2026-09-25 06:05:29,2026-09-26 22:00:00,Pekanbaru,Rain,light rain,24.94,26.0,96,1012,0.97,0.63,100,10000
2026-09-25 06:05:29,2026-09-27 01:00:00,Pekanbaru,Rain,moderate rain,24.01,25.03,98,1011,1.08,0.95,100,10000
2026-09-25 06:05:29,2026-09-27 04:00:00,Pekanbaru,Rain,light rain,23.52,24.49,98,1010,1.44,1.0,99,10000
2026-09-25 06:05:29,2026-09-27 07:00:00,Pekanbaru,Rain,light rain,23.88,24.86,97,1012,1.13,1.0,96,10000
2026-09-25 06:05:29,2026-09-27 10:00:00,Pekanbaru,Rain,light rain,28.24,32.05,76,1014,1.42,0.29,100,10000
2026-09-25 06:05:29,2026-09-27 13:00:00,Pekanbaru,Rain,light rain,30.31,35.81,70,1011,1.19,0.58,100,10000
2026-09-25 06:05:29,2026-09-27 16:00:00,Pekanbaru,Rain,light rain,28.38,33.61,83,1009,1.5,0.91,100,10000
2026-09-25 06:05:29,2026-09-27 19:00:00,Pekanbaru,Rain,moderate rain,24.15,25.15,97,1011,0.55,1.0,100,3348
2026-09-25 06:05:29,2026-09-27 22:00:00,Pekanbaru,Rain,moderate rain,23.89,24.89,98,1013,1.31,1.0,100,10000
2026-09-25 06:05:29,2026-09-28 01:00:00,Pekanbaru,Rain,light rain,23.13,24.06,98,1011,1.06,1.0,100,10000
2026-09-25 06:05:29,2026-09-28 04:00:00,Pekanbaru,Rain,light rain,22.9,23.8,98,1011,0.98,0.75,100,10000
2026-09-25 06:05:29,2026-09-28 07:00:00,Pekanbaru,Clouds,overcast clouds,23.66,24.59,96,1013,0.49,0.25,99,10000
2026-09-25 06:05:29,2026-09-28 10:00:00,Pekanbaru,Clouds,overcast clouds,27.62,30.66,76,1015,1.32,0.0,89,10000
2026-09-25 06:05:29,2026-09-28 13:00:00,Pekanbaru,Rain,light rain,29.61,33.68,68,1012,1.8,0.63,83,10000
2026-09-25 06:05:29,2026-09-28 16:00:00,Pekanbaru,Rain,light rain,28.75,32.9,74,1011,1.55,0.89,94,10000
2026-09-25 06:05:29,2026-09-28 19:00:00,Pekanbaru,Rain,light rain,24.81,25.77,93,1013,1.25,0.89,97,10000
2026-09-25 06:05:29,2026-09-28 22:00:00,Pekanbaru,Rain,light rain,24.32,25.26,94,1015,1.3,0.4,100,10000
2026-09-25 06:05:29,2026-09-29 01:00:00,Pekanbaru,Rain,light rain,23.31,24.2,96,1013,1.21,0.47,100,10000
2026-09-25 06:05:29,2026-09-29 04:00:00,Pekanbaru,Clouds,overcast clouds,23.43,24.34,96,1013,0.8,0.0,100,10000
2026-09-25 06:05:29,2026-09-29 07:00:00,Pekanbaru,Clouds,overcast clouds,23.6,24.52,96,1015,0.96,0.0,100,10000
2026-09-25 06:05:29,2026-09-29 10:00:00,Pekanbaru,Clouds,overcast clouds,26.51,26.51,83,1016,1.46,0.0,100,10000
2026-09-25 06:05:29,2026-09-29 13:00:00,Pekanbaru,Clouds,overcast clouds,26.01,26.01,86,1013,1.19,0.0,100,10000
2026-09-25 06:05:29,2026-09-29 16:00:00,Pekanbaru,Clouds,overcast clouds,28.22,31.54,73,1011,0.35,0.0,100,10000
2026-09-25 06:05:29,2026-09-29 19:00:00,Pekanbaru,Clouds,overcast clouds,25.78,26.63,85,1012,0.98,0.0,99,10000
2026-09-25 06:05:29,2026-09-29 22:00:00,Pekanbaru,Clouds,overcast clouds,24.55,25.41,90,1014,0.72,0.0,89,10000
2026-09-25 06:05:29,2026-09-30 01:00:00,Pekanbaru,Clouds,overcast clouds,23.78,24.64,93,1013,0.87,0.0,93,10000
2026-09-25 06:05:29,2026-09-30 04:00:00,Pekanbaru,Clouds,overcast clouds,22.98,23.87,97,1012,0.41,0.0,95,10000
2026-09-25 09:05:28,2026-09-25 10:00:00,Pekanbaru,Clouds,overcast clouds,29.15,33.86,74,1013,1.69,0.0,100,10000
2026-09-25 09:05:28,2026-09-25 13:00:00,Pekanbaru,Rain,light rain,30.55,35.88,68,1012,1.22,0.2,99,10000
2026-09-25 09:05:28,2026-09-25 16:00:00,Pekanbaru,Clouds,overcast clouds,31.81,36.63,60,1010,1.18,0.0,99,10000
2026-09-25 09:05:28,2026-09-25 19:00:00,Pekanbaru,Clouds,overcast clouds,28.81,32.67,72,1010,0.44,0.0,100,10000
2026-09-25 09:05:28,2026-09-25 22:00:00,Pekanbaru,Rain,light rain,26.08,26.08,90,1012,1.28,1.0,100,10000
2026-09-25 09:05:28,2026-09-26 01:00:00,Pekanbaru,Rain,light rain,25.66,26.68,92,1011,0.68,1.0,99,10000
2026-09-25 09:05:28,2026-09-26 04:00:00,Pekanbaru,Rain,light rain,25.1,26.09,93,1010,1.26,0.64,91,10000
2026-09-25 09:05:28,2026-09-26 07:00:00,Pekanbaru,Rain,light rain,25.62,26.61,91,1013,1.11,0.96,94,10000
2026-09-25 09:05:28,2026-09-26 10:00:00,Pekanbaru,Rain,moderate rain,28.91,34.28,79,1014,0.75,1.0,96,10000
2026-09-25 09:05:28,2026-09-26 13:00:00,Pekanbaru,Rain,moderate rain,29.67,36.15,78,1011,0.32,1.0,83,10000
2026-09-25 09:05:28,2026-09-26 16:00:00,Pekanbaru,Rain,moderate rain,28.78,34.76,83,1009,0.08,1.0,97,10000
2026-09-25 09:05:28,2026-09-26 19:00:00,Pekanbaru,Rain,moderate rain,25.41,26.46,94,1011,0.29,1.0,98,10000
2026-09-25 09:05:28,2026-09-26 22:00:00,Pekanbaru,Clouds,overcast clouds,25.19,26.25,95,1013,0.82,0.09,100,10000
2026-09-25 09:05:28,2026-09-27 01:00:00,Pekanbaru,Rain,moderate rain,24.15,25.15,97,1011,1.57,1.0,100,10000
2026-09-25 09:05:28,2026-09-27 04:00:00,Pekanbaru,Clouds,overcast clouds,23.65,24.63,98,1010,1.8,0.29,100,10000
2026-09-25 09:05:28,2026-09-27 07:00:00,Pekanbaru,Rain,light rain,24.11,25.11,97,1013,0.94,0.39,98,10000
2026-09-25 09:05:28,2026-09-27 10:00:00,Pekanbaru,Clouds,overcast clouds,29.13,33.21,71,1013,1.67,0.15,100,10000
2026-09-25 09:05:28,2026-09-27 13:00:00,Pekanbaru,Rain,light rain,30.09,36.55,75,1010,0.98,1.0,93,1514
2026-09-25 09:05:28,2026-09-27 16:00:00,Pekanbaru,Rain,moderate rain,27.47,32.25,91,1009,0.91,1.0,100,10000
2026-09-25 09:05:28,2026-09-27 19:00:00,Pekanbaru,Rain,moderate rain,25.08,26.07,93,1011,0.35,1.0,100,8799
2026-09-25 09:05:28,2026-09-27 22:00:00,Pekanbaru,Rain,light rain,23.95,24.93,97,1013,1.26,1.0,100,10000
2026-09-25 09:05:28,2026-09-28 01:00:00,Pekanbaru,Clouds,overcast clouds,23.41,24.34,97,1012,1.5,0.8,100,10000
2026-09-25 09:05:28,2026-09-28 04:00:00,Pekanbaru,Clouds,overcast clouds,23.28,24.22,98,1012,1.47,0.03,100,10000
2026-09-25 09:05:28,2026-09-28 07:00:00,Pekanbaru,Clouds,overcast clouds,23.35,24.27,97,1013,0.61,0.0,100,10000
2026-09-25 09:05:28,2026-09-28 10:00:00,Pekanbaru,Clouds,overcast clouds,29.66,33.79,68,1014,1.37,0.03,99,10000
2026-09-25 09:05:28,2026-09-28 13:00:00,Pekanbaru,Rain,moderate rain,28.1,33.35,86,1012,1.28,1.0,87,3144
2026-09-25 09:05:28,2026-09-28 16:00:00,Pekanbaru,Rain,moderate rain,24.37,25.4,97,1012,1.22,1.0,100,10000
2026-09-25 09:05:28,2026-09-28 19:00:00,Pekanbaru,Rain,light rain,23.57,24.52,97,1013,0.8,1.0,100,10000
2026-09-25 09:05:28,2026-09-28 22:00:00,Pekanbaru,Rain,light rain,23.55,24.49,97,1014,1.32,0.32,100,10000
2026-09-25 09:05:28,2026-09-29 01:00:00,Pekanbaru,Clouds,overcast clouds,22.85,23.72,97,1013,0.51,0.0,99,10000
2026-09-25 09:05:28,2026-09-29 04:00:00,Pekanbaru,Clouds,overcast clouds,22.54,23.38,97,1013,0.69,0.0,100,10000
2026-09-25 09:05:28,2026-09-29 07:00:00,Pekanbaru,Clouds,overcast clouds,23.28,24.17,96,1015,0.85,0.0,100,10000
2026-09-25 09:05:28,2026-09-29 10:00:00,Pekanbaru,Rain,light rain,29.1,33.14,71,1016,1.17,0.6,91,10000
2026-09-25 09:05:28,2026-09-29 13:00:00,Pekanbaru,Rain,moderate rain,28.15,32.81,82,1013,0.77,1.0,92,10000
2026-09-25 09:05:28,2026-09-29 16:00:00,Pekanbaru,Rain,light rain,30.03,35.11,70,1011,0.42,1.0,97,10000
2026-09-25 09:05:28,2026-09-29 19:00:00,Pekanbaru,Rain,moderate rain,24.72,25.68,93,1013,0.64,1.0,99,10000
2026-09-25 09:05:28,2026-09-29 22:00:00,Pekanbaru,Rain,moderate rain,24.36,25.33,95,1015,1.0,1.0,89,10000
2026-09-25 09:05:28,2026-09-30 01:00:00,Pekanbaru,Clouds,overcast clouds,23.75,24.71,97,1013,0.16,0.72,95,10000
2026-09-25 09:05:28,2026-09-30 04:00:00,Pekanbaru,Rain,light rain,23.31,24.26,98,1013,0.2,0.34,82,10000
2026-09-25 09:05:28,2026-09-30 07:00:00,Pekanbaru,Clouds,broken clouds,24.04,25.01,96,1014,0.54,0.0,73,10000
2026-09-25 12:05:27,2026-09-25 13:00:00,Pekanbaru,Rain,light rain,33.15,38.16,55,1010,1.22,0.2,97,10000
2026-09-25 12:05:27,2026-09-25 16:00:00,Pekanbaru,Clouds,overcast clouds,33.14,38.13,55,1009,1.18,0.0,98,10000
2026-09-25 12:05:27,2026-09-25 19:00:00,Pekanbaru,Clouds,overcast clouds,30.26,34.93,67,1010,0.44,0.0,99,10000
2026-09-25 12:05:27,2026-09-25 22:00:00,Pekanbaru,Rain,light rain,26.08,26.08,90,1012,1.28,1.0,100,10000
2026-09-25 12:05:27,2026-09-26 01:00:00,Pekanbaru,Rain,light rain,25.66,26.68,92,1011,0.68,1.0,99,10000
2026-09-25 12:05:27,2026-09-26 04:00:00,Pekanbaru,Rain,light rain,25.1,26.09,93,1010,1.26,0.64,91,10000
2026-09-25 12:05:27,2026-09-26 07:00:00,Pekanbaru,Rain,light rain,25.62,26.61,91,1013,1.11,0.96,94,10000
2026-09-25 12:05:27,2026-09-26 10:00:00,Pekanbaru,Rain,moderate rain,28.91,34.28,79,1014,0.75,1.0,96,10000
2026-09-25 12:05:27,2026-09-26 13:00:00,Pekanbaru,Rain,moderate rain,29.67,36.15,78,1011,0.32,1.0,83,10000
2026-09-25 12:05:27,2026-09-26 16:00:00,Pekanbaru,Rain,moderate rain,28.78,34.76,83,1009,0.08,1.0,97,10000
2026-09-25 12:05:27,2026-09-26 19:00:00,Pekanbaru,Rain,moderate rain,25.41,26.46,94,1011,0.29,1.0,98,10000
2026-09-25 12:05:27,2026-09-26 22:00:00,Pekanbaru,Clouds,overcast clouds,25.19,26.25,95,1013,0.82,0.09,100,10000
2026-09-25 12:05:27,2026-09-27 01:00:00,Pekanbaru,Rain,moderate rain,24.15,25.15,97,1011,1.57,1.0,100,10000
2026-09-25 12:05:27,2026-09-27 04:00:00,Pekanbaru,Clouds,overcast clouds,23.65,24.63,98,1010,1.8,0.29,100,10000
2026-09-25 12:05:27,2026-09-27 07:00:00,Pekanbaru,Rain,light rain,24.11,25.11,97,1013,0.94,0.39,98,10000
2026-09-25 12:05:27,2026-09-27 10:00:00,Pekanbaru,Clouds,overcast clouds,29.13,33.21,71,1013,1.67,0.15,100,10000
2026-09-25 12:05:27,2026-09-27 13:00:00,Pekanbaru,Rain,light rain,30.09,36.55,75,1010,0.98,1.0,93,1514
2026-09-25 12:05:27,2026-09-27 16:00:00,Pekanbaru,Rain,moderate rain,27.47,32.25,91,1009,0.91,1.0,100,10000
2026-09-25 12:05:27,2026-09-27 19:00:00,Pekanbaru,Rain,moderate rain,25.08,26.07,93,1011,0.35,1.0,100,8799
2026-09-25 12:05:27,2026-09-27 22:00:00,Pekanbaru,Rain,light rain,23.95,24.93,97,1013,1.26,1.0,100,10000
2026-09-25 12:05:27,2026-09-28 01:00:00,Pekanbaru,Clouds,overcast clouds,23.41,24.34,97,1012,1.5,0.8,100,10000
2026-09-25 12:05:27,2026-09-28 04:00:00,Pekanbaru,Clouds,overcast clouds,23.28,24.22,98,1012,1.47,0.03,100,10000
2026-09-25 12:05:27,2026-09-28 07:00:00,Pekanbaru,Clouds,overcast clouds,23.35,24.27,97,1013,0.61,0.0,100,10000
2026-09-25 12:05:27,2026-09-28 10:00:00,Pekanbaru,Clouds,overcast clouds,29.66,33.79,68,1014,1.37,0.03,99,10000
2026-09-25 12:05:27,2026-09-28 13:00:00,Pekanbaru,Rain,moderate rain,28.1,33.35,86,1012,1.28,1.0,87,3144
2026-09-25 12:05:27,2026-09-28 16:00:00,Pekanbaru,Rain,moderate rain,24.37,25.4,97,1012,1.22,1.0,100,10000
2026-09-25 12:05:27,2026-09-28 19:00:00,Pekanbaru,Rain,light rain,23.57,24.52,97,1013,0.8,1.0,100,10000
2026-09-25 12:05:27,2026-09-28 22:00:00,Pekanbaru,Rain,light rain,23.55,24.49,97,1014,1.32,0.32,100,10000
2026-09-25 12:05:27,2026-09-29 01:00:00,Pekanbaru,Clouds,overcast clouds,22.85,23.72,97,1013,0.51,0.0,99,10000
2026-09-25 12:05:27,2026-09-29 04:00:00,Pekanbaru,Clouds,overcast clouds,22.54,23.38,97,1013,0.69,0.0,100,10000
2026-09-25 12:05:27,2026-09-29 07:00:00,Pekanbaru,Clouds,overcast clouds,23.28,24.17,96,1015,0.85,0.0,100,10000
2026-09-25 12:05:27,2026-09-29 10:00:00,Pekanbaru,Rain,light rain,29.1,33.14,71,1016,1.17,0.6,91,10000
2026-09-25 12:05:27,2026-09-29 13:00:00,Pekanbaru,Rain,moderate rain,28.15,32.81,82,1013,0.77,1.0,92,10000
2026-09-25 12:05:27,2026-09-29 16:00:00,Pekanbaru,Rain,light rain,30.03,35.11,70,1011,0.42,1.0,97,10000
2026-09-25 12:05:27,2026-09-29 19:00:00,Pekanbaru,Rain,moderate rain,24.72,25.68,93,1013,0.64,1.0,99,10000
2026-09-25 12:05:27,2026-09-29 22:00:00,Pekanbaru,Rain,moderate rain,24.36,25.33,95,1015,1.0,1.0,89,10000
2026-09-25 12:05:27,2026-09-30 01:00:00,Pekanbaru,Clouds,overcast clouds,23.75,24.71,97,1013,0.16,0.72,95,10000
2026-09-25 12:05:27,2026-09-30 04:00:00,Pekanbaru,Rain,light rain,23.31,24.26,98,1013,0.2,0.34,82,10000
2026-09-25 12:05:27,2026-09-30 07:00:00,Pekanbaru,Clouds,broken clouds,24.04,25.01,96,1014,0.54,0.0,73,10000
2026-09-25 12:05:27,2026-09-30 10:00:00,Pekanbaru,Rain,light rain,29.17,33.91,74,1015,1.28,1.0,71,10000
2026-09-25 15:05:30,2026-09-25 16:00:00,Pekanbaru,Clouds,overcast clouds,34.15,39.43,52,1007,1.36,0.0,87,10000
2026-09-25 15:05:30,2026-09-25 19:00:00,Pekanbaru,Clouds,overcast clouds,32.43,37.46,58,1008,1.15,0.0,90,10000
2026-09-25 15:05:30,2026-09-25 22:00:00,Pekanbaru,Rain,light rain,28.66,33.62,79,1010,1.6,1.0,96,10000
2026-09-25 15:05:30,2026-09-26 01:00:00,Pekanbaru,Rain,light rain,24.96,26.02,96,1011,0.85,0.99,85,10000
2026-09-25 15:05:30,2026-09-26 04:00:00,Pekanbaru,Rain,light rain,24.36,25.38,97,1010,1.55,1.0,91,10000
2026-09-25 15:05:30,2026-09-26 07:00:00,Pekanbaru,Rain,moderate rain,24.19,25.2,97,1012,0.84,1.0,95,7963
2026-09-25 15:05:30,2026-09-26 10:00:00,Pekanbaru,Rain,moderate rain,28.37,33.22,81,1014,0.86,1.0,98,10000
2026-09-25 15:05:30,2026-09-26 13:00:00,Pekanbaru,Rain,light rain,30.48,36.79,72,1011,0.59,1.0,100,10000
2026-09-25 15:05:30,2026-09-26 16:00:00,Pekanbaru,Rain,light rain,30.09,36.55,75,1009,0.67,1.0,83,10000
2026-09-25 15:05:30,2026-09-26 19:00:00,Pekanbaru,Rain,moderate rain,25.33,26.32,92,1011,0.82,1.0,91,10000
2026-09-25 15:05:30,2026-09-26 22:00:00,Pekanbaru,Rain,light rain,24.34,25.36,97,1013,1.34,1.0,100,10000
2026-09-25 15:05:30,2026-09-27 01:00:00,Pekanbaru,Clouds,overcast clouds,24.01,25.03,98,1011,1.58,0.8,100,10000
2026-09-25 15:05:30,2026-09-27 04:00:00,Pekanbaru,Rain,light rain,23.14,24.09,99,1010,1.07,1.0,100,3035
2026-09-25 15:05:30,2026-09-27 07:00:00,Pekanbaru,Rain,moderate rain,23.26,24.2,98,1013,0.73,1.0,100,10000
2026-09-25 15:05:30,2026-09-27 10:00:00,Pekanbaru,Clouds,overcast clouds,27.31,30.33,79,1014,1.15,0.19,100,10000
2026-09-25 15:05:30,2026-09-27 13:00:00,Pekanbaru,Clouds,overcast clouds,31.76,35.95,58,1010,1.46,0.0,100,10000
2026-09-25 15:05:30,2026-09-27 16:00:00,Pekanbaru,Rain,light rain,29.94,34.89,70,1008,0.28,0.57,100,10000
2026-09-25 15:05:30,2026-09-27 19:00:00,Pekanbaru,Rain,light rain,25.32,26.36,94,1011,0.91,0.87,100,10000
2026-09-25 15:05:30,2026-09-27 22:00:00,Pekanbaru,Rain,moderate rain,24.14,25.14,97,1013,0.78,1.0,100,10000
2026-09-25 15:05:30,2026-09-28 01:00:00,Pekanbaru,Rain,light rain,23.16,24.09,98,1012,1.67,1.0,100,10000
2026-09-25 15:05:30,2026-09-28 04:00:00,Pekanbaru,Rain,moderate rain,23.04,23.98,99,1011,1.13,1.0,100,10000
2026-09-25 15:05:30,2026-09-28 07:00:00,Pekanbaru,Rain,light rain,23.28,24.2,97,1013,1.06,1.0,100,10000
2026-09-25 15:05:30,2026-09-28 10:00:00,Pekanbaru,Clouds,overcast clouds,24.61,25.63,96,1015,0.96,0.0,100,10000
2026-09-25 15:05:30,2026-09-28 13:00:00,Pekanbaru,Rain,light rain,29.05,33.22,72,1012,2.1,0.31,99,10000
2026-09-25 15:05:30,2026-09-28 16:00:00,Pekanbaru,Rain,light rain,27.85,31.16,76,1011,1.8,0.55,99,10000
2026-09-25 15:05:30,2026-09-28 19:00:00,Pekanbaru,Clouds,overcast clouds,24.83,25.69,89,1013,1.12,0.36,99,10000
2026-09-25 15:05:30,2026-09-28 22:00:00,Pekanbaru,Clouds,overcast clouds,24.82,25.68,89,1014,1.15,0.0,100,10000
2026-09-25 15:05:30,2026-09-29 01:00:00,Pekanbaru,Clouds,overcast clouds,24.35,25.19,90,1013,1.22,0.0,100,10000
2026-09-25 15:05:30,2026-09-29 04:00:00,Pekanbaru,Clouds,overcast clouds,23.99,24.82,91,1013,1.05,0.0,100,10000
2026-09-25 15:05:30,2026-09-29 07:00:00,Pekanbaru,Rain,light rain,24.08,24.95,92,1015,0.74,0.2,100,10000
2026-09-25 15:05:30,2026-09-29 10:00:00,Pekanbaru,Clouds,overcast clouds,25.81,26.64,84,1016,0.51,0.0,100,10000
2026-09-25 15:05:30,2026-09-29 13:00:00,Pekanbaru,Rain,light rain,27.43,30.96,82,1013,1.96,0.35,97,10000
2026-09-25 15:05:30,2026-09-29 16:00:00,Pekanbaru,Rain,light rain,26.88,30.49,91,1012,1.6,1.0,93,7204
2026-09-25 15:05:30,2026-09-29 19:00:00,Pekanbaru,Rain,light rain,23.86,24.83,97,1013,1.29,1.0,84,10000
2026-09-25 15:05:30,2026-09-29 22:00:00,Pekanbaru,Clouds,overcast clouds,23.42,24.38,98,1015,1.05,0.0,99,10000
2026-09-25 15:05:30,2026-09-30 01:00:00,Pekanbaru,Clouds,overcast clouds,22.79,23.71,99,1014,0.66,0.0,96,10000
2026-09-25 15:05:30,2026-09-30 04:00:00,Pekanbaru,Clouds,broken clouds,22.54,23.43,99,1013,0.31,0.0,80,10000
2026-09-25 15:05:30,2026-09-30 07:00:00,Pekanbaru,Clouds,broken clouds,23.41,24.34,97,1015,0.57,0.0,66,10000
2026-09-25 15:05:30,2026-09-30 10:00:00,Pekanbaru,Clouds,broken clouds,28.45,32.04,73,1016,1.03,0.0,74,10000
2026-09-25 15:05:30,2026-09-30 13:00:00,Pekanbaru,Clouds,scattered clouds,34.35,37.5,45,1012,1.55,0.0,50,10000
2026-09-25 18:05:29,2026-09-25 19:00:00,Pekanbaru,Clouds,overcast clouds,33.15,39.18,58,1009,1.15,0.0,95,10000
2026-09-25 18:05:29,2026-09-25 22:00:00,Pekanbaru,Rain,light rain,30.76,36.12,67,1010,1.6,1.0,97,10000
2026-09-25 18:05:29,2026-09-26 01:00:00,Pekanbaru,Rain,light rain,27.69,31.89,84,1010,0.85,0.99,88,10000
2026-09-25 18:05:29,2026-09-26 04:00:00,Pekanbaru,Rain,light rain,24.36,25.38,97,1010,1.55,1.0,91,10000
2026-09-25 18:05:29,2026-09-26 07:00:00,Pekanbaru,Rain,moderate rain,24.19,25.2,97,1012,0.84,1.0,95,7963
2026-09-25 18:05:29,2026-09-26 10:00:00,Pekanbaru,Rain,moderate rain,28.37,33.22,81,1014,0.86,1.0,98,10000
2026-09-25 18:05:29,2026-09-26 13:00:00,Pekanbaru,Rain,light rain,30.48,36.79,72,1011,0.59,1.0,100,10000
2026-09-25 18:05:29,2026-09-26 16:00:00,Pekanbaru,Rain,light rain,30.09,36.55,75,1009,0.67,1.0,83,10000
2026-09-25 18:05:29,2026-09-26 19:00:00,Pekanbaru,Rain,moderate rain,25.33,26.32,92,1011,0.82,1.0,91,10000
2026-09-25 18:05:29,2026-09-26 22:00:00,Pekanbaru,Rain,light rain,24.34,25.36,97,1013,1.34,1.0,100,10000
2026-09-25 18:05:29,2026-09-27 01:00:00,Pekanbaru,Clouds,overcast clouds,24.01,25.03,98,1011,1.58,0.8,100,10000
2026-09-25 18:05:29,2026-09-27 04:00:00,Pekanbaru,Rain,light rain,23.14,24.09,99,1010,1.07,1.0,100,3035
2026-09-25 18:05:29,2026-09-27 07:00:00,Pekanbaru,Rain,moderate rain,23.26,24.2,98,1013,0.73,1.0,100,10000
2026-09-25 18:05:29,2026-09-27 10:00:00,Pekanbaru,Clouds,overcast clouds,27.31,30.33,79,1014,1.15,0.19,100,10000
2026-09-25 18:05:29,2026-09-27 13:00:00,Pekanbaru,Clouds,overcast clouds,31.76,35.95,58,1010,1.46,0.0,100,10000
2026-09-25 18:05:29,2026-09-27 16:00:00,Pekanbaru,Rain,light rain,29.94,34.89,70,1008,0.28,0.57,100,10000
2026-09-25 18:05:29,2026-09-27 19:00:00,Pekanbaru,Rain,light rain,25.32,26.36,94,1011,0.91,0.87,100,10000
2026-09-25 18:05:29,2026-09-27 22:00:00,Pekanbaru,Rain,moderate rain,24.14,25.14,97,1013,0.78,1.0,100,10000
2026-09-25 18:05:29,2026-09-28 01:00:00,Pekanbaru,Rain,light rain,23.16,24.09,98,1012,1.67,1.0,100,10000
2026-09-25 18:05:29,2026-09-28 04:00:00,Pekanbaru,Rain,moderate rain,23.04,23.98,99,1011,1.13,1.0,100,10000
2026-09-25 18:05:29,2026-09-28 07:00:00,Pekanbaru,Rain,light rain,23.28,24.2,97,1013,1.06,1.0,100,10000
2026-09-25 18:05:29,2026-09-28 10:00:00,Pekanbaru,Clouds,overcast clouds,24.61,25.63,96,1015,0.96,0.0,100,10000
2026-09-25 18:05:29,2026-09-28 13:00:00,Pekanbaru,Rain,light rain,29.05,33.22,72,1012,2.1,0.31,99,10000
2026-09-25 18:05:29,2026-09-28 16:00:00,Pekanbaru,Rain,light rain,27.85,31.16,76,1011,1.8,0.55,99,10000
2026-09-25 18:05:29,2026-09-28 19:00:00,Pekanbaru,Clouds,overcast clouds,24.83,25.69,89,1013,1.12,0.36,99,10000
2026-09-25 18:05:29,2026-09-28 22:00:00,Pekanbaru,Clouds,overcast clouds,24.82,25.68,89,1014,1.15,0.0,100,10000
2026-09-25 18:05:29,2026-09-29 01:00:00,Pekanbaru,Clouds,overcast clouds,24.35,25.19,90,1013,1.22,0.0,100,10000
2026-09-25 18:05:29,2026-09-29 04:00:00,Pekanbaru,Clouds,overcast clouds,23.99,24.82,91,1013,1.05,0.0,100,10000
2026-09-25 18:05:29,2026-09-29 07:00:00,Pekanbaru,Rain,light rain,24.08,24.95,92,1015,0.74,0.2,100,10000
2026-09-25 18:05:29,2026-09-29 10:00:00,Pekanbaru,Clouds,overcast clouds,25.81,26.64,84,1016,0.51,0.0,100,10000
2026-09-25 18:05:29,2026-09-29 13:00:00,Pekanbaru,Rain,light rain,27.43,30.96,82,1013,1.96,0.35,97,10000
2026-09-25 18:05:29,2026-09-29 16:00:00,Pekanbaru,Rain,light rain,26.88,30.49,91,1012,1.6,1.0,93,7204
2026-09-25 18:05:29,2026-09-29 19:00:00,Pekanbaru,Rain,light rain,23.86,24.83,97,1013,1.29,1.0,84,10000
2026-09-25 18:05:29,2026-09-29 22:00:00,Pekanbaru,Clouds,overcast clouds,23.42,24.38,98,1015,1.05,0.0,99,10000
2026-09-25 18:05:29,2026-09-30 01:00:00,Pekanbaru,Clouds,overcast clouds,22.79,23.71,99,1014,0.66,0.0,96,10000
2026-09-25 18:05:29,2026-09-30 04:00:00,Pekanbaru,Clouds,broken clouds,22.54,23.43,99,1013,0.31,0.0,80,10000
2026-09-25 18:05:29,2026-09-30 07:00:00,Pekanbaru,Clouds,broken clouds,23.41,24.34,97,1015,0.57,0.0,66,10000
2026-09-25 18:05:29,2026-09-30 10:00:00,Pekanbaru,Clouds,broken clouds,28.45,32.04,73,1016,1.03,0.0,74,10000
2026-09-25 18:05:29,2026-09-30 13:00:00,Pekanbaru,Clouds,scattered clouds,34.35,37.5,45,1012,1.55,0.0,50,10000
2026-09-25 18:05:29,2026-09-30 16:00:00,Pekanbaru,Clouds,scattered clouds,32.72,35.73,50,1009,2.4,0.0,32,10000
2026-09-25 21:05:26,2026-09-25 22:00:00,Pekanbaru,Rain,light rain,30.15,36.44,74,1011,1.4,0.56,100,10000
2026-09-25 21:05:26,2026-09-26 01:00:00,Pekanbaru,Rain,light rain,28.47,33.31,80,1011,0.61,0.55,95,10000
2026-09-25 21:05:26,2026-09-26 04:00:00,Pekanbaru,Rain,light rain,26.22,26.22,88,1011,1.32,1.0,100,10000
2026-09-25 21:05:26,2026-09-26 07:00:00,Pekanbaru,Rain,light rain,24.69,25.67,94,1013,1.01,1.0,88,10000
2026-09-25 21:05:26,2026-09-26 10:00:00,Pekanbaru,Rain,light rain,31.2,35.8,62,1013,1.8,1.0,29,10000
2026-09-25 21:05:26,2026-09-26 13:00:00,Pekanbaru,Rain,light rain,30.96,37.79,71,1010,1.2,1.0,42,2665
2026-09-25 21:05:26,2026-09-26 16:00:00,Pekanbaru,Rain,moderate rain,31.12,37.02,67,1008,0.97,1.0,49,10000
2026-09-25 21:05:26,2026-09-26 19:00:00,Pekanbaru,Rain,moderate rain,25.52,26.56,93,1010,0.82,1.0,73,10000
2026-09-25 21:05:26,2026-09-26 22:00:00,Pekanbaru,Rain,light rain,24.89,25.92,95,1012,0.3,0.94,100,10000
2026-09-25 21:05:26,2026-09-27 01:00:00,Pekanbaru,Rain,moderate rain,23.97,24.96,97,1011,1.56,1.0,100,6675
2026-09-25 21:05:26,2026-09-27 04:00:00,Pekanbaru,Rain,light rain,23.69,24.67,98,1010,1.65,0.79,100,10000
2026-09-25 21:05:26,2026-09-27 07:00:00,Pekanbaru,Clouds,overcast clouds,24.11,25.11,97,1012,0.54,0.25,100,10000
2026-09-25 21:05:26,2026-09-27 10:00:00,Pekanbaru,Clouds,overcast clouds,29.94,34.66,69,1013,0.31,0.07,100,10000
2026-09-25 21:05:26,2026-09-27 13:00:00,Pekanbaru,Rain,moderate rain,29.49,35.65,78,1010,1.22,1.0,100,10000
2026-09-25 21:05:26,2026-09-27 16:00:00,Pekanbaru,Rain,moderate rain,29.04,34.85,80,1009,0.87,1.0,100,10000
2026-09-25 21:05:26,2026-09-27 19:00:00,Pekanbaru,Rain,moderate rain,24.97,25.92,92,1011,1.1,1.0,100,10000
2026-09-25 21:05:26,2026-09-27 22:00:00,Pekanbaru,Rain,moderate rain,24.2,25.18,96,1014,1.54,1.0,100,10000
2026-09-25 21:05:26,2026-09-28 01:00:00,Pekanbaru,Rain,light rain,23.3,24.24,98,1012,2.11,1.0,100,10000
2026-09-25 21:05:26,2026-09-28 04:00:00,Pekanbaru,Rain,light rain,23.13,24.06,98,1011,2.49,0.99,100,10000
2026-09-25 21:05:26,2026-09-28 07:00:00,Pekanbaru,Rain,light rain,22.88,23.78,98,1013,0.71,0.87,100,10000
2026-09-25 21:05:26,2026-09-28 10:00:00,Pekanbaru,Clouds,overcast clouds,25.31,26.22,89,1015,0.14,0.0,100,10000
2026-09-25 21:05:26,2026-09-28 13:00:00,Pekanbaru,Clouds,overcast clouds,30.9,34.39,59,1011,1.94,0.0,97,10000
2026-09-25 21:05:26,2026-09-28 16:00:00,Pekanbaru,Clouds,broken clouds,30.8,34.67,61,1010,2.27,0.0,72,10000
2026-09-25 21:05:26,2026-09-28 19:00:00,Pekanbaru,Rain,light rain,24.37,25.26,92,1013,1.73,0.48,78,10000
2026-09-25 21:05:26,2026-09-28 22:00:00,Pekanbaru,Rain,light rain,23.92,24.82,94,1015,1.19,0.72,100,10000
2026-09-25 21:05:26,2026-09-29 01:00:00,Pekanbaru,Clouds,overcast clouds,23.73,24.64,95,1013,1.1,0.49,100,10000
2026-09-25 21:05:26,2026-09-29 04:00:00,Pekanbaru,Rain,light rain,23.41,24.31,96,1013,1.22,0.3,100,10000
2026-09-25 21:05:26,2026-09-29 07:00:00,Pekanbaru,Rain,moderate rain,23.21,24.17,99,1015,0.8,1.0,100,10000
2026-09-25 21:05:26,2026-09-29 10:00:00,Pekanbaru,Rain,light rain,28.67,33.08,76,1015,1.45,0.8,100,10000
2026-09-25 21:05:26,2026-09-29 13:00:00,Pekanbaru,Rain,light rain,29.57,34.46,72,1013,2.43,0.96,94,10000
2026-09-25 21:05:26,2026-09-29 16:00:00,Pekanbaru,Rain,moderate rain,28.77,34.94,84,1011,0.35,1.0,91,6997
2026-09-25 21:05:26,2026-09-29 19:00:00,Pekanbaru,Rain,moderate rain,24.24,25.28,98,1014,1.27,1.0,95,10000
2026-09-25 21:05:26,2026-09-29 22:00:00,Pekanbaru,Rain,light rain,23.78,24.8,99,1015,0.97,1.0,98,10000
2026-09-25 21:05:26,2026-09-30 01:00:00,Pekanbaru,Clouds,overcast clouds,23.13,24.08,99,1014,0.58,0.8,97,10000
2026-09-25 21:05:26,2026-09-30 04:00:00,Pekanbaru,Clouds,overcast clouds,23.0,23.94,99,1013,0.72,0.0,86,10000
2026-09-25 21:05:26,2026-09-30 07:00:00,Pekanbaru,Clouds,broken clouds,23.58,24.53,97,1014,0.34,0.0,84,10000
2026-09-25 21:05:26,2026-09-30 10:00:00,Pekanbaru,Clouds,scattered clouds,30.03,34.63,68,1015,1.1,0.0,42,10000
2026-09-25 21:05:26,2026-09-30 13:00:00,Pekanbaru,Rain,light rain,31.72,37.32,63,1011,1.19,0.64,55,10000
2026-09-25 21:05:26,2026-09-30 16:00:00,Pekanbaru,Rain,moderate rain,28.86,35.66,86,1010,1.01,1.0,31,10000
2026-09-25 21:05:26,2026-09-30 19:00:00,Pekanbaru,Rain,light rain,25.04,26.03,93,1012,0.67,1.0,28,10000
2026-09-26 00:05:28,2026-09-26 01:00:00,Pekanbaru,Rain,light rain,29.15,36.1,84,1011,0.61,0.55,86,10000
2026-09-26 00:05:28,2026-09-26 04:00:00,Pekanbaru,Rain,light rain,27.58,32.01,87,1011,1.32,1.0,91,10000
2026-09-26 00:05:28,2026-09-26 07:00:00,Pekanbaru,Rain,light rain,26.18,26.18,91,1012,1.01,1.0,87,10000
2026-09-26 00:05:28,2026-09-26 10:00:00,Pekanbaru,Rain,light rain,31.2,35.8,62,1013,1.8,1.0,29,10000
2026-09-26 00:05:28,2026-09-26 13:00:00,Pekanbaru,Rain,light rain,30.96,37.79,71,1010,1.2,1.0,42,2665
2026-09-26 00:05:28,2026-09-26 16:00:00,Pekanbaru,Rain,moderate rain,31.12,37.02,67,1008,0.97,1.0,49,10000
2026-09-26 00:05:28,2026-09-26 19:00:00,Pekanbaru,Rain,moderate rain,25.52,26.56,93,1010,0.82,1.0,73,10000
2026-09-26 00:05:28,2026-09-26 22:00:00,Pekanbaru,Rain,light rain,24.89,25.92,95,1012,0.3,0.94,100,10000
2026-09-26 00:05:28,2026-09-27 01:00:00,Pekanbaru,Rain,moderate rain,23.97,24.96,97,1011,1.56,1.0,100,6675
2026-09-26 00:05:28,2026-09-27 04:00:00,Pekanbaru,Rain,light rain,23.69,24.67,98,1010,1.65,0.79,100,10000
2026-09-26 00:05:28,2026-09-27 07:00:00,Pekanbaru,Clouds,overcast clouds,24.11,25.11,97,1012,0.54,0.25,100,10000
2026-09-26 00:05:28,2026-09-27 10:00:00,Pekanbaru,Clouds,overcast clouds,29.94,34.66,69,1013,0.31,0.07,100,10000
2026-09-26 00:05:28,2026-09-27 13:00:00,Pekanbaru,Rain,moderate rain,29.49,35.65,78,1010,1.22,1.0,100,10000
2026-09-26 00:05:28,2026-09-27 16:00:00,Pekanbaru,Rain,moderate rain,29.04,34.85,80,1009,0.87,1.0,100,10000
2026-09-26 00:05:28,2026-09-27 19:00:00,Pekanbaru,Rain,moderate rain,24.97,25.92,92,1011,1.1,1.0,100,10000
2026-09-26 00:05:28,2026-09-27 22:00:00,Pekanbaru,Rain,moderate rain,24.2,25.18,96,1014,1.54,1.0,100,10000
2026-09-26 00:05:28,2026-09-28 01:00:00,Pekanbaru,Rain,light rain,23.3,24.24,98,1012,2.11,1.0,100,10000
2026-09-26 00:05:28,2026-09-28 04:00:00,Pekanbaru,Rain,light rain,23.13,24.06,98,1011,2.49,0.99,100,10000
2026-09-26 00:05:28,2026-09-28 07:00:00,Pekanbaru,Rain,light rain,22.88,23.78,98,1013,0.71,0.87,100,10000
2026-09-26 00:05:28,2026-09-28 10:00:00,Pekanbaru,Clouds,overcast clouds,25.31,26.22,89,1015,0.14,0.0,100,10000
2026-09-26 00:05:28,2026-09-28 13:00:00,Pekanbaru,Clouds,overcast clouds,30.9,34.39,59,1011,1.94,0.0,97,10000
2026-09-26 00:05:28,2026-09-28 16:00:00,Pekanbaru,Clouds,broken clouds,30.8,34.67,61,1010,2.27,0.0,72,10000
2026-09-26 00:05:28,2026-09-28 19:00:00,Pekanbaru,Rain,light rain,24.37,25.26,92,1013,1.73,0.48,78,10000
2026-09-26 00:05:28,2026-09-28 22:00:00,Pekanbaru,Rain,light rain,23.92,24.82,94,1015,1.19,0.72,100,10000
2026-09-26 00:05:28,2026-09-29 01:00:00,Pekanbaru,Clouds,overcast clouds,23.73,24.64,95,1013,1.1,0.49,100,10000
2026-09-26 00:05:28,2026-09-29 04:00:00,Pekanbaru,Rain,light rain,23.41,24.31,96,1013,1.22,0.3,100,10000
2026-09-26 00:05:28,2026-09-29 07:00:00,Pekanbaru,Rain,moderate rain,23.21,24.17,99,1015,0.8,1.0,100,10000
2026-09-26 00:05:28,2026-09-29 10:00:00,Pekanbaru,Rain,light rain,28.67,33.08,76,1015,1.45,0.8,100,10000
2026-09-26 00:05:28,2026-09-29 13:00:00,Pekanbaru,Rain,light rain,29.57,34.46,72,1013,2.43,0.96,94,10000
2026-09-26 00:05:28,2026-09-29 16:00:00,Pekanbaru,Rain,moderate rain,28.77,34.94,84,1011,0.35,1.0,91,6997
2026-09-26 00:05:28,2026-09-29 19:00:00,Pekanbaru,Rain,moderate rain,24.24,25.28,98,1014,1.27,1.0,95,10000
2026-09-26 00:05:28,2026-09-29 22:00:00,Pekanbaru,Rain,light rain,23.78,24.8,99,1015,0.97,1.0,98,10000
2026-09-26 00:05:28,2026-09-30 01:00:00,Pekanbaru,Clouds,overcast clouds,23.13,24.08,99,1014,0.58,0.8,97,10000
2026-09-26 00:05:28,2026-09-30 04:00:00,Pekanbaru,Clouds,overcast clouds,23.0,23.94,99,1013,0.72,0.0,86,10000
2026-09-26 00:05:28,2026-09-30 07:00:00,Pekanbaru,Clouds,broken clouds,23.58,24.53,97,1014,0.34,0.0,84,10000
2026-09-26 00:05:28,2026-09-30 10:00:00,Pekanbaru,Clouds,scattered clouds,30.03,34.63,68,1015,1.1,0.0,42,10000
2026-09-26 00:05:28,2026-09-30 13:00:00,Pekanbaru,Rain,light rain,31.72,37.32,63,1011,1.19,0.64,55,10000
2026-09-26 00:05:28,2026-09-30 16:00:00,Pekanbaru,Rain,moderate rain,28.86,35.66,86,1010,1.01,1.0,31,10000
2026-09-26 00:05:28,2026-09-30 19:00:00,Pekanbaru,Rain,light rain,25.04,26.03,93,1012,0.67,1.0,28,10000
2026-09-26 00:05:28,2026-09-30 22:00:00,Pekanbaru,Rain,light rain,24.15,25.13,96,1013,0.86,0.83,35,10000
2026-09-26 03:05:34,2026-09-26 04:00:00,Pekanbaru,Rain,moderate rain,27.15,31.05,89,1010,1.11,1.0,100,10000
2026-09-26 03:05:34,2026-09-26 07:00:00,Pekanbaru,Rain,light rain,26.39,26.39,91,1011,1.11,1.0,98,10000
2026-09-26 03:05:34,2026-09-26 10:00:00,Pekanbaru,Rain,light rain,28.72,33.78,79,1012,1.45,0.97,69,10000
2026-09-26 03:05:34,2026-09-26 13:00:00,Pekanbaru,Rain,light rain,30.86,37.82,72,1010,1.26,1.0,42,5686
2026-09-26 03:05:34,2026-09-26 16:00:00,Pekanbaru,Rain,light rain,31.1,37.26,68,1008,0.99,1.0,56,10000
2026-09-26 03:05:34,2026-09-26 19:00:00,Pekanbaru,Rain,moderate rain,25.43,26.48,94,1010,0.48,1.0,77,10000
2026-09-26 03:05:34,2026-09-26 22:00:00,Pekanbaru,Rain,light rain,24.66,25.71,97,1012,1.19,1.0,86,10000
2026-09-26 03:05:34,2026-09-27 01:00:00,Pekanbaru,Rain,moderate rain,24.06,25.08,98,1010,1.29,1.0,93,8422
2026-09-26 03:05:34,2026-09-27 04:00:00,Pekanbaru,Rain,light rain,23.73,24.74,99,1009,1.77,0.97,100,10000
2026-09-26 03:05:34,2026-09-27 07:00:00,Pekanbaru,Rain,light rain,23.74,24.73,98,1012,1.16,1.0,97,10000
2026-09-26 03:05:34,2026-09-27 10:00:00,Pekanbaru,Rain,light rain,28.12,31.62,75,1013,1.56,0.71,100,10000
2026-09-26 03:05:34,2026-09-27 13:00:00,Pekanbaru,Rain,light rain,30.13,36.93,76,1010,1.06,1.0,100,5508
2026-09-26 03:05:34,2026-09-27 16:00:00,Pekanbaru,Rain,moderate rain,25.04,26.08,95,1009,0.89,1.0,100,10000
2026-09-26 03:05:34,2026-09-27 19:00:00,Pekanbaru,Rain,light rain,24.28,25.32,98,1012,1.32,1.0,100,10000
2026-09-26 03:05:34,2026-09-27 22:00:00,Pekanbaru,Clouds,overcast clouds,23.88,24.86,97,1013,1.37,0.0,100,10000
2026-09-26 03:05:34,2026-09-28 01:00:00,Pekanbaru,Rain,light rain,22.87,23.77,98,1012,1.64,0.2,100,10000
2026-09-26 03:05:34,2026-09-28 04:00:00,Pekanbaru,Clouds,overcast clouds,22.56,23.46,99,1011,1.17,0.0,100,10000
2026-09-26 03:05:34,2026-09-28 07:00:00,Pekanbaru,Clouds,overcast clouds,23.18,24.11,98,1013,0.51,0.0,100,10000
2026-09-26 03:05:34,2026-09-28 10:00:00,Pekanbaru,Clouds,overcast clouds,25.38,26.32,90,1014,0.22,0.0,100,10000
2026-09-26 03:05:34,2026-09-28 13:00:00,Pekanbaru,Rain,light rain,31.1,37.56,69,1011,1.49,0.73,96,10000
2026-09-26 03:05:34,2026-09-28 16:00:00,Pekanbaru,Rain,light rain,31.06,35.75,63,1009,2.25,1.0,100,10000
2026-09-26 03:05:34,2026-09-28 19:00:00,Pekanbaru,Rain,light rain,25.58,26.52,89,1012,1.54,1.0,100,10000
2026-09-26 03:05:34,2026-09-28 22:00:00,Pekanbaru,Rain,light rain,24.43,25.44,96,1014,0.75,0.79,95,7908
2026-09-26 03:05:34,2026-09-29 01:00:00,Pekanbaru,Rain,light rain,24.16,25.14,96,1013,0.54,0.88,97,10000
2026-09-26 03:05:34,2026-09-29 04:00:00,Pekanbaru,Clouds,overcast clouds,23.83,24.78,96,1012,1.06,0.26,97,10000
2026-09-26 03:05:34,2026-09-29 07:00:00,Pekanbaru,Rain,light rain,23.58,24.5,96,1014,1.2,0.79,98,10000
2026-09-26 03:05:34,2026-09-29 10:00:00,Pekanbaru,Rain,light rain,26.58,26.58,85,1016,1.07,0.93,100,10000
2026-09-26 03:05:34,2026-09-29 13:00:00,Pekanbaru,Rain,light rain,30.1,34.33,66,1013,1.49,1.0,94,7945
2026-09-26 03:05:34,2026-09-29 16:00:00,Pekanbaru,Rain,light rain,25.39,26.47,95,1012,1.08,1.0,100,10000
2026-09-26 03:05:34,2026-09-29 19:00:00,Pekanbaru,Rain,light rain,24.15,25.05,93,1014,0.58,1.0,100,5854
2026-09-26 03:05:34,2026-09-29 22:00:00,Pekanbaru,Rain,light rain,23.55,24.52,98,1015,0.85,1.0,100,10000
2026-09-26 03:05:34,2026-09-30 01:00:00,Pekanbaru,Rain,light rain,23.26,24.23,99,1014,1.34,1.0,100,10000
2026-09-26 03:05:34,2026-09-30 04:00:00,Pekanbaru,Clouds,overcast clouds,23.17,24.1,98,1013,0.44,0.0,100,10000
2026-09-26 03:05:34,2026-09-30 07:00:00,Pekanbaru,Clouds,overcast clouds,23.22,24.13,97,1014,0.24,0.0,100,10000
2026-09-26 03:05:34,2026-09-30 10:00:00,Pekanbaru,Clouds,broken clouds,28.1,31.73,76,1015,0.3,0.0,83,10000
2026-09-26 03:05:34,2026-09-30 13:00:00,Pekanbaru,Clouds,broken clouds,32.04,36.0,56,1012,0.73,0.0,77,10000
2026-09-26 03:05:34,2026-09-30 16:00:00,Pekanbaru,Rain,light rain,29.75,35.38,74,1010,0.4,0.76,88,10000
2026-09-26 03:05:34,2026-09-30 19:00:00,Pekanbaru,Rain,light rain,25.32,26.21,88,1012,0.96,0.67,85,10000
2026-09-26 03:05:34,2026-09-30 22:00:00,Pekanbaru,Clouds,scattered clouds,24.41,25.31,92,1014,0.96,0.03,49,10000
2026-09-26 03:05:34,2026-10-01 01:00:00,Pekanbaru,Rain,light rain,23.17,24.1,98,1013,0.46,1.0,69,6588
2026-09-26 06:05:31,2026-09-26 07:00:00,Pekanbaru,Rain,light rain,25.15,26.18,94,1012,1.11,1.0,95,10000
2026-09-26 06:05:31,2026-09-26 10:00:00,Pekanbaru,Rain,light rain,26.55,26.55,88,1012,1.45,0.97,81,10000
2026-09-26 06:05:31,2026-09-26 13:00:00,Pekanbaru,Rain,light rain,28.96,34.42,79,1011,1.26,1.0,60,5686
2026-09-26 06:05:31,2026-09-26 16:00:00,Pekanbaru,Rain,light rain,31.1,37.26,68,1008,0.99,1.0,56,10000
2026-09-26 06:05:31,2026-09-26 19:00:00,Pekanbaru,Rain,moderate rain,25.43,26.48,94,1010,0.48,1.0,77,10000
2026-09-26 06:05:31,2026-09-26 22:00:00,Pekanbaru,Rain,light rain,24.66,25.71,97,1012,1.19,1.0,86,10000
2026-09-26 06:05:31,2026-09-27 01:00:00,Pekanbaru,Rain,moderate rain,24.06,25.08,98,1010,1.29,1.0,93,8422
2026-09-26 06:05:31,2026-09-27 04:00:00,Pekanbaru,Rain,light rain,23.73,24.74,99,1009,1.77,0.97,100,10000
2026-09-26 06:05:31,2026-09-27 07:00:00,Pekanbaru,Rain,light rain,23.74,24.73,98,1012,1.16,1.0,97,10000
2026-09-26 06:05:31,2026-09-27 10:00:00,Pekanbaru,Rain,light rain,28.12,31.62,75,1013,1.56,0.71,100,10000
2026-09-26 06:05:31,2026-09-27 13:00:00,Pekanbaru,Rain,light rain,30.13,36.93,76,1010,1.06,1.0,100,5508
2026-09-26 06:05:31,2026-09-27 16:00:00,Pekanbaru,Rain,moderate rain,25.04,26.08,95,1009,0.89,1.0,100,10000
2026-09-26 06:05:31,2026-09-27 19:00:00,Pekanbaru,Rain,light rain,24.28,25.32,98,1012,1.32,1.0,100,10000
2026-09-26 06:05:31,2026-09-27 22:00:00,Pekanbaru,Clouds,overcast clouds,23.88,24.86,97,1013,1.37,0.0,100,10000
2026-09-26 06:05:31,2026-09-28 01:00:00,Pekanbaru,Rain,light rain,22.87,23.77,98,1012,1.64,0.2,100,10000
2026-09-26 06:05:31,2026-09-28 04:00:00,Pekanbaru,Clouds,overcast clouds,22.56,23.46,99,1011,1.17,0.0,100,10000
2026-09-26 06:05:31,2026-09-28 07:00:00,Pekanbaru,Clouds,overcast clouds,23.18,24.11,98,1013,0.51,0.0,100,10000
2026-09-26 06:05:31,2026-09-28 10:00:00,Pekanbaru,Clouds,overcast clouds,25.38,26.32,90,1014,0.22,0.0,100,10000
2026-09-26 06:05:31,2026-09-28 13:00:00,Pekanbaru,Rain,light rain,31.1,37.56,69,1011,1.49,0.73,96,10000
2026-09-26 06:05:31,2026-09-28 16:00:00,Pekanbaru,Rain,light rain,31.06,35.75,63,1009,2.25,1.0,100,10000
2026-09-26 06:05:31,2026-09-28 19:00:00,Pekanbaru,Rain,light rain,25.58,26.52,89,1012,1.54,1.0,100,10000
2026-09-26 06:05:31,2026-09-28 22:00:00,Pekanbaru,Rain,light rain,24.43,25.44,96,1014,0.75,0.79,95,7908
2026-09-26 06:05:31,2026-09-29 01:00:00,Pekanbaru,Rain,light rain,24.16,25.14,96,1013,0.54,0.88,97,10000
2026-09-26 06:05:31,2026-09-29 04:00:00,Pekanbaru,Clouds,overcast clouds,23.83,24.78,96,1012,1.06,0.26,97,10000
2026-09-26 06:05:31,2026-09-29 07:00:00,Pekanbaru,Rain,light rain,23.58,24.5,96,1014,1.2,0.79,98,10000
2026-09-26 06:05:31,2026-09-29 10:00:00,Pekanbaru,Rain,light rain,26.58,26.58,85,1016,1.07,0.93,100,10000
2026-09-26 06:05:31,2026-09-29 13:00:00,Pekanbaru,Rain,light rain,30.1,34.33,66,1013,1.49,1.0,94,7945
2026-09-26 06:05:31,2026-09-29 16:00:00,Pekanbaru,Rain,light rain,25.39,26.47,95,1012,1.08,1.0,100,10000
2026-09-26 06:05:31,2026-09-29 19:00:00,Pekanbaru,Rain,light rain,24.15,25.05,93,1014,0.58,1.0,100,5854
2026-09-26 06:05:31,2026-09-29 22:00:00,Pekanbaru,Rain,light rain,23.55,24.52,98,1015,0.85,1.0,100,10000
2026-09-26 06:05:31,2026-09-30 01:00:00,Pekanbaru,Rain,light rain,23.26,24.23,99,1014,1.34,1.0,100,10000
2026-09-26 06:05:31,2026-09-30 04:00:00,Pekanbaru,Clouds,overcast clouds,23.17,24.1,98,1013,0.44,0.0,100,10000
2026-09-26 06:05:31,2026-09-30 07:00:00,Pekanbaru,Clouds,overcast clouds,23.22,24.13,97,1014,0.24,0.0,100,10000
2026-09-26 06:05:31,2026-09-30 10:00:00,Pekanbaru,Clouds,broken clouds,28.1,31.73,76,1015,0.3,0.0,83,10000
2026-09-26 06:05:31,2026-09-30 13:00:00,Pekanbaru,Clouds,broken clouds,32.04,36.0,56,1012,0.73,0.0,77,10000
2026-09-26 06:05:31,2026-09-30 16:00:00,Pekanbaru,Rain,light rain,29.75,35.38,74,1010,0.4,0.76,88,10000
2026-09-26 06:05:31,2026-09-30 19:00:00,Pekanbaru,Rain,light rain,25.32,26.21,88,1012,0.96,0.67,85,10000
2026-09-26 06:05:31,2026-09-30 22:00:00,Pekanbaru,Clouds,scattered clouds,24.41,25.31,92,1014,0.96,0.03,49,10000
2026-09-26 06:05:31,2026-10-01 01:00:00,Pekanbaru,Rain,light rain,23.17,24.1,98,1013,0.46,1.0,69,6588
2026-09-26 06:05:31,2026-10-01 04:00:00,Pekanbaru,Rain,moderate rain,22.81,23.73,99,1012,0.77,1.0,100,10000
2026-09-26 09:05:24,2026-09-26 10:00:00,Pekanbaru,Clouds,few clouds,26.15,26.15,89,1013,1.69,0.16,24,10000
2026-09-26 09:05:24,2026-09-26 13:00:00,Pekanbaru,Rain,light rain,27.97,32.33,82,1012,1.71,1.0,28,10000
2026-09-26 09:05:24,2026-09-26 16:00:00,Pekanbaru,Rain,light rain,28.56,33.73,81,1010,1.22,1.0,44,6006
2026-09-26 09:05:24,2026-09-26 19:00:00,Pekanbaru,Rain,light rain,25.65,26.67,92,1010,0.32,1.0,73,10000
2026-09-26 09:05:24,2026-09-26 22:00:00,Pekanbaru,Rain,light rain,24.56,25.58,96,1012,0.52,0.91,79,10000
2026-09-26 09:05:24,2026-09-27 01:00:00,Pekanbaru,Rain,light rain,24.2,25.21,97,1010,0.21,1.0,89,8361
2026-09-26 09:05:24,2026-09-27 04:00:00,Pekanbaru,Rain,moderate rain,23.87,24.87,98,1009,1.0,1.0,100,10000
2026-09-26 09:05:24,2026-09-27 07:00:00,Pekanbaru,Rain,light rain,24.15,25.15,97,1012,1.3,1.0,100,10000
2026-09-26 09:05:24,2026-09-27 10:00:00,Pekanbaru,Rain,light rain,29.37,33.76,71,1013,1.18,0.89,100,10000
2026-09-26 09:05:24,2026-09-27 13:00:00,Pekanbaru,Rain,light rain,29.79,36.24,77,1010,1.19,1.0,99,7580
2026-09-26 09:05:24,2026-09-27 16:00:00,Pekanbaru,Rain,light rain,29.13,35.33,81,1009,1.06,1.0,100,8056
2026-09-26 09:05:24,2026-09-27 19:00:00,Pekanbaru,Rain,moderate rain,24.55,25.54,95,1012,1.62,1.0,100,7522
2026-09-26 09:05:24,2026-09-27 22:00:00,Pekanbaru,Rain,moderate rain,23.59,24.56,98,1014,2.35,1.0,100,10000
2026-09-26 09:05:24,2026-09-28 01:00:00,Pekanbaru,Rain,light rain,23.06,23.98,98,1012,1.82,1.0,100,10000
2026-09-26 09:05:24,2026-09-28 04:00:00,Pekanbaru,Rain,light rain,22.93,23.86,99,1012,0.61,0.37,100,10000
2026-09-26 09:05:24,2026-09-28 07:00:00,Pekanbaru,Rain,light rain,23.17,24.1,98,1014,0.38,0.53,100,10000
2026-09-26 09:05:24,2026-09-28 10:00:00,Pekanbaru,Rain,moderate rain,23.29,24.26,99,1016,0.38,1.0,100,10000
2026-09-26 09:05:24,2026-09-28 13:00:00,Pekanbaru,Rain,light rain,24.4,25.32,93,1013,0.33,1.0,100,10000
2026-09-26 09:05:24,2026-09-28 16:00:00,Pekanbaru,Rain,light rain,23.61,24.59,98,1011,0.16,0.23,100,10000
2026-09-26 09:05:24,2026-09-28 19:00:00,Pekanbaru,Rain,light rain,23.29,24.21,97,1013,1.05,0.32,100,10000
2026-09-26 09:05:24,2026-09-28 22:00:00,Pekanbaru,Clouds,overcast clouds,23.4,24.33,97,1015,1.0,0.0,100,10000
2026-09-26 09:05:24,2026-09-29 01:00:00,Pekanbaru,Clouds,overcast clouds,23.36,24.28,97,1013,0.44,0.0,100,10000
2026-09-26 09:05:24,2026-09-29 04:00:00,Pekanbaru,Clouds,overcast clouds,23.02,23.94,98,1013,1.21,0.0,97,10000
2026-09-26 09:05:24,2026-09-29 07:00:00,Pekanbaru,Clouds,overcast clouds,23.39,24.24,94,1015,1.05,0.0,96,10000
2026-09-26 09:05:24,2026-09-29 10:00:00,Pekanbaru,Clouds,scattered clouds,30.36,33.53,60,1015,1.66,0.0,41,10000
2026-09-26 09:05:24,2026-09-29 13:00:00,Pekanbaru,Clouds,broken clouds,33.05,36.39,50,1012,1.01,0.0,62,10000
2026-09-26 09:05:24,2026-09-29 16:00:00,Pekanbaru,Clouds,overcast clouds,29.55,33.97,70,1010,1.38,0.0,99,10000
2026-09-26 09:05:24,2026-09-29 19:00:00,Pekanbaru,Rain,light rain,25.6,26.43,85,1012,1.7,0.4,86,10000
2026-09-26 09:05:24,2026-09-29 22:00:00,Pekanbaru,Clouds,broken clouds,24.44,25.37,93,1015,1.09,0.0,77,10000
2026-09-26 09:05:24,2026-09-30 01:00:00,Pekanbaru,Clouds,broken clouds,23.43,24.31,95,1013,0.42,0.0,75,10000
2026-09-26 09:05:24,2026-09-30 04:00:00,Pekanbaru,Clouds,scattered clouds,22.83,23.65,95,1012,1.14,0.0,49,10000
2026-09-26 09:05:24,2026-09-30 07:00:00,Pekanbaru,Clouds,broken clouds,23.95,24.75,90,1014,1.08,0.0,69,10000
2026-09-26 09:05:24,2026-09-30 10:00:00,Pekanbaru,Clouds,scattered clouds,31.13,34.87,59,1015,1.61,0.0,25,10000
2026-09-26 09:05:24,2026-09-30 13:00:00,Pekanbaru,Clouds,scattered clouds,34.09,36.98,45,1011,1.38,0.0,34,10000
2026-09-26 09:05:24,2026-09-30 16:00:00,Pekanbaru,Clouds,overcast clouds,30.79,35.4,64,1009,0.66,0.0,100,10000
2026-09-26 09:05:24,2026-09-30 19:00:00,Pekanbaru,Clouds,overcast clouds,27.22,29.62,74,1011,1.27,0.0,87,10000
2026-09-26 09:05:24,2026-09-30 22:00:00,Pekanbaru,Clouds,broken clouds,25.56,26.34,83,1013,1.09,0.0,80,10000
2026-09-26 09:05:24,2026-10-01 01:00:00,Pekanbaru,Rain,light rain,23.93,24.75,91,1012,0.62,0.4,89,10000
2026-09-26 09:05:24,2026-10-01 04:00:00,Pekanbaru,Rain,light rain,23.29,24.16,95,1012,0.37,0.51,76,10000
2026-09-26 09:05:24,2026-10-01 07:00:00,Pekanbaru,Rain,light rain,24.12,25.02,93,1014,0.68,0.9,65,10000
2026-09-26 12:05:27,2026-09-26 13:00:00,Pekanbaru,Rain,light rain,30.15,36.44,74,1010,1.71,1.0,35,10000
2026-09-26 12:05:27,2026-09-26 16:00:00,Pekanbaru,Rain,light rain,30.03,36.38,75,1009,1.22,1.0,41,6006
2026-09-26 12:05:27,2026-09-26 19:00:00,Pekanbaru,Rain,light rain,27.15,30.72,86,1010,0.32,1.0,60,10000
2026-09-26 12:05:27,2026-09-26 22:00:00,Pekanbaru,Rain,light rain,24.56,25.58,96,1012,0.52,0.91,79,10000
2026-09-26 12:05:27,2026-09-27 01:00:00,Pekanbaru,Rain,light rain,24.2,25.21,97,1010,0.21,1.0,89,8361
2026-09-26 12:05:27,2026-09-27 04:00:00,Pekanbaru,Rain,moderate rain,23.87,24.87,98,1009,1.0,1.0,100,10000
2026-09-26 12:05:27,2026-09-27 07:00:00,Pekanbaru,Rain,light rain,24.15,25.15,97,1012,1.3,1.0,100,10000
2026-09-26 12:05:27,2026-09-27 10:00:00,Pekanbaru,Rain,light rain,29.37,33.76,71,1013,1.18,0.89,100,10000
2026-09-26 12:05:27,2026-09-27 13:00:00,Pekanbaru,Rain,light rain,29.79,36.24,77,1010,1.19,1.0,99,7580
2026-09-26 12:05:27,2026-09-27 16:00:00,Pekanbaru,Rain,light rain,29.13,35.33,81,1009,1.06,1.0,100,8056
2026-09-26 12:05:27,2026-09-27 19:00:00,Pekanbaru,Rain,moderate rain,24.55,25.54,95,1012,1.62,1.0,100,7522
2026-09-26 12:05:27,2026-09-27 22:00:00,Pekanbaru,Rain,moderate rain,23.59,24.56,98,1014,2.35,1.0,100,10000
2026-09-26 12:05:27,2026-09-28 01:00:00,Pekanbaru,Rain,light rain,23.06,23.98,98,1012,1.82,1.0,100,10000
2026-09-26 12:05:27,2026-09-28 04:00:00,Pekanbaru,Rain,light rain,22.93,23.86,99,1012,0.61,0.37,100,10000
2026-09-26 12:05:27,2026-09-28 07:00:00,Pekanbaru,Rain,light rain,23.17,24.1,98,1014,0.38,0.53,100,10000
2026-09-26 12:05:27,2026-09-28 10:00:00,Pekanbaru,Rain,moderate rain,23.29,24.26,99,1016,0.38,1.0,100,10000
2026-09-26 12:05:27,2026-09-28 13:00:00,Pekanbaru,Rain,light rain,24.4,25.32,93,1013,0.33,1.0,100,10000
2026-09-26 12:05:27,2026-09-28 16:00:00,Pekanbaru,Rain,light rain,23.61,24.59,98,1011,0.16,0.23,100,10000
2026-09-26 12:05:27,2026-09-28 19:00:00,Pekanbaru,Rain,light rain,23.29,24.21,97,1013,1.05,0.32,100,10000
2026-09-26 12:05:27,2026-09-28 22:00:00,Pekanbaru,Clouds,overcast clouds,23.4,24.33,97,1015,1.0,0.0,100,10000
2026-09-26 12:05:27,2026-09-29 01:00:00,Pekanbaru,Clouds,overcast clouds,23.36,24.28,97,1013,0.44,0.0,100,10000
2026-09-26 12:05:27,2026-09-29 04:00:00,Pekanbaru,Clouds,overcast clouds,23.02,23.94,98,1013,1.21,0.0,97,10000
2026-09-26 12:05:27,2026-09-29 07:00:00,Pekanbaru,Clouds,overcast clouds,23.39,24.24,94,1015,1.05,0.0,96,10000
2026-09-26 12:05:27,2026-09-29 10:00:00,Pekanbaru,Clouds,scattered clouds,30.36,33.53,60,1015,1.66,0.0,41,10000
2026-09-26 12:05:27,2026-09-29 13:00:00,Pekanbaru,Clouds,broken clouds,33.05,36.39,50,1012,1.01,0.0,62,10000
2026-09-26 12:05:27,2026-09-29 16:00:00,Pekanbaru,Clouds,overcast clouds,29.55,33.97,70,1010,1.38,0.0,99,10000
2026-09-26 12:05:27,2026-09-29 19:00:00,Pekanbaru,Rain,light rain,25.6,26.43,85,1012,1.7,0.4,86,10000
2026-09-26 12:05:27,2026-09-29 22:00:00,Pekanbaru,Clouds,broken clouds,24.44,25.37,93,1015,1.09,0.0,77,10000
2026-09-26 12:05:27,2026-09-30 01:00:00,Pekanbaru,Clouds,broken clouds,23.43,24.31,95,1013,0.42,0.0,75,10000
2026-09-26 12:05:27,2026-09-30 04:00:00,Pekanbaru,Clouds,scattered clouds,22.83,23.65,95,1012,1.14,0.0,49,10000
2026-09-26 12:05:27,2026-09-30 07:00:00,Pekanbaru,Clouds,broken clouds,23.95,24.75,90,1014,1.08,0.0,69,10000
2026-09-26 12:05:27,2026-09-30 10:00:00,Pekanbaru,Clouds,scattered clouds,31.13,34.87,59,1015,1.61,0.0,25,10000
2026-09-26 12:05:27,2026-09-30 13:00:00,Pekanbaru,Clouds,scattered clouds,34.09,36.98,45,1011,1.38,0.0,34,10000
2026-09-26 12:05:27,2026-09-30 16:00:00,Pekanbaru,Clouds,overcast clouds,30.79,35.4,64,1009,0.66,0.0,100,10000
2026-09-26 12:05:27,2026-09-30 19:00:00,Pekanbaru,Clouds,overcast clouds,27.22,29.62,74,1011,1.27,0.0,87,10000
2026-09-26 12:05:27,2026-09-30 22:00:00,Pekanbaru,Clouds,broken clouds,25.56,26.34,83,1013,1.09,0.0,80,10000
2026-09-26 12:05:27,2026-10-01 01:00:00,Pekanbaru,Rain,light rain,23.93,24.75,91,1012,0.62,0.4,89,10000
2026-09-26 12:05:27,2026-10-01 04:00:00,Pekanbaru,Rain,light rain,23.29,24.16,95,1012,0.37,0.51,76,10000
2026-09-26 12:05:27,2026-10-01 07:00:00,Pekanbaru,Rain,light rain,24.12,25.02,93,1014,0.68,0.9,65,10000
2026-09-26 12:05:27,2026-10-01 10:00:00,Pekanbaru,Rain,light rain,27.73,32.0,84,1015,1.47,1.0,90,10000
2026-09-26 15:05:24,2026-09-26 16:00:00,Pekanbaru,Rain,light rain,29.15,36.15,89,1007,0.71,1.0,88,10000
2026-09-26 15:05:24,2026-09-26 19:00:00,Pekanbaru,Rain,light rain,28.35,34.48,88,1008,0.42,1.0,84,10000
2026-09-26 15:05:24,2026-09-26 22:00:00,Pekanbaru,Rain,light rain,26.65,26.65,91,1010,0.73,0.63,89,10000
2026-09-26 15:05:24,2026-09-27 01:00:00,Pekanbaru,Rain,light rain,24.3,25.32,97,1010,0.54,1.0,95,10000
2026-09-26 15:05:24,2026-09-27 04:00:00,Pekanbaru,Rain,light rain,23.89,24.92,99,1009,1.07,1.0,100,10000
2026-09-26 15:05:24,2026-09-27 07:00:00,Pekanbaru,Rain,moderate rain,23.9,24.9,98,1012,1.04,1.0,100,7229
2026-09-26 15:05:24,2026-09-27 10:00:00,Pekanbaru,Rain,light rain,27.7,31.64,82,1013,0.2,0.34,100,10000
2026-09-26 15:05:24,2026-09-27 13:00:00,Pekanbaru,Rain,light rain,32.79,38.31,58,1010,0.45,0.55,100,10000
2026-09-26 15:05:24,2026-09-27 16:00:00,Pekanbaru,Rain,moderate rain,27.84,33.08,89,1009,1.15,1.0,100,4399
2026-09-26 15:05:24,2026-09-27 19:00:00,Pekanbaru,Rain,moderate rain,24.49,25.5,96,1012,1.81,1.0,100,10000
2026-09-26 15:05:24,2026-09-27 22:00:00,Pekanbaru,Rain,light rain,23.33,24.28,98,1014,2.24,0.76,100,10000
2026-09-26 15:05:24,2026-09-28 01:00:00,Pekanbaru,Rain,light rain,23.2,24.13,98,1012,2.18,1.0,100,10000
2026-09-26 15:05:24,2026-09-28 04:00:00,Pekanbaru,Clouds,overcast clouds,23.05,23.97,98,1012,0.76,0.0,100,10000
2026-09-26 15:05:24,2026-09-28 07:00:00,Pekanbaru,Clouds,overcast clouds,23.08,24.0,98,1014,1.11,0.13,100,10000
2026-09-26 15:05:24,2026-09-28 10:00:00,Pekanbaru,Clouds,overcast clouds,27.46,30.43,77,1015,0.67,0.0,100,10000
2026-09-26 15:05:24,2026-09-28 13:00:00,Pekanbaru,Clouds,overcast clouds,31.43,35.25,58,1012,1.65,0.0,100,10000
2026-09-26 15:05:24,2026-09-28 16:00:00,Pekanbaru,Clouds,overcast clouds,30.13,33.5,62,1010,2.3,0.0,100,10000
2026-09-26 15:05:24,2026-09-28 19:00:00,Pekanbaru,Clouds,overcast clouds,25.14,25.98,87,1013,1.52,0.04,100,10000
2026-09-26 15:05:24,2026-09-28 22:00:00,Pekanbaru,Rain,light rain,24.37,25.32,94,1015,1.05,0.9,100,10000
2026-09-26 15:05:24,2026-09-29 01:00:00,Pekanbaru,Clouds,overcast clouds,24.09,25.06,96,1013,1.05,0.71,100,10000
2026-09-26 15:05:24,2026-09-29 04:00:00,Pekanbaru,Rain,light rain,23.85,24.8,96,1013,1.06,0.64,100,10000
2026-09-26 15:05:24,2026-09-29 07:00:00,Pekanbaru,Rain,light rain,23.84,24.73,94,1015,1.12,0.6,100,10000
2026-09-26 15:05:24,2026-09-29 10:00:00,Pekanbaru,Rain,light rain,29.95,33.14,62,1015,2.2,0.35,75,10000
2026-09-26 15:05:24,2026-09-29 13:00:00,Pekanbaru,Clouds,broken clouds,33.82,36.75,46,1012,1.89,0.13,67,10000
2026-09-26 15:05:24,2026-09-29 16:00:00,Pekanbaru,Rain,light rain,26.78,29.76,86,1010,1.1,1.0,95,10000
2026-09-26 15:05:24,2026-09-29 19:00:00,Pekanbaru,Rain,light rain,25.38,26.35,91,1012,0.31,1.0,96,10000
2026-09-26 15:05:24,2026-09-29 22:00:00,Pekanbaru,Rain,moderate rain,24.13,25.08,95,1015,1.41,1.0,85,10000
2026-09-26 15:05:24,2026-09-30 01:00:00,Pekanbaru,Clouds,overcast clouds,24.04,25.01,96,1013,0.52,0.78,89,10000
2026-09-26 15:05:24,2026-09-30 04:00:00,Pekanbaru,Clouds,broken clouds,23.27,24.21,98,1013,0.49,0.0,71,10000
2026-09-26 15:05:24,2026-09-30 07:00:00,Pekanbaru,Rain,light rain,23.98,24.94,96,1014,0.48,0.35,56,10000
2026-09-26 15:05:24,2026-09-30 10:00:00,Pekanbaru,Clouds,scattered clouds,30.56,34.88,64,1015,1.5,0.13,42,10000
2026-09-26 15:05:24,2026-09-30 13:00:00,Pekanbaru,Rain,light rain,33.92,37.25,47,1011,1.84,0.2,58,10000
2026-09-26 15:05:24,2026-09-30 16:00:00,Pekanbaru,Clouds,overcast clouds,30.06,34.47,67,1009,0.91,0.0,98,10000
2026-09-26 15:05:24,2026-09-30 19:00:00,Pekanbaru,Rain,light rain,26.42,26.42,83,1011,1.66,0.45,99,10000
2026-09-26 15:05:24,2026-09-30 22:00:00,Pekanbaru,Rain,light rain,25.02,25.98,92,1013,1.64,0.76,92,10000
2026-09-26 15:05:24,2026-10-01 01:00:00,Pekanbaru,Rain,light rain,24.61,25.58,94,1012,0.27,0.71,92,10000
2026-09-26 15:05:24,2026-10-01 04:00:00,Pekanbaru,Clouds,overcast clouds,24.02,24.96,95,1012,0.48,0.0,96,10000
2026-09-26 15:05:24,2026-10-01 07:00:00,Pekanbaru,Clouds,broken clouds,24.58,25.5,92,1014,0.92,0.0,75,10000
2026-09-26 15:05:24,2026-10-01 10:00:00,Pekanbaru,Rain,light rain,28.26,32.76,80,1014,1.15,1.0,43,6294
2026-09-26 15:05:24,2026-10-01 13:00:00,Pekanbaru,Rain,moderate rain,29.19,34.6,77,1012,1.13,1.0,57,10000
2026-09-26 18:05:28,2026-09-26 19:00:00,Pekanbaru,Rain,light rain,30.15,37.15,79,1009,0.42,1.0,77,10000
2026-09-26 18:05:28,2026-09-26 22:00:00,Pekanbaru,Rain,light rain,28.63,34.32,83,1010,0.73,0.63,81,10000
2026-09-26 18:05:28,2026-09-27 01:00:00,Pekanbaru,Rain,light rain,26.25,26.25,91,1010,0.54,1.0,89,10000
2026-09-26 18:05:28,2026-09-27 04:00:00,Pekanbaru,Rain,light rain,23.89,24.92,99,1009,1.07,1.0,100,10000
2026-09-26 18:05:28,2026-09-27 07:00:00,Pekanbaru,Rain,moderate rain,23.9,24.9,98,1012,1.04,1.0,100,7229
2026-09-26 18:05:28,2026-09-27 10:00:00,Pekanbaru,Rain,light rain,27.7,31.64,82,1013,0.2,0.34,100,10000
2026-09-26 18:05:28,2026-09-27 13:00:00,Pekanbaru,Rain,light rain,32.79,38.31,58,1010,0.45,0.55,100,10000
2026-09-26 18:05:28,2026-09-27 16:00:00,Pekanbaru,Rain,moderate rain,27.84,33.08,89,1009,1.15,1.0,100,4399
2026-09-26 18:05:28,2026-09-27 19:00:00,Pekanbaru,Rain,moderate rain,24.49,25.5,96,1012,1.81,1.0,100,10000
2026-09-26 18:05:28,2026-09-27 22:00:00,Pekanbaru,Rain,light rain,23.33,24.28,98,1014,2.24,0.76,100,10000
2026-09-26 18:05:28,2026-09-28 01:00:00,Pekanbaru,Rain,light rain,23.2,24.13,98,1012,2.18,1.0,100,10000
2026-09-26 18:05:28,2026-09-28 04:00:00,Pekanbaru,Clouds,overcast clouds,23.05,23.97,98,1012,0.76,0.0,100,10000
2026-09-26 18:05:28,2026-09-28 07:00:00,Pekanbaru,Clouds,overcast clouds,23.08,24.0,98,1014,1.11,0.13,100,10000
2026-09-26 18:05:28,2026-09-28 10:00:00,Pekanbaru,Clouds,overcast clouds,27.46,30.43,77,1015,0.67,0.0,100,10000
2026-09-26 18:05:28,2026-09-28 13:00:00,Pekanbaru,Clouds,overcast clouds,31.43,35.25,58,1012,1.65,0.0,100,10000
2026-09-26 18:05:28,2026-09-28 16:00:00,Pekanbaru,Clouds,overcast clouds,30.13,33.5,62,1010,2.3,0.0,100,10000
2026-09-26 18:05:28,2026-09-28 19:00:00,Pekanbaru,Clouds,overcast clouds,25.14,25.98,87,1013,1.52,0.04,100,10000
2026-09-26 18:05:28,2026-09-28 22:00:00,Pekanbaru,Rain,light rain,24.37,25.32,94,1015,1.05,0.9,100,10000
2026-09-26 18:05:28,2026-09-29 01:00:00,Pekanbaru,Clouds,overcast clouds,24.09,25.06,96,1013,1.05,0.71,100,10000
2026-09-26 18:05:28,2026-09-29 04:00:00,Pekanbaru,Rain,light rain,23.85,24.8,96,1013,1.06,0.64,100,10000
2026-09-26 18:05:28,2026-09-29 07:00:00,Pekanbaru,Rain,light rain,23.84,24.73,94,1015,1.12,0.6,100,10000
2026-09-26 18:05:28,2026-09-29 10:00:00,Pekanbaru,Rain,light rain,29.95,33.14,62,1015,2.2,0.35,75,10000
2026-09-26 18:05:28,2026-09-29 13:00:00,Pekanbaru,Clouds,broken clouds,33.82,36.75,46,1012,1.89,0.13,67,10000
2026-09-26 18:05:28,2026-09-29 16:00:00,Pekanbaru,Rain,light rain,26.78,29.76,86,1010,1.1,1.0,95,10000
2026-09-26 18:05:28,2026-09-29 19:00:00,Pekanbaru,Rain,light rain,25.38,26.35,91,1012,0.31,1.0,96,10000
2026-09-26 18:05:28,2026-09-29 22:00:00,Pekanbaru,Rain,moderate rain,24.13,25.08,95,1015,1.41,1.0,85,10000
2026-09-26 18:05:28,2026-09-30 01:00:00,Pekanbaru,Clouds,overcast clouds,24.04,25.01,96,1013,0.52,0.78,89,10000
2026-09-26 18:05:28,2026-09-30 04:00:00,Pekanbaru,Clouds,broken clouds,23.27,24.21,98,1013,0.49,0.0,71,10000
2026-09-26 18:05:28,2026-09-30 07:00:00,Pekanbaru,Rain,light rain,23.98,24.94,96,1014,0.48,0.35,56,10000
2026-09-26 18:05:28,2026-09-30 10:00:00,Pekanbaru,Clouds,scattered clouds,30.56,34.88,64,1015,1.5,0.13,42,10000
2026-09-26 18:05:28,2026-09-30 13:00:00,Pekanbaru,Rain,light rain,33.92,37.25,47,1011,1.84,0.2,58,10000
2026-09-26 18:05:28,2026-09-30 16:00:00,Pekanbaru,Clouds,overcast clouds,30.06,34.47,67,1009,0.91,0.0,98,10000
2026-09-26 18:05:28,2026-09-30 19:00:00,Pekanbaru,Rain,light rain,26.42,26.42,83,1011,1.66,0.45,99,10000
2026-09-26 18:05:28,2026-09-30 22:00:00,Pekanbaru,Rain,light rain,25.02,25.98,92,1013,1.64,0.76,92,10000
2026-09-26 18:05:28,2026-10-01 01:00:00,Pekanbaru,Rain,light rain,24.61,25.58,94,1012,0.27,0.71,92,10000
2026-09-26 18:05:28,2026-10-01 04:00:00,Pekanbaru,Clouds,overcast clouds,24.02,24.96,95,1012,0.48,0.0,96,10000
2026-09-26 18:05:28,2026-10-01 07:00:00,Pekanbaru,Clouds,broken clouds,24.58,25.5,92,1014,0.92,0.0,75,10000
2026-09-26 18:05:28,2026-10-01 10:00:00,Pekanbaru,Rain,light rain,28.26,32.76,80,1014,1.15,1.0,43,6294
2026-09-26 18:05:28,2026-10-01 13:00:00,Pekanbaru,Rain,moderate rain,29.19,34.6,77,1012,1.13,1.0,57,10000
2026-09-26 18:05:28,2026-10-01 16:00:00,Pekanbaru,Rain,light rain,29.84,34.42,69,1010,1.57,1.0,100,10000
2026-09-26 21:06:05,2026-09-26 22:00:00,Pekanbaru,Rain,light rain,25.15,26.02,88,1011,0.23,0.74,100,10000
2026-09-26 21:06:05,2026-09-27 01:00:00,Pekanbaru,Rain,light rain,25.02,25.93,90,1011,0.26,0.81,100,10000
2026-09-26 21:06:05,2026-09-27 04:00:00,Pekanbaru,Rain,moderate rain,24.09,25.04,95,1010,0.5,1.0,100,4180
2026-09-26 21:06:05,2026-09-27 07:00:00,Pekanbaru,Rain,moderate rain,23.81,24.81,98,1012,1.06,1.0,100,10000
2026-09-26 21:06:05,2026-09-27 10:00:00,Pekanbaru,Rain,light rain,28.64,32.82,75,1013,1.27,0.24,100,10000
2026-09-26 21:06:05,2026-09-27 13:00:00,Pekanbaru,Rain,moderate rain,28.95,34.82,81,1011,1.38,1.0,93,10000
2026-09-26 21:06:05,2026-09-27 16:00:00,Pekanbaru,Rain,moderate rain,24.2,25.18,96,1010,2.87,1.0,100,8443
2026-09-26 21:06:05,2026-09-27 19:00:00,Pekanbaru,Rain,moderate rain,23.08,24.0,98,1013,0.71,1.0,100,10000
2026-09-26 21:06:05,2026-09-27 22:00:00,Pekanbaru,Clouds,overcast clouds,23.06,23.98,98,1015,1.31,0.04,100,10000
2026-09-26 21:06:05,2026-09-28 01:00:00,Pekanbaru,Clouds,overcast clouds,22.67,23.55,98,1012,0.74,0.0,100,10000
2026-09-26 21:06:05,2026-09-28 04:00:00,Pekanbaru,Clouds,overcast clouds,22.54,23.41,98,1011,1.06,0.0,100,10000
2026-09-26 21:06:05,2026-09-28 07:00:00,Pekanbaru,Clouds,overcast clouds,22.7,23.56,97,1013,0.42,0.0,100,10000
2026-09-26 21:06:05,2026-09-28 10:00:00,Pekanbaru,Clouds,overcast clouds,25.58,26.39,84,1014,1.78,0.0,100,10000
2026-09-26 21:06:05,2026-09-28 13:00:00,Pekanbaru,Clouds,overcast clouds,32.02,36.24,57,1011,1.97,0.0,100,10000
2026-09-26 21:06:05,2026-09-28 16:00:00,Pekanbaru,Rain,light rain,30.92,35.43,63,1009,1.74,0.2,100,10000
2026-09-26 21:06:05,2026-09-28 19:00:00,Pekanbaru,Rain,light rain,25.79,26.72,88,1012,1.07,0.31,99,10000
2026-09-26 21:06:05,2026-09-28 22:00:00,Pekanbaru,Rain,light rain,24.25,25.16,93,1015,1.14,0.93,81,10000
2026-09-26 21:06:05,2026-09-29 01:00:00,Pekanbaru,Rain,moderate rain,23.44,24.4,98,1014,1.09,1.0,90,2949
2026-09-26 21:06:05,2026-09-29 04:00:00,Pekanbaru,Rain,light rain,23.47,24.46,99,1013,0.88,1.0,100,10000
2026-09-26 21:06:05,2026-09-29 07:00:00,Pekanbaru,Clouds,overcast clouds,23.58,24.55,98,1015,0.97,0.8,100,10000
2026-09-26 21:06:05,2026-09-29 10:00:00,Pekanbaru,Clouds,overcast clouds,25.27,26.2,90,1016,0.46,0.0,100,10000
2026-09-26 21:06:05,2026-09-29 13:00:00,Pekanbaru,Clouds,overcast clouds,27.66,30.62,75,1013,0.97,0.0,100,10000
2026-09-26 21:06:05,2026-09-29 16:00:00,Pekanbaru,Clouds,broken clouds,31.2,34.77,58,1011,0.56,0.34,73,10000
2026-09-26 21:06:05,2026-09-29 19:00:00,Pekanbaru,Rain,light rain,25.76,26.61,85,1013,0.67,0.31,73,10000
2026-09-26 21:06:05,2026-09-29 22:00:00,Pekanbaru,Rain,light rain,23.75,24.69,96,1015,0.94,1.0,59,10000
2026-09-26 21:06:05,2026-09-30 01:00:00,Pekanbaru,Rain,light rain,23.62,24.57,97,1013,0.15,1.0,77,10000
2026-09-26 21:06:05,2026-09-30 04:00:00,Pekanbaru,Clouds,overcast clouds,23.32,24.27,98,1012,0.16,0.0,94,10000
2026-09-26 21:06:05,2026-09-30 07:00:00,Pekanbaru,Clouds,overcast clouds,24.11,25.08,96,1014,0.19,0.0,86,10000
2026-09-26 21:06:05,2026-09-30 10:00:00,Pekanbaru,Rain,light rain,29.91,35.06,71,1015,1.19,0.5,60,10000
2026-09-26 21:06:05,2026-09-30 13:00:00,Pekanbaru,Rain,light rain,34.6,38.67,47,1011,0.97,0.67,53,10000
2026-09-26 21:06:05,2026-09-30 16:00:00,Pekanbaru,Rain,light rain,29.86,34.7,70,1009,1.29,0.38,84,10000
2026-09-26 21:06:05,2026-09-30 19:00:00,Pekanbaru,Rain,light rain,26.35,26.35,87,1011,0.89,0.62,91,10000
2026-09-26 21:06:05,2026-09-30 22:00:00,Pekanbaru,Rain,moderate rain,24.32,25.29,95,1013,1.53,1.0,80,10000
2026-09-26 21:06:05,2026-10-01 01:00:00,Pekanbaru,Rain,moderate rain,23.58,24.53,97,1012,1.06,1.0,88,10000
2026-09-26 21:06:05,2026-10-01 04:00:00,Pekanbaru,Rain,light rain,23.5,24.46,98,1012,0.03,0.99,95,10000
2026-09-26 21:06:05,2026-10-01 07:00:00,Pekanbaru,Rain,light rain,24.2,25.18,96,1014,0.2,1.0,84,10000
2026-09-26 21:06:05,2026-10-01 10:00:00,Pekanbaru,Rain,light rain,29.63,34.38,71,1015,0.75,1.0,43,10000
2026-09-26 21:06:05,2026-10-01 13:00:00,Pekanbaru,Rain,moderate rain,29.25,34.99,78,1012,0.89,1.0,46,9391
2026-09-26 21:06:05,2026-10-01 16:00:00,Pekanbaru,Rain,moderate rain,29.24,34.96,78,1010,0.68,1.0,80,10000
2026-09-26 21:06:05,2026-10-01 19:00:00,Pekanbaru,Rain,moderate rain,24.53,25.55,96,1012,0.66,1.0,71,10000
2026-09-27 00:05:30,2026-09-27 01:00:00,Pekanbaru,Rain,light rain,26.15,26.15,94,1010,0.26,0.81,100,10000
2026-09-27 00:05:30,2026-09-27 04:00:00,Pekanbaru,Rain,moderate rain,25.32,26.39,95,1010,0.5,1.0,100,4180
2026-09-27 00:05:30,2026-09-27 07:00:00,Pekanbaru,Rain,moderate rain,24.59,25.64,97,1011,1.06,1.0,100,10000
2026-09-27 00:05:30,2026-09-27 10:00:00,Pekanbaru,Rain,light rain,28.64,32.82,75,1013,1.27,0.24,100,10000
2026-09-27 00:05:30,2026-09-27 13:00:00,Pekanbaru,Rain,moderate rain,28.95,34.82,81,1011,1.38,1.0,93,10000
2026-09-27 00:05:30,2026-09-27 16:00:00,Pekanbaru,Rain,moderate rain,24.2,25.18,96,1010,2.87,1.0,100,8443
2026-09-27 00:05:30,2026-09-27 19:00:00,Pekanbaru,Rain,moderate rain,23.08,24.0,98,1013,0.71,1.0,100,10000
2026-09-27 00:05:30,2026-09-27 22:00:00,Pekanbaru,Clouds,overcast clouds,23.06,23.98,98,1015,1.31,0.04,100,10000
2026-09-27 00:05:30,2026-09-28 01:00:00,Pekanbaru,Clouds,overcast clouds,22.67,23.55,98,1012,0.74,0.0,100,10000
2026-09-27 00:05:30,2026-09-28 04:00:00,Pekanbaru,Clouds,overcast clouds,22.54,23.41,98,1011,1.06,0.0,100,10000
2026-09-27 00:05:30,2026-09-28 07:00:00,Pekanbaru,Clouds,overcast clouds,22.7,23.56,97,1013,0.42,0.0,100,10000
2026-09-27 00:05:30,2026-09-28 10:00:00,Pekanbaru,Clouds,overcast clouds,25.58,26.39,84,1014,1.78,0.0,100,10000
2026-09-27 00:05:30,2026-09-28 13:00:00,Pekanbaru,Clouds,overcast clouds,32.02,36.24,57,1011,1.97,0.0,100,10000
2026-09-27 00:05:30,2026-09-28 16:00:00,Pekanbaru,Rain,light rain,30.92,35.43,63,1009,1.74,0.2,100,10000
2026-09-27 00:05:30,2026-09-28 19:00:00,Pekanbaru,Rain,light rain,25.79,26.72,88,1012,1.07,0.31,99,10000
2026-09-27 00:05:30,2026-09-28 22:00:00,Pekanbaru,Rain,light rain,24.25,25.16,93,1015,1.14,0.93,81,10000
2026-09-27 00:05:30,2026-09-29 01:00:00,Pekanbaru,Rain,moderate rain,23.44,24.4,98,1014,1.09,1.0,90,2949
2026-09-27 00:05:30,2026-09-29 04:00:00,Pekanbaru,Rain,light rain,23.47,24.46,99,1013,0.88,1.0,100,10000
2026-09-27 00:05:30,2026-09-29 07:00:00,Pekanbaru,Clouds,overcast clouds,23.58,24.55,98,1015,0.97,0.8,100,10000
2026-09-27 00:05:30,2026-09-29 10:00:00,Pekanbaru,Clouds,overcast clouds,25.27,26.2,90,1016,0.46,0.0,100,10000
2026-09-27 00:05:30,2026-09-29 13:00:00,Pekanbaru,Clouds,overcast clouds,27.66,30.62,75,1013,0.97,0.0,100,10000
2026-09-27 00:05:30,2026-09-29 16:00:00,Pekanbaru,Clouds,broken clouds,31.2,34.77,58,1011,0.56,0.34,73,10000
2026-09-27 00:05:30,2026-09-29 19:00:00,Pekanbaru,Rain,light rain,25.76,26.61,85,1013,0.67,0.31,73,10000
2026-09-27 00:05:30,2026-09-29 22:00:00,Pekanbaru,Rain,light rain,23.75,24.69,96,1015,0.94,1.0,59,10000
2026-09-27 00:05:30,2026-09-30 01:00:00,Pekanbaru,Rain,light rain,23.62,24.57,97,1013,0.15,1.0,77,10000
2026-09-27 00:05:30,2026-09-30 04:00:00,Pekanbaru,Clouds,overcast clouds,23.32,24.27,98,1012,0.16,0.0,94,10000
2026-09-27 00:05:30,2026-09-30 07:00:00,Pekanbaru,Clouds,overcast clouds,24.11,25.08,96,1014,0.19,0.0,86,10000
2026-09-27 00:05:30,2026-09-30 10:00:00,Pekanbaru,Rain,light rain,29.91,35.06,71,1015,1.19,0.5,60,10000
2026-09-27 00:05:30,2026-09-30 13:00:00,Pekanbaru,Rain,light rain,34.6,38.67,47,1011,0.97,0.67,53,10000
2026-09-27 00:05:30,2026-09-30 16:00:00,Pekanbaru,Rain,light rain,29.86,34.7,70,1009,1.29,0.38,84,10000
2026-09-27 00:05:30,2026-09-30 19:00:00,Pekanbaru,Rain,light rain,26.35,26.35,87,1011,0.89,0.62,91,10000
2026-09-27 00:05:30,2026-09-30 22:00:00,Pekanbaru,Rain,moderate rain,24.32,25.29,95,1013,1.53,1.0,80,10000
2026-09-27 00:05:30,2026-10-01 01:00:00,Pekanbaru,Rain,moderate rain,23.58,24.53,97,1012,1.06,1.0,88,10000
2026-09-27 00:05:30,2026-10-01 04:00:00,Pekanbaru,Rain,light rain,23.5,24.46,98,1012,0.03,0.99,95,10000
2026-09-27 00:05:30,2026-10-01 07:00:00,Pekanbaru,Rain,light rain,24.2,25.18,96,1014,0.2,1.0,84,10000
2026-09-27 00:05:30,2026-10-01 10:00:00,Pekanbaru,Rain,light rain,29.63,34.38,71,1015,0.75,1.0,43,10000
2026-09-27 00:05:30,2026-10-01 13:00:00,Pekanbaru,Rain,moderate rain,29.25,34.99,78,1012,0.89,1.0,46,9391
2026-09-27 00:05:30,2026-10-01 16:00:00,Pekanbaru,Rain,moderate rain,29.24,34.96,78,1010,0.68,1.0,80,10000
2026-09-27 00:05:30,2026-10-01 19:00:00,Pekanbaru,Rain,moderate rain,24.53,25.55,96,1012,0.66,1.0,71,10000
2026-09-27 00:05:30,2026-10-01 22:00:00,Pekanbaru,Rain,moderate rain,24.13,25.08,95,1014,1.0,1.0,93,10000
2026-09-27 03:05:26,2026-09-27 04:00:00,Pekanbaru,Rain,moderate rain,26.15,26.15,94,1009,0.25,1.0,100,8644
2026-09-27 03:05:26,2026-09-27 07:00:00,Pekanbaru,Rain,moderate rain,25.91,27.06,96,1010,1.42,1.0,100,10000
2026-09-27 03:05:26,2026-09-27 10:00:00,Pekanbaru,Rain,light rain,24.56,25.5,93,1012,0.96,1.0,99,6451
2026-09-27 03:05:26,2026-09-27 13:00:00,Pekanbaru,Rain,moderate rain,22.39,23.09,92,1012,1.6,1.0,99,5924
2026-09-27 03:05:26,2026-09-27 16:00:00,Pekanbaru,Rain,moderate rain,23.2,24.16,99,1011,1.81,1.0,100,10000
2026-09-27 03:05:26,2026-09-27 19:00:00,Pekanbaru,Clouds,overcast clouds,25.66,26.87,99,1013,0.95,0.8,100,10000
2026-09-27 03:05:26,2026-09-27 22:00:00,Pekanbaru,Clouds,overcast clouds,26.37,26.37,98,1014,0.99,0.0,100,10000
2026-09-27 03:05:26,2026-09-28 01:00:00,Pekanbaru,Clouds,overcast clouds,26.56,26.56,98,1012,0.54,0.0,100,10000
2026-09-27 03:05:26,2026-09-28 04:00:00,Pekanbaru,Clouds,overcast clouds,24.66,25.74,98,1011,0.51,0.0,100,10000
2026-09-27 03:05:26,2026-09-28 07:00:00,Pekanbaru,Clouds,overcast clouds,24.72,25.75,96,1013,0.53,0.0,100,10000
2026-09-27 03:05:26,2026-09-28 10:00:00,Pekanbaru,Clouds,overcast clouds,26.35,26.35,68,1014,1.82,0.0,100,10000
2026-09-27 03:05:26,2026-09-28 13:00:00,Pekanbaru,Clouds,overcast clouds,32.55,36.52,54,1011,2.34,0.0,100,10000
2026-09-27 03:05:26,2026-09-28 16:00:00,Pekanbaru,Rain,light rain,28.88,33.4,75,1009,1.57,0.75,97,10000
2026-09-27 03:05:26,2026-09-28 19:00:00,Pekanbaru,Rain,light rain,26.09,26.09,88,1012,0.88,0.98,98,10000
2026-09-27 03:05:26,2026-09-28 22:00:00,Pekanbaru,Rain,light rain,24.18,25.19,97,1014,1.06,1.0,100,10000
2026-09-27 03:05:26,2026-09-29 01:00:00,Pekanbaru,Rain,light rain,23.83,24.8,97,1013,1.44,1.0,100,1913
2026-09-27 03:05:26,2026-09-29 04:00:00,Pekanbaru,Rain,light rain,23.35,24.27,97,1013,1.07,1.0,100,10000
2026-09-27 03:05:26,2026-09-29 07:00:00,Pekanbaru,Clouds,overcast clouds,23.47,24.41,97,1015,0.83,0.8,100,10000
2026-09-27 03:05:26,2026-09-29 10:00:00,Pekanbaru,Rain,light rain,25.27,26.28,93,1016,0.62,1.0,100,10000
2026-09-27 03:05:26,2026-09-29 13:00:00,Pekanbaru,Rain,light rain,24.32,25.37,98,1014,0.72,1.0,100,10000
2026-09-27 03:05:26,2026-09-29 16:00:00,Pekanbaru,Clouds,overcast clouds,24.73,25.71,94,1012,1.06,0.0,99,10000
2026-09-27 03:05:26,2026-09-29 19:00:00,Pekanbaru,Clouds,overcast clouds,23.46,24.42,98,1013,0.6,0.0,91,10000
2026-09-27 03:05:26,2026-09-29 22:00:00,Pekanbaru,Clouds,broken clouds,22.81,23.71,98,1015,0.22,0.0,56,10000
2026-09-27 03:05:26,2026-09-30 01:00:00,Pekanbaru,Clouds,broken clouds,23.0,23.86,96,1013,0.67,0.0,74,10000
2026-09-27 03:05:26,2026-09-30 04:00:00,Pekanbaru,Clouds,broken clouds,22.14,22.99,99,1012,1.21,0.0,51,10000
2026-09-27 03:05:26,2026-09-30 07:00:00,Pekanbaru,Clouds,scattered clouds,23.32,24.19,95,1014,0.21,0.0,48,10000
2026-09-27 03:05:26,2026-09-30 10:00:00,Pekanbaru,Clouds,scattered clouds,31.16,35.19,60,1015,0.73,0.0,30,10000
2026-09-27 03:05:26,2026-09-30 13:00:00,Pekanbaru,Clouds,few clouds,34.97,38.1,43,1011,0.97,0.0,23,10000
2026-09-27 03:05:26,2026-09-30 16:00:00,Pekanbaru,Clouds,broken clouds,29.03,32.61,69,1009,1.3,0.0,81,10000
2026-09-27 03:05:26,2026-09-30 19:00:00,Pekanbaru,Clouds,overcast clouds,26.98,29.42,77,1011,0.96,0.0,91,10000
2026-09-27 03:05:26,2026-09-30 22:00:00,Pekanbaru,Clouds,overcast clouds,25.65,26.46,84,1013,1.29,0.0,99,10000
2026-09-27 03:05:26,2026-10-01 01:00:00,Pekanbaru,Clouds,overcast clouds,25.39,26.26,87,1012,0.64,0.0,98,10000
2026-09-27 03:05:26,2026-10-01 04:00:00,Pekanbaru,Rain,light rain,24.7,25.6,91,1011,0.48,0.58,99,10000
2026-09-27 03:05:26,2026-10-01 07:00:00,Pekanbaru,Rain,light rain,24.27,25.21,94,1014,0.48,1.0,93,10000
2026-09-27 03:05:26,2026-10-01 10:00:00,Pekanbaru,Rain,light rain,30.28,35.22,68,1014,0.82,1.0,72,10000
2026-09-27 03:05:26,2026-10-01 13:00:00,Pekanbaru,Rain,light rain,30.86,36.93,69,1011,0.94,1.0,82,10000
2026-09-27 03:05:26,2026-10-01 16:00:00,Pekanbaru,Rain,moderate rain,29.18,34.36,76,1010,1.03,1.0,88,10000
2026-09-27 03:05:26,2026-10-01 19:00:00,Pekanbaru,Rain,moderate rain,24.82,25.81,94,1012,0.83,1.0,83,10000
2026-09-27 03:05:26,2026-10-01 22:00:00,Pekanbaru,Rain,moderate rain,24.24,25.17,94,1014,0.96,1.0,97,10000
2026-09-27 03:05:26,2026-10-02 01:00:00,Pekanbaru,Clouds,overcast clouds,23.53,24.47,97,1013,0.21,0.8,98,10000
2026-09-27 06:05:28,2026-09-27 07:00:00,Pekanbaru,Rain,moderate rain,26.15,26.15,94,1011,1.42,1.0,100,10000
2026-09-27 06:05:28,2026-09-27 10:00:00,Pekanbaru,Rain,light rain,25.38,26.4,93,1012,0.96,1.0,99,6451
2026-09-27 06:05:28,2026-09-27 13:00:00,Pekanbaru,Rain,moderate rain,23.64,24.46,92,1012,1.6,1.0,99,5924
2026-09-27 06:05:28,2026-09-27 16:00:00,Pekanbaru,Rain,moderate rain,23.2,24.16,99,1011,1.81,1.0,100,10000
2026-09-27 06:05:28,2026-09-27 19:00:00,Pekanbaru,Clouds,overcast clouds,25.66,26.87,99,1013,0.95,0.8,100,10000
2026-09-27 06:05:28,2026-09-27 22:00:00,Pekanbaru,Clouds,overcast clouds,26.37,26.37,98,1014,0.99,0.0,100,10000
2026-09-27 06:05:28,2026-09-28 01:00:00,Pekanbaru,Clouds,overcast clouds,26.56,26.56,98,1012,0.54,0.0,100,10000
2026-09-27 06:05:28,2026-09-28 04:00:00,Pekanbaru,Clouds,overcast clouds,24.66,25.74,98,1011,0.51,0.0,100,10000
2026-09-27 06:05:28,2026-09-28 07:00:00,Pekanbaru,Clouds,overcast clouds,24.72,25.75,96,1013,0.53,0.0,100,10000
2026-09-27 06:05:28,2026-09-28 10:00:00,Pekanbaru,Clouds,overcast clouds,26.35,26.35,68,1014,1.82,0.0,100,10000
2026-09-27 06:05:28,2026-09-28 13:00:00,Pekanbaru,Clouds,overcast clouds,32.55,36.52,54,1011,2.34,0.0,100,10000
2026-09-27 06:05:28,2026-09-28 16:00:00,Pekanbaru,Rain,light rain,28.88,33.4,75,1009,1.57,0.75,97,10000
2026-09-27 06:05:28,2026-09-28 19:00:00,Pekanbaru,Rain,light rain,26.09,26.09,88,1012,0.88,0.98,98,10000
2026-09-27 06:05:28,2026-09-28 22:00:00,Pekanbaru,Rain,light rain,24.18,25.19,97,1014,1.06,1.0,100,10000
2026-09-27 06:05:28,2026-09-29 01:00:00,Pekanbaru,Rain,light rain,23.83,24.8,97,1013,1.44,1.0,100,1913
2026-09-27 06:05:28,2026-09-29 04:00:00,Pekanbaru,Rain,light rain,23.35,24.27,97,1013,1.07,1.0,100,10000
2026-09-27 06:05:28,2026-09-29 07:00:00,Pekanbaru,Clouds,overcast clouds,23.47,24.41,97,1015,0.83,0.8,100,10000
2026-09-27 06:05:28,2026-09-29 10:00:00,Pekanbaru,Rain,light rain,25.27,26.28,93,1016,0.62,1.0,100,10000
2026-09-27 06:05:28,2026-09-29 13:00:00,Pekanbaru,Rain,light rain,24.32,25.37,98,1014,0.72,1.0,100,10000
2026-09-27 06:05:28,2026-09-29 16:00:00,Pekanbaru,Clouds,overcast clouds,24.73,25.71,94,1012,1.06,0.0,99,10000
2026-09-27 06:05:28,2026-09-29 19:00:00,Pekanbaru,Clouds,overcast clouds,23.46,24.42,98,1013,0.6,0.0,91,10000
2026-09-27 06:05:28,2026-09-29 22:00:00,Pekanbaru,Clouds,broken clouds,22.81,23.71,98,1015,0.22,0.0,56,10000
2026-09-27 06:05:28,2026-09-30 01:00:00,Pekanbaru,Clouds,broken clouds,23.0,23.86,96,1013,0.67,0.0,74,10000
2026-09-27 06:05:28,2026-09-30 04:00:00,Pekanbaru,Clouds,broken clouds,22.14,22.99,99,1012,1.21,0.0,51,10000
2026-09-27 06:05:28,2026-09-30 07:00:00,Pekanbaru,Clouds,scattered clouds,23.32,24.19,95,1014,0.21,0.0,48,10000
2026-09-27 06:05:28,2026-09-30 10:00:00,Pekanbaru,Clouds,scattered clouds,31.16,35.19,60,1015,0.73,0.0,30,10000
2026-09-27 06:05:28,2026-09-30 13:00:00,Pekanbaru,Clouds,few clouds,34.97,38.1,43,1011,0.97,0.0,23,10000
2026-09-27 06:05:28,2026-09-30 16:00:00,Pekanbaru,Clouds,broken clouds,29.03,32.61,69,1009,1.3,0.0,81,10000
2026-09-27 06:05:28,2026-09-30 19:00:00,Pekanbaru,Clouds,overcast clouds,26.98,29.42,77,1011,0.96,0.0,91,10000
2026-09-27 06:05:28,2026-09-30 22:00:00,Pekanbaru,Clouds,overcast clouds,25.65,26.46,84,1013,1.29,0.0,99,10000
2026-09-27 06:05:28,2026-10-01 01:00:00,Pekanbaru,Clouds,overcast clouds,25.39,26.26,87,1012,0.64,0.0,98,10000
2026-09-27 06:05:28,2026-10-01 04:00:00,Pekanbaru,Rain,light rain,24.7,25.6,91,1011,0.48,0.58,99,10000
2026-09-27 06:05:28,2026-10-01 07:00:00,Pekanbaru,Rain,light rain,24.27,25.21,94,1014,0.48,1.0,93,10000
2026-09-27 06:05:28,2026-10-01 10:00:00,Pekanbaru,Rain,light rain,30.28,35.22,68,1014,0.82,1.0,72,10000
2026-09-27 06:05:28,2026-10-01 13:00:00,Pekanbaru,Rain,light rain,30.86,36.93,69,1011,0.94,1.0,82,10000
2026-09-27 06:05:28,2026-10-01 16:00:00,Pekanbaru,Rain,moderate rain,29.18,34.36,76,1010,1.03,1.0,88,10000
2026-09-27 06:05:28,2026-10-01 19:00:00,Pekanbaru,Rain,moderate rain,24.82,25.81,94,1012,0.83,1.0,83,10000
2026-09-27 06:05:28,2026-10-01 22:00:00,Pekanbaru,Rain,moderate rain,24.24,25.17,94,1014,0.96,1.0,97,10000
2026-09-27 06:05:28,2026-10-02 01:00:00,Pekanbaru,Clouds,overcast clouds,23.53,24.47,97,1013,0.21,0.8,98,10000
2026-09-27 06:05:28,2026-10-02 04:00:00,Pekanbaru,Rain,moderate rain,22.9,23.83,99,1012,0.22,1.0,100,8090
2026-09-27 09:05:29,2026-09-27 10:00:00,Pekanbaru,Rain,light rain,26.15,26.15,94,1013,0.16,1.0,97,3983
2026-09-27 09:05:29,2026-09-27 13:00:00,Pekanbaru,Rain,moderate rain,25.26,26.22,91,1013,1.26,1.0,97,5601
2026-09-27 09:05:29,2026-09-27 16:00:00,Pekanbaru,Rain,moderate rain,23.71,24.67,97,1012,1.88,1.0,99,10000
2026-09-27 09:05:29,2026-09-27 19:00:00,Pekanbaru,Rain,light rain,23.78,24.72,96,1012,0.64,1.0,100,10000
2026-09-27 09:05:29,2026-09-27 22:00:00,Pekanbaru,Clouds,overcast clouds,23.71,24.64,96,1013,1.0,0.0,100,10000
2026-09-27 09:05:29,2026-09-28 01:00:00,Pekanbaru,Clouds,overcast clouds,26.41,26.41,96,1011,0.98,0.0,100,10000
2026-09-27 09:05:29,2026-09-28 04:00:00,Pekanbaru,Clouds,overcast clouds,24.6,25.62,96,1011,0.44,0.0,100,10000
2026-09-27 09:05:29,2026-09-28 07:00:00,Pekanbaru,Clouds,overcast clouds,22.5,23.31,96,1013,1.2,0.0,99,10000
2026-09-27 09:05:29,2026-09-28 10:00:00,Pekanbaru,Clouds,overcast clouds,28.42,31.5,70,1014,1.61,0.0,100,10000
2026-09-27 09:05:29,2026-09-28 13:00:00,Pekanbaru,Clouds,overcast clouds,34.55,38.57,47,1010,1.44,0.0,87,10000
2026-09-27 09:05:29,2026-09-28 16:00:00,Pekanbaru,Rain,light rain,27.95,31.82,79,1009,2.01,0.24,94,10000
2026-09-27 09:05:29,2026-09-28 19:00:00,Pekanbaru,Clouds,overcast clouds,26.12,26.12,86,1012,1.64,0.0,97,10000
2026-09-27 09:05:29,2026-09-28 22:00:00,Pekanbaru,Rain,light rain,25.18,26.13,91,1014,0.19,0.91,98,10000
2026-09-27 09:05:29,2026-09-29 01:00:00,Pekanbaru,Rain,moderate rain,23.69,24.65,97,1013,1.11,1.0,99,10000
2026-09-27 09:05:29,2026-09-29 04:00:00,Pekanbaru,Rain,light rain,23.23,24.14,97,1013,1.4,0.7,91,10000
2026-09-27 09:05:29,2026-09-29 07:00:00,Pekanbaru,Clouds,overcast clouds,23.31,24.23,97,1015,1.06,0.55,96,10000
2026-09-27 09:05:29,2026-09-29 10:00:00,Pekanbaru,Clouds,overcast clouds,29.43,33.08,67,1016,1.95,0.0,95,10000
2026-09-27 09:05:29,2026-09-29 13:00:00,Pekanbaru,Clouds,overcast clouds,31.73,35.35,56,1012,1.91,0.0,93,10000
2026-09-27 09:05:29,2026-09-29 16:00:00,Pekanbaru,Rain,light rain,24.49,25.5,96,1012,1.52,1.0,100,10000
2026-09-27 09:05:29,2026-09-29 19:00:00,Pekanbaru,Rain,light rain,24.12,25.09,96,1013,1.22,1.0,100,10000
2026-09-27 09:05:29,2026-09-29 22:00:00,Pekanbaru,Rain,light rain,23.85,24.82,97,1015,0.75,0.52,100,10000
2026-09-27 09:05:29,2026-09-30 01:00:00,Pekanbaru,Rain,light rain,23.59,24.54,97,1013,0.17,0.85,100,10000
2026-09-27 09:05:29,2026-09-30 04:00:00,Pekanbaru,Clouds,overcast clouds,23.38,24.33,98,1013,0.87,0.0,100,10000
2026-09-27 09:05:29,2026-09-30 07:00:00,Pekanbaru,Clouds,overcast clouds,23.76,24.72,97,1014,0.63,0.0,100,10000
2026-09-27 09:05:29,2026-09-30 10:00:00,Pekanbaru,Clouds,overcast clouds,28.67,32.89,75,1015,0.57,0.0,100,10000
2026-09-27 09:05:29,2026-09-30 13:00:00,Pekanbaru,Rain,light rain,32.2,36.34,56,1011,1.54,0.2,100,10000
2026-09-27 09:05:29,2026-09-30 16:00:00,Pekanbaru,Rain,light rain,30.35,35.65,69,1009,1.15,0.3,100,10000
2026-09-27 09:05:29,2026-09-30 19:00:00,Pekanbaru,Rain,light rain,25.59,26.45,86,1011,0.33,0.51,92,10000
2026-09-27 09:05:29,2026-09-30 22:00:00,Pekanbaru,Rain,light rain,24.65,25.52,90,1013,1.05,0.55,100,10000
2026-09-27 09:05:29,2026-10-01 01:00:00,Pekanbaru,Rain,light rain,23.4,24.3,96,1012,0.46,0.92,94,10000
2026-09-27 09:05:29,2026-10-01 04:00:00,Pekanbaru,Rain,light rain,22.68,23.59,99,1011,0.35,1.0,100,10000
2026-09-27 09:05:29,2026-10-01 07:00:00,Pekanbaru,Rain,moderate rain,23.29,24.23,98,1014,0.22,1.0,100,9717
2026-09-27 09:05:29,2026-10-01 10:00:00,Pekanbaru,Rain,moderate rain,27.51,31.55,85,1015,1.19,1.0,74,10000
2026-09-27 09:05:29,2026-10-01 13:00:00,Pekanbaru,Rain,light rain,30.19,35.51,70,1011,1.5,1.0,82,10000
2026-09-27 09:05:29,2026-10-01 16:00:00,Pekanbaru,Rain,moderate rain,29.27,34.81,77,1010,1.12,1.0,97,10000
2026-09-27 09:05:29,2026-10-01 19:00:00,Pekanbaru,Rain,light rain,24.85,25.82,93,1012,1.15,1.0,87,10000
2026-09-27 09:05:29,2026-10-01 22:00:00,Pekanbaru,Clouds,overcast clouds,24.17,25.12,95,1014,1.03,0.0,98,10000
2026-09-27 09:05:29,2026-10-02 01:00:00,Pekanbaru,Clouds,overcast clouds,23.67,24.6,96,1012,0.59,0.03,99,10000
2026-09-27 09:05:29,2026-10-02 04:00:00,Pekanbaru,Rain,light rain,23.14,24.07,98,1011,0.83,0.75,100,10000
2026-09-27 09:05:29,2026-10-02 07:00:00,Pekanbaru,Rain,light rain,23.87,24.79,95,1014,0.52,0.78,100,10000
2026-09-27 12:05:28,2026-09-27 13:00:00,Pekanbaru,Rain,moderate rain,28.15,32.98,83,1011,1.26,1.0,98,5601
2026-09-27 12:05:28,2026-09-27 16:00:00,Pekanbaru,Rain,moderate rain,26.34,26.34,88,1011,1.88,1.0,99,10000
2026-09-27 12:05:28,2026-09-27 19:00:00,Pekanbaru,Rain,light rain,25.24,26.22,92,1012,0.64,1.0,99,10000
2026-09-27 12:05:28,2026-09-27 22:00:00,Pekanbaru,Clouds,overcast clouds,23.71,24.64,96,1013,1.0,0.0,100,10000
2026-09-27 12:05:28,2026-09-28 01:00:00,Pekanbaru,Clouds,overcast clouds,26.41,26.41,96,1011,0.98,0.0,100,10000
2026-09-27 12:05:28,2026-09-28 04:00:00,Pekanbaru,Clouds,overcast clouds,24.6,25.62,96,1011,0.44,0.0,100,10000
2026-09-27 12:05:28,2026-09-28 07:00:00,Pekanbaru,Clouds,overcast clouds,22.5,23.31,96,1013,1.2,0.0,99,10000
2026-09-27 12:05:28,2026-09-28 10:00:00,Pekanbaru,Clouds,overcast clouds,28.42,31.5,70,1014,1.61,0.0,100,10000
2026-09-27 12:05:28,2026-09-28 13:00:00,Pekanbaru,Clouds,overcast clouds,34.55,38.57,47,1010,1.44,0.0,87,10000
2026-09-27 12:05:28,2026-09-28 16:00:00,Pekanbaru,Rain,light rain,27.95,31.82,79,1009,2.01,0.24,94,10000
2026-09-27 12:05:28,2026-09-28 19:00:00,Pekanbaru,Clouds,overcast clouds,26.12,26.12,86,1012,1.64,0.0,97,10000
2026-09-27 12:05:28,2026-09-28 22:00:00,Pekanbaru,Rain,light rain,25.18,26.13,91,1014,0.19,0.91,98,10000
2026-09-27 12:05:28,2026-09-29 01:00:00,Pekanbaru,Rain,moderate rain,23.69,24.65,97,1013,1.11,1.0,99,10000
2026-09-27 12:05:28,2026-09-29 04:00:00,Pekanbaru,Rain,light rain,23.23,24.14,97,1013,1.4,0.7,91,10000
2026-09-27 12:05:28,2026-09-29 07:00:00,Pekanbaru,Clouds,overcast clouds,23.31,24.23,97,1015,1.06,0.55,96,10000
2026-09-27 12:05:28,2026-09-29 10:00:00,Pekanbaru,Clouds,overcast clouds,29.43,33.08,67,1016,1.95,0.0,95,10000
2026-09-27 12:05:28,2026-09-29 13:00:00,Pekanbaru,Clouds,overcast clouds,31.73,35.35,56,1012,1.91,0.0,93,10000
2026-09-27 12:05:28,2026-09-29 16:00:00,Pekanbaru,Rain,light rain,24.49,25.5,96,1012,1.52,1.0,100,10000
2026-09-27 12:05:28,2026-09-29 19:00:00,Pekanbaru,Rain,light rain,24.12,25.09,96,1013,1.22,1.0,100,10000
2026-09-27 12:05:28,2026-09-29 22:00:00,Pekanbaru,Rain,light rain,23.85,24.82,97,1015,0.75,0.52,100,10000
2026-09-27 12:05:28,2026-09-30 01:00:00,Pekanbaru,Rain,light rain,23.59,24.54,97,1013,0.17,0.85,100,10000
2026-09-27 12:05:28,2026-09-30 04:00:00,Pekanbaru,Clouds,overcast clouds,23.38,24.33,98,1013,0.87,0.0,100,10000
2026-09-27 12:05:28,2026-09-30 07:00:00,Pekanbaru,Clouds,overcast clouds,23.76,24.72,97,1014,0.63,0.0,100,10000
2026-09-27 12:05:28,2026-09-30 10:00:00,Pekanbaru,Clouds,overcast clouds,28.67,32.89,75,1015,0.57,0.0,100,10000
2026-09-27 12:05:28,2026-09-30 13:00:00,Pekanbaru,Rain,light rain,32.2,36.34,56,1011,1.54,0.2,100,10000
2026-09-27 12:05:28,2026-09-30 16:00:00,Pekanbaru,Rain,light rain,30.35,35.65,69,1009,1.15,0.3,100,10000
2026-09-27 12:05:28,2026-09-30 19:00:00,Pekanbaru,Rain,light rain,25.59,26.45,86,1011,0.33,0.51,92,10000
2026-09-27 12:05:28,2026-09-30 22:00:00,Pekanbaru,Rain,light rain,24.65,25.52,90,1013,1.05,0.55,100,10000
2026-09-27 12:05:28,2026-10-01 01:00:00,Pekanbaru,Rain,light rain,23.4,24.3,96,1012,0.46,0.92,94,10000
2026-09-27 12:05:28,2026-10-01 04:00:00,Pekanbaru,Rain,light rain,22.68,23.59,99,1011,0.35,1.0,100,10000
2026-09-27 12:05:28,2026-10-01 07:00:00,Pekanbaru,Rain,moderate rain,23.29,24.23,98,1014,0.22,1.0,100,9717
2026-09-27 12:05:28,2026-10-01 10:00:00,Pekanbaru,Rain,moderate rain,27.51,31.55,85,1015,1.19,1.0,74,10000
2026-09-27 12:05:28,2026-10-01 13:00:00,Pekanbaru,Rain,light rain,30.19,35.51,70,1011,1.5,1.0,82,10000
2026-09-27 12:05:28,2026-10-01 16:00:00,Pekanbaru,Rain,moderate rain,29.27,34.81,77,1010,1.12,1.0,97,10000
2026-09-27 12:05:28,2026-10-01 19:00:00,Pekanbaru,Rain,light rain,24.85,25.82,93,1012,1.15,1.0,87,10000
2026-09-27 12:05:28,2026-10-01 22:00:00,Pekanbaru,Clouds,overcast clouds,24.17,25.12,95,1014,1.03,0.0,98,10000
2026-09-27 12:05:28,2026-10-02 01:00:00,Pekanbaru,Clouds,overcast clouds,23.67,24.6,96,1012,0.59,0.03,99,10000
2026-09-27 12:05:28,2026-10-02 04:00:00,Pekanbaru,Rain,light rain,23.14,24.07,98,1011,0.83,0.75,100,10000
2026-09-27 12:05:28,2026-10-02 07:00:00,Pekanbaru,Rain,light rain,23.87,24.79,95,1014,0.52,0.78,100,10000
2026-09-27 12:05:28,2026-10-02 10:00:00,Pekanbaru,Clouds,overcast clouds,31.58,36.11,60,1014,0.93,0.21,100,10000
2026-09-27 15:05:23,2026-09-27 16:00:00,Pekanbaru,Rain,light rain,29.15,36.1,84,1010,0.27,0.58,100,10000
2026-09-27 15:05:23,2026-09-27 19:00:00,Pekanbaru,Clouds,overcast clouds,27.29,31.21,87,1010,0.46,0.2,100,10000
2026-09-27 15:05:23,2026-09-27 22:00:00,Pekanbaru,Clouds,overcast clouds,25.08,26.02,91,1012,0.51,0.0,100,10000
2026-09-27 15:05:23,2026-09-28 01:00:00,Pekanbaru,Clouds,overcast clouds,23.12,23.92,93,1011,0.82,0.0,100,10000
2026-09-27 15:05:23,2026-09-28 04:00:00,Pekanbaru,Clouds,overcast clouds,23.17,23.97,93,1010,0.76,0.0,100,10000
2026-09-27 15:05:23,2026-09-28 07:00:00,Pekanbaru,Clouds,overcast clouds,23.84,24.66,91,1013,1.21,0.0,99,10000
2026-09-27 15:05:23,2026-09-28 10:00:00,Pekanbaru,Clouds,broken clouds,30.59,34.46,62,1013,2.42,0.0,74,10000
2026-09-27 15:05:23,2026-09-28 13:00:00,Pekanbaru,Rain,light rain,30.33,37.22,75,1010,1.62,1.0,87,6035
2026-09-27 15:05:23,2026-09-28 16:00:00,Pekanbaru,Rain,moderate rain,28.54,35.08,88,1009,0.38,1.0,100,10000
2026-09-27 15:05:23,2026-09-28 19:00:00,Pekanbaru,Rain,light rain,24.98,25.99,94,1012,1.75,1.0,100,10000
2026-09-27 15:05:23,2026-09-28 22:00:00,Pekanbaru,Rain,light rain,24.22,25.23,97,1014,0.88,0.54,100,10000
2026-09-27 15:05:23,2026-09-29 01:00:00,Pekanbaru,Rain,light rain,23.89,24.89,98,1013,1.37,0.69,99,10000
2026-09-27 15:05:23,2026-09-29 04:00:00,Pekanbaru,Clouds,broken clouds,22.8,23.69,98,1012,1.25,0.16,72,10000
2026-09-27 15:05:23,2026-09-29 07:00:00,Pekanbaru,Clouds,broken clouds,23.5,24.39,95,1015,1.06,0.06,79,10000
2026-09-27 15:05:23,2026-09-29 10:00:00,Pekanbaru,Clouds,overcast clouds,28.99,32.34,68,1015,1.61,0.0,100,10000
2026-09-27 15:05:23,2026-09-29 13:00:00,Pekanbaru,Rain,light rain,29.34,34.55,75,1013,2.16,0.95,100,6272
2026-09-27 15:05:23,2026-09-29 16:00:00,Pekanbaru,Rain,light rain,25.34,26.38,94,1012,2.07,1.0,100,10000
2026-09-27 15:05:23,2026-09-29 19:00:00,Pekanbaru,Rain,moderate rain,23.56,24.5,97,1014,1.66,1.0,100,10000
2026-09-27 15:05:23,2026-09-29 22:00:00,Pekanbaru,Clouds,overcast clouds,23.25,24.22,99,1016,1.37,0.0,100,10000
2026-09-27 15:05:23,2026-09-30 01:00:00,Pekanbaru,Clouds,overcast clouds,22.95,23.89,99,1014,1.05,0.0,100,10000
2026-09-27 15:05:23,2026-09-30 04:00:00,Pekanbaru,Clouds,overcast clouds,22.52,23.41,99,1012,1.04,0.0,100,10000
2026-09-27 15:05:23,2026-09-30 07:00:00,Pekanbaru,Clouds,overcast clouds,22.92,23.8,97,1014,0.29,0.0,100,10000
2026-09-27 15:05:23,2026-09-30 10:00:00,Pekanbaru,Clouds,broken clouds,29.92,33.93,66,1015,0.03,0.0,74,10000
2026-09-27 15:05:23,2026-09-30 13:00:00,Pekanbaru,Clouds,broken clouds,33.63,37.59,50,1011,1.19,0.0,77,10000
2026-09-27 15:05:23,2026-09-30 16:00:00,Pekanbaru,Clouds,broken clouds,31.99,36.75,59,1009,1.2,0.0,77,10000
2026-09-27 15:05:23,2026-09-30 19:00:00,Pekanbaru,Clouds,overcast clouds,27.53,30.35,75,1011,0.06,0.0,85,10000
2026-09-27 15:05:23,2026-09-30 22:00:00,Pekanbaru,Clouds,overcast clouds,26.32,26.32,79,1013,1.55,0.01,100,10000
2026-09-27 15:05:23,2026-10-01 01:00:00,Pekanbaru,Rain,light rain,24.71,25.56,89,1012,0.69,0.51,100,10000
2026-09-27 15:05:23,2026-10-01 04:00:00,Pekanbaru,Rain,light rain,23.0,23.89,97,1012,0.93,1.0,100,10000
2026-09-27 15:05:23,2026-10-01 07:00:00,Pekanbaru,Rain,light rain,23.74,24.68,96,1013,0.15,1.0,100,10000
2026-09-27 15:05:23,2026-10-01 10:00:00,Pekanbaru,Rain,light rain,27.76,31.93,83,1014,1.01,1.0,98,8150
2026-09-27 15:05:23,2026-10-01 13:00:00,Pekanbaru,Rain,light rain,31.72,36.43,60,1011,1.74,1.0,99,10000
2026-09-27 15:05:23,2026-10-01 16:00:00,Pekanbaru,Rain,light rain,28.4,34.44,87,1010,1.54,1.0,92,10000
2026-09-27 15:05:23,2026-10-01 19:00:00,Pekanbaru,Rain,moderate rain,24.64,25.61,94,1012,0.83,1.0,97,8689
2026-09-27 15:05:23,2026-10-01 22:00:00,Pekanbaru,Rain,light rain,24.55,25.54,95,1014,0.93,1.0,100,10000
2026-09-27 15:05:23,2026-10-02 01:00:00,Pekanbaru,Rain,light rain,23.58,24.53,97,1012,0.61,1.0,100,10000
2026-09-27 15:05:23,2026-10-02 04:00:00,Pekanbaru,Rain,light rain,22.96,23.9,99,1011,0.8,1.0,100,9953
2026-09-27 15:05:23,2026-10-02 07:00:00,Pekanbaru,Rain,light rain,23.55,24.52,98,1014,0.84,1.0,100,10000
2026-09-27 15:05:23,2026-10-02 10:00:00,Pekanbaru,Rain,light rain,29.01,33.92,76,1014,0.17,0.77,100,7900
2026-09-27 15:05:23,2026-10-02 13:00:00,Pekanbaru,Rain,light rain,32.01,36.5,58,1011,1.44,1.0,100,10000
2026-09-27 18:05:31,2026-09-27 19:00:00,Pekanbaru,Clouds,overcast clouds,27.15,31.05,89,1010,0.46,0.2,100,10000
2026-09-27 18:05:31,2026-09-27 22:00:00,Pekanbaru,Clouds,overcast clouds,25.84,26.86,91,1011,0.51,0.0,100,10000
2026-09-27 18:05:31,2026-09-28 01:00:00,Pekanbaru,Clouds,overcast clouds,24.46,25.36,92,1011,0.82,0.0,100,10000
2026-09-27 18:05:31,2026-09-28 04:00:00,Pekanbaru,Clouds,overcast clouds,23.17,23.97,93,1010,0.76,0.0,100,10000
2026-09-27 18:05:31,2026-09-28 07:00:00,Pekanbaru,Clouds,overcast clouds,23.84,24.66,91,1013,1.21,0.0,99,10000
2026-09-27 18:05:31,2026-09-28 10:00:00,Pekanbaru,Clouds,broken clouds,30.59,34.46,62,1013,2.42,0.0,74,10000
2026-09-27 18:05:31,2026-09-28 13:00:00,Pekanbaru,Rain,light rain,30.33,37.22,75,1010,1.62,1.0,87,6035
2026-09-27 18:05:31,2026-09-28 16:00:00,Pekanbaru,Rain,moderate rain,28.54,35.08,88,1009,0.38,1.0,100,10000
2026-09-27 18:05:31,2026-09-28 19:00:00,Pekanbaru,Rain,light rain,24.98,25.99,94,1012,1.75,1.0,100,10000
2026-09-27 18:05:31,2026-09-28 22:00:00,Pekanbaru,Rain,light rain,24.22,25.23,97,1014,0.88,0.54,100,10000
2026-09-27 18:05:31,2026-09-29 01:00:00,Pekanbaru,Rain,light rain,23.89,24.89,98,1013,1.37,0.69,99,10000
2026-09-27 18:05:31,2026-09-29 04:00:00,Pekanbaru,Clouds,broken clouds,22.8,23.69,98,1012,1.25,0.16,72,10000
2026-09-27 18:05:31,2026-09-29 07:00:00,Pekanbaru,Clouds,broken clouds,23.5,24.39,95,1015,1.06,0.06,79,10000
2026-09-27 18:05:31,2026-09-29 10:00:00,Pekanbaru,Clouds,overcast clouds,28.99,32.34,68,1015,1.61,0.0,100,10000
2026-09-27 18:05:31,2026-09-29 13:00:00,Pekanbaru,Rain,light rain,29.34,34.55,75,1013,2.16,0.95,100,6272
2026-09-27 18:05:31,2026-09-29 16:00:00,Pekanbaru,Rain,light rain,25.34,26.38,94,1012,2.07,1.0,100,10000
2026-09-27 18:05:31,2026-09-29 19:00:00,Pekanbaru,Rain,moderate rain,23.56,24.5,97,1014,1.66,1.0,100,10000
2026-09-27 18:05:31,2026-09-29 22:00:00,Pekanbaru,Clouds,overcast clouds,23.25,24.22,99,1016,1.37,0.0,100,10000
2026-09-27 18:05:31,2026-09-30 01:00:00,Pekanbaru,Clouds,overcast clouds,22.95,23.89,99,1014,1.05,0.0,100,10000
2026-09-27 18:05:31,2026-09-30 04:00:00,Pekanbaru,Clouds,overcast clouds,22.52,23.41,99,1012,1.04,0.0,100,10000
2026-09-27 18:05:31,2026-09-30 07:00:00,Pekanbaru,Clouds,overcast clouds,22.92,23.8,97,1014,0.29,0.0,100,10000
2026-09-27 18:05:31,2026-09-30 10:00:00,Pekanbaru,Clouds,broken clouds,29.92,33.93,66,1015,0.03,0.0,74,10000
2026-09-27 18:05:31,2026-09-30 13:00:00,Pekanbaru,Clouds,broken clouds,33.63,37.59,50,1011,1.19,0.0,77,10000
2026-09-27 18:05:31,2026-09-30 16:00:00,Pekanbaru,Clouds,broken clouds,31.99,36.75,59,1009,1.2,0.0,77,10000
2026-09-27 18:05:31,2026-09-30 19:00:00,Pekanbaru,Clouds,overcast clouds,27.53,30.35,75,1011,0.06,0.0,85,10000
2026-09-27 18:05:31,2026-09-30 22:00:00,Pekanbaru,Clouds,overcast clouds,26.32,26.32,79,1013,1.55,0.01,100,10000
2026-09-27 18:05:31,2026-10-01 01:00:00,Pekanbaru,Rain,light rain,24.71,25.56,89,1012,0.69,0.51,100,10000
2026-09-27 18:05:31,2026-10-01 04:00:00,Pekanbaru,Rain,light rain,23.0,23.89,97,1012,0.93,1.0,100,10000
2026-09-27 18:05:31,2026-10-01 07:00:00,Pekanbaru,Rain,light rain,23.74,24.68,96,1013,0.15,1.0,100,10000
2026-09-27 18:05:31,2026-10-01 10:00:00,Pekanbaru,Rain,light rain,27.76,31.93,83,1014,1.01,1.0,98,8150
2026-09-27 18:05:31,2026-10-01 13:00:00,Pekanbaru,Rain,light rain,31.72,36.43,60,1011,1.74,1.0,99,10000
2026-09-27 18:05:31,2026-10-01 16:00:00,Pekanbaru,Rain,light rain,28.4,34.44,87,1010,1.54,1.0,92,10000
2026-09-27 18:05:31,2026-10-01 19:00:00,Pekanbaru,Rain,moderate rain,24.64,25.61,94,1012,0.83,1.0,97,8689
2026-09-27 18:05:31,2026-10-01 22:00:00,Pekanbaru,Rain,light rain,24.55,25.54,95,1014,0.93,1.0,100,10000
2026-09-27 18:05:31,2026-10-02 01:00:00,Pekanbaru,Rain,light rain,23.58,24.53,97,1012,0.61,1.0,100,10000
2026-09-27 18:05:31,2026-10-02 04:00:00,Pekanbaru,Rain,light rain,22.96,23.9,99,1011,0.8,1.0,100,9953
2026-09-27 18:05:31,2026-10-02 07:00:00,Pekanbaru,Rain,light rain,23.55,24.52,98,1014,0.84,1.0,100,10000
2026-09-27 18:05:31,2026-10-02 10:00:00,Pekanbaru,Rain,light rain,29.01,33.92,76,1014,0.17,0.77,100,7900
2026-09-27 18:05:31,2026-10-02 13:00:00,Pekanbaru,Rain,light rain,32.01,36.5,58,1011,1.44,1.0,100,10000
2026-09-27 18:05:31,2026-10-02 16:00:00,Pekanbaru,Rain,light rain,30.99,35.08,61,1010,0.86,0.66,100,10000
2026-09-27 21:05:29,2026-09-27 22:00:00,Pekanbaru,Clouds,overcast clouds,26.15,26.15,94,1012,1.17,0.0,100,10000
2026-09-27 21:05:29,2026-09-28 01:00:00,Pekanbaru,Clouds,overcast clouds,25.17,26.17,93,1012,0.89,0.0,100,10000
2026-09-27 21:05:29,2026-09-28 04:00:00,Pekanbaru,Clouds,overcast clouds,23.74,24.6,93,1011,1.07,0.0,99,10000
2026-09-27 21:05:29,2026-09-28 07:00:00,Pekanbaru,Clouds,overcast clouds,23.81,24.54,88,1013,1.31,0.0,99,10000
2026-09-27 21:05:29,2026-09-28 10:00:00,Pekanbaru,Clouds,broken clouds,30.49,34.48,63,1014,2.19,0.0,72,10000
2026-09-27 21:05:29,2026-09-28 13:00:00,Pekanbaru,Rain,light rain,33.97,38.33,50,1010,2.38,0.2,73,10000
2026-09-27 21:05:29,2026-09-28 16:00:00,Pekanbaru,Rain,light rain,30.53,35.83,68,1009,1.72,0.26,98,10000
2026-09-27 21:05:29,2026-09-28 19:00:00,Pekanbaru,Clouds,overcast clouds,26.87,29.63,82,1011,1.37,0.11,99,10000
2026-09-27 21:05:29,2026-09-28 22:00:00,Pekanbaru,Rain,light rain,24.8,25.74,92,1014,1.45,0.45,86,10000
2026-09-27 21:05:29,2026-09-29 01:00:00,Pekanbaru,Rain,light rain,24.37,25.29,93,1013,1.12,0.44,90,10000
2026-09-27 21:05:29,2026-09-29 04:00:00,Pekanbaru,Clouds,overcast clouds,23.8,24.72,95,1012,1.33,0.06,100,10000
2026-09-27 21:05:29,2026-09-29 07:00:00,Pekanbaru,Rain,light rain,24.12,24.99,92,1015,0.71,0.33,99,10000
2026-09-27 21:05:29,2026-09-29 10:00:00,Pekanbaru,Clouds,overcast clouds,29.35,33.11,68,1015,1.35,0.02,100,10000
2026-09-27 21:05:29,2026-09-29 13:00:00,Pekanbaru,Rain,light rain,30.33,35.6,69,1012,0.85,1.0,100,10000
2026-09-27 21:05:29,2026-09-29 16:00:00,Pekanbaru,Rain,moderate rain,27.3,31.48,89,1011,1.01,1.0,100,10000
2026-09-27 21:05:29,2026-09-29 19:00:00,Pekanbaru,Rain,moderate rain,24.61,25.55,93,1013,1.39,1.0,100,8982
2026-09-27 21:05:29,2026-09-29 22:00:00,Pekanbaru,Rain,light rain,23.49,24.45,98,1016,1.97,1.0,99,8650
2026-09-27 21:05:29,2026-09-30 01:00:00,Pekanbaru,Rain,light rain,22.82,23.74,99,1014,1.46,1.0,94,7402
2026-09-27 21:05:29,2026-09-30 04:00:00,Pekanbaru,Clouds,overcast clouds,22.57,23.47,99,1013,0.88,0.0,98,10000
2026-09-27 21:05:29,2026-09-30 07:00:00,Pekanbaru,Clouds,overcast clouds,23.26,24.17,97,1014,0.43,0.0,99,10000
2026-09-27 21:05:29,2026-09-30 10:00:00,Pekanbaru,Clouds,broken clouds,30.04,34.19,66,1015,0.94,0.0,63,10000
2026-09-27 21:05:29,2026-09-30 13:00:00,Pekanbaru,Clouds,broken clouds,33.91,36.93,46,1011,1.51,0.0,63,10000
2026-09-27 21:05:29,2026-09-30 16:00:00,Pekanbaru,Clouds,broken clouds,33.19,36.38,49,1009,1.42,0.0,60,10000
2026-09-27 21:05:29,2026-09-30 19:00:00,Pekanbaru,Rain,light rain,24.82,25.6,86,1011,0.88,0.34,79,10000
2026-09-27 21:05:29,2026-09-30 22:00:00,Pekanbaru,Rain,light rain,23.46,24.24,91,1013,0.94,0.59,100,10000
2026-09-27 21:05:29,2026-10-01 01:00:00,Pekanbaru,Rain,light rain,22.72,23.55,96,1012,0.29,0.89,100,10000
2026-09-27 21:05:29,2026-10-01 04:00:00,Pekanbaru,Clouds,overcast clouds,22.57,23.39,96,1011,0.29,0.05,100,10000
2026-09-27 21:05:29,2026-10-01 07:00:00,Pekanbaru,Rain,light rain,23.37,24.22,94,1013,0.42,0.42,100,10000
2026-09-27 21:05:29,2026-10-01 10:00:00,Pekanbaru,Rain,light rain,28.51,32.87,77,1014,1.39,1.0,100,8282
2026-09-27 21:05:29,2026-10-01 13:00:00,Pekanbaru,Rain,moderate rain,29.28,34.62,76,1012,0.86,1.0,99,10000
2026-09-27 21:05:29,2026-10-01 16:00:00,Pekanbaru,Rain,moderate rain,28.84,34.09,79,1010,1.02,1.0,93,10000
2026-09-27 21:05:29,2026-10-01 19:00:00,Pekanbaru,Rain,light rain,24.84,25.81,93,1012,1.08,1.0,96,10000
2026-09-27 21:05:29,2026-10-01 22:00:00,Pekanbaru,Rain,moderate rain,23.81,24.78,97,1014,0.63,1.0,100,10000
2026-09-27 21:05:29,2026-10-02 01:00:00,Pekanbaru,Rain,light rain,23.53,24.47,97,1013,0.64,1.0,100,10000
2026-09-27 21:05:29,2026-10-02 04:00:00,Pekanbaru,Rain,light rain,22.96,23.9,99,1012,0.99,0.95,100,10000
2026-09-27 21:05:29,2026-10-02 07:00:00,Pekanbaru,Rain,light rain,23.5,24.46,98,1014,0.79,1.0,100,10000
2026-09-27 21:05:29,2026-10-02 10:00:00,Pekanbaru,Clouds,overcast clouds,29.97,34.73,69,1015,0.24,0.19,99,10000
2026-09-27 21:05:29,2026-10-02 13:00:00,Pekanbaru,Rain,light rain,29.9,34.8,70,1012,1.36,1.0,99,10000
2026-09-27 21:05:29,2026-10-02 16:00:00,Pekanbaru,Rain,light rain,29.75,34.67,71,1010,1.43,1.0,100,7108
2026-09-27 21:05:29,2026-10-02 19:00:00,Pekanbaru,Rain,light rain,24.89,25.89,94,1012,0.47,1.0,100,10000
2026-09-28 00:05:30,2026-09-28 01:00:00,Pekanbaru,Clouds,overcast clouds,25.15,26.33,100,1011,0.89,0.0,100,10000
2026-09-28 00:05:30,2026-09-28 04:00:00,Pekanbaru,Clouds,overcast clouds,24.33,25.38,98,1011,1.07,0.0,100,10000
2026-09-28 00:05:30,2026-09-28 07:00:00,Pekanbaru,Clouds,overcast clouds,24.26,25.14,92,1012,1.31,0.0,99,10000
2026-09-28 00:05:30,2026-09-28 10:00:00,Pekanbaru,Clouds,broken clouds,30.49,34.48,63,1014,2.19,0.0,72,10000
2026-09-28 00:05:30,2026-09-28 13:00:00,Pekanbaru,Rain,light rain,33.97,38.33,50,1010,2.38,0.2,73,10000
2026-09-28 00:05:30,2026-09-28 16:00:00,Pekanbaru,Rain,light rain,30.53,35.83,68,1009,1.72,0.26,98,10000
2026-09-28 00:05:30,2026-09-28 19:00:00,Pekanbaru,Clouds,overcast clouds,26.87,29.63,82,1011,1.37,0.11,99,10000
2026-09-28 00:05:30,2026-09-28 22:00:00,Pekanbaru,Rain,light rain,24.8,25.74,92,1014,1.45,0.45,86,10000
2026-09-28 00:05:30,2026-09-29 01:00:00,Pekanbaru,Rain,light rain,24.37,25.29,93,1013,1.12,0.44,90,10000
2026-09-28 00:05:30,2026-09-29 04:00:00,Pekanbaru,Clouds,overcast clouds,23.8,24.72,95,1012,1.33,0.06,100,10000
2026-09-28 00:05:30,2026-09-29 07:00:00,Pekanbaru,Rain,light rain,24.12,24.99,92,1015,0.71,0.33,99,10000
2026-09-28 00:05:30,2026-09-29 10:00:00,Pekanbaru,Clouds,overcast clouds,29.35,33.11,68,1015,1.35,0.02,100,10000
2026-09-28 00:05:30,2026-09-29 13:00:00,Pekanbaru,Rain,light rain,30.33,35.6,69,1012,0.85,1.0,100,10000
2026-09-28 00:05:30,2026-09-29 16:00:00,Pekanbaru,Rain,moderate rain,27.3,31.48,89,1011,1.01,1.0,100,10000
2026-09-28 00:05:30,2026-09-29 19:00:00,Pekanbaru,Rain,moderate rain,24.61,25.55,93,1013,1.39,1.0,100,8982
2026-09-28 00:05:30,2026-09-29 22:00:00,Pekanbaru,Rain,light rain,23.49,24.45,98,1016,1.97,1.0,99,8650
2026-09-28 00:05:30,2026-09-30 01:00:00,Pekanbaru,Rain,light rain,22.82,23.74,99,1014,1.46,1.0,94,7402
2026-09-28 00:05:30,2026-09-30 04:00:00,Pekanbaru,Clouds,overcast clouds,22.57,23.47,99,1013,0.88,0.0,98,10000
2026-09-28 00:05:30,2026-09-30 07:00:00,Pekanbaru,Clouds,overcast clouds,23.26,24.17,97,1014,0.43,0.0,99,10000
2026-09-28 00:05:30,2026-09-30 10:00:00,Pekanbaru,Clouds,broken clouds,30.04,34.19,66,1015,0.94,0.0,63,10000
2026-09-28 00:05:30,2026-09-30 13:00:00,Pekanbaru,Clouds,broken clouds,33.91,36.93,46,1011,1.51,0.0,63,10000
2026-09-28 00:05:30,2026-09-30 16:00:00,Pekanbaru,Clouds,broken clouds,33.19,36.38,49,1009,1.42,0.0,60,10000
2026-09-28 00:05:30,2026-09-30 19:00:00,Pekanbaru,Rain,light rain,24.82,25.6,86,1011,0.88,0.34,79,10000
2026-09-28 00:05:30,2026-09-30 22:00:00,Pekanbaru,Rain,light rain,23.46,24.24,91,1013,0.94,0.59,100,10000
2026-09-28 00:05:30,2026-10-01 01:00:00,Pekanbaru,Rain,light rain,22.72,23.55,96,1012,0.29,0.89,100,10000
2026-09-28 00:05:30,2026-10-01 04:00:00,Pekanbaru,Clouds,overcast clouds,22.57,23.39,96,1011,0.29,0.05,100,10000
2026-09-28 00:05:30,2026-10-01 07:00:00,Pekanbaru,Rain,light rain,23.37,24.22,94,1013,0.42,0.42,100,10000
2026-09-28 00:05:30,2026-10-01 10:00:00,Pekanbaru,Rain,light rain,28.51,32.87,77,1014,1.39,1.0,100,8282
2026-09-28 00:05:30,2026-10-01 13:00:00,Pekanbaru,Rain,moderate rain,29.28,34.62,76,1012,0.86,1.0,99,10000
2026-09-28 00:05:30,2026-10-01 16:00:00,Pekanbaru,Rain,moderate rain,28.84,34.09,79,1010,1.02,1.0,93,10000
2026-09-28 00:05:30,2026-10-01 19:00:00,Pekanbaru,Rain,light rain,24.84,25.81,93,1012,1.08,1.0,96,10000
2026-09-28 00:05:30,2026-10-01 22:00:00,Pekanbaru,Rain,moderate rain,23.81,24.78,97,1014,0.63,1.0,100,10000
2026-09-28 00:05:30,2026-10-02 01:00:00,Pekanbaru,Rain,light rain,23.53,24.47,97,1013,0.64,1.0,100,10000
2026-09-28 00:05:30,2026-10-02 04:00:00,Pekanbaru,Rain,light rain,22.96,23.9,99,1012,0.99,0.95,100,10000
2026-09-28 00:05:30,2026-10-02 07:00:00,Pekanbaru,Rain,light rain,23.5,24.46,98,1014,0.79,1.0,100,10000
2026-09-28 00:05:30,2026-10-02 10:00:00,Pekanbaru,Clouds,overcast clouds,29.97,34.73,69,1015,0.24,0.19,99,10000
2026-09-28 00:05:30,2026-10-02 13:00:00,Pekanbaru,Rain,light rain,29.9,34.8,70,1012,1.36,1.0,99,10000
2026-09-28 00:05:30,2026-10-02 16:00:00,Pekanbaru,Rain,light rain,29.75,34.67,71,1010,1.43,1.0,100,7108
2026-09-28 00:05:30,2026-10-02 19:00:00,Pekanbaru,Rain,light rain,24.89,25.89,94,1012,0.47,1.0,100,10000
2026-09-28 00:05:30,2026-10-02 22:00:00,Pekanbaru,Clouds,overcast clouds,24.59,25.59,95,1014,0.17,0.61,100,10000
2026-09-28 03:05:31,2026-09-28 04:00:00,Pekanbaru,Clouds,broken clouds,25.15,26.18,94,1010,1.22,0.0,74,10000
2026-09-28 03:05:31,2026-09-28 07:00:00,Pekanbaru,Clouds,broken clouds,24.66,25.58,92,1011,1.18,0.0,78,10000
2026-09-28 03:05:31,2026-09-28 10:00:00,Pekanbaru,Clouds,broken clouds,28.72,32.47,72,1013,2.16,0.0,61,10000
2026-09-28 03:05:31,2026-09-28 13:00:00,Pekanbaru,Clouds,scattered clouds,34.62,38.71,47,1010,2.06,0.0,47,10000
2026-09-28 03:05:31,2026-09-28 16:00:00,Pekanbaru,Clouds,overcast clouds,31.29,36.01,62,1008,1.59,0.0,94,10000
2026-09-28 03:05:31,2026-09-28 19:00:00,Pekanbaru,Rain,light rain,26.28,26.28,85,1011,1.19,0.4,97,7788
2026-09-28 03:05:31,2026-09-28 22:00:00,Pekanbaru,Rain,light rain,24.8,25.82,95,1014,1.31,0.71,95,10000
2026-09-28 03:05:31,2026-09-29 01:00:00,Pekanbaru,Rain,light rain,24.17,25.15,96,1013,1.33,0.57,80,10000
2026-09-28 03:05:31,2026-09-29 04:00:00,Pekanbaru,Clouds,overcast clouds,23.64,24.62,98,1012,1.33,0.01,96,10000
2026-09-28 03:05:31,2026-09-29 07:00:00,Pekanbaru,Clouds,overcast clouds,24.22,25.18,95,1014,1.26,0.0,97,10000
2026-09-28 03:05:31,2026-09-29 10:00:00,Pekanbaru,Clouds,broken clouds,30.98,35.05,61,1015,2.01,0.0,69,10000
2026-09-28 03:05:31,2026-09-29 13:00:00,Pekanbaru,Rain,light rain,30.74,36.07,67,1012,1.36,1.0,75,5854
2026-09-28 03:05:31,2026-09-29 16:00:00,Pekanbaru,Rain,moderate rain,27.33,30.95,84,1010,1.27,1.0,100,5333
2026-09-28 03:05:31,2026-09-29 19:00:00,Pekanbaru,Rain,light rain,24.74,25.7,93,1012,1.25,1.0,97,10000
2026-09-28 03:05:31,2026-09-29 22:00:00,Pekanbaru,Rain,moderate rain,24.14,25.12,96,1015,1.2,1.0,88,10000
2026-09-28 03:05:31,2026-09-30 01:00:00,Pekanbaru,Rain,light rain,23.39,24.34,98,1013,0.95,1.0,85,10000
2026-09-28 03:05:31,2026-09-30 04:00:00,Pekanbaru,Clouds,broken clouds,22.88,23.81,99,1012,1.08,0.0,74,10000
2026-09-28 03:05:31,2026-09-30 07:00:00,Pekanbaru,Clouds,broken clouds,23.54,24.48,97,1014,0.5,0.0,71,10000
2026-09-28 03:05:31,2026-09-30 10:00:00,Pekanbaru,Clouds,broken clouds,30.75,35.05,63,1015,0.37,0.0,61,10000
2026-09-28 03:05:31,2026-09-30 13:00:00,Pekanbaru,Clouds,broken clouds,34.48,37.44,44,1011,1.33,0.0,71,10000
2026-09-28 03:05:31,2026-09-30 16:00:00,Pekanbaru,Clouds,broken clouds,31.01,34.62,59,1008,0.52,0.0,84,10000
2026-09-28 03:05:31,2026-09-30 19:00:00,Pekanbaru,Clouds,overcast clouds,28.09,30.31,66,1011,0.44,0.0,93,10000
2026-09-28 03:05:31,2026-09-30 22:00:00,Pekanbaru,Clouds,overcast clouds,26.25,26.25,82,1013,1.28,0.0,100,10000
2026-09-28 03:05:31,2026-10-01 01:00:00,Pekanbaru,Rain,light rain,24.61,25.58,94,1011,0.34,0.91,100,3560
2026-09-28 03:05:31,2026-10-01 04:00:00,Pekanbaru,Rain,light rain,23.87,24.87,98,1011,0.11,1.0,96,10000
2026-09-28 03:05:31,2026-10-01 07:00:00,Pekanbaru,Rain,light rain,24.55,25.59,97,1013,0.32,0.94,98,10000
2026-09-28 03:05:31,2026-10-01 10:00:00,Pekanbaru,Rain,moderate rain,27.94,32.41,83,1014,1.22,1.0,100,10000
2026-09-28 03:05:31,2026-10-01 13:00:00,Pekanbaru,Rain,light rain,32.37,37.95,60,1011,1.21,1.0,98,10000
2026-09-28 03:05:31,2026-10-01 16:00:00,Pekanbaru,Rain,moderate rain,27.67,32.57,89,1010,0.34,1.0,100,10000
2026-09-28 03:05:31,2026-10-01 19:00:00,Pekanbaru,Rain,light rain,24.73,25.69,93,1012,0.05,1.0,98,10000
2026-09-28 03:05:31,2026-10-01 22:00:00,Pekanbaru,Rain,light rain,23.8,24.77,97,1014,1.4,0.88,98,10000
2026-09-28 03:05:31,2026-10-02 01:00:00,Pekanbaru,Rain,moderate rain,23.2,24.16,99,1013,1.12,1.0,99,3900
2026-09-28 03:05:31,2026-10-02 04:00:00,Pekanbaru,Rain,moderate rain,22.56,23.48,100,1012,0.32,1.0,100,338
2026-09-28 03:05:31,2026-10-02 07:00:00,Pekanbaru,Rain,moderate rain,23.3,24.27,99,1014,0.36,1.0,93,3596
2026-09-28 03:05:31,2026-10-02 10:00:00,Pekanbaru,Rain,light rain,29.05,33.62,74,1015,0.27,0.21,97,10000
2026-09-28 03:05:31,2026-10-02 13:00:00,Pekanbaru,Rain,light rain,29.62,35.28,75,1012,1.22,1.0,99,10000
2026-09-28 03:05:31,2026-10-02 16:00:00,Pekanbaru,Rain,light rain,29.06,35.13,81,1010,1.03,1.0,100,7570
2026-09-28 03:05:31,2026-10-02 19:00:00,Pekanbaru,Rain,moderate rain,24.64,25.64,95,1012,0.91,1.0,100,10000
2026-09-28 03:05:31,2026-10-02 22:00:00,Pekanbaru,Rain,light rain,24.15,25.15,97,1014,0.8,1.0,100,9627
2026-09-28 03:05:31,2026-10-03 01:00:00,Pekanbaru,Rain,light rain,23.74,24.7,97,1013,0.73,0.99,100,10000
2026-09-28 06:05:33,2026-09-28 07:00:00,Pekanbaru,Clouds,overcast clouds,24.15,25.23,100,1012,1.18,0.0,86,10000
2026-09-28 06:05:33,2026-09-28 10:00:00,Pekanbaru,Clouds,broken clouds,26.19,26.19,89,1012,2.16,0.0,76,10000
2026-09-28 06:05:33,2026-09-28 13:00:00,Pekanbaru,Clouds,broken clouds,31.13,36.19,64,1011,2.06,0.0,60,10000
2026-09-28 06:05:33,2026-09-28 16:00:00,Pekanbaru,Clouds,overcast clouds,31.29,36.01,62,1008,1.59,0.0,94,10000
2026-09-28 06:05:33,2026-09-28 19:00:00,Pekanbaru,Rain,light rain,26.28,26.28,85,1011,1.19,0.4,97,7788
2026-09-28 06:05:33,2026-09-28 22:00:00,Pekanbaru,Rain,light rain,24.8,25.82,95,1014,1.31,0.71,95,10000
2026-09-28 06:05:33,2026-09-29 01:00:00,Pekanbaru,Rain,light rain,24.17,25.15,96,1013,1.33,0.57,80,10000
2026-09-28 06:05:33,2026-09-29 04:00:00,Pekanbaru,Clouds,overcast clouds,23.64,24.62,98,1012,1.33,0.01,96,10000
2026-09-28 06:05:33,2026-09-29 07:00:00,Pekanbaru,Clouds,overcast clouds,24.22,25.18,95,1014,1.26,0.0,97,10000
2026-09-28 06:05:33,2026-09-29 10:00:00,Pekanbaru,Clouds,broken clouds,30.98,35.05,61,1015,2.01,0.0,69,10000
2026-09-28 06:05:33,2026-09-29 13:00:00,Pekanbaru,Rain,light rain,30.74,36.07,67,1012,1.36,1.0,75,5854
2026-09-28 06:05:33,2026-09-29 16:00:00,Pekanbaru,Rain,moderate rain,27.33,30.95,84,1010,1.27,1.0,100,5333
2026-09-28 06:05:33,2026-09-29 19:00:00,Pekanbaru,Rain,light rain,24.74,25.7,93,1012,1.25,1.0,97,10000
2026-09-28 06:05:33,2026-09-29 22:00:00,Pekanbaru,Rain,moderate rain,24.14,25.12,96,1015,1.2,1.0,88,10000
2026-09-28 06:05:33,2026-09-30 01:00:00,Pekanbaru,Rain,light rain,23.39,24.34,98,1013,0.95,1.0,85,10000
2026-09-28 06:05:33,2026-09-30 04:00:00,Pekanbaru,Clouds,broken clouds,22.88,23.81,99,1012,1.08,0.0,74,10000
2026-09-28 06:05:33,2026-09-30 07:00:00,Pekanbaru,Clouds,broken clouds,23.54,24.48,97,1014,0.5,0.0,71,10000
2026-09-28 06:05:33,2026-09-30 10:00:00,Pekanbaru,Clouds,broken clouds,30.75,35.05,63,1015,0.37,0.0,61,10000
2026-09-28 06:05:33,2026-09-30 13:00:00,Pekanbaru,Clouds,broken clouds,34.48,37.44,44,1011,1.33,0.0,71,10000
2026-09-28 06:05:33,2026-09-30 16:00:00,Pekanbaru,Clouds,broken clouds,31.01,34.62,59,1008,0.52,0.0,84,10000
2026-09-28 06:05:33,2026-09-30 19:00:00,Pekanbaru,Clouds,overcast clouds,28.09,30.31,66,1011,0.44,0.0,93,10000
2026-09-28 06:05:33,2026-09-30 22:00:00,Pekanbaru,Clouds,overcast clouds,26.25,26.25,82,1013,1.28,0.0,100,10000
2026-09-28 06:05:33,2026-10-01 01:00:00,Pekanbaru,Rain,light rain,24.61,25.58,94,1011,0.34,0.91,100,3560
2026-09-28 06:05:33,2026-10-01 04:00:00,Pekanbaru,Rain,light rain,23.87,24.87,98,1011,0.11,1.0,96,10000
2026-09-28 06:05:33,2026-10-01 07:00:00,Pekanbaru,Rain,light rain,24.55,25.59,97,1013,0.32,0.94,98,10000
2026-09-28 06:05:33,2026-10-01 10:00:00,Pekanbaru,Rain,moderate rain,27.94,32.41,83,1014,1.22,1.0,100,10000
2026-09-28 06:05:33,2026-10-01 13:00:00,Pekanbaru,Rain,light rain,32.37,37.95,60,1011,1.21,1.0,98,10000
2026-09-28 06:05:33,2026-10-01 16:00:00,Pekanbaru,Rain,moderate rain,27.67,32.57,89,1010,0.34,1.0,100,10000
2026-09-28 06:05:33,2026-10-01 19:00:00,Pekanbaru,Rain,light rain,24.73,25.69,93,1012,0.05,1.0,98,10000
2026-09-28 06:05:33,2026-10-01 22:00:00,Pekanbaru,Rain,light rain,23.8,24.77,97,1014,1.4,0.88,98,10000
2026-09-28 06:05:33,2026-10-02 01:00:00,Pekanbaru,Rain,moderate rain,23.2,24.16,99,1013,1.12,1.0,99,3900
2026-09-28 06:05:33,2026-10-02 04:00:00,Pekanbaru,Rain,moderate rain,22.56,23.48,100,1012,0.32,1.0,100,338
2026-09-28 06:05:33,2026-10-02 07:00:00,Pekanbaru,Rain,moderate rain,23.3,24.27,99,1014,0.36,1.0,93,3596
2026-09-28 06:05:33,2026-10-02 10:00:00,Pekanbaru,Rain,light rain,29.05,33.62,74,1015,0.27,0.21,97,10000
2026-09-28 06:05:33,2026-10-02 13:00:00,Pekanbaru,Rain,light rain,29.62,35.28,75,1012,1.22,1.0,99,10000
2026-09-28 06:05:33,2026-10-02 16:00:00,Pekanbaru,Rain,light rain,29.06,35.13,81,1010,1.03,1.0,100,7570
2026-09-28 06:05:33,2026-10-02 19:00:00,Pekanbaru,Rain,moderate rain,24.64,25.64,95,1012,0.91,1.0,100,10000
2026-09-28 06:05:33,2026-10-02 22:00:00,Pekanbaru,Rain,light rain,24.15,25.15,97,1014,0.8,1.0,100,9627
2026-09-28 06:05:33,2026-10-03 01:00:00,Pekanbaru,Rain,light rain,23.74,24.7,97,1013,0.73,0.99,100,10000
2026-09-28 06:05:33,2026-10-03 04:00:00,Pekanbaru,Clouds,broken clouds,23.31,24.26,98,1012,0.26,0.13,78,10000
2026-09-28 09:05:34,2026-09-28 10:00:00,Pekanbaru,Clouds,broken clouds,27.15,31.05,89,1013,2.14,0.0,68,10000
2026-09-28 09:05:34,2026-09-28 13:00:00,Pekanbaru,Clouds,broken clouds,29.61,35.74,77,1012,2.47,0.0,68,10000
2026-09-28 09:05:34,2026-09-28 16:00:00,Pekanbaru,Clouds,broken clouds,31.33,36.38,63,1010,2.15,0.0,71,10000
2026-09-28 09:05:34,2026-09-28 19:00:00,Pekanbaru,Clouds,overcast clouds,27.44,30.62,79,1011,1.01,0.0,86,10000
2026-09-28 09:05:34,2026-09-28 22:00:00,Pekanbaru,Clouds,overcast clouds,25.6,26.51,88,1014,1.49,0.0,97,10000
2026-09-28 09:05:34,2026-09-29 01:00:00,Pekanbaru,Clouds,overcast clouds,24.68,25.58,91,1013,1.03,0.0,97,10000
2026-09-28 09:05:34,2026-09-29 04:00:00,Pekanbaru,Rain,light rain,23.65,24.55,95,1012,1.26,0.31,100,10000
2026-09-28 09:05:34,2026-09-29 07:00:00,Pekanbaru,Clouds,overcast clouds,24.48,25.39,92,1014,1.27,0.0,100,10000
2026-09-28 09:05:34,2026-09-29 10:00:00,Pekanbaru,Clouds,broken clouds,30.98,34.8,60,1015,2.1,0.0,74,10000
2026-09-28 09:05:34,2026-09-29 13:00:00,Pekanbaru,Rain,light rain,32.41,36.51,55,1011,1.27,0.2,76,10000
2026-09-28 09:05:34,2026-09-29 16:00:00,Pekanbaru,Rain,light rain,28.46,34.23,85,1010,1.07,1.0,100,10000
2026-09-28 09:05:34,2026-09-29 19:00:00,Pekanbaru,Rain,light rain,25.14,26.09,91,1012,0.93,1.0,100,10000
2026-09-28 09:05:34,2026-09-29 22:00:00,Pekanbaru,Clouds,overcast clouds,24.61,25.58,94,1014,0.97,0.17,97,10000
2026-09-28 09:05:34,2026-09-30 01:00:00,Pekanbaru,Rain,light rain,23.7,24.66,97,1013,0.07,0.6,78,10000
2026-09-28 09:05:34,2026-09-30 04:00:00,Pekanbaru,Clouds,broken clouds,22.88,23.81,99,1012,1.08,0.0,74,10000
2026-09-28 09:05:34,2026-09-30 07:00:00,Pekanbaru,Clouds,broken clouds,23.54,24.48,97,1014,0.5,0.0,71,10000
2026-09-28 09:05:34,2026-09-30 10:00:00,Pekanbaru,Clouds,broken clouds,30.75,35.05,63,1015,0.37,0.0,61,10000
2026-09-28 09:05:34,2026-09-30 13:00:00,Pekanbaru,Clouds,broken clouds,34.48,37.44,44,1011,1.33,0.0,71,10000
2026-09-28 09:05:34,2026-09-30 16:00:00,Pekanbaru,Clouds,broken clouds,31.01,34.62,59,1008,0.52,0.0,84,10000
2026-09-28 09:05:34,2026-09-30 19:00:00,Pekanbaru,Clouds,overcast clouds,28.09,30.31,66,1011,0.44,0.0,93,10000
2026-09-28 09:05:34,2026-09-30 22:00:00,Pekanbaru,Clouds,overcast clouds,26.25,26.25,82,1013,1.28,0.0,100,10000
2026-09-28 09:05:34,2026-10-01 01:00:00,Pekanbaru,Rain,light rain,24.61,25.58,94,1011,0.34,0.91,100,3560
2026-09-28 09:05:34,2026-10-01 04:00:00,Pekanbaru,Rain,light rain,23.87,24.87,98,1011,0.11,1.0,96,10000
2026-09-28 09:05:34,2026-10-01 07:00:00,Pekanbaru,Rain,light rain,24.55,25.59,97,1013,0.32,0.94,98,10000
2026-09-28 09:05:34,2026-10-01 10:00:00,Pekanbaru,Rain,moderate rain,27.94,32.41,83,1014,1.22,1.0,100,10000
2026-09-28 09:05:34,2026-10-01 13:00:00,Pekanbaru,Rain,light rain,32.37,37.95,60,1011,1.21,1.0,98,10000
2026-09-28 09:05:34,2026-10-01 16:00:00,Pekanbaru,Rain,moderate rain,27.67,32.57,89,1010,0.34,1.0,100,10000
2026-09-28 09:05:34,2026-10-01 19:00:00,Pekanbaru,Rain,light rain,24.73,25.69,93,1012,0.05,1.0,98,10000
2026-09-28 09:05:34,2026-10-01 22:00:00,Pekanbaru,Rain,light rain,23.8,24.77,97,1014,1.4,0.88,98,10000
2026-09-28 09:05:34,2026-10-02 01:00:00,Pekanbaru,Rain,moderate rain,23.2,24.16,99,1013,1.12,1.0,99,3900
2026-09-28 09:05:34,2026-10-02 04:00:00,Pekanbaru,Rain,moderate rain,22.56,23.48,100,1012,0.32,1.0,100,338
2026-09-28 09:05:34,2026-10-02 07:00:00,Pekanbaru,Rain,moderate rain,23.3,24.27,99,1014,0.36,1.0,93,3596
2026-09-28 09:05:34,2026-10-02 10:00:00,Pekanbaru,Rain,light rain,29.05,33.62,74,1015,0.27,0.21,97,10000
2026-09-28 09:05:34,2026-10-02 13:00:00,Pekanbaru,Rain,light rain,29.62,35.28,75,1012,1.22,1.0,99,10000
2026-09-28 09:05:34,2026-10-02 16:00:00,Pekanbaru,Rain,light rain,29.06,35.13,81,1010,1.03,1.0,100,7570
2026-09-28 09:05:34,2026-10-02 19:00:00,Pekanbaru,Rain,moderate rain,24.64,25.64,95,1012,0.91,1.0,100,10000
2026-09-28 09:05:34,2026-10-02 22:00:00,Pekanbaru,Rain,light rain,24.15,25.15,97,1014,0.8,1.0,100,9627
2026-09-28 09:05:34,2026-10-03 01:00:00,Pekanbaru,Rain,light rain,23.74,24.7,97,1013,0.73,0.99,100,10000
2026-09-28 09:05:34,2026-10-03 04:00:00,Pekanbaru,Clouds,broken clouds,23.31,24.26,98,1012,0.26,0.13,78,10000
2026-09-28 09:05:34,2026-10-03 07:00:00,Pekanbaru,Rain,light rain,23.85,24.82,97,1015,0.82,0.61,89,10000
2026-09-28 12:05:30,2026-09-28 13:00:00,Pekanbaru,Clouds,broken clouds,32.15,38.06,62,1011,2.47,0.0,68,10000
2026-09-28 12:05:30,2026-09-28 16:00:00,Pekanbaru,Clouds,broken clouds,32.55,38.06,59,1010,2.15,0.0,69,10000
2026-09-28 12:05:30,2026-09-28 19:00:00,Pekanbaru,Clouds,broken clouds,29.01,33.52,74,1011,1.01,0.0,80,10000
2026-09-28 12:05:30,2026-09-28 22:00:00,Pekanbaru,Clouds,overcast clouds,25.6,26.51,88,1014,1.49,0.0,97,10000
2026-09-28 12:05:30,2026-09-29 01:00:00,Pekanbaru,Clouds,overcast clouds,24.68,25.58,91,1013,1.03,0.0,97,10000
2026-09-28 12:05:30,2026-09-29 04:00:00,Pekanbaru,Rain,light rain,23.65,24.55,95,1012,1.26,0.31,100,10000
2026-09-28 12:05:30,2026-09-29 07:00:00,Pekanbaru,Clouds,overcast clouds,24.48,25.39,92,1014,1.27,0.0,100,10000
2026-09-28 12:05:30,2026-09-29 10:00:00,Pekanbaru,Clouds,broken clouds,30.98,34.8,60,1015,2.1,0.0,74,10000
2026-09-28 12:05:30,2026-09-29 13:00:00,Pekanbaru,Rain,light rain,32.41,36.51,55,1011,1.27,0.2,76,10000
2026-09-28 12:05:30,2026-09-29 16:00:00,Pekanbaru,Rain,light rain,28.46,34.23,85,1010,1.07,1.0,100,10000
2026-09-28 12:05:30,2026-09-29 19:00:00,Pekanbaru,Rain,light rain,25.14,26.09,91,1012,0.93,1.0,100,10000
2026-09-28 12:05:30,2026-09-29 22:00:00,Pekanbaru,Clouds,overcast clouds,24.61,25.58,94,1014,0.97,0.17,97,10000
2026-09-28 12:05:30,2026-09-30 01:00:00,Pekanbaru,Rain,light rain,23.7,24.66,97,1013,0.07,0.6,78,10000
2026-09-28 12:05:30,2026-09-30 04:00:00,Pekanbaru,Rain,light rain,23.18,24.14,99,1013,1.02,0.35,26,10000
2026-09-28 12:05:30,2026-09-30 07:00:00,Pekanbaru,Rain,light rain,23.56,24.53,98,1015,0.92,0.94,43,10000
2026-09-28 12:05:30,2026-09-30 10:00:00,Pekanbaru,Clouds,overcast clouds,29.2,33.57,72,1015,1.14,0.0,95,10000
2026-09-28 12:05:30,2026-09-30 13:00:00,Pekanbaru,Clouds,broken clouds,33.51,36.15,46,1011,1.12,0.0,83,10000
2026-09-28 12:05:30,2026-09-30 16:00:00,Pekanbaru,Clouds,overcast clouds,31.31,34.74,57,1009,1.35,0.0,99,10000
2026-09-28 12:05:30,2026-09-30 19:00:00,Pekanbaru,Clouds,overcast clouds,26.84,28.74,72,1011,0.48,0.0,86,10000
2026-09-28 12:05:30,2026-09-30 22:00:00,Pekanbaru,Clouds,overcast clouds,26.4,26.4,75,1013,0.27,0.0,95,10000
2026-09-28 12:05:30,2026-10-01 01:00:00,Pekanbaru,Clouds,overcast clouds,25.39,26.13,82,1012,1.01,0.0,97,10000
2026-09-28 12:05:30,2026-10-01 04:00:00,Pekanbaru,Rain,light rain,23.79,24.6,91,1011,0.64,0.29,75,10000
2026-09-28 12:05:30,2026-10-01 07:00:00,Pekanbaru,Rain,light rain,24.69,25.56,90,1013,0.54,0.56,88,10000
2026-09-28 12:05:30,2026-10-01 10:00:00,Pekanbaru,Rain,light rain,28.36,33.56,83,1014,0.38,1.0,75,10000
2026-09-28 12:05:30,2026-10-01 13:00:00,Pekanbaru,Rain,moderate rain,30.12,36.1,73,1011,1.08,1.0,87,8511
2026-09-28 12:05:30,2026-10-01 16:00:00,Pekanbaru,Rain,light rain,30.62,35.78,67,1010,0.63,1.0,98,10000
2026-09-28 12:05:30,2026-10-01 19:00:00,Pekanbaru,Rain,moderate rain,25.46,26.44,91,1012,1.16,1.0,92,10000
2026-09-28 12:05:30,2026-10-01 22:00:00,Pekanbaru,Rain,moderate rain,24.01,24.97,96,1014,1.03,1.0,98,9991
2026-09-28 12:05:30,2026-10-02 01:00:00,Pekanbaru,Rain,moderate rain,23.52,24.49,98,1013,0.56,1.0,99,10000
2026-09-28 12:05:30,2026-10-02 04:00:00,Pekanbaru,Rain,moderate rain,22.94,23.87,99,1012,0.34,1.0,100,10000
2026-09-28 12:05:30,2026-10-02 07:00:00,Pekanbaru,Rain,light rain,23.47,24.43,98,1015,0.91,1.0,99,10000
2026-09-28 12:05:30,2026-10-02 10:00:00,Pekanbaru,Rain,light rain,26.18,26.18,87,1016,1.18,0.77,100,10000
2026-09-28 12:05:30,2026-10-02 13:00:00,Pekanbaru,Rain,light rain,30.52,36.07,69,1012,0.75,0.99,92,10000
2026-09-28 12:05:30,2026-10-02 16:00:00,Pekanbaru,Rain,light rain,30.24,35.63,70,1010,1.08,1.0,100,10000
2026-09-28 12:05:30,2026-10-02 19:00:00,Pekanbaru,Rain,light rain,24.8,25.79,94,1013,0.79,1.0,100,10000
2026-09-28 12:05:30,2026-10-02 22:00:00,Pekanbaru,Rain,moderate rain,24.58,25.52,93,1015,0.48,1.0,100,10000
2026-09-28 12:05:30,2026-10-03 01:00:00,Pekanbaru,Rain,light rain,23.76,24.72,97,1013,1.52,1.0,100,10000
2026-09-28 12:05:30,2026-10-03 04:00:00,Pekanbaru,Clouds,overcast clouds,23.48,24.44,98,1013,1.4,0.3,100,10000
2026-09-28 12:05:30,2026-10-03 07:00:00,Pekanbaru,Rain,light rain,23.2,24.11,97,1015,1.05,1.0,100,8380
2026-09-28 12:05:30,2026-10-03 10:00:00,Pekanbaru,Rain,light rain,27.83,31.97,82,1016,1.45,1.0,89,10000
2026-09-28 15:05:40,2026-09-28 16:00:00,Pekanbaru,Rain,light rain,34.15,40.55,55,1009,1.74,0.36,95,10000
2026-09-28 15:05:40,2026-09-28 19:00:00,Pekanbaru,Rain,light rain,31.6,37.33,64,1010,1.78,0.59,96,10000
2026-09-28 15:05:40,2026-09-28 22:00:00,Pekanbaru,Clouds,broken clouds,27.91,32.02,81,1012,1.42,0.07,84,10000
2026-09-28 15:05:40,2026-09-29 01:00:00,Pekanbaru,Clouds,overcast clouds,24.32,25.29,95,1013,1.07,0.0,91,10000
2026-09-28 15:05:40,2026-09-29 04:00:00,Pekanbaru,Rain,light rain,23.51,24.45,97,1012,1.15,0.28,85,10000
2026-09-28 15:05:40,2026-09-29 07:00:00,Pekanbaru,Rain,light rain,24.21,25.22,97,1014,1.32,0.82,92,10000
2026-09-28 15:05:40,2026-09-29 10:00:00,Pekanbaru,Clouds,overcast clouds,30.57,34.9,64,1015,2.13,0.05,85,10000
2026-09-28 15:05:40,2026-09-29 13:00:00,Pekanbaru,Rain,light rain,32.63,36.99,55,1011,1.62,0.32,92,10000
2026-09-28 15:05:40,2026-09-29 16:00:00,Pekanbaru,Rain,light rain,26.04,26.04,93,1010,1.66,0.99,99,10000
2026-09-28 15:05:40,2026-09-29 19:00:00,Pekanbaru,Rain,light rain,24.91,25.88,93,1012,1.32,0.97,100,10000
2026-09-28 15:05:40,2026-09-29 22:00:00,Pekanbaru,Rain,light rain,24.09,25.04,95,1014,0.73,0.97,89,7478
2026-09-28 15:05:40,2026-09-30 01:00:00,Pekanbaru,Rain,light rain,23.43,24.36,97,1013,0.53,1.0,95,10000
2026-09-28 15:05:40,2026-09-30 04:00:00,Pekanbaru,Rain,light rain,23.05,23.97,98,1012,0.67,0.52,90,10000
2026-09-28 15:05:40,2026-09-30 07:00:00,Pekanbaru,Rain,light rain,23.71,24.7,98,1014,0.74,0.62,89,10000
2026-09-28 15:05:40,2026-09-30 10:00:00,Pekanbaru,Clouds,broken clouds,29.84,34.42,69,1015,0.55,0.0,81,10000
2026-09-28 15:05:40,2026-09-30 13:00:00,Pekanbaru,Clouds,broken clouds,34.88,37.92,43,1011,0.78,0.0,55,10000
2026-09-28 15:05:40,2026-09-30 16:00:00,Pekanbaru,Clouds,overcast clouds,29.39,33.19,68,1009,1.34,0.0,93,10000
2026-09-28 15:05:40,2026-09-30 19:00:00,Pekanbaru,Clouds,overcast clouds,27.59,29.89,70,1011,0.49,0.0,95,10000
2026-09-28 15:05:40,2026-09-30 22:00:00,Pekanbaru,Clouds,overcast clouds,26.26,26.26,79,1013,0.85,0.0,100,10000
2026-09-28 15:05:40,2026-10-01 01:00:00,Pekanbaru,Clouds,broken clouds,24.3,25.14,90,1012,1.01,0.0,80,10000
2026-09-28 15:05:40,2026-10-01 04:00:00,Pekanbaru,Clouds,overcast clouds,23.59,24.43,93,1011,0.95,0.0,94,10000
2026-09-28 15:05:40,2026-10-01 07:00:00,Pekanbaru,Rain,light rain,24.24,25.15,93,1013,0.62,0.53,95,10000
2026-09-28 15:05:40,2026-10-01 10:00:00,Pekanbaru,Rain,light rain,30.2,35.53,70,1014,0.73,0.84,96,10000
2026-09-28 15:05:40,2026-10-01 13:00:00,Pekanbaru,Rain,moderate rain,29.77,35.68,75,1011,1.01,1.0,98,10000
2026-09-28 15:05:40,2026-10-01 16:00:00,Pekanbaru,Rain,moderate rain,29.2,35.77,82,1010,0.75,1.0,90,8193
2026-09-28 15:05:40,2026-10-01 19:00:00,Pekanbaru,Rain,moderate rain,25.04,26.05,94,1012,0.5,1.0,81,10000
2026-09-28 15:05:40,2026-10-01 22:00:00,Pekanbaru,Rain,moderate rain,24.25,25.21,95,1014,0.72,1.0,100,10
2026-09-28 15:05:40,2026-10-02 01:00:00,Pekanbaru,Rain,moderate rain,23.94,24.9,96,1013,1.16,1.0,100,10000
2026-09-28 15:05:40,2026-10-02 04:00:00,Pekanbaru,Rain,light rain,23.25,24.19,98,1012,0.86,0.89,100,10000
2026-09-28 15:05:40,2026-10-02 07:00:00,Pekanbaru,Rain,moderate rain,23.29,24.23,98,1015,0.56,1.0,100,10000
2026-09-28 15:05:40,2026-10-02 10:00:00,Pekanbaru,Rain,light rain,27.31,31.26,87,1015,1.18,1.0,100,5168
2026-09-28 15:05:40,2026-10-02 13:00:00,Pekanbaru,Rain,moderate rain,29.3,35.35,79,1012,0.64,1.0,98,4151
2026-09-28 15:05:40,2026-10-02 16:00:00,Pekanbaru,Rain,moderate rain,27.54,32.47,91,1011,0.7,1.0,100,10000
2026-09-28 15:05:40,2026-10-02 19:00:00,Pekanbaru,Rain,moderate rain,24.58,25.55,94,1013,0.75,1.0,100,10000
2026-09-28 15:05:40,2026-10-02 22:00:00,Pekanbaru,Clouds,overcast clouds,24.33,25.33,96,1014,0.46,0.2,100,10000
2026-09-28 15:05:40,2026-10-03 01:00:00,Pekanbaru,Rain,light rain,23.51,24.48,98,1013,0.29,0.75,99,10000
2026-09-28 15:05:40,2026-10-03 04:00:00,Pekanbaru,Rain,moderate rain,23.26,24.23,99,1012,0.96,1.0,99,10000
2026-09-28 15:05:40,2026-10-03 07:00:00,Pekanbaru,Rain,light rain,23.48,24.42,97,1015,0.94,1.0,98,10000
2026-09-28 15:05:40,2026-10-03 10:00:00,Pekanbaru,Rain,light rain,28.94,33.35,74,1015,0.93,0.91,100,10000
2026-09-28 15:05:40,2026-10-03 13:00:00,Pekanbaru,Rain,moderate rain,29.42,34.98,76,1013,0.55,1.0,100,10000
2026-09-28 18:05:30,2026-09-28 19:00:00,Pekanbaru,Rain,light rain,32.15,38.06,62,1010,1.78,0.59,98,10000
2026-09-28 18:05:30,2026-09-28 22:00:00,Pekanbaru,Clouds,overcast clouds,29.74,34.64,71,1011,1.42,0.07,91,10000
2026-09-28 18:05:30,2026-09-29 01:00:00,Pekanbaru,Clouds,overcast clouds,26.93,29.95,84,1012,1.07,0.0,93,10000
2026-09-28 18:05:30,2026-09-29 04:00:00,Pekanbaru,Rain,light rain,23.51,24.45,97,1012,1.15,0.28,85,10000
2026-09-28 18:05:30,2026-09-29 07:00:00,Pekanbaru,Rain,light rain,24.21,25.22,97,1014,1.32,0.82,92,10000
2026-09-28 18:05:30,2026-09-29 10:00:00,Pekanbaru,Clouds,overcast clouds,30.57,34.9,64,1015,2.13,0.05,85,10000
2026-09-28 18:05:30,2026-09-29 13:00:00,Pekanbaru,Rain,light rain,32.63,36.99,55,1011,1.62,0.32,92,10000
2026-09-28 18:05:30,2026-09-29 16:00:00,Pekanbaru,Rain,light rain,26.04,26.04,93,1010,1.66,0.99,99,10000
2026-09-28 18:05:30,2026-09-29 19:00:00,Pekanbaru,Rain,light rain,24.91,25.88,93,1012,1.32,0.97,100,10000
2026-09-28 18:05:30,2026-09-29 22:00:00,Pekanbaru,Rain,light rain,24.09,25.04,95,1014,0.73,0.97,89,7478
2026-09-28 18:05:30,2026-09-30 01:00:00,Pekanbaru,Rain,light rain,23.43,24.36,97,1013,0.53,1.0,95,10000
2026-09-28 18:05:30,2026-09-30 04:00:00,Pekanbaru,Rain,light rain,23.05,23.97,98,1012,0.67,0.52,90,10000
2026-09-28 18:05:30,2026-09-30 07:00:00,Pekanbaru,Rain,light rain,23.71,24.7,98,1014,0.74,0.62,89,10000
2026-09-28 18:05:30,2026-09-30 10:00:00,Pekanbaru,Clouds,broken clouds,29.84,34.42,69,1015,0.55,0.0,81,10000
2026-09-28 18:05:30,2026-09-30 13:00:00,Pekanbaru,Clouds,broken clouds,34.88,37.92,43,1011,0.78,0.0,55,10000
2026-09-28 18:05:30,2026-09-30 16:00:00,Pekanbaru,Clouds,overcast clouds,29.39,33.19,68,1009,1.34,0.0,93,10000
2026-09-28 18:05:30,2026-09-30 19:00:00,Pekanbaru,Clouds,overcast clouds,27.59,29.89,70,1011,0.49,0.0,95,10000
2026-09-28 18:05:30,2026-09-30 22:00:00,Pekanbaru,Clouds,overcast clouds,26.26,26.26,79,1013,0.85,0.0,100,10000
2026-09-28 18:05:30,2026-10-01 01:00:00,Pekanbaru,Clouds,broken clouds,24.3,25.14,90,1012,1.01,0.0,80,10000
2026-09-28 18:05:30,2026-10-01 04:00:00,Pekanbaru,Clouds,overcast clouds,23.59,24.43,93,1011,0.95,0.0,94,10000
2026-09-28 18:05:30,2026-10-01 07:00:00,Pekanbaru,Rain,light rain,24.24,25.15,93,1013,0.62,0.53,95,10000
2026-09-28 18:05:30,2026-10-01 10:00:00,Pekanbaru,Rain,light rain,30.2,35.53,70,1014,0.73,0.84,96,10000
2026-09-28 18:05:30,2026-10-01 13:00:00,Pekanbaru,Rain,moderate rain,29.77,35.68,75,1011,1.01,1.0,98,10000
2026-09-28 18:05:30,2026-10-01 16:00:00,Pekanbaru,Rain,moderate rain,29.2,35.77,82,1010,0.75,1.0,90,8193
2026-09-28 18:05:30,2026-10-01 19:00:00,Pekanbaru,Rain,moderate rain,25.04,26.05,94,1012,0.5,1.0,81,10000
2026-09-28 18:05:30,2026-10-01 22:00:00,Pekanbaru,Rain,moderate rain,24.25,25.21,95,1014,0.72,1.0,100,10
2026-09-28 18:05:30,2026-10-02 01:00:00,Pekanbaru,Rain,moderate rain,23.94,24.9,96,1013,1.16,1.0,100,10000
2026-09-28 18:05:30,2026-10-02 04:00:00,Pekanbaru,Rain,light rain,23.25,24.19,98,1012,0.86,0.89,100,10000
2026-09-28 18:05:30,2026-10-02 07:00:00,Pekanbaru,Rain,moderate rain,23.29,24.23,98,1015,0.56,1.0,100,10000
2026-09-28 18:05:30,2026-10-02 10:00:00,Pekanbaru,Rain,light rain,27.31,31.26,87,1015,1.18,1.0,100,5168
2026-09-28 18:05:30,2026-10-02 13:00:00,Pekanbaru,Rain,moderate rain,29.3,35.35,79,1012,0.64,1.0,98,4151
2026-09-28 18:05:30,2026-10-02 16:00:00,Pekanbaru,Rain,moderate rain,27.54,32.47,91,1011,0.7,1.0,100,10000
2026-09-28 18:05:30,2026-10-02 19:00:00,Pekanbaru,Rain,moderate rain,24.58,25.55,94,1013,0.75,1.0,100,10000
2026-09-28 18:05:30,2026-10-02 22:00:00,Pekanbaru,Clouds,overcast clouds,24.33,25.33,96,1014,0.46,0.2,100,10000
2026-09-28 18:05:30,2026-10-03 01:00:00,Pekanbaru,Rain,light rain,23.51,24.48,98,1013,0.29,0.75,99,10000
2026-09-28 18:05:30,2026-10-03 04:00:00,Pekanbaru,Rain,moderate rain,23.26,24.23,99,1012,0.96,1.0,99,10000
2026-09-28 18:05:30,2026-10-03 07:00:00,Pekanbaru,Rain,light rain,23.48,24.42,97,1015,0.94,1.0,98,10000
2026-09-28 18:05:30,2026-10-03 10:00:00,Pekanbaru,Rain,light rain,28.94,33.35,74,1015,0.93,0.91,100,10000
2026-09-28 18:05:30,2026-10-03 13:00:00,Pekanbaru,Rain,moderate rain,29.42,34.98,76,1013,0.55,1.0,100,10000
2026-09-28 18:05:30,2026-10-03 16:00:00,Pekanbaru,Rain,light rain,30.81,35.97,66,1011,0.26,0.93,80,10000
2026-09-28 21:06:07,2026-09-28 22:00:00,Pekanbaru,Clouds,overcast clouds,28.15,32.16,78,1013,1.25,0.01,85,10000
2026-09-28 21:06:07,2026-09-29 01:00:00,Pekanbaru,Clouds,broken clouds,26.95,29.81,82,1013,0.85,0.0,80,10000
2026-09-28 21:06:07,2026-09-29 04:00:00,Pekanbaru,Clouds,overcast clouds,25.14,26.06,90,1012,1.18,0.0,86,10000
2026-09-28 21:06:07,2026-09-29 07:00:00,Pekanbaru,Clouds,broken clouds,24.9,25.8,90,1014,1.44,0.0,64,10000
2026-09-28 21:06:07,2026-09-29 10:00:00,Pekanbaru,Clouds,broken clouds,31.26,35.4,60,1015,2.27,0.0,57,10000
2026-09-28 21:06:07,2026-09-29 13:00:00,Pekanbaru,Rain,light rain,32.77,36.99,54,1011,2.35,0.25,60,10000
2026-09-28 21:06:07,2026-09-29 16:00:00,Pekanbaru,Rain,light rain,29.86,34.94,71,1009,0.75,0.72,89,10000
2026-09-28 21:06:07,2026-09-29 19:00:00,Pekanbaru,Rain,moderate rain,25.64,26.64,91,1012,1.32,1.0,95,10000
2026-09-28 21:06:07,2026-09-29 22:00:00,Pekanbaru,Rain,light rain,24.6,25.62,96,1014,1.02,0.6,81,10000
2026-09-28 21:06:07,2026-09-30 01:00:00,Pekanbaru,Clouds,broken clouds,23.89,24.87,97,1012,0.47,0.38,74,10000
2026-09-28 21:06:07,2026-09-30 04:00:00,Pekanbaru,Rain,light rain,23.41,24.37,98,1012,0.32,0.5,97,10000
2026-09-28 21:06:07,2026-09-30 07:00:00,Pekanbaru,Clouds,overcast clouds,23.9,24.85,96,1014,0.67,0.24,87,10000
2026-09-28 21:06:07,2026-09-30 10:00:00,Pekanbaru,Clouds,scattered clouds,31.44,34.76,56,1015,1.0,0.0,33,10000
2026-09-28 21:06:07,2026-09-30 13:00:00,Pekanbaru,Clouds,scattered clouds,34.86,37.88,43,1011,1.2,0.0,30,10000
2026-09-28 21:06:07,2026-09-30 16:00:00,Pekanbaru,Clouds,overcast clouds,29.11,33.16,71,1009,0.96,0.0,98,10000
2026-09-28 21:06:07,2026-09-30 19:00:00,Pekanbaru,Clouds,overcast clouds,26.57,26.57,76,1011,0.04,0.0,87,10000
2026-09-28 21:06:07,2026-09-30 22:00:00,Pekanbaru,Rain,light rain,24.81,25.59,86,1014,0.93,0.35,49,10000
2026-09-28 21:06:07,2026-10-01 01:00:00,Pekanbaru,Rain,light rain,23.29,24.18,96,1012,0.8,1.0,51,10000
2026-09-28 21:06:07,2026-10-01 04:00:00,Pekanbaru,Clouds,scattered clouds,23.07,23.97,97,1011,0.91,0.0,36,10000
2026-09-28 21:06:07,2026-10-01 07:00:00,Pekanbaru,Clouds,scattered clouds,24.04,24.95,94,1014,0.31,0.0,48,10000
2026-09-28 21:06:07,2026-10-01 10:00:00,Pekanbaru,Rain,light rain,29.97,34.97,70,1014,0.58,0.96,59,10000
2026-09-28 21:06:07,2026-10-01 13:00:00,Pekanbaru,Rain,moderate rain,29.99,36.01,74,1011,1.07,1.0,80,10000
2026-09-28 21:06:07,2026-10-01 16:00:00,Pekanbaru,Rain,light rain,29.94,35.13,71,1010,0.7,1.0,100,10000
2026-09-28 21:06:07,2026-10-01 19:00:00,Pekanbaru,Rain,moderate rain,25.11,26.1,93,1012,0.14,1.0,100,10000
2026-09-28 21:06:07,2026-10-01 22:00:00,Pekanbaru,Rain,moderate rain,24.89,25.86,93,1014,1.12,1.0,99,10000
2026-09-28 21:06:07,2026-10-02 01:00:00,Pekanbaru,Rain,moderate rain,23.8,24.77,97,1013,0.72,1.0,99,10000
2026-09-28 21:06:07,2026-10-02 04:00:00,Pekanbaru,Rain,light rain,23.89,24.89,98,1012,0.83,1.0,100,10000
2026-09-28 21:06:07,2026-10-02 07:00:00,Pekanbaru,Rain,moderate rain,24.06,25.05,97,1014,0.3,1.0,100,10000
2026-09-28 21:06:07,2026-10-02 10:00:00,Pekanbaru,Rain,moderate rain,24.24,25.2,95,1016,0.6,1.0,99,10000
2026-09-28 21:06:07,2026-10-02 13:00:00,Pekanbaru,Rain,light rain,30.16,34.94,68,1012,0.77,1.0,97,10000
2026-09-28 21:06:07,2026-10-02 16:00:00,Pekanbaru,Rain,light rain,30.55,35.61,67,1010,0.98,0.78,88,10000
2026-09-28 21:06:07,2026-10-02 19:00:00,Pekanbaru,Rain,moderate rain,24.86,25.86,94,1013,0.92,1.0,94,10000
2026-09-28 21:06:07,2026-10-02 22:00:00,Pekanbaru,Rain,moderate rain,24.06,25.05,97,1015,1.58,1.0,100,10000
2026-09-28 21:06:07,2026-10-03 01:00:00,Pekanbaru,Rain,moderate rain,23.45,24.41,98,1013,1.26,1.0,100,10000
2026-09-28 21:06:07,2026-10-03 04:00:00,Pekanbaru,Rain,light rain,23.0,23.94,99,1013,0.96,0.94,91,10000
2026-09-28 21:06:07,2026-10-03 07:00:00,Pekanbaru,Rain,light rain,23.86,24.83,97,1015,0.87,0.89,93,10000
2026-09-28 21:06:07,2026-10-03 10:00:00,Pekanbaru,Rain,light rain,28.24,31.89,75,1015,1.38,0.37,100,10000
2026-09-28 21:06:07,2026-10-03 13:00:00,Pekanbaru,Rain,light rain,29.11,33.97,75,1013,0.27,0.72,100,10000
2026-09-28 21:06:07,2026-10-03 16:00:00,Pekanbaru,Rain,light rain,26.73,30.24,93,1011,0.74,1.0,100,10000
2026-09-28 21:06:07,2026-10-03 19:00:00,Pekanbaru,Rain,light rain,24.57,25.56,95,1013,0.53,1.0,100,10000
2026-09-29 00:05:31,2026-09-29 01:00:00,Pekanbaru,Clouds,broken clouds,27.15,31.05,89,1012,0.85,0.0,70,10000
2026-09-29 00:05:31,2026-09-29 04:00:00,Pekanbaru,Clouds,broken clouds,26.04,26.04,91,1012,1.18,0.0,76,10000
2026-09-29 00:05:31,2026-09-29 07:00:00,Pekanbaru,Clouds,broken clouds,25.65,26.62,90,1013,1.44,0.0,66,10000
2026-09-29 00:05:31,2026-09-29 10:00:00,Pekanbaru,Clouds,broken clouds,31.26,35.4,60,1015,2.27,0.0,57,10000
2026-09-29 00:05:31,2026-09-29 13:00:00,Pekanbaru,Rain,light rain,32.77,36.99,54,1011,2.35,0.25,60,10000
2026-09-29 00:05:31,2026-09-29 16:00:00,Pekanbaru,Rain,light rain,29.86,34.94,71,1009,0.75,0.72,89,10000
2026-09-29 00:05:31,2026-09-29 19:00:00,Pekanbaru,Rain,moderate rain,25.64,26.64,91,1012,1.32,1.0,95,10000
2026-09-29 00:05:31,2026-09-29 22:00:00,Pekanbaru,Rain,light rain,24.6,25.62,96,1014,1.02,0.6,81,10000
2026-09-29 00:05:31,2026-09-30 01:00:00,Pekanbaru,Clouds,broken clouds,23.89,24.87,97,1012,0.47,0.38,74,10000
2026-09-29 00:05:31,2026-09-30 04:00:00,Pekanbaru,Rain,light rain,23.41,24.37,98,1012,0.32,0.5,97,10000
2026-09-29 00:05:31,2026-09-30 07:00:00,Pekanbaru,Clouds,overcast clouds,23.9,24.85,96,1014,0.67,0.24,87,10000
2026-09-29 00:05:31,2026-09-30 10:00:00,Pekanbaru,Clouds,scattered clouds,31.44,34.76,56,1015,1.0,0.0,33,10000
2026-09-29 00:05:31,2026-09-30 13:00:00,Pekanbaru,Clouds,scattered clouds,34.86,37.88,43,1011,1.2,0.0,30,10000
2026-09-29 00:05:31,2026-09-30 16:00:00,Pekanbaru,Clouds,overcast clouds,29.11,33.16,71,1009,0.96,0.0,98,10000
2026-09-29 00:05:31,2026-09-30 19:00:00,Pekanbaru,Clouds,overcast clouds,26.57,26.57,76,1011,0.04,0.0,87,10000
2026-09-29 00:05:31,2026-09-30 22:00:00,Pekanbaru,Rain,light rain,24.81,25.59,86,1014,0.93,0.35,49,10000
2026-09-29 00:05:31,2026-10-01 01:00:00,Pekanbaru,Rain,light rain,23.29,24.18,96,1012,0.8,1.0,51,10000
2026-09-29 00:05:31,2026-10-01 04:00:00,Pekanbaru,Clouds,scattered clouds,23.07,23.97,97,1011,0.91,0.0,36,10000
2026-09-29 00:05:31,2026-10-01 07:00:00,Pekanbaru,Clouds,scattered clouds,24.04,24.95,94,1014,0.31,0.0,48,10000
2026-09-29 00:05:31,2026-10-01 10:00:00,Pekanbaru,Rain,light rain,29.97,34.97,70,1014,0.58,0.96,59,10000
2026-09-29 00:05:31,2026-10-01 13:00:00,Pekanbaru,Rain,moderate rain,29.99,36.01,74,1011,1.07,1.0,80,10000
2026-09-29 00:05:31,2026-10-01 16:00:00,Pekanbaru,Rain,light rain,29.94,35.13,71,1010,0.7,1.0,100,10000
2026-09-29 00:05:31,2026-10-01 19:00:00,Pekanbaru,Rain,moderate rain,25.11,26.1,93,1012,0.14,1.0,100,10000
2026-09-29 00:05:31,2026-10-01 22:00:00,Pekanbaru,Rain,moderate rain,24.89,25.86,93,1014,1.12,1.0,99,10000
2026-09-29 00:05:31,2026-10-02 01:00:00,Pekanbaru,Rain,moderate rain,23.8,24.77,97,1013,0.72,1.0,99,10000
2026-09-29 00:05:31,2026-10-02 04:00:00,Pekanbaru,Rain,light rain,23.89,24.89,98,1012,0.83,1.0,100,10000
2026-09-29 00:05:31,2026-10-02 07:00:00,Pekanbaru,Rain,moderate rain,24.06,25.05,97,1014,0.3,1.0,100,10000
2026-09-29 00:05:31,2026-10-02 10:00:00,Pekanbaru,Rain,moderate rain,24.24,25.2,95,1016,0.6,1.0,99,10000
2026-09-29 00:05:31,2026-10-02 13:00:00,Pekanbaru,Rain,light rain,30.16,34.94,68,1012,0.77,1.0,97,10000
2026-09-29 00:05:31,2026-10-02 16:00:00,Pekanbaru,Rain,light rain,30.55,35.61,67,1010,0.98,0.78,88,10000
2026-09-29 00:05:31,2026-10-02 19:00:00,Pekanbaru,Rain,moderate rain,24.86,25.86,94,1013,0.92,1.0,94,10000
2026-09-29 00:05:31,2026-10-02 22:00:00,Pekanbaru,Rain,moderate rain,24.06,25.05,97,1015,1.58,1.0,100,10000
2026-09-29 00:05:31,2026-10-03 01:00:00,Pekanbaru,Rain,moderate rain,23.45,24.41,98,1013,1.26,1.0,100,10000
2026-09-29 00:05:31,2026-10-03 04:00:00,Pekanbaru,Rain,light rain,23.0,23.94,99,1013,0.96,0.94,91,10000
2026-09-29 00:05:31,2026-10-03 07:00:00,Pekanbaru,Rain,light rain,23.86,24.83,97,1015,0.87,0.89,93,10000
2026-09-29 00:05:31,2026-10-03 10:00:00,Pekanbaru,Rain,light rain,28.24,31.89,75,1015,1.38,0.37,100,10000
2026-09-29 00:05:31,2026-10-03 13:00:00,Pekanbaru,Rain,light rain,29.11,33.97,75,1013,0.27,0.72,100,10000
2026-09-29 00:05:31,2026-10-03 16:00:00,Pekanbaru,Rain,light rain,26.73,30.24,93,1011,0.74,1.0,100,10000
2026-09-29 00:05:31,2026-10-03 19:00:00,Pekanbaru,Rain,light rain,24.57,25.56,95,1013,0.53,1.0,100,10000
2026-09-29 00:05:31,2026-10-03 22:00:00,Pekanbaru,Clouds,overcast clouds,23.95,24.91,96,1014,0.92,0.0,100,10000
2026-09-29 03:05:33,2026-09-29 04:00:00,Pekanbaru,Clouds,overcast clouds,26.15,26.15,94,1012,1.06,0.0,96,10000
2026-09-29 03:05:33,2026-09-29 07:00:00,Pekanbaru,Clouds,overcast clouds,26.12,26.12,93,1013,1.4,0.1,95,10000
2026-09-29 03:05:33,2026-09-29 10:00:00,Pekanbaru,Rain,light rain,29.29,33.78,72,1014,2.11,0.27,71,10000
2026-09-29 03:05:33,2026-09-29 13:00:00,Pekanbaru,Rain,light rain,30.37,35.44,68,1012,1.75,1.0,69,10000
2026-09-29 03:05:33,2026-09-29 16:00:00,Pekanbaru,Rain,moderate rain,31.31,38.31,78,1010,1.46,1.0,62,10000
2026-09-29 03:05:33,2026-09-29 19:00:00,Pekanbaru,Rain,light rain,28.04,34.42,93,1012,0.94,1.0,80,10000
2026-09-29 03:05:33,2026-09-29 22:00:00,Pekanbaru,Clouds,broken clouds,27.14,31.73,95,1014,0.64,0.0,54,10000
2026-09-29 03:05:33,2026-09-30 01:00:00,Pekanbaru,Clouds,scattered clouds,24.03,25.02,97,1012,0.73,0.0,35,10000
2026-09-29 03:05:33,2026-09-30 04:00:00,Pekanbaru,Clouds,broken clouds,23.61,24.59,98,1012,0.78,0.0,67,10000
2026-09-29 03:05:33,2026-09-30 07:00:00,Pekanbaru,Clouds,broken clouds,24.39,25.37,95,1013,0.61,0.0,66,10000
2026-09-29 03:05:33,2026-09-30 10:00:00,Pekanbaru,Clouds,broken clouds,31.11,33.87,55,1014,1.6,0.0,82,10000
2026-09-29 03:05:33,2026-09-30 13:00:00,Pekanbaru,Clouds,overcast clouds,34.88,37.6,42,1011,1.18,0.0,86,10000
2026-09-29 03:05:33,2026-09-30 16:00:00,Pekanbaru,Clouds,overcast clouds,29.9,33.88,66,1009,0.34,0.0,100,10000
2026-09-29 03:05:33,2026-09-30 19:00:00,Pekanbaru,Clouds,overcast clouds,27.3,29.98,76,1011,0.34,0.0,100,10000
2026-09-29 03:05:33,2026-09-30 22:00:00,Pekanbaru,Clouds,broken clouds,26.05,26.05,81,1013,0.49,0.0,79,10000
2026-09-29 03:05:33,2026-10-01 01:00:00,Pekanbaru,Rain,light rain,23.65,24.5,93,1012,1.22,0.56,67,10000
2026-09-29 03:05:33,2026-10-01 04:00:00,Pekanbaru,Rain,light rain,22.64,23.52,98,1011,0.52,1.0,100,10000
2026-09-29 03:05:33,2026-10-01 07:00:00,Pekanbaru,Clouds,overcast clouds,23.81,24.75,96,1014,0.27,0.77,99,10000
2026-09-29 03:05:33,2026-10-01 10:00:00,Pekanbaru,Rain,light rain,29.68,35.2,74,1014,0.45,0.97,70,10000
2026-09-29 03:05:33,2026-10-01 13:00:00,Pekanbaru,Rain,moderate rain,32.77,38.59,59,1011,0.72,1.0,62,10000
2026-09-29 03:05:33,2026-10-01 16:00:00,Pekanbaru,Rain,moderate rain,27.86,32.66,86,1010,1.11,1.0,72,4953
2026-09-29 03:05:33,2026-10-01 19:00:00,Pekanbaru,Rain,moderate rain,24.84,25.83,94,1012,1.06,1.0,86,10000
2026-09-29 03:05:33,2026-10-01 22:00:00,Pekanbaru,Rain,light rain,24.33,25.33,96,1014,1.08,0.93,100,10000
2026-09-29 03:05:33,2026-10-02 01:00:00,Pekanbaru,Rain,moderate rain,23.22,24.18,99,1013,0.84,1.0,100,10000
2026-09-29 03:05:33,2026-10-02 04:00:00,Pekanbaru,Rain,light rain,23.23,24.19,99,1012,0.3,1.0,100,10000
2026-09-29 03:05:33,2026-10-02 07:00:00,Pekanbaru,Rain,light rain,23.49,24.45,98,1014,0.51,1.0,100,10000
2026-09-29 03:05:33,2026-10-02 10:00:00,Pekanbaru,Rain,light rain,26.58,26.58,86,1015,0.53,1.0,100,10000
2026-09-29 03:05:33,2026-10-02 13:00:00,Pekanbaru,Rain,moderate rain,29.71,35.27,74,1012,1.15,1.0,100,10000
2026-09-29 03:05:33,2026-10-02 16:00:00,Pekanbaru,Rain,moderate rain,28.72,35.22,86,1011,0.65,1.0,100,5098
2026-09-29 03:05:33,2026-10-02 19:00:00,Pekanbaru,Rain,moderate rain,24.68,25.66,94,1013,0.39,1.0,100,10000
2026-09-29 03:05:33,2026-10-02 22:00:00,Pekanbaru,Rain,light rain,24.48,25.46,95,1015,0.59,0.98,100,10000
2026-09-29 03:05:33,2026-10-03 01:00:00,Pekanbaru,Rain,light rain,24.08,25.05,96,1013,0.86,0.98,100,10000
2026-09-29 03:05:33,2026-10-03 04:00:00,Pekanbaru,Rain,light rain,23.14,24.07,98,1012,1.23,1.0,98,10000
2026-09-29 03:05:33,2026-10-03 07:00:00,Pekanbaru,Rain,light rain,23.79,24.76,97,1015,0.64,1.0,99,10000
2026-09-29 03:05:33,2026-10-03 10:00:00,Pekanbaru,Rain,moderate rain,27.96,32.62,84,1015,0.44,1.0,64,10000
2026-09-29 03:05:33,2026-10-03 13:00:00,Pekanbaru,Rain,light rain,30.99,35.86,64,1012,1.1,1.0,82,10000
2026-09-29 03:05:33,2026-10-03 16:00:00,Pekanbaru,Rain,light rain,30.86,35.82,65,1010,0.49,1.0,67,10000
2026-09-29 03:05:33,2026-10-03 19:00:00,Pekanbaru,Rain,light rain,25.09,26.06,92,1012,0.95,1.0,76,10000
2026-09-29 03:05:33,2026-10-03 22:00:00,Pekanbaru,Clouds,overcast clouds,24.1,25.07,96,1014,1.07,0.0,100,10000
2026-09-29 03:05:33,2026-10-04 01:00:00,Pekanbaru,Clouds,overcast clouds,23.64,24.59,97,1013,1.13,0.0,100,10000
2026-09-29 06:05:28,2026-09-29 07:00:00,Pekanbaru,Clouds,overcast clouds,25.15,26.33,100,1013,1.4,0.1,93,10000
2026-09-29 06:05:28,2026-09-29 10:00:00,Pekanbaru,Rain,light rain,26.98,30.58,89,1014,2.11,0.27,81,10000
2026-09-29 06:05:28,2026-09-29 13:00:00,Pekanbaru,Rain,light rain,28.63,33.35,78,1012,1.75,1.0,77,10000
2026-09-29 06:05:28,2026-09-29 16:00:00,Pekanbaru,Rain,moderate rain,31.31,38.31,78,1010,1.46,1.0,62,10000
2026-09-29 06:05:28,2026-09-29 19:00:00,Pekanbaru,Rain,light rain,28.04,34.42,93,1012,0.94,1.0,80,10000
2026-09-29 06:05:28,2026-09-29 22:00:00,Pekanbaru,Clouds,broken clouds,27.14,31.73,95,1014,0.64,0.0,54,10000
2026-09-29 06:05:28,2026-09-30 01:00:00,Pekanbaru,Clouds,scattered clouds,24.03,25.02,97,1012,0.73,0.0,35,10000
2026-09-29 06:05:28,2026-09-30 04:00:00,Pekanbaru,Clouds,broken clouds,23.61,24.59,98,1012,0.78,0.0,67,10000
2026-09-29 06:05:28,2026-09-30 07:00:00,Pekanbaru,Clouds,broken clouds,24.39,25.37,95,1013,0.61,0.0,66,10000
2026-09-29 06:05:28,2026-09-30 10:00:00,Pekanbaru,Clouds,broken clouds,31.11,33.87,55,1014,1.6,0.0,82,10000
2026-09-29 06:05:28,2026-09-30 13:00:00,Pekanbaru,Clouds,overcast clouds,34.88,37.6,42,1011,1.18,0.0,86,10000
2026-09-29 06:05:28,2026-09-30 16:00:00,Pekanbaru,Clouds,overcast clouds,29.9,33.88,66,1009,0.34,0.0,100,10000
2026-09-29 06:05:28,2026-09-30 19:00:00,Pekanbaru,Clouds,overcast clouds,27.3,29.98,76,1011,0.34,0.0,100,10000
2026-09-29 06:05:28,2026-09-30 22:00:00,Pekanbaru,Clouds,broken clouds,26.05,26.05,81,1013,0.49,0.0,79,10000
2026-09-29 06:05:28,2026-10-01 01:00:00,Pekanbaru,Rain,light rain,23.65,24.5,93,1012,1.22,0.56,67,10000
2026-09-29 06:05:28,2026-10-01 04:00:00,Pekanbaru,Rain,light rain,22.64,23.52,98,1011,0.52,1.0,100,10000
2026-09-29 06:05:28,2026-10-01 07:00:00,Pekanbaru,Clouds,overcast clouds,23.81,24.75,96,1014,0.27,0.77,99,10000
2026-09-29 06:05:28,2026-10-01 10:00:00,Pekanbaru,Rain,light rain,29.68,35.2,74,1014,0.45,0.97,70,10000
2026-09-29 06:05:28,2026-10-01 13:00:00,Pekanbaru,Rain,moderate rain,32.77,38.59,59,1011,0.72,1.0,62,10000
2026-09-29 06:05:28,2026-10-01 16:00:00,Pekanbaru,Rain,moderate rain,27.86,32.66,86,1010,1.11,1.0,72,4953
2026-09-29 06:05:28,2026-10-01 19:00:00,Pekanbaru,Rain,moderate rain,24.84,25.83,94,1012,1.06,1.0,86,10000
2026-09-29 06:05:28,2026-10-01 22:00:00,Pekanbaru,Rain,light rain,24.33,25.33,96,1014,1.08,0.93,100,10000
2026-09-29 06:05:28,2026-10-02 01:00:00,Pekanbaru,Rain,moderate rain,23.22,24.18,99,1013,0.84,1.0,100,10000
2026-09-29 06:05:28,2026-10-02 04:00:00,Pekanbaru,Rain,light rain,23.23,24.19,99,1012,0.3,1.0,100,10000
2026-09-29 06:05:28,2026-10-02 07:00:00,Pekanbaru,Rain,light rain,23.49,24.45,98,1014,0.51,1.0,100,10000
2026-09-29 06:05:28,2026-10-02 10:00:00,Pekanbaru,Rain,light rain,26.58,26.58,86,1015,0.53,1.0,100,10000
2026-09-29 06:05:28,2026-10-02 13:00:00,Pekanbaru,Rain,moderate rain,29.71,35.27,74,1012,1.15,1.0,100,10000
2026-09-29 06:05:28,2026-10-02 16:00:00,Pekanbaru,Rain,moderate rain,28.72,35.22,86,1011,0.65,1.0,100,5098
2026-09-29 06:05:28,2026-10-02 19:00:00,Pekanbaru,Rain,moderate rain,24.68,25.66,94,1013,0.39,1.0,100,10000
2026-09-29 06:05:28,2026-10-02 22:00:00,Pekanbaru,Rain,light rain,24.48,25.46,95,1015,0.59,0.98,100,10000
2026-09-29 06:05:28,2026-10-03 01:00:00,Pekanbaru,Rain,light rain,24.08,25.05,96,1013,0.86,0.98,100,10000
2026-09-29 06:05:28,2026-10-03 04:00:00,Pekanbaru,Rain,light rain,23.14,24.07,98,1012,1.23,1.0,98,10000
2026-09-29 06:05:28,2026-10-03 07:00:00,Pekanbaru,Rain,light rain,23.79,24.76,97,1015,0.64,1.0,99,10000
2026-09-29 06:05:28,2026-10-03 10:00:00,Pekanbaru,Rain,moderate rain,27.96,32.62,84,1015,0.44,1.0,64,10000
2026-09-29 06:05:28,2026-10-03 13:00:00,Pekanbaru,Rain,light rain,30.99,35.86,64,1012,1.1,1.0,82,10000
2026-09-29 06:05:28,2026-10-03 16:00:00,Pekanbaru,Rain,light rain,30.86,35.82,65,1010,0.49,1.0,67,10000
2026-09-29 06:05:28,2026-10-03 19:00:00,Pekanbaru,Rain,light rain,25.09,26.06,92,1012,0.95,1.0,76,10000
2026-09-29 06:05:28,2026-10-03 22:00:00,Pekanbaru,Clouds,overcast clouds,24.1,25.07,96,1014,1.07,0.0,100,10000
2026-09-29 06:05:28,2026-10-04 01:00:00,Pekanbaru,Clouds,overcast clouds,23.64,24.59,97,1013,1.13,0.0,100,10000
2026-09-29 06:05:28,2026-10-04 04:00:00,Pekanbaru,Clouds,overcast clouds,22.95,23.89,99,1012,0.59,0.0,100,10000
2026-09-29 09:05:30,2026-09-29 10:00:00,Pekanbaru,Clouds,scattered clouds,28.15,32.98,83,1014,2.33,0.0,47,10000
2026-09-29 09:05:30,2026-09-29 13:00:00,Pekanbaru,Rain,light rain,29.09,34.55,78,1013,1.69,0.21,53,10000
2026-09-29 09:05:30,2026-09-29 16:00:00,Pekanbaru,Rain,light rain,29.06,34.05,76,1011,1.13,1.0,82,10000
2026-09-29 09:05:30,2026-09-29 19:00:00,Pekanbaru,Rain,light rain,26.77,29.57,84,1011,0.57,1.0,100,10000
2026-09-29 09:05:30,2026-09-29 22:00:00,Pekanbaru,Clouds,scattered clouds,24.95,25.93,93,1013,0.78,0.18,37,10000
2026-09-29 09:05:30,2026-09-30 01:00:00,Pekanbaru,Clouds,few clouds,24.07,25.04,96,1012,0.96,0.0,23,10000
2026-09-29 09:05:30,2026-09-30 04:00:00,Pekanbaru,Clouds,few clouds,23.3,24.24,98,1012,0.85,0.0,13,10000
2026-09-29 09:05:30,2026-09-30 07:00:00,Pekanbaru,Clouds,few clouds,24.23,25.11,92,1013,0.95,0.0,19,10000
2026-09-29 09:05:30,2026-09-30 10:00:00,Pekanbaru,Clear,clear sky,31.13,34.38,57,1015,1.45,0.0,7,10000
2026-09-29 09:05:30,2026-09-30 13:00:00,Pekanbaru,Clouds,few clouds,34.6,37.37,43,1011,1.33,0.0,23,10000
2026-09-29 09:05:30,2026-09-30 16:00:00,Pekanbaru,Clouds,overcast clouds,29.3,32.8,67,1009,0.88,0.0,98,10000
2026-09-29 09:05:30,2026-09-30 19:00:00,Pekanbaru,Clouds,overcast clouds,27.38,29.41,69,1011,0.23,0.0,93,10000
2026-09-29 09:05:30,2026-09-30 22:00:00,Pekanbaru,Clouds,broken clouds,25.36,26.09,82,1013,1.13,0.0,68,10000
2026-09-29 09:05:30,2026-10-01 01:00:00,Pekanbaru,Rain,light rain,23.92,24.8,93,1012,1.01,0.45,65,10000
2026-09-29 09:05:30,2026-10-01 04:00:00,Pekanbaru,Rain,moderate rain,22.45,23.34,99,1011,0.45,1.0,75,8574
2026-09-29 09:05:30,2026-10-01 07:00:00,Pekanbaru,Rain,light rain,23.6,24.55,97,1013,0.21,1.0,62,10000
2026-09-29 09:05:30,2026-10-01 10:00:00,Pekanbaru,Rain,light rain,28.02,32.79,84,1014,0.8,1.0,89,3647
2026-09-29 09:05:30,2026-10-01 13:00:00,Pekanbaru,Rain,light rain,30.99,36.69,67,1011,0.87,1.0,81,10000
2026-09-29 09:05:30,2026-10-01 16:00:00,Pekanbaru,Rain,moderate rain,28.23,33.73,86,1010,0.78,1.0,94,4015
2026-09-29 09:05:30,2026-10-01 19:00:00,Pekanbaru,Rain,light rain,25.03,26.02,93,1012,0.89,1.0,94,10000
2026-09-29 09:05:30,2026-10-01 22:00:00,Pekanbaru,Rain,light rain,24.22,25.18,95,1014,0.75,0.76,100,10000
2026-09-29 09:05:30,2026-10-02 01:00:00,Pekanbaru,Clouds,overcast clouds,23.65,24.6,97,1013,0.42,0.84,100,10000
2026-09-29 09:05:30,2026-10-02 04:00:00,Pekanbaru,Rain,moderate rain,22.71,23.62,99,1012,0.61,1.0,97,3149
2026-09-29 09:05:30,2026-10-02 07:00:00,Pekanbaru,Rain,light rain,23.72,24.68,97,1014,0.5,1.0,98,10000
2026-09-29 09:05:30,2026-10-02 10:00:00,Pekanbaru,Rain,moderate rain,28.24,33.4,84,1015,0.22,1.0,87,2076
2026-09-29 09:05:30,2026-10-02 13:00:00,Pekanbaru,Rain,moderate rain,28.98,34.69,80,1012,1.21,1.0,94,10000
2026-09-29 09:05:30,2026-10-02 16:00:00,Pekanbaru,Rain,light rain,29.25,35.68,81,1011,0.77,1.0,100,10000
2026-09-29 09:05:30,2026-10-02 19:00:00,Pekanbaru,Rain,moderate rain,24.58,25.57,95,1013,0.71,1.0,100,10000
2026-09-29 09:05:30,2026-10-02 22:00:00,Pekanbaru,Rain,moderate rain,24.42,25.37,94,1015,0.35,1.0,100,10000
2026-09-29 09:05:30,2026-10-03 01:00:00,Pekanbaru,Clouds,overcast clouds,23.78,24.75,97,1013,0.59,0.8,100,10000
2026-09-29 09:05:30,2026-10-03 04:00:00,Pekanbaru,Clouds,overcast clouds,23.49,24.43,97,1013,0.84,0.0,96,10000
2026-09-29 09:05:30,2026-10-03 07:00:00,Pekanbaru,Rain,light rain,23.97,24.96,97,1015,0.44,0.49,87,10000
2026-09-29 09:05:30,2026-10-03 10:00:00,Pekanbaru,Rain,moderate rain,27.76,32.23,85,1015,0.13,1.0,98,3982
2026-09-29 09:05:30,2026-10-03 13:00:00,Pekanbaru,Rain,light rain,30.4,35.77,69,1012,1.09,1.0,99,10000
2026-09-29 09:05:30,2026-10-03 16:00:00,Pekanbaru,Rain,light rain,31.06,34.72,59,1010,0.34,1.0,98,10000
2026-09-29 09:05:30,2026-10-03 19:00:00,Pekanbaru,Rain,light rain,24.81,25.77,93,1012,0.42,1.0,99,10000
2026-09-29 09:05:30,2026-10-03 22:00:00,Pekanbaru,Rain,light rain,24.1,25.07,96,1014,1.09,0.85,100,10000
2026-09-29 09:05:30,2026-10-04 01:00:00,Pekanbaru,Clouds,overcast clouds,23.55,24.52,98,1013,0.74,0.55,100,10000
2026-09-29 09:05:30,2026-10-04 04:00:00,Pekanbaru,Rain,light rain,23.04,23.96,98,1012,0.45,0.2,100,10000
2026-09-29 09:05:30,2026-10-04 07:00:00,Pekanbaru,Clouds,overcast clouds,23.51,24.45,97,1014,0.33,0.0,95,10000
2026-09-29 12:05:29,2026-09-29 13:00:00,Pekanbaru,Rain,light rain,32.15,39.15,66,1011,1.69,0.21,65,10000
2026-09-29 12:05:29,2026-09-29 16:00:00,Pekanbaru,Rain,light rain,31.32,37.84,68,1011,1.13,1.0,76,10000
2026-09-29 12:05:29,2026-09-29 19:00:00,Pekanbaru,Rain,light rain,28.56,33.17,78,1011,0.57,1.0,88,10000
2026-09-29 12:05:29,2026-09-29 22:00:00,Pekanbaru,Clouds,scattered clouds,24.95,25.93,93,1013,0.78,0.18,37,10000
2026-09-29 12:05:29,2026-09-30 01:00:00,Pekanbaru,Clouds,few clouds,24.07,25.04,96,1012,0.96,0.0,23,10000
2026-09-29 12:05:29,2026-09-30 04:00:00,Pekanbaru,Clouds,few clouds,23.3,24.24,98,1012,0.85,0.0,13,10000
2026-09-29 12:05:29,2026-09-30 07:00:00,Pekanbaru,Clouds,few clouds,24.23,25.11,92,1013,0.95,0.0,19,10000
2026-09-29 12:05:29,2026-09-30 10:00:00,Pekanbaru,Clear,clear sky,31.13,34.38,57,1015,1.45,0.0,7,10000
2026-09-29 12:05:29,2026-09-30 13:00:00,Pekanbaru,Clouds,few clouds,34.6,37.37,43,1011,1.33,0.0,23,10000
2026-09-29 12:05:29,2026-09-30 16:00:00,Pekanbaru,Clouds,overcast clouds,29.3,32.8,67,1009,0.88,0.0,98,10000
2026-09-29 12:05:29,2026-09-30 19:00:00,Pekanbaru,Clouds,overcast clouds,27.38,29.41,69,1011,0.23,0.0,93,10000
2026-09-29 12:05:29,2026-09-30 22:00:00,Pekanbaru,Clouds,broken clouds,25.36,26.09,82,1013,1.13,0.0,68,10000
2026-09-29 12:05:29,2026-10-01 01:00:00,Pekanbaru,Rain,light rain,23.92,24.8,93,1012,1.01,0.45,65,10000
2026-09-29 12:05:29,2026-10-01 04:00:00,Pekanbaru,Rain,moderate rain,22.45,23.34,99,1011,0.45,1.0,75,8574
2026-09-29 12:05:29,2026-10-01 07:00:00,Pekanbaru,Rain,light rain,23.6,24.55,97,1013,0.21,1.0,62,10000
2026-09-29 12:05:29,2026-10-01 10:00:00,Pekanbaru,Rain,light rain,28.02,32.79,84,1014,0.8,1.0,89,3647
2026-09-29 12:05:29,2026-10-01 13:00:00,Pekanbaru,Rain,light rain,30.99,36.69,67,1011,0.87,1.0,81,10000
2026-09-29 12:05:29,2026-10-01 16:00:00,Pekanbaru,Rain,moderate rain,28.23,33.73,86,1010,0.78,1.0,94,4015
2026-09-29 12:05:29,2026-10-01 19:00:00,Pekanbaru,Rain,light rain,25.03,26.02,93,1012,0.89,1.0,94,10000
2026-09-29 12:05:29,2026-10-01 22:00:00,Pekanbaru,Rain,light rain,24.22,25.18,95,1014,0.75,0.76,100,10000
2026-09-29 12:05:29,2026-10-02 01:00:00,Pekanbaru,Clouds,overcast clouds,23.65,24.6,97,1013,0.42,0.84,100,10000
2026-09-29 12:05:29,2026-10-02 04:00:00,Pekanbaru,Rain,moderate rain,22.71,23.62,99,1012,0.61,1.0,97,3149
2026-09-29 12:05:29,2026-10-02 07:00:00,Pekanbaru,Rain,light rain,23.72,24.68,97,1014,0.5,1.0,98,10000
2026-09-29 12:05:29,2026-10-02 10:00:00,Pekanbaru,Rain,moderate rain,28.24,33.4,84,1015,0.22,1.0,87,2076
2026-09-29 12:05:29,2026-10-02 13:00:00,Pekanbaru,Rain,moderate rain,28.98,34.69,80,1012,1.21,1.0,94,10000
2026-09-29 12:05:29,2026-10-02 16:00:00,Pekanbaru,Rain,light rain,29.25,35.68,81,1011,0.77,1.0,100,10000
2026-09-29 12:05:29,2026-10-02 19:00:00,Pekanbaru,Rain,moderate rain,24.58,25.57,95,1013,0.71,1.0,100,10000
2026-09-29 12:05:29,2026-10-02 22:00:00,Pekanbaru,Rain,moderate rain,24.42,25.37,94,1015,0.35,1.0,100,10000
2026-09-29 12:05:29,2026-10-03 01:00:00,Pekanbaru,Clouds,overcast clouds,23.78,24.75,97,1013,0.59,0.8,100,10000
2026-09-29 12:05:29,2026-10-03 04:00:00,Pekanbaru,Clouds,overcast clouds,23.49,24.43,97,1013,0.84,0.0,96,10000
2026-09-29 12:05:29,2026-10-03 07:00:00,Pekanbaru,Rain,light rain,23.97,24.96,97,1015,0.44,0.49,87,10000
2026-09-29 12:05:29,2026-10-03 10:00:00,Pekanbaru,Rain,moderate rain,27.76,32.23,85,1015,0.13,1.0,98,3982
2026-09-29 12:05:29,2026-10-03 13:00:00,Pekanbaru,Rain,light rain,30.4,35.77,69,1012,1.09,1.0,99,10000
2026-09-29 12:05:29,2026-10-03 16:00:00,Pekanbaru,Rain,light rain,31.06,34.72,59,1010,0.34,1.0,98,10000
2026-09-29 12:05:29,2026-10-03 19:00:00,Pekanbaru,Rain,light rain,24.81,25.77,93,1012,0.42,1.0,99,10000
2026-09-29 12:05:29,2026-10-03 22:00:00,Pekanbaru,Rain,light rain,24.1,25.07,96,1014,1.09,0.85,100,10000
2026-09-29 12:05:29,2026-10-04 01:00:00,Pekanbaru,Clouds,overcast clouds,23.55,24.52,98,1013,0.74,0.55,100,10000
2026-09-29 12:05:29,2026-10-04 04:00:00,Pekanbaru,Rain,light rain,23.04,23.96,98,1012,0.45,0.2,100,10000
2026-09-29 12:05:29,2026-10-04 07:00:00,Pekanbaru,Clouds,overcast clouds,23.51,24.45,97,1014,0.33,0.0,95,10000
2026-09-29 12:05:29,2026-10-04 10:00:00,Pekanbaru,Rain,light rain,25.56,26.57,92,1015,0.27,0.9,100,10000
2026-09-29 15:05:31,2026-09-29 16:00:00,Pekanbaru,Rain,light rain,33.15,40.15,62,1009,1.15,0.42,99,10000
2026-09-29 15:05:31,2026-09-29 19:00:00,Pekanbaru,Clouds,overcast clouds,32.06,39.06,67,1010,0.34,0.16,96,10000
2026-09-29 15:05:31,2026-09-29 22:00:00,Pekanbaru,Clouds,scattered clouds,29.82,36.58,78,1012,1.1,0.07,48,10000
2026-09-29 15:05:31,2026-09-30 01:00:00,Pekanbaru,Clouds,scattered clouds,27.0,30.95,92,1012,0.85,0.0,25,10000
2026-09-29 15:05:31,2026-09-30 04:00:00,Pekanbaru,Clear,clear sky,25.78,26.92,96,1011,0.95,0.0,9,10000
2026-09-29 15:05:31,2026-09-30 07:00:00,Pekanbaru,Clear,clear sky,25.59,26.53,89,1013,1.02,0.0,10,10000
2026-09-29 15:05:31,2026-09-30 10:00:00,Pekanbaru,Clear,clear sky,30.97,33.39,54,1015,1.8,0.0,6,10000
2026-09-29 15:05:31,2026-09-30 13:00:00,Pekanbaru,Clouds,scattered clouds,34.92,37.07,40,1011,1.25,0.0,30,10000
2026-09-29 15:05:31,2026-09-30 16:00:00,Pekanbaru,Clouds,overcast clouds,31.21,36.66,65,1009,0.3,0.0,100,10000
2026-09-29 15:05:31,2026-09-30 19:00:00,Pekanbaru,Clouds,overcast clouds,30.38,35.72,69,1011,0.73,0.0,100,10000
2026-09-29 15:05:31,2026-09-30 22:00:00,Pekanbaru,Clouds,overcast clouds,26.38,26.38,75,1014,1.11,0.02,97,10000
2026-09-29 15:05:31,2026-10-01 01:00:00,Pekanbaru,Rain,light rain,24.34,25.18,90,1012,1.3,0.24,80,10000
2026-09-29 15:05:31,2026-10-01 04:00:00,Pekanbaru,Rain,light rain,23.4,24.35,98,1011,0.85,1.0,65,10000
2026-09-29 15:05:31,2026-10-01 07:00:00,Pekanbaru,Rain,light rain,24.28,25.3,97,1013,0.55,1.0,72,10000
2026-09-29 15:05:31,2026-10-01 10:00:00,Pekanbaru,Rain,moderate rain,28.61,34.07,82,1014,0.38,1.0,71,3038
2026-09-29 15:05:31,2026-10-01 13:00:00,Pekanbaru,Rain,moderate rain,29.45,35.54,78,1012,0.96,1.0,88,10000
2026-09-29 15:05:31,2026-10-01 16:00:00,Pekanbaru,Rain,moderate rain,28.81,35.06,84,1010,0.63,1.0,99,10000
2026-09-29 15:05:31,2026-10-01 19:00:00,Pekanbaru,Rain,moderate rain,25.31,26.27,91,1012,0.33,1.0,99,10000
2026-09-29 15:05:31,2026-10-01 22:00:00,Pekanbaru,Rain,light rain,24.8,25.79,94,1014,0.97,0.68,100,10000
2026-09-29 15:05:31,2026-10-02 01:00:00,Pekanbaru,Clouds,overcast clouds,23.89,24.84,96,1013,0.63,0.56,100,10000
2026-09-29 15:05:31,2026-10-02 04:00:00,Pekanbaru,Clouds,overcast clouds,23.34,24.29,98,1012,0.99,0.0,97,10000
2026-09-29 15:05:31,2026-10-02 07:00:00,Pekanbaru,Clouds,overcast clouds,24.3,25.27,95,1014,0.12,0.0,96,10000
2026-09-29 15:05:31,2026-10-02 10:00:00,Pekanbaru,Rain,moderate rain,28.13,32.92,83,1015,0.18,1.0,94,10000
2026-09-29 15:05:31,2026-10-02 13:00:00,Pekanbaru,Rain,light rain,30.39,36.01,70,1012,0.89,1.0,97,10000
2026-09-29 15:05:31,2026-10-02 16:00:00,Pekanbaru,Rain,light rain,30.46,35.15,66,1011,0.81,1.0,100,10000
2026-09-29 15:05:31,2026-10-02 19:00:00,Pekanbaru,Rain,moderate rain,24.96,25.94,93,1013,0.54,1.0,97,10000
2026-09-29 15:05:31,2026-10-02 22:00:00,Pekanbaru,Rain,light rain,24.59,25.59,95,1015,0.66,0.87,100,10000
2026-09-29 15:05:31,2026-10-03 01:00:00,Pekanbaru,Rain,light rain,23.77,24.76,98,1013,0.78,0.84,100,10000
2026-09-29 15:05:31,2026-10-03 04:00:00,Pekanbaru,Rain,light rain,22.93,23.86,99,1012,0.62,0.98,100,2864
2026-09-29 15:05:31,2026-10-03 07:00:00,Pekanbaru,Rain,moderate rain,23.43,24.39,98,1015,0.48,1.0,100,10000
2026-09-29 15:05:31,2026-10-03 10:00:00,Pekanbaru,Rain,light rain,29.48,34.24,72,1015,0.64,0.73,99,10000
2026-09-29 15:05:31,2026-10-03 13:00:00,Pekanbaru,Rain,moderate rain,28.64,34.15,82,1013,1.12,1.0,100,10000
2026-09-29 15:05:31,2026-10-03 16:00:00,Pekanbaru,Rain,light rain,29.21,33.8,73,1011,0.17,1.0,100,10000
2026-09-29 15:05:31,2026-10-03 19:00:00,Pekanbaru,Rain,light rain,24.38,25.35,95,1013,1.17,1.0,99,10000
2026-09-29 15:05:31,2026-10-03 22:00:00,Pekanbaru,Clouds,overcast clouds,23.89,24.87,97,1014,1.19,0.0,100,10000
2026-09-29 15:05:31,2026-10-04 01:00:00,Pekanbaru,Clouds,overcast clouds,23.43,24.39,98,1013,1.18,0.0,100,10000
2026-09-29 15:05:31,2026-10-04 04:00:00,Pekanbaru,Clouds,overcast clouds,23.11,24.04,98,1012,0.66,0.0,100,10000
2026-09-29 15:05:31,2026-10-04 07:00:00,Pekanbaru,Clouds,overcast clouds,23.59,24.54,97,1014,0.42,0.0,100,10000
2026-09-29 15:05:31,2026-10-04 10:00:00,Pekanbaru,Rain,light rain,29.29,33.78,72,1015,0.51,0.85,100,10000
2026-09-29 15:05:31,2026-10-04 13:00:00,Pekanbaru,Rain,light rain,30.02,33.93,65,1012,1.12,0.99,100,10000
2026-09-29 18:05:37,2026-09-29 19:00:00,Pekanbaru,Clouds,overcast clouds,26.15,26.15,94,1010,0.34,0.16,91,10000
2026-09-29 18:05:37,2026-09-29 22:00:00,Pekanbaru,Clouds,broken clouds,26.81,30.29,91,1011,1.1,0.07,68,10000
2026-09-29 18:05:37,2026-09-30 01:00:00,Pekanbaru,Clouds,scattered clouds,26.72,30.12,92,1011,0.85,0.0,47,10000
2026-09-29 18:05:37,2026-09-30 04:00:00,Pekanbaru,Clear,clear sky,25.78,26.92,96,1011,0.95,0.0,9,10000
2026-09-29 18:05:37,2026-09-30 07:00:00,Pekanbaru,Clear,clear sky,25.59,26.53,89,1013,1.02,0.0,10,10000
2026-09-29 18:05:37,2026-09-30 10:00:00,Pekanbaru,Clear,clear sky,30.97,33.39,54,1015,1.8,0.0,6,10000
2026-09-29 18:05:37,2026-09-30 13:00:00,Pekanbaru,Clouds,scattered clouds,34.92,37.07,40,1011,1.25,0.0,30,10000
2026-09-29 18:05:37,2026-09-30 16:00:00,Pekanbaru,Clouds,overcast clouds,31.21,36.66,65,1009,0.3,0.0,100,10000
2026-09-29 18:05:37,2026-09-30 19:00:00,Pekanbaru,Clouds,overcast clouds,30.38,35.72,69,1011,0.73,0.0,100,10000
2026-09-29 18:05:37,2026-09-30 22:00:00,Pekanbaru,Clouds,overcast clouds,26.38,26.38,75,1014,1.11,0.02,97,10000
2026-09-29 18:05:37,2026-10-01 01:00:00,Pekanbaru,Rain,light rain,24.34,25.18,90,1012,1.3,0.24,80,10000
2026-09-29 18:05:37,2026-10-01 04:00:00,Pekanbaru,Rain,light rain,23.4,24.35,98,1011,0.85,1.0,65,10000
2026-09-29 18:05:37,2026-10-01 07:00:00,Pekanbaru,Rain,light rain,24.28,25.3,97,1013,0.55,1.0,72,10000
2026-09-29 18:05:37,2026-10-01 10:00:00,Pekanbaru,Rain,moderate rain,28.61,34.07,82,1014,0.38,1.0,71,3038
2026-09-29 18:05:37,2026-10-01 13:00:00,Pekanbaru,Rain,moderate rain,29.45,35.54,78,1012,0.96,1.0,88,10000
2026-09-29 18:05:37,2026-10-01 16:00:00,Pekanbaru,Rain,moderate rain,28.81,35.06,84,1010,0.63,1.0,99,10000
2026-09-29 18:05:37,2026-10-01 19:00:00,Pekanbaru,Rain,moderate rain,25.31,26.27,91,1012,0.33,1.0,99,10000
2026-09-29 18:05:37,2026-10-01 22:00:00,Pekanbaru,Rain,light rain,24.8,25.79,94,1014,0.97,0.68,100,10000
2026-09-29 18:05:37,2026-10-02 01:00:00,Pekanbaru,Clouds,overcast clouds,23.89,24.84,96,1013,0.63,0.56,100,10000
2026-09-29 18:05:37,2026-10-02 04:00:00,Pekanbaru,Clouds,overcast clouds,23.34,24.29,98,1012,0.99,0.0,97,10000
2026-09-29 18:05:37,2026-10-02 07:00:00,Pekanbaru,Clouds,overcast clouds,24.3,25.27,95,1014,0.12,0.0,96,10000
2026-09-29 18:05:37,2026-10-02 10:00:00,Pekanbaru,Rain,moderate rain,28.13,32.92,83,1015,0.18,1.0,94,10000
2026-09-29 18:05:37,2026-10-02 13:00:00,Pekanbaru,Rain,light rain,30.39,36.01,70,1012,0.89,1.0,97,10000
2026-09-29 18:05:37,2026-10-02 16:00:00,Pekanbaru,Rain,light rain,30.46,35.15,66,1011,0.81,1.0,100,10000
2026-09-29 18:05:37,2026-10-02 19:00:00,Pekanbaru,Rain,moderate rain,24.96,25.94,93,1013,0.54,1.0,97,10000
2026-09-29 18:05:37,2026-10-02 22:00:00,Pekanbaru,Rain,light rain,24.59,25.59,95,1015,0.66,0.87,100,10000
2026-09-29 18:05:37,2026-10-03 01:00:00,Pekanbaru,Rain,light rain,23.77,24.76,98,1013,0.78,0.84,100,10000
2026-09-29 18:05:37,2026-10-03 04:00:00,Pekanbaru,Rain,light rain,22.93,23.86,99,1012,0.62,0.98,100,2864
2026-09-29 18:05:37,2026-10-03 07:00:00,Pekanbaru,Rain,moderate rain,23.43,24.39,98,1015,0.48,1.0,100,10000
2026-09-29 18:05:37,2026-10-03 10:00:00,Pekanbaru,Rain,light rain,29.48,34.24,72,1015,0.64,0.73,99,10000
2026-09-29 18:05:37,2026-10-03 13:00:00,Pekanbaru,Rain,moderate rain,28.64,34.15,82,1013,1.12,1.0,100,10000
2026-09-29 18:05:37,2026-10-03 16:00:00,Pekanbaru,Rain,light rain,29.21,33.8,73,1011,0.17,1.0,100,10000
2026-09-29 18:05:37,2026-10-03 19:00:00,Pekanbaru,Rain,light rain,24.38,25.35,95,1013,1.17,1.0,99,10000
2026-09-29 18:05:37,2026-10-03 22:00:00,Pekanbaru,Clouds,overcast clouds,23.89,24.87,97,1014,1.19,0.0,100,10000
2026-09-29 18:05:37,2026-10-04 01:00:00,Pekanbaru,Clouds,overcast clouds,23.43,24.39,98,1013,1.18,0.0,100,10000
2026-09-29 18:05:37,2026-10-04 04:00:00,Pekanbaru,Clouds,overcast clouds,23.11,24.04,98,1012,0.66,0.0,100,10000
2026-09-29 18:05:37,2026-10-04 07:00:00,Pekanbaru,Clouds,overcast clouds,23.59,24.54,97,1014,0.42,0.0,100,10000
2026-09-29 18:05:37,2026-10-04 10:00:00,Pekanbaru,Rain,light rain,29.29,33.78,72,1015,0.51,0.85,100,10000
2026-09-29 18:05:37,2026-10-04 13:00:00,Pekanbaru,Rain,light rain,30.02,33.93,65,1012,1.12,0.99,100,10000
2026-09-29 18:05:37,2026-10-04 16:00:00,Pekanbaru,Clouds,overcast clouds,30.03,34.17,66,1010,1.77,0.21,97,10000
2026-09-29 21:05:32,2026-09-29 22:00:00,Pekanbaru,Rain,light rain,25.15,26.18,94,1012,0.85,0.99,37,10000
2026-09-29 21:05:32,2026-09-30 01:00:00,Pekanbaru,Clouds,scattered clouds,24.88,25.88,94,1012,1.04,0.49,33,10000
2026-09-29 21:05:32,2026-09-30 04:00:00,Pekanbaru,Clouds,few clouds,24.12,25.09,96,1011,0.73,0.0,18,10000
2026-09-29 21:05:32,2026-09-30 07:00:00,Pekanbaru,Rain,light rain,24.53,25.47,93,1013,1.13,0.2,24,10000
2026-09-29 21:05:32,2026-09-30 10:00:00,Pekanbaru,Clear,clear sky,31.37,34.14,54,1014,1.82,0.0,3,10000
2026-09-29 21:05:32,2026-09-30 13:00:00,Pekanbaru,Clouds,few clouds,35.63,37.47,37,1011,1.29,0.0,18,10000
2026-09-29 21:05:32,2026-09-30 16:00:00,Pekanbaru,Clouds,broken clouds,30.85,33.83,57,1009,1.68,0.0,75,10000
2026-09-29 21:05:32,2026-09-30 19:00:00,Pekanbaru,Clouds,overcast clouds,27.86,30.15,68,1011,1.19,0.0,87,10000
2026-09-29 21:05:32,2026-09-30 22:00:00,Pekanbaru,Clouds,overcast clouds,26.58,26.58,75,1013,1.04,0.0,96,10000
2026-09-29 21:05:32,2026-10-01 01:00:00,Pekanbaru,Rain,light rain,24.79,25.57,86,1012,1.19,0.2,70,10000
2026-09-29 21:05:32,2026-10-01 04:00:00,Pekanbaru,Clouds,broken clouds,23.93,24.83,94,1011,1.23,0.13,82,10000
2026-09-29 21:05:32,2026-10-01 07:00:00,Pekanbaru,Rain,light rain,24.79,25.7,91,1013,0.79,0.57,91,10000
2026-09-29 21:05:32,2026-10-01 10:00:00,Pekanbaru,Rain,moderate rain,28.49,33.73,82,1014,0.63,1.0,94,6154
2026-09-29 21:05:32,2026-10-01 13:00:00,Pekanbaru,Rain,moderate rain,29.69,35.96,77,1011,0.77,1.0,97,3341
2026-09-29 21:05:32,2026-10-01 16:00:00,Pekanbaru,Rain,light rain,31.65,35.99,59,1009,0.18,1.0,96,10000
2026-09-29 21:05:32,2026-10-01 19:00:00,Pekanbaru,Rain,moderate rain,24.86,25.86,94,1012,0.86,1.0,96,10000
2026-09-29 21:05:32,2026-10-01 22:00:00,Pekanbaru,Rain,moderate rain,24.35,25.32,95,1014,0.78,1.0,100,10000
2026-09-29 21:05:32,2026-10-02 01:00:00,Pekanbaru,Clouds,overcast clouds,23.87,24.85,97,1013,1.01,0.79,99,10000
2026-09-29 21:05:32,2026-10-02 04:00:00,Pekanbaru,Clouds,overcast clouds,23.32,24.27,98,1012,0.61,0.09,100,10000
2026-09-29 21:05:32,2026-10-02 07:00:00,Pekanbaru,Rain,light rain,24.19,25.15,95,1014,0.51,0.66,95,10000
2026-09-29 21:05:32,2026-10-02 10:00:00,Pekanbaru,Rain,moderate rain,28.73,33.8,79,1015,0.25,1.0,88,10000
2026-09-29 21:05:32,2026-10-02 13:00:00,Pekanbaru,Rain,light rain,29.65,35.36,75,1012,1.09,1.0,94,10000
2026-09-29 21:05:32,2026-10-02 16:00:00,Pekanbaru,Rain,moderate rain,28.21,34.04,88,1011,0.79,1.0,100,4519
2026-09-29 21:05:32,2026-10-02 19:00:00,Pekanbaru,Rain,light rain,24.97,25.98,94,1013,0.08,1.0,100,10000
2026-09-29 21:05:32,2026-10-02 22:00:00,Pekanbaru,Rain,light rain,24.59,25.56,94,1015,0.84,1.0,100,10000
2026-09-29 21:05:32,2026-10-03 01:00:00,Pekanbaru,Clouds,overcast clouds,23.93,24.86,95,1013,0.49,0.8,100,10000
2026-09-29 21:05:32,2026-10-03 04:00:00,Pekanbaru,Clouds,overcast clouds,23.27,24.21,98,1013,0.51,0.0,93,10000
2026-09-29 21:05:32,2026-10-03 07:00:00,Pekanbaru,Rain,light rain,23.9,24.88,97,1015,0.04,0.65,82,10000
2026-09-29 21:05:32,2026-10-03 10:00:00,Pekanbaru,Rain,moderate rain,28.32,33.09,81,1015,0.15,1.0,92,10000
2026-09-29 21:05:32,2026-10-03 13:00:00,Pekanbaru,Rain,light rain,30.21,35.56,70,1012,1.16,1.0,92,10000
2026-09-29 21:05:32,2026-10-03 16:00:00,Pekanbaru,Rain,light rain,31.45,35.55,59,1010,0.68,1.0,96,10000
2026-09-29 21:05:32,2026-10-03 19:00:00,Pekanbaru,Rain,light rain,24.89,25.84,92,1013,0.33,1.0,74,10000
2026-09-29 21:05:32,2026-10-03 22:00:00,Pekanbaru,Rain,light rain,24.08,25.08,97,1014,1.31,0.57,100,10000
2026-09-29 21:05:32,2026-10-04 01:00:00,Pekanbaru,Rain,light rain,23.63,24.61,98,1013,1.12,0.76,100,10000
2026-09-29 21:05:32,2026-10-04 04:00:00,Pekanbaru,Clouds,overcast clouds,23.17,24.13,99,1012,0.9,0.0,98,10000
2026-09-29 21:05:32,2026-10-04 07:00:00,Pekanbaru,Clouds,overcast clouds,23.84,24.81,97,1014,0.17,0.0,92,10000
2026-09-29 21:05:32,2026-10-04 10:00:00,Pekanbaru,Rain,light rain,30.07,34.73,68,1015,0.55,0.37,100,10000
2026-09-29 21:05:32,2026-10-04 13:00:00,Pekanbaru,Rain,light rain,32.28,36.52,56,1011,1.25,0.41,100,10000
2026-09-29 21:05:32,2026-10-04 16:00:00,Pekanbaru,Rain,light rain,30.24,34.88,67,1010,2.06,0.45,99,10000
2026-09-29 21:05:32,2026-10-04 19:00:00,Pekanbaru,Rain,light rain,24.68,25.66,94,1012,1.33,1.0,100,10000
2026-09-30 00:05:32,2026-09-30 01:00:00,Pekanbaru,Clouds,scattered clouds,25.15,26.18,94,1012,1.04,0.49,25,10000
2026-09-30 00:05:32,2026-09-30 04:00:00,Pekanbaru,Clouds,few clouds,24.67,25.67,95,1012,0.73,0.0,20,10000
2026-09-30 00:05:32,2026-09-30 07:00:00,Pekanbaru,Rain,light rain,24.74,25.7,93,1013,1.13,0.2,24,10000
2026-09-30 00:05:32,2026-09-30 10:00:00,Pekanbaru,Clear,clear sky,31.37,34.14,54,1014,1.82,0.0,3,10000
2026-09-30 00:05:32,2026-09-30 13:00:00,Pekanbaru,Clouds,few clouds,35.63,37.47,37,1011,1.29,0.0,18,10000
2026-09-30 00:05:32,2026-09-30 16:00:00,Pekanbaru,Clouds,broken clouds,30.85,33.83,57,1009,1.68,0.0,75,10000
2026-09-30 00:05:32,2026-09-30 19:00:00,Pekanbaru,Clouds,overcast clouds,27.86,30.15,68,1011,1.19,0.0,87,10000
2026-09-30 00:05:32,2026-09-30 22:00:00,Pekanbaru,Clouds,overcast clouds,26.58,26.58,75,1013,1.04,0.0,96,10000
2026-09-30 00:05:32,2026-10-01 01:00:00,Pekanbaru,Rain,light rain,24.79,25.57,86,1012,1.19,0.2,70,10000
2026-09-30 00:05:32,2026-10-01 04:00:00,Pekanbaru,Clouds,broken clouds,23.93,24.83,94,1011,1.23,0.13,82,10000
2026-09-30 00:05:32,2026-10-01 07:00:00,Pekanbaru,Rain,light rain,24.79,25.7,91,1013,0.79,0.57,91,10000
2026-09-30 00:05:32,2026-10-01 10:00:00,Pekanbaru,Rain,moderate rain,28.49,33.73,82,1014,0.63,1.0,94,6154
2026-09-30 00:05:32,2026-10-01 13:00:00,Pekanbaru,Rain,moderate rain,29.69,35.96,77,1011,0.77,1.0,97,3341
2026-09-30 00:05:32,2026-10-01 16:00:00,Pekanbaru,Rain,light rain,31.65,35.99,59,1009,0.18,1.0,96,10000
2026-09-30 00:05:32,2026-10-01 19:00:00,Pekanbaru,Rain,moderate rain,24.86,25.86,94,1012,0.86,1.0,96,10000
2026-09-30 00:05:32,2026-10-01 22:00:00,Pekanbaru,Rain,moderate rain,24.35,25.32,95,1014,0.78,1.0,100,10000
2026-09-30 00:05:32,2026-10-02 01:00:00,Pekanbaru,Clouds,overcast clouds,23.87,24.85,97,1013,1.01,0.79,99,10000
2026-09-30 00:05:32,2026-10-02 04:00:00,Pekanbaru,Clouds,overcast clouds,23.32,24.27,98,1012,0.61,0.09,100,10000
2026-09-30 00:05:32,2026-10-02 07:00:00,Pekanbaru,Rain,light rain,24.19,25.15,95,1014,0.51,0.66,95,10000
2026-09-30 00:05:32,2026-10-02 10:00:00,Pekanbaru,Rain,moderate rain,28.73,33.8,79,1015,0.25,1.0,88,10000
2026-09-30 00:05:32,2026-10-02 13:00:00,Pekanbaru,Rain,light rain,29.65,35.36,75,1012,1.09,1.0,94,10000
2026-09-30 00:05:32,2026-10-02 16:00:00,Pekanbaru,Rain,moderate rain,28.21,34.04,88,1011,0.79,1.0,100,4519
2026-09-30 00:05:32,2026-10-02 19:00:00,Pekanbaru,Rain,light rain,24.97,25.98,94,1013,0.08,1.0,100,10000
2026-09-30 00:05:32,2026-10-02 22:00:00,Pekanbaru,Rain,light rain,24.59,25.56,94,1015,0.84,1.0,100,10000
2026-09-30 00:05:32,2026-10-03 01:00:00,Pekanbaru,Clouds,overcast clouds,23.93,24.86,95,1013,0.49,0.8,100,10000
2026-09-30 00:05:32,2026-10-03 04:00:00,Pekanbaru,Clouds,overcast clouds,23.27,24.21,98,1013,0.51,0.0,93,10000
2026-09-30 00:05:32,2026-10-03 07:00:00,Pekanbaru,Rain,light rain,23.9,24.88,97,1015,0.04,0.65,82,10000
2026-09-30 00:05:32,2026-10-03 10:00:00,Pekanbaru,Rain,moderate rain,28.32,33.09,81,1015,0.15,1.0,92,10000
2026-09-30 00:05:32,2026-10-03 13:00:00,Pekanbaru,Rain,light rain,30.21,35.56,70,1012,1.16,1.0,92,10000
2026-09-30 00:05:32,2026-10-03 16:00:00,Pekanbaru,Rain,light rain,31.45,35.55,59,1010,0.68,1.0,96,10000
2026-09-30 00:05:32,2026-10-03 19:00:00,Pekanbaru,Rain,light rain,24.89,25.84,92,1013,0.33,1.0,74,10000
2026-09-30 00:05:32,2026-10-03 22:00:00,Pekanbaru,Rain,light rain,24.08,25.08,97,1014,1.31,0.57,100,10000
2026-09-30 00:05:32,2026-10-04 01:00:00,Pekanbaru,Rain,light rain,23.63,24.61,98,1013,1.12,0.76,100,10000
2026-09-30 00:05:32,2026-10-04 04:00:00,Pekanbaru,Clouds,overcast clouds,23.17,24.13,99,1012,0.9,0.0,98,10000
2026-09-30 00:05:32,2026-10-04 07:00:00,Pekanbaru,Clouds,overcast clouds,23.84,24.81,97,1014,0.17,0.0,92,10000
2026-09-30 00:05:32,2026-10-04 10:00:00,Pekanbaru,Rain,light rain,30.07,34.73,68,1015,0.55,0.37,100,10000
2026-09-30 00:05:32,2026-10-04 13:00:00,Pekanbaru,Rain,light rain,32.28,36.52,56,1011,1.25,0.41,100,10000
2026-09-30 00:05:32,2026-10-04 16:00:00,Pekanbaru,Rain,light rain,30.24,34.88,67,1010,2.06,0.45,99,10000
2026-09-30 00:05:32,2026-10-04 19:00:00,Pekanbaru,Rain,light rain,24.68,25.66,94,1012,1.33,1.0,100,10000
2026-09-30 00:05:32,2026-10-04 22:00:00,Pekanbaru,Clouds,scattered clouds,24.09,25.04,95,1014,0.25,0.04,32,10000
2026-09-30 03:05:31,2026-09-30 04:00:00,Pekanbaru,Clear,clear sky,24.15,25.23,100,1011,0.29,0.0,6,10000
2026-09-30 03:05:31,2026-09-30 07:00:00,Pekanbaru,Clouds,few clouds,24.28,25.32,98,1012,0.84,0.0,11,10000
2026-09-30 03:05:31,2026-09-30 10:00:00,Pekanbaru,Clear,clear sky,28.96,32.46,69,1014,1.73,0.0,8,10000
2026-09-30 03:05:31,2026-09-30 13:00:00,Pekanbaru,Clouds,few clouds,35.64,38.11,39,1011,0.99,0.0,13,10000
2026-09-30 03:05:31,2026-09-30 16:00:00,Pekanbaru,Clouds,overcast clouds,30.69,33.97,59,1009,0.82,0.0,86,10000
2026-09-30 03:05:31,2026-09-30 19:00:00,Pekanbaru,Clouds,overcast clouds,27.94,30.3,68,1011,1.33,0.0,91,10000
2026-09-30 03:05:31,2026-09-30 22:00:00,Pekanbaru,Clouds,overcast clouds,26.81,28.84,74,1013,0.84,0.0,93,10000
2026-09-30 03:05:31,2026-10-01 01:00:00,Pekanbaru,Rain,light rain,25.04,25.79,84,1012,1.05,0.2,82,10000
2026-09-30 03:05:31,2026-10-01 04:00:00,Pekanbaru,Rain,moderate rain,23.27,24.21,98,1011,0.8,1.0,44,6127
2026-09-30 03:05:31,2026-10-01 07:00:00,Pekanbaru,Rain,moderate rain,24.02,25.04,98,1013,0.43,1.0,56,10000
2026-09-30 03:05:31,2026-10-01 10:00:00,Pekanbaru,Rain,light rain,30.32,35.57,69,1015,0.96,0.88,100,10000
2026-09-30 03:05:31,2026-10-01 13:00:00,Pekanbaru,Rain,moderate rain,30.98,36.95,68,1012,1.04,1.0,100,10000
2026-09-30 03:05:31,2026-10-01 16:00:00,Pekanbaru,Rain,light rain,31.43,36.05,61,1010,0.97,1.0,63,10000
2026-09-30 03:05:31,2026-10-01 19:00:00,Pekanbaru,Rain,moderate rain,25.15,26.2,95,1012,1.41,1.0,72,10000
2026-09-30 03:05:31,2026-10-01 22:00:00,Pekanbaru,Rain,moderate rain,24.54,25.53,95,1014,1.11,1.0,99,10000
2026-09-30 03:05:31,2026-10-02 01:00:00,Pekanbaru,Clouds,overcast clouds,23.89,24.87,97,1013,0.75,0.77,97,10000
2026-09-30 03:05:31,2026-10-02 04:00:00,Pekanbaru,Rain,light rain,23.12,24.07,99,1012,0.66,0.85,75,10000
2026-09-30 03:05:31,2026-10-02 07:00:00,Pekanbaru,Rain,light rain,23.74,24.68,96,1014,0.43,0.97,86,10000
2026-09-30 03:05:31,2026-10-02 10:00:00,Pekanbaru,Rain,moderate rain,27.95,32.6,84,1015,0.45,1.0,100,3817
2026-09-30 03:05:31,2026-10-02 13:00:00,Pekanbaru,Rain,moderate rain,29.01,34.77,80,1012,0.51,1.0,100,8490
2026-09-30 03:05:31,2026-10-02 16:00:00,Pekanbaru,Rain,moderate rain,28.31,33.97,86,1011,0.95,1.0,100,4810
2026-09-30 03:05:31,2026-10-02 19:00:00,Pekanbaru,Rain,light rain,24.95,25.98,95,1013,0.46,1.0,100,10000
2026-09-30 03:05:31,2026-10-02 22:00:00,Pekanbaru,Clouds,overcast clouds,24.39,25.42,97,1015,0.48,0.24,98,10000
2026-09-30 03:05:31,2026-10-03 01:00:00,Pekanbaru,Rain,light rain,23.76,24.72,97,1013,0.63,1.0,99,10000
2026-09-30 03:05:31,2026-10-03 04:00:00,Pekanbaru,Clouds,overcast clouds,23.22,24.16,98,1013,0.71,0.0,100,10000
2026-09-30 03:05:31,2026-10-03 07:00:00,Pekanbaru,Rain,moderate rain,23.56,24.53,98,1015,0.13,0.99,93,9641
2026-09-30 03:05:31,2026-10-03 10:00:00,Pekanbaru,Rain,light rain,28.32,33.27,82,1015,0.2,1.0,97,4379
2026-09-30 03:05:31,2026-10-03 13:00:00,Pekanbaru,Rain,light rain,30.87,36.12,66,1012,1.26,1.0,97,9118
2026-09-30 03:05:31,2026-10-03 16:00:00,Pekanbaru,Rain,light rain,30.03,34.63,68,1010,0.82,1.0,96,10000
2026-09-30 03:05:31,2026-10-03 19:00:00,Pekanbaru,Rain,light rain,25.08,26.02,91,1012,0.58,1.0,56,10000
2026-09-30 03:05:31,2026-10-03 22:00:00,Pekanbaru,Rain,light rain,24.18,25.16,96,1014,0.49,0.33,52,10000
2026-09-30 03:05:31,2026-10-04 01:00:00,Pekanbaru,Clouds,broken clouds,23.73,24.69,97,1012,0.77,0.03,75,10000
2026-09-30 03:05:31,2026-10-04 04:00:00,Pekanbaru,Clouds,overcast clouds,23.39,24.34,98,1012,0.51,0.03,100,10000
2026-09-30 03:05:31,2026-10-04 07:00:00,Pekanbaru,Clouds,overcast clouds,23.99,24.98,97,1014,0.33,0.0,100,10000
2026-09-30 03:05:31,2026-10-04 10:00:00,Pekanbaru,Rain,light rain,28.18,32.89,82,1014,0.52,1.0,100,10000
2026-09-30 03:05:31,2026-10-04 13:00:00,Pekanbaru,Rain,light rain,30.18,35.48,70,1012,0.75,1.0,100,10000
2026-09-30 03:05:31,2026-10-04 16:00:00,Pekanbaru,Rain,light rain,30.51,34.77,64,1010,1.19,1.0,100,10000
2026-09-30 03:05:31,2026-10-04 19:00:00,Pekanbaru,Rain,light rain,24.95,25.9,92,1012,1.1,1.0,100,10000
2026-09-30 03:05:31,2026-10-04 22:00:00,Pekanbaru,Clouds,overcast clouds,24.46,25.42,94,1014,0.63,0.04,100,10000
2026-09-30 03:05:31,2026-10-05 01:00:00,Pekanbaru,Clouds,overcast clouds,23.7,24.66,97,1012,1.06,0.0,100,10000
2026-09-30 06:05:32,2026-09-30 07:00:00,Pekanbaru,Clouds,few clouds,24.15,25.23,100,1012,0.84,0.0,22,10000
2026-09-30 06:05:32,2026-09-30 10:00:00,Pekanbaru,Clouds,few clouds,26.54,26.54,87,1013,1.73,0.0,18,10000
2026-09-30 06:05:32,2026-09-30 13:00:00,Pekanbaru,Clouds,few clouds,31.81,36.35,59,1011,0.99,0.0,16,10000
2026-09-30 06:05:32,2026-09-30 16:00:00,Pekanbaru,Clouds,overcast clouds,30.69,33.97,59,1009,0.82,0.0,86,10000
2026-09-30 06:05:32,2026-09-30 19:00:00,Pekanbaru,Clouds,overcast clouds,27.94,30.3,68,1011,1.33,0.0,91,10000
2026-09-30 06:05:32,2026-09-30 22:00:00,Pekanbaru,Clouds,overcast clouds,26.81,28.84,74,1013,0.84,0.0,93,10000
2026-09-30 06:05:32,2026-10-01 01:00:00,Pekanbaru,Rain,light rain,25.04,25.79,84,1012,1.05,0.2,82,10000
2026-09-30 06:05:32,2026-10-01 04:00:00,Pekanbaru,Rain,moderate rain,23.27,24.21,98,1011,0.8,1.0,44,6127
2026-09-30 06:05:32,2026-10-01 07:00:00,Pekanbaru,Rain,moderate rain,24.02,25.04,98,1013,0.43,1.0,56,10000
2026-09-30 06:05:32,2026-10-01 10:00:00,Pekanbaru,Rain,light rain,30.32,35.57,69,1015,0.96,0.88,100,10000
2026-09-30 06:05:32,2026-10-01 13:00:00,Pekanbaru,Rain,moderate rain,30.98,36.95,68,1012,1.04,1.0,100,10000
2026-09-30 06:05:32,2026-10-01 16:00:00,Pekanbaru,Rain,light rain,31.43,36.05,61,1010,0.97,1.0,63,10000
2026-09-30 06:05:32,2026-10-01 19:00:00,Pekanbaru,Rain,moderate rain,25.15,26.2,95,1012,1.41,1.0,72,10000
2026-09-30 06:05:32,2026-10-01 22:00:00,Pekanbaru,Rain,moderate rain,24.54,25.53,95,1014,1.11,1.0,99,10000
2026-09-30 06:05:32,2026-10-02 01:00:00,Pekanbaru,Clouds,overcast clouds,23.89,24.87,97,1013,0.75,0.77,97,10000
2026-09-30 06:05:32,2026-10-02 04:00:00,Pekanbaru,Rain,light rain,23.12,24.07,99,1012,0.66,0.85,75,10000
2026-09-30 06:05:32,2026-10-02 07:00:00,Pekanbaru,Rain,light rain,23.74,24.68,96,1014,0.43,0.97,86,10000
2026-09-30 06:05:32,2026-10-02 10:00:00,Pekanbaru,Rain,moderate rain,27.95,32.6,84,1015,0.45,1.0,100,3817
2026-09-30 06:05:32,2026-10-02 13:00:00,Pekanbaru,Rain,moderate rain,29.01,34.77,80,1012,0.51,1.0,100,8490
2026-09-30 06:05:32,2026-10-02 16:00:00,Pekanbaru,Rain,moderate rain,28.31,33.97,86,1011,0.95,1.0,100,4810
2026-09-30 06:05:32,2026-10-02 19:00:00,Pekanbaru,Rain,light rain,24.95,25.98,95,1013,0.46,1.0,100,10000
2026-09-30 06:05:32,2026-10-02 22:00:00,Pekanbaru,Clouds,overcast clouds,24.39,25.42,97,1015,0.48,0.24,98,10000
2026-09-30 06:05:32,2026-10-03 01:00:00,Pekanbaru,Rain,light rain,23.76,24.72,97,1013,0.63,1.0,99,10000
2026-09-30 06:05:32,2026-10-03 04:00:00,Pekanbaru,Clouds,overcast clouds,23.22,24.16,98,1013,0.71,0.0,100,10000
2026-09-30 06:05:32,2026-10-03 07:00:00,Pekanbaru,Rain,moderate rain,23.56,24.53,98,1015,0.13,0.99,93,9641
2026-09-30 06:05:32,2026-10-03 10:00:00,Pekanbaru,Rain,light rain,28.32,33.27,82,1015,0.2,1.0,97,4379
2026-09-30 06:05:32,2026-10-03 13:00:00,Pekanbaru,Rain,light rain,30.87,36.12,66,1012,1.26,1.0,97,9118
2026-09-30 06:05:32,2026-10-03 16:00:00,Pekanbaru,Rain,light rain,30.03,34.63,68,1010,0.82,1.0,96,10000
2026-09-30 06:05:32,2026-10-03 19:00:00,Pekanbaru,Rain,light rain,25.08,26.02,91,1012,0.58,1.0,56,10000
2026-09-30 06:05:32,2026-10-03 22:00:00,Pekanbaru,Rain,light rain,24.18,25.16,96,1014,0.49,0.33,52,10000
2026-09-30 06:05:32,2026-10-04 01:00:00,Pekanbaru,Clouds,broken clouds,23.73,24.69,97,1012,0.77,0.03,75,10000
2026-09-30 06:05:32,2026-10-04 04:00:00,Pekanbaru,Clouds,overcast clouds,23.39,24.34,98,1012,0.51,0.03,100,10000
2026-09-30 06:05:32,2026-10-04 07:00:00,Pekanbaru,Clouds,overcast clouds,23.99,24.98,97,1014,0.33,0.0,100,10000
2026-09-30 06:05:32,2026-10-04 10:00:00,Pekanbaru,Rain,light rain,28.18,32.89,82,1014,0.52,1.0,100,10000
2026-09-30 06:05:32,2026-10-04 13:00:00,Pekanbaru,Rain,light rain,30.18,35.48,70,1012,0.75,1.0,100,10000
2026-09-30 06:05:32,2026-10-04 16:00:00,Pekanbaru,Rain,light rain,30.51,34.77,64,1010,1.19,1.0,100,10000
2026-09-30 06:05:32,2026-10-04 19:00:00,Pekanbaru,Rain,light rain,24.95,25.9,92,1012,1.1,1.0,100,10000
2026-09-30 06:05:32,2026-10-04 22:00:00,Pekanbaru,Clouds,overcast clouds,24.46,25.42,94,1014,0.63,0.04,100,10000
2026-09-30 06:05:32,2026-10-05 01:00:00,Pekanbaru,Clouds,overcast clouds,23.7,24.66,97,1012,1.06,0.0,100,10000
2026-09-30 06:05:32,2026-10-05 04:00:00,Pekanbaru,Rain,light rain,23.16,24.12,99,1012,1.08,0.34,100,10000
2026-09-30 09:05:31,2026-09-30 10:00:00,Pekanbaru,Clear,clear sky,27.15,30.39,83,1014,1.65,0.0,8,10000
2026-09-30 09:05:31,2026-09-30 13:00:00,Pekanbaru,Clear,clear sky,30.07,35.46,71,1013,0.93,0.0,10,10000
2026-09-30 09:05:31,2026-09-30 16:00:00,Pekanbaru,Clouds,broken clouds,29.06,32.86,70,1011,0.57,0.0,69,10000
2026-09-30 09:05:31,2026-09-30 19:00:00,Pekanbaru,Clouds,overcast clouds,27.35,29.87,74,1011,1.08,0.0,99,10000
2026-09-30 09:05:31,2026-09-30 22:00:00,Pekanbaru,Rain,light rain,26.57,26.57,79,1014,0.12,0.27,76,10000
2026-09-30 09:05:31,2026-10-01 01:00:00,Pekanbaru,Rain,light rain,25.32,26.15,86,1012,1.15,0.29,77,10000
2026-09-30 09:05:31,2026-10-01 04:00:00,Pekanbaru,Rain,light rain,23.63,24.56,96,1012,1.07,0.99,56,10000
2026-09-30 09:05:31,2026-10-01 07:00:00,Pekanbaru,Clouds,broken clouds,24.43,25.38,94,1014,0.24,0.87,75,10000
2026-09-30 09:05:31,2026-10-01 10:00:00,Pekanbaru,Clouds,overcast clouds,27.45,30.89,81,1015,0.45,0.04,100,10000
2026-09-30 09:05:31,2026-10-01 13:00:00,Pekanbaru,Rain,moderate rain,30.9,36.75,68,1012,1.19,1.0,87,10000
2026-09-30 09:05:31,2026-10-01 16:00:00,Pekanbaru,Rain,moderate rain,29.12,35.08,80,1010,1.06,1.0,59,8740
2026-09-30 09:05:31,2026-10-01 19:00:00,Pekanbaru,Rain,moderate rain,25.29,26.28,92,1012,0.95,1.0,79,10000
2026-09-30 09:05:31,2026-10-01 22:00:00,Pekanbaru,Rain,light rain,24.62,25.62,95,1014,0.66,0.72,97,10000
2026-09-30 09:05:31,2026-10-02 01:00:00,Pekanbaru,Clouds,overcast clouds,23.96,24.94,97,1013,0.83,0.65,96,10000
2026-09-30 09:05:31,2026-10-02 04:00:00,Pekanbaru,Clouds,overcast clouds,23.41,24.37,98,1011,0.78,0.05,91,10000
2026-09-30 09:05:31,2026-10-02 07:00:00,Pekanbaru,Rain,moderate rain,23.55,24.52,98,1014,0.55,1.0,95,8635
2026-09-30 09:05:31,2026-10-02 10:00:00,Pekanbaru,Rain,light rain,28.74,34.23,81,1015,0.14,1.0,100,6685
2026-09-30 09:05:31,2026-10-02 13:00:00,Pekanbaru,Rain,moderate rain,30.97,36.36,66,1012,0.79,1.0,100,10000
2026-09-30 09:05:31,2026-10-02 16:00:00,Pekanbaru,Rain,light rain,31.31,35.51,60,1010,0.91,1.0,99,10000
2026-09-30 09:05:31,2026-10-02 19:00:00,Pekanbaru,Rain,moderate rain,24.87,25.87,94,1013,0.66,1.0,100,10000
2026-09-30 09:05:31,2026-10-02 22:00:00,Pekanbaru,Rain,moderate rain,24.23,25.22,96,1015,1.41,1.0,100,10000
2026-09-30 09:05:31,2026-10-03 01:00:00,Pekanbaru,Clouds,overcast clouds,23.49,24.43,97,1013,0.72,0.8,93,10000
2026-09-30 09:05:31,2026-10-03 04:00:00,Pekanbaru,Clouds,broken clouds,22.98,23.89,98,1012,0.7,0.0,83,10000
2026-09-30 09:05:31,2026-10-03 07:00:00,Pekanbaru,Clouds,broken clouds,24.0,24.94,95,1015,0.33,0.0,60,10000
2026-09-30 09:05:31,2026-10-03 10:00:00,Pekanbaru,Rain,light rain,28.43,33.2,80,1016,0.51,1.0,83,10000
2026-09-30 09:05:31,2026-10-03 13:00:00,Pekanbaru,Rain,light rain,31.03,36.51,66,1012,1.14,1.0,76,8836
2026-09-30 09:05:31,2026-10-03 16:00:00,Pekanbaru,Rain,light rain,30.61,35.5,66,1010,0.92,1.0,98,10000
2026-09-30 09:05:31,2026-10-03 19:00:00,Pekanbaru,Rain,light rain,24.45,25.41,94,1012,0.59,1.0,86,10000
2026-09-30 09:05:31,2026-10-03 22:00:00,Pekanbaru,Rain,light rain,24.07,25.01,95,1014,0.67,0.78,100,10000
2026-09-30 09:05:31,2026-10-04 01:00:00,Pekanbaru,Clouds,overcast clouds,23.58,24.53,97,1012,1.25,0.55,98,10000
2026-09-30 09:05:31,2026-10-04 04:00:00,Pekanbaru,Clouds,overcast clouds,23.11,24.04,98,1012,0.14,0.0,100,10000
2026-09-30 09:05:31,2026-10-04 07:00:00,Pekanbaru,Clouds,overcast clouds,23.99,24.95,96,1014,0.15,0.0,100,10000
2026-09-30 09:05:31,2026-10-04 10:00:00,Pekanbaru,Rain,light rain,28.56,33.54,80,1015,0.54,1.0,93,10000
2026-09-30 09:05:31,2026-10-04 13:00:00,Pekanbaru,Rain,light rain,31.73,37.04,62,1011,0.96,1.0,97,8977
2026-09-30 09:05:31,2026-10-04 16:00:00,Pekanbaru,Rain,light rain,30.24,35.89,71,1010,1.65,1.0,100,10000
2026-09-30 09:05:31,2026-10-04 19:00:00,Pekanbaru,Rain,light rain,24.93,25.93,94,1012,0.89,1.0,93,10000
2026-09-30 09:05:31,2026-10-04 22:00:00,Pekanbaru,Clouds,broken clouds,24.28,25.22,94,1013,0.59,0.45,78,10000
2026-09-30 09:05:31,2026-10-05 01:00:00,Pekanbaru,Clouds,broken clouds,23.6,24.52,96,1012,1.3,0.21,64,10000
2026-09-30 09:05:31,2026-10-05 04:00:00,Pekanbaru,Clouds,broken clouds,23.03,23.95,98,1012,0.43,0.0,77,10000
2026-09-30 09:05:31,2026-10-05 07:00:00,Pekanbaru,Clouds,overcast clouds,24.01,24.95,95,1014,0.37,0.0,89,10000
2026-09-30 12:05:35,2026-09-30 13:00:00,Pekanbaru,Clouds,few clouds,31.15,36.8,66,1012,0.93,0.0,14,10000
2026-09-30 12:05:35,2026-09-30 16:00:00,Pekanbaru,Clouds,scattered clouds,30.79,35.66,65,1011,0.57,0.0,43,10000
2026-09-30 12:05:35,2026-09-30 19:00:00,Pekanbaru,Clouds,broken clouds,28.62,32.25,72,1011,1.08,0.0,71,10000
2026-09-30 12:05:35,2026-09-30 22:00:00,Pekanbaru,Rain,light rain,26.57,26.57,79,1014,0.12,0.27,76,10000
2026-09-30 12:05:35,2026-10-01 01:00:00,Pekanbaru,Rain,light rain,25.32,26.15,86,1012,1.15,0.29,77,10000
2026-09-30 12:05:35,2026-10-01 04:00:00,Pekanbaru,Rain,light rain,23.63,24.56,96,1012,1.07,0.99,56,10000
2026-09-30 12:05:35,2026-10-01 07:00:00,Pekanbaru,Clouds,broken clouds,24.43,25.38,94,1014,0.24,0.87,75,10000
2026-09-30 12:05:35,2026-10-01 10:00:00,Pekanbaru,Clouds,overcast clouds,27.45,30.89,81,1015,0.45,0.04,100,10000
2026-09-30 12:05:35,2026-10-01 13:00:00,Pekanbaru,Rain,moderate rain,30.9,36.75,68,1012,1.19,1.0,87,10000
2026-09-30 12:05:35,2026-10-01 16:00:00,Pekanbaru,Rain,moderate rain,29.12,35.08,80,1010,1.06,1.0,59,8740
2026-09-30 12:05:35,2026-10-01 19:00:00,Pekanbaru,Rain,moderate rain,25.29,26.28,92,1012,0.95,1.0,79,10000
2026-09-30 12:05:35,2026-10-01 22:00:00,Pekanbaru,Rain,light rain,24.62,25.62,95,1014,0.66,0.72,97,10000
2026-09-30 12:05:35,2026-10-02 01:00:00,Pekanbaru,Clouds,overcast clouds,23.96,24.94,97,1013,0.83,0.65,96,10000
2026-09-30 12:05:35,2026-10-02 04:00:00,Pekanbaru,Clouds,overcast clouds,23.41,24.37,98,1011,0.78,0.05,91,10000
2026-09-30 12:05:35,2026-10-02 07:00:00,Pekanbaru,Rain,moderate rain,23.55,24.52,98,1014,0.55,1.0,95,8635
2026-09-30 12:05:35,2026-10-02 10:00:00,Pekanbaru,Rain,light rain,28.74,34.23,81,1015,0.14,1.0,100,6685
2026-09-30 12:05:35,2026-10-02 13:00:00,Pekanbaru,Rain,moderate rain,30.97,36.36,66,1012,0.79,1.0,100,10000
2026-09-30 12:05:35,2026-10-02 16:00:00,Pekanbaru,Rain,light rain,31.31,35.51,60,1010,0.91,1.0,99,10000
2026-09-30 12:05:35,2026-10-02 19:00:00,Pekanbaru,Rain,moderate rain,24.87,25.87,94,1013,0.66,1.0,100,10000
2026-09-30 12:05:35,2026-10-02 22:00:00,Pekanbaru,Rain,moderate rain,24.23,25.22,96,1015,1.41,1.0,100,10000
2026-09-30 12:05:35,2026-10-03 01:00:00,Pekanbaru,Clouds,overcast clouds,23.49,24.43,97,1013,0.72,0.8,93,10000
2026-09-30 12:05:35,2026-10-03 04:00:00,Pekanbaru,Clouds,broken clouds,22.98,23.89,98,1012,0.7,0.0,83,10000
2026-09-30 12:05:35,2026-10-03 07:00:00,Pekanbaru,Clouds,broken clouds,24.0,24.94,95,1015,0.33,0.0,60,10000
2026-09-30 12:05:35,2026-10-03 10:00:00,Pekanbaru,Rain,light rain,28.43,33.2,80,1016,0.51,1.0,83,10000
2026-09-30 12:05:35,2026-10-03 13:00:00,Pekanbaru,Rain,light rain,31.03,36.51,66,1012,1.14,1.0,76,8836
2026-09-30 12:05:35,2026-10-03 16:00:00,Pekanbaru,Rain,light rain,30.61,35.5,66,1010,0.92,1.0,98,10000
2026-09-30 12:05:35,2026-10-03 19:00:00,Pekanbaru,Rain,light rain,24.45,25.41,94,1012,0.59,1.0,86,10000
2026-09-30 12:05:35,2026-10-03 22:00:00,Pekanbaru,Rain,light rain,24.07,25.01,95,1014,0.67,0.78,100,10000
2026-09-30 12:05:35,2026-10-04 01:00:00,Pekanbaru,Clouds,overcast clouds,23.58,24.53,97,1012,1.25,0.55,98,10000
2026-09-30 12:05:35,2026-10-04 04:00:00,Pekanbaru,Clouds,overcast clouds,23.11,24.04,98,1012,0.14,0.0,100,10000
2026-09-30 12:05:35,2026-10-04 07:00:00,Pekanbaru,Clouds,overcast clouds,23.99,24.95,96,1014,0.15,0.0,100,10000
2026-09-30 12:05:35,2026-10-04 10:00:00,Pekanbaru,Rain,light rain,28.56,33.54,80,1015,0.54,1.0,93,10000
2026-09-30 12:05:35,2026-10-04 13:00:00,Pekanbaru,Rain,light rain,31.73,37.04,62,1011,0.96,1.0,97,8977
2026-09-30 12:05:35,2026-10-04 16:00:00,Pekanbaru,Rain,light rain,30.24,35.89,71,1010,1.65,1.0,100,10000
2026-09-30 12:05:35,2026-10-04 19:00:00,Pekanbaru,Rain,light rain,24.93,25.93,94,1012,0.89,1.0,93,10000
2026-09-30 12:05:35,2026-10-04 22:00:00,Pekanbaru,Clouds,broken clouds,24.28,25.22,94,1013,0.59,0.45,78,10000
2026-09-30 12:05:35,2026-10-05 01:00:00,Pekanbaru,Clouds,broken clouds,23.6,24.52,96,1012,1.3,0.21,64,10000
2026-09-30 12:05:35,2026-10-05 04:00:00,Pekanbaru,Clouds,broken clouds,23.03,23.95,98,1012,0.43,0.0,77,10000
2026-09-30 12:05:35,2026-10-05 07:00:00,Pekanbaru,Clouds,overcast clouds,24.01,24.95,95,1014,0.37,0.0,89,10000
2026-09-30 12:05:35,2026-10-05 10:00:00,Pekanbaru,Rain,light rain,28.73,33.8,79,1015,0.34,1.0,54,8083
2026-09-30 15:05:32,2026-09-30 16:00:00,Pekanbaru,Clouds,overcast clouds,33.15,39.18,58,1009,0.58,0.0,100,10000
2026-09-30 15:05:32,2026-09-30 19:00:00,Pekanbaru,Clouds,overcast clouds,31.44,36.64,63,1010,1.06,0.0,100,10000
2026-09-30 15:05:32,2026-09-30 22:00:00,Pekanbaru,Clouds,overcast clouds,28.94,32.78,71,1012,0.44,0.0,99,10000
2026-09-30 15:05:32,2026-10-01 01:00:00,Pekanbaru,Clouds,overcast clouds,25.72,26.49,82,1012,0.86,0.0,98,10000
2026-09-30 15:05:32,2026-10-01 04:00:00,Pekanbaru,Rain,light rain,24.02,24.91,93,1011,0.99,0.94,54,10000
2026-09-30 15:05:32,2026-10-01 07:00:00,Pekanbaru,Rain,light rain,25.17,26.09,90,1014,0.53,0.9,72,10000
2026-09-30 15:05:32,2026-10-01 10:00:00,Pekanbaru,Rain,light rain,29.54,35.07,75,1015,0.79,1.0,46,10000
2026-09-30 15:05:32,2026-10-01 13:00:00,Pekanbaru,Rain,moderate rain,29.7,35.99,77,1012,1.38,1.0,62,10000
2026-09-30 15:05:32,2026-10-01 16:00:00,Pekanbaru,Rain,light rain,29.91,36.58,77,1010,0.65,1.0,64,10000
2026-09-30 15:05:32,2026-10-01 19:00:00,Pekanbaru,Rain,moderate rain,25.36,26.35,92,1012,0.81,1.0,63,10000
2026-09-30 15:05:32,2026-10-01 22:00:00,Pekanbaru,Rain,light rain,24.27,25.26,96,1014,0.83,1.0,92,9144
2026-09-30 15:05:32,2026-10-02 01:00:00,Pekanbaru,Rain,light rain,24.06,25.05,97,1013,0.61,1.0,96,10000
2026-09-30 15:05:32,2026-10-02 04:00:00,Pekanbaru,Clouds,overcast clouds,23.7,24.68,98,1011,0.51,0.06,100,10000
2026-09-30 15:05:32,2026-10-02 07:00:00,Pekanbaru,Rain,moderate rain,24.04,25.06,98,1014,0.71,0.99,100,10000
2026-09-30 15:05:32,2026-10-02 10:00:00,Pekanbaru,Rain,moderate rain,27.87,32.53,85,1015,0.93,1.0,100,9243
2026-09-30 15:05:32,2026-10-02 13:00:00,Pekanbaru,Rain,moderate rain,28.74,34.23,81,1012,1.13,1.0,100,10000
2026-09-30 15:05:32,2026-10-02 16:00:00,Pekanbaru,Rain,light rain,30.48,35.19,66,1010,1.02,1.0,100,10000
2026-09-30 15:05:32,2026-10-02 19:00:00,Pekanbaru,Rain,light rain,25.61,26.6,91,1013,0.58,1.0,100,10000
2026-09-30 15:05:32,2026-10-02 22:00:00,Pekanbaru,Rain,moderate rain,24.04,25.03,97,1015,0.49,1.0,100,10000
2026-09-30 15:05:32,2026-10-03 01:00:00,Pekanbaru,Rain,light rain,23.81,24.78,97,1013,0.24,1.0,100,10000
2026-09-30 15:05:32,2026-10-03 04:00:00,Pekanbaru,Clouds,overcast clouds,23.35,24.3,98,1012,0.55,0.37,100,10000
2026-09-30 15:05:32,2026-10-03 07:00:00,Pekanbaru,Rain,light rain,23.89,24.89,98,1015,0.34,0.37,100,10000
2026-09-30 15:05:32,2026-10-03 10:00:00,Pekanbaru,Rain,light rain,29.67,34.93,73,1016,0.78,1.0,98,10000
2026-09-30 15:05:32,2026-10-03 13:00:00,Pekanbaru,Rain,light rain,31.42,36.88,64,1012,0.96,1.0,96,10000
2026-09-30 15:05:32,2026-10-03 16:00:00,Pekanbaru,Rain,light rain,29.27,35.27,79,1010,0.33,1.0,100,10000
2026-09-30 15:05:32,2026-10-03 19:00:00,Pekanbaru,Rain,light rain,24.79,25.7,91,1012,0.67,1.0,98,10000
2026-09-30 15:05:32,2026-10-03 22:00:00,Pekanbaru,Clouds,overcast clouds,24.17,25.04,92,1014,0.48,0.0,90,10000
2026-09-30 15:05:32,2026-10-04 01:00:00,Pekanbaru,Rain,light rain,23.32,24.19,95,1012,1.32,0.38,85,10000
2026-09-30 15:05:32,2026-10-04 04:00:00,Pekanbaru,Clouds,overcast clouds,23.01,23.93,98,1012,0.4,0.25,100,10000
2026-09-30 15:05:32,2026-10-04 07:00:00,Pekanbaru,Rain,light rain,23.58,24.5,96,1014,0.29,0.86,100,10000
2026-09-30 15:05:32,2026-10-04 10:00:00,Pekanbaru,Rain,light rain,28.81,33.62,77,1015,0.26,1.0,100,10000
2026-09-30 15:05:32,2026-10-04 13:00:00,Pekanbaru,Rain,light rain,32.66,37.68,57,1011,0.44,1.0,100,10000
2026-09-30 15:05:32,2026-10-04 16:00:00,Pekanbaru,Rain,light rain,29.88,34.75,70,1010,1.74,0.55,100,10000
2026-09-30 15:05:32,2026-10-04 19:00:00,Pekanbaru,Rain,light rain,25.29,26.28,92,1012,0.83,1.0,91,10000
2026-09-30 15:05:32,2026-10-04 22:00:00,Pekanbaru,Rain,light rain,24.12,25.04,94,1013,0.37,1.0,88,10000
2026-09-30 15:05:32,2026-10-05 01:00:00,Pekanbaru,Clouds,broken clouds,23.46,24.39,97,1012,1.4,0.8,83,10000
2026-09-30 15:05:32,2026-10-05 04:00:00,Pekanbaru,Clouds,broken clouds,23.07,24.02,99,1012,0.52,0.0,74,10000
2026-09-30 15:05:32,2026-10-05 07:00:00,Pekanbaru,Rain,light rain,23.78,24.75,97,1013,0.26,0.49,71,10000
2026-09-30 15:05:32,2026-10-05 10:00:00,Pekanbaru,Clouds,broken clouds,31.34,36.4,63,1014,0.36,0.05,79,10000
2026-09-30 15:05:32,2026-10-05 13:00:00,Pekanbaru,Rain,light rain,31.12,37.02,67,1011,0.91,1.0,75,10000
2026-09-30 18:05:33,2026-09-30 19:00:00,Pekanbaru,Clouds,overcast clouds,30.15,36.44,74,1011,1.06,0.0,100,10000
2026-09-30 18:05:33,2026-09-30 22:00:00,Pekanbaru,Clouds,overcast clouds,29.08,33.89,75,1012,0.44,0.0,100,10000
2026-09-30 18:05:33,2026-10-01 01:00:00,Pekanbaru,Clouds,overcast clouds,27.2,30.19,80,1012,0.86,0.0,99,10000
2026-09-30 18:05:33,2026-10-01 04:00:00,Pekanbaru,Rain,light rain,24.02,24.91,93,1011,0.99,0.94,54,10000
2026-09-30 18:05:33,2026-10-01 07:00:00,Pekanbaru,Rain,light rain,25.17,26.09,90,1014,0.53,0.9,72,10000
2026-09-30 18:05:33,2026-10-01 10:00:00,Pekanbaru,Rain,light rain,29.54,35.07,75,1015,0.79,1.0,46,10000
2026-09-30 18:05:33,2026-10-01 13:00:00,Pekanbaru,Rain,moderate rain,29.7,35.99,77,1012,1.38,1.0,62,10000
2026-09-30 18:05:33,2026-10-01 16:00:00,Pekanbaru,Rain,light rain,29.91,36.58,77,1010,0.65,1.0,64,10000
2026-09-30 18:05:33,2026-10-01 19:00:00,Pekanbaru,Rain,moderate rain,25.36,26.35,92,1012,0.81,1.0,63,10000
2026-09-30 18:05:33,2026-10-01 22:00:00,Pekanbaru,Rain,light rain,24.27,25.26,96,1014,0.83,1.0,92,9144
2026-09-30 18:05:33,2026-10-02 01:00:00,Pekanbaru,Rain,light rain,24.06,25.05,97,1013,0.61,1.0,96,10000
2026-09-30 18:05:33,2026-10-02 04:00:00,Pekanbaru,Clouds,overcast clouds,23.7,24.68,98,1011,0.51,0.06,100,10000
2026-09-30 18:05:33,2026-10-02 07:00:00,Pekanbaru,Rain,moderate rain,24.04,25.06,98,1014,0.71,0.99,100,10000
2026-09-30 18:05:33,2026-10-02 10:00:00,Pekanbaru,Rain,moderate rain,27.87,32.53,85,1015,0.93,1.0,100,9243
2026-09-30 18:05:33,2026-10-02 13:00:00,Pekanbaru,Rain,moderate rain,28.74,34.23,81,1012,1.13,1.0,100,10000
2026-09-30 18:05:33,2026-10-02 16:00:00,Pekanbaru,Rain,light rain,30.48,35.19,66,1010,1.02,1.0,100,10000
2026-09-30 18:05:33,2026-10-02 19:00:00,Pekanbaru,Rain,light rain,25.61,26.6,91,1013,0.58,1.0,100,10000
2026-09-30 18:05:33,2026-10-02 22:00:00,Pekanbaru,Rain,moderate rain,24.04,25.03,97,1015,0.49,1.0,100,10000
2026-09-30 18:05:33,2026-10-03 01:00:00,Pekanbaru,Rain,light rain,23.81,24.78,97,1013,0.24,1.0,100,10000
2026-09-30 18:05:33,2026-10-03 04:00:00,Pekanbaru,Clouds,overcast clouds,23.35,24.3,98,1012,0.55,0.37,100,10000
2026-09-30 18:05:33,2026-10-03 07:00:00,Pekanbaru,Rain,light rain,23.89,24.89,98,1015,0.34,0.37,100,10000
2026-09-30 18:05:33,2026-10-03 10:00:00,Pekanbaru,Rain,light rain,29.67,34.93,73,1016,0.78,1.0,98,10000
2026-09-30 18:05:33,2026-10-03 13:00:00,Pekanbaru,Rain,light rain,31.42,36.88,64,1012,0.96,1.0,96,10000
2026-09-30 18:05:33,2026-10-03 16:00:00,Pekanbaru,Rain,light rain,29.27,35.27,79,1010,0.33,1.0,100,10000
2026-09-30 18:05:33,2026-10-03 19:00:00,Pekanbaru,Rain,light rain,24.79,25.7,91,1012,0.67,1.0,98,10000
2026-09-30 18:05:33,2026-10-03 22:00:00,Pekanbaru,Clouds,overcast clouds,24.17,25.04,92,1014,0.48,0.0,90,10000
2026-09-30 18:05:33,2026-10-04 01:00:00,Pekanbaru,Rain,light rain,23.32,24.19,95,1012,1.32,0.38,85,10000
2026-09-30 18:05:33,2026-10-04 04:00:00,Pekanbaru,Clouds,overcast clouds,23.01,23.93,98,1012,0.4,0.25,100,10000
2026-09-30 18:05:33,2026-10-04 07:00:00,Pekanbaru,Rain,light rain,23.58,24.5,96,1014,0.29,0.86,100,10000
2026-09-30 18:05:33,2026-10-04 10:00:00,Pekanbaru,Rain,light rain,28.81,33.62,77,1015,0.26,1.0,100,10000
2026-09-30 18:05:33,2026-10-04 13:00:00,Pekanbaru,Rain,light rain,32.66,37.68,57,1011,0.44,1.0,100,10000
2026-09-30 18:05:33,2026-10-04 16:00:00,Pekanbaru,Rain,light rain,29.88,34.75,70,1010,1.74,0.55,100,10000
2026-09-30 18:05:33,2026-10-04 19:00:00,Pekanbaru,Rain,light rain,25.29,26.28,92,1012,0.83,1.0,91,10000
2026-09-30 18:05:33,2026-10-04 22:00:00,Pekanbaru,Rain,light rain,24.12,25.04,94,1013,0.37,1.0,88,10000
2026-09-30 18:05:33,2026-10-05 01:00:00,Pekanbaru,Clouds,broken clouds,23.46,24.39,97,1012,1.4,0.8,83,10000
2026-09-30 18:05:33,2026-10-05 04:00:00,Pekanbaru,Clouds,broken clouds,23.07,24.02,99,1012,0.52,0.0,74,10000
2026-09-30 18:05:33,2026-10-05 07:00:00,Pekanbaru,Rain,light rain,23.78,24.75,97,1013,0.26,0.49,71,10000
2026-09-30 18:05:33,2026-10-05 10:00:00,Pekanbaru,Clouds,broken clouds,31.34,36.4,63,1014,0.36,0.05,79,10000
2026-09-30 18:05:33,2026-10-05 13:00:00,Pekanbaru,Rain,light rain,31.12,37.02,67,1011,0.91,1.0,75,10000
2026-09-30 18:05:33,2026-10-05 16:00:00,Pekanbaru,Clouds,scattered clouds,33.53,36.48,47,1009,0.76,0.1,32,10000
2026-09-30 21:05:36,2026-09-30 22:00:00,Pekanbaru,Clouds,overcast clouds,25.15,26.18,94,1013,1.17,0.1,100,10000
2026-09-30 21:05:36,2026-10-01 01:00:00,Pekanbaru,Clouds,overcast clouds,25.34,26.28,90,1013,1.24,0.0,94,10000
2026-09-30 21:05:36,2026-10-01 04:00:00,Pekanbaru,Rain,light rain,24.52,25.43,92,1012,0.81,0.6,81,10000
2026-09-30 21:05:36,2026-10-01 07:00:00,Pekanbaru,Clouds,broken clouds,25.38,26.25,87,1013,0.12,0.58,63,10000
2026-09-30 21:05:36,2026-10-01 10:00:00,Pekanbaru,Rain,light rain,31.8,36.61,60,1014,1.35,0.56,76,10000
2026-09-30 21:05:36,2026-10-01 13:00:00,Pekanbaru,Rain,moderate rain,30.45,36.43,71,1012,1.61,1.0,76,10000
2026-09-30 21:05:36,2026-10-01 16:00:00,Pekanbaru,Rain,light rain,31.62,35.92,59,1009,1.33,1.0,92,10000
2026-09-30 21:05:36,2026-10-01 19:00:00,Pekanbaru,Rain,light rain,25.3,26.29,92,1012,1.33,1.0,93,10000
2026-09-30 21:05:36,2026-10-01 22:00:00,Pekanbaru,Clouds,broken clouds,24.73,25.71,94,1014,1.21,0.0,69,10000
2026-09-30 21:05:36,2026-10-02 01:00:00,Pekanbaru,Clouds,broken clouds,24.0,24.96,96,1012,0.5,0.0,60,10000
2026-09-30 21:05:36,2026-10-02 04:00:00,Pekanbaru,Rain,light rain,23.46,24.42,98,1012,0.52,0.72,80,10000
2026-09-30 21:05:36,2026-10-02 07:00:00,Pekanbaru,Rain,light rain,24.18,25.16,96,1014,0.64,1.0,86,10000
2026-09-30 21:05:36,2026-10-02 10:00:00,Pekanbaru,Rain,moderate rain,27.47,31.71,87,1015,1.46,1.0,100,5330
2026-09-30 21:05:36,2026-10-02 13:00:00,Pekanbaru,Rain,moderate rain,29.12,34.63,78,1012,1.42,1.0,100,10000
2026-09-30 21:05:36,2026-10-02 16:00:00,Pekanbaru,Rain,light rain,30.48,35.19,66,1010,1.02,1.0,100,10000
2026-09-30 21:05:36,2026-10-02 19:00:00,Pekanbaru,Rain,light rain,25.61,26.6,91,1013,0.58,1.0,100,10000
2026-09-30 21:05:36,2026-10-02 22:00:00,Pekanbaru,Rain,moderate rain,24.04,25.03,97,1015,0.49,1.0,100,10000
2026-09-30 21:05:36,2026-10-03 01:00:00,Pekanbaru,Rain,light rain,23.81,24.78,97,1013,0.24,1.0,100,10000
2026-09-30 21:05:36,2026-10-03 04:00:00,Pekanbaru,Clouds,overcast clouds,23.35,24.3,98,1012,0.55,0.37,100,10000
2026-09-30 21:05:36,2026-10-03 07:00:00,Pekanbaru,Rain,light rain,23.89,24.89,98,1015,0.34,0.37,100,10000
2026-09-30 21:05:36,2026-10-03 10:00:00,Pekanbaru,Rain,light rain,29.67,34.93,73,1016,0.78,1.0,98,10000
2026-09-30 21:05:36,2026-10-03 13:00:00,Pekanbaru,Rain,light rain,31.42,36.88,64,1012,0.96,1.0,96,10000
2026-09-30 21:05:36,2026-10-03 16:00:00,Pekanbaru,Rain,light rain,29.27,35.27,79,1010,0.33,1.0,100,10000
2026-09-30 21:05:36,2026-10-03 19:00:00,Pekanbaru,Rain,light rain,24.79,25.7,91,1012,0.67,1.0,98,10000
2026-09-30 21:05:36,2026-10-03 22:00:00,Pekanbaru,Clouds,overcast clouds,24.17,25.04,92,1014,0.48,0.0,90,10000
2026-09-30 21:05:36,2026-10-04 01:00:00,Pekanbaru,Rain,light rain,23.32,24.19,95,1012,1.32,0.38,85,10000
2026-09-30 21:05:36,2026-10-04 04:00:00,Pekanbaru,Clouds,overcast clouds,23.01,23.93,98,1012,0.4,0.25,100,10000
2026-09-30 21:05:36,2026-10-04 07:00:00,Pekanbaru,Rain,light rain,23.58,24.5,96,1014,0.29,0.86,100,10000
2026-09-30 21:05:36,2026-10-04 10:00:00,Pekanbaru,Rain,light rain,28.81,33.62,77,1015,0.26,1.0,100,10000
2026-09-30 21:05:36,2026-10-04 13:00:00,Pekanbaru,Rain,light rain,32.66,37.68,57,1011,0.44,1.0,100,10000
2026-09-30 21:05:36,2026-10-04 16:00:00,Pekanbaru,Rain,light rain,29.88,34.75,70,1010,1.74,0.55,100,10000
2026-09-30 21:05:36,2026-10-04 19:00:00,Pekanbaru,Rain,light rain,25.29,26.28,92,1012,0.83,1.0,91,10000
2026-09-30 21:05:36,2026-10-04 22:00:00,Pekanbaru,Rain,light rain,24.12,25.04,94,1013,0.37,1.0,88,10000
2026-09-30 21:05:36,2026-10-05 01:00:00,Pekanbaru,Clouds,broken clouds,23.46,24.39,97,1012,1.4,0.8,83,10000
2026-09-30 21:05:36,2026-10-05 04:00:00,Pekanbaru,Clouds,broken clouds,23.07,24.02,99,1012,0.52,0.0,74,10000
2026-09-30 21:05:36,2026-10-05 07:00:00,Pekanbaru,Rain,light rain,23.78,24.75,97,1013,0.26,0.49,71,10000
2026-09-30 21:05:36,2026-10-05 10:00:00,Pekanbaru,Clouds,broken clouds,31.34,36.4,63,1014,0.36,0.05,79,10000
2026-09-30 21:05:36,2026-10-05 13:00:00,Pekanbaru,Rain,light rain,31.12,37.02,67,1011,0.91,1.0,75,10000
2026-09-30 21:05:36,2026-10-05 16:00:00,Pekanbaru,Clouds,scattered clouds,33.53,36.48,47,1009,0.76,0.1,32,10000
2026-09-30 21:05:36,2026-10-05 19:00:00,Pekanbaru,Rain,light rain,26.68,29.12,81,1011,0.85,0.23,28,10000
2026-10-01 00:05:32,2026-10-01 01:00:00,Pekanbaru,Clouds,broken clouds,25.15,26.02,88,1012,1.24,0.0,81,10000
2026-10-01 00:05:32,2026-10-01 04:00:00,Pekanbaru,Rain,light rain,24.85,25.71,89,1012,0.81,0.6,78,10000
2026-10-01 00:05:32,2026-10-01 07:00:00,Pekanbaru,Clouds,broken clouds,25.3,26.16,87,1013,0.12,0.58,69,10000
2026-10-01 00:05:32,2026-10-01 10:00:00,Pekanbaru,Rain,light rain,31.8,36.61,60,1014,1.35,0.56,76,10000
2026-10-01 00:05:32,2026-10-01 13:00:00,Pekanbaru,Rain,moderate rain,30.45,36.43,71,1012,1.61,1.0,76,10000
2026-10-01 00:05:32,2026-10-01 16:00:00,Pekanbaru,Rain,light rain,31.62,35.92,59,1009,1.33,1.0,92,10000
2026-10-01 00:05:32,2026-10-01 19:00:00,Pekanbaru,Rain,light rain,25.3,26.29,92,1012,1.33,1.0,93,10000
2026-10-01 00:05:32,2026-10-01 22:00:00,Pekanbaru,Clouds,broken clouds,24.73,25.71,94,1014,1.21,0.0,69,10000
2026-10-01 00:05:32,2026-10-02 01:00:00,Pekanbaru,Clouds,broken clouds,24.0,24.96,96,1012,0.5,0.0,60,10000
2026-10-01 00:05:32,2026-10-02 04:00:00,Pekanbaru,Rain,light rain,23.46,24.42,98,1012,0.52,0.72,80,10000
2026-10-01 00:05:32,2026-10-02 07:00:00,Pekanbaru,Rain,light rain,24.18,25.16,96,1014,0.64,1.0,86,10000
2026-10-01 00:05:32,2026-10-02 10:00:00,Pekanbaru,Rain,moderate rain,27.47,31.71,87,1015,1.46,1.0,100,5330
2026-10-01 00:05:32,2026-10-02 13:00:00,Pekanbaru,Rain,moderate rain,29.12,34.63,78,1012,1.42,1.0,100,10000
2026-10-01 00:05:32,2026-10-02 16:00:00,Pekanbaru,Rain,light rain,31.06,34.97,60,1010,1.2,0.65,100,10000
2026-10-01 00:05:32,2026-10-02 19:00:00,Pekanbaru,Rain,light rain,25.2,26.15,91,1013,0.78,1.0,100,10000
2026-10-01 00:05:32,2026-10-02 22:00:00,Pekanbaru,Clouds,overcast clouds,24.52,25.48,94,1014,0.76,0.02,100,10000
2026-10-01 00:05:32,2026-10-03 01:00:00,Pekanbaru,Rain,light rain,23.88,24.86,97,1013,1.06,0.69,100,10000
2026-10-01 00:05:32,2026-10-03 04:00:00,Pekanbaru,Clouds,overcast clouds,23.32,24.29,99,1012,0.41,0.0,100,10000
2026-10-01 00:05:32,2026-10-03 07:00:00,Pekanbaru,Rain,light rain,23.99,24.98,97,1015,0.36,0.75,100,10000
2026-10-01 00:05:32,2026-10-03 10:00:00,Pekanbaru,Rain,moderate rain,28.29,33.36,83,1015,0.73,1.0,100,10000
2026-10-01 00:05:32,2026-10-03 13:00:00,Pekanbaru,Rain,light rain,31.13,36.47,65,1012,1.17,1.0,100,10000
2026-10-01 00:05:32,2026-10-03 16:00:00,Pekanbaru,Rain,light rain,30.94,35.48,63,1010,1.91,1.0,94,10000
2026-10-01 00:05:32,2026-10-03 19:00:00,Pekanbaru,Rain,light rain,25.98,25.98,85,1012,0.6,0.89,91,10000
2026-10-01 00:05:32,2026-10-03 22:00:00,Pekanbaru,Rain,light rain,24.39,25.34,94,1014,0.8,0.99,30,10000
2026-10-01 00:05:32,2026-10-04 01:00:00,Pekanbaru,Clouds,broken clouds,23.92,24.9,97,1012,1.15,0.52,59,10000
2026-10-01 00:05:32,2026-10-04 04:00:00,Pekanbaru,Rain,light rain,23.01,23.95,99,1012,0.4,0.87,100,10000
2026-10-01 00:05:32,2026-10-04 07:00:00,Pekanbaru,Clouds,overcast clouds,24.12,25.09,96,1014,0.21,0.76,97,10000
2026-10-01 00:05:32,2026-10-04 10:00:00,Pekanbaru,Rain,moderate rain,28.27,32.96,81,1015,0.4,1.0,100,10000
2026-10-01 00:05:32,2026-10-04 13:00:00,Pekanbaru,Rain,light rain,33.19,37.6,53,1011,0.58,1.0,100,10000
2026-10-01 00:05:32,2026-10-04 16:00:00,Pekanbaru,Rain,light rain,29.22,33.82,73,1010,1.29,0.4,100,10000
2026-10-01 00:05:32,2026-10-04 19:00:00,Pekanbaru,Rain,light rain,25.65,26.57,88,1012,0.89,0.42,100,10000
2026-10-01 00:05:32,2026-10-04 22:00:00,Pekanbaru,Rain,light rain,24.42,25.35,93,1014,0.95,0.83,100,10000
2026-10-01 00:05:32,2026-10-05 01:00:00,Pekanbaru,Rain,light rain,23.57,24.52,97,1012,1.17,0.91,97,10000
2026-10-01 00:05:32,2026-10-05 04:00:00,Pekanbaru,Clouds,overcast clouds,23.12,24.05,98,1011,0.6,0.0,93,10000
2026-10-01 00:05:32,2026-10-05 07:00:00,Pekanbaru,Clouds,overcast clouds,24.16,25.11,95,1013,0.34,0.1,90,10000
2026-10-01 00:05:32,2026-10-05 10:00:00,Pekanbaru,Rain,light rain,28.86,34.15,79,1014,0.68,1.0,77,10000
2026-10-01 00:05:32,2026-10-05 13:00:00,Pekanbaru,Rain,light rain,34.64,39.47,49,1011,0.73,1.0,60,10000
2026-10-01 00:05:32,2026-10-05 16:00:00,Pekanbaru,Clouds,overcast clouds,30.04,34.19,66,1009,0.21,0.16,100,10000
2026-10-01 00:05:32,2026-10-05 19:00:00,Pekanbaru,Rain,light rain,26.28,26.28,84,1011,1.52,0.47,99,10000
2026-10-01 00:05:32,2026-10-05 22:00:00,Pekanbaru,Clouds,broken clouds,24.81,25.72,91,1013,1.34,0.15,62,10000
2026-10-01 03:05:32,2026-10-01 04:00:00,Pekanbaru,Rain,light rain,24.15,25.08,94,1011,0.63,0.3,64,10000
2026-10-01 03:05:32,2026-10-01 07:00:00,Pekanbaru,Clouds,broken clouds,24.37,25.29,93,1012,0.32,0.1,65,10000
2026-10-01 03:05:32,2026-10-01 10:00:00,Pekanbaru,Rain,light rain,29.4,33.62,70,1014,0.91,0.34,55,10000
2026-10-01 03:05:32,2026-10-01 13:00:00,Pekanbaru,Rain,moderate rain,30.19,36.55,74,1012,0.92,1.0,74,4507
2026-10-01 03:05:32,2026-10-01 16:00:00,Pekanbaru,Rain,moderate rain,26.71,29.92,90,1010,0.91,1.0,100,10000
2026-10-01 03:05:32,2026-10-01 19:00:00,Pekanbaru,Rain,light rain,25.27,26.28,93,1012,0.91,1.0,100,10000
2026-10-01 03:05:32,2026-10-01 22:00:00,Pekanbaru,Rain,light rain,24.79,25.75,93,1014,0.45,0.21,99,10000
2026-10-01 03:05:32,2026-10-02 01:00:00,Pekanbaru,Rain,moderate rain,23.48,24.44,98,1012,0.26,1.0,97,10000
2026-10-01 03:05:32,2026-10-02 04:00:00,Pekanbaru,Rain,light rain,23.25,24.19,98,1011,0.88,0.92,100,10000
2026-10-01 03:05:32,2026-10-02 07:00:00,Pekanbaru,Rain,light rain,23.76,24.72,97,1014,0.96,1.0,100,10000
2026-10-01 03:05:32,2026-10-02 10:00:00,Pekanbaru,Rain,moderate rain,27.92,32.83,86,1015,1.14,1.0,95,10000
2026-10-01 03:05:32,2026-10-02 13:00:00,Pekanbaru,Rain,moderate rain,29.35,35.49,79,1012,0.99,1.0,98,10000
2026-10-01 03:05:32,2026-10-02 16:00:00,Pekanbaru,Rain,light rain,29.62,34.58,72,1011,1.25,1.0,100,10000
2026-10-01 03:05:32,2026-10-02 19:00:00,Pekanbaru,Rain,moderate rain,24.96,25.97,94,1013,0.53,1.0,98,10000
2026-10-01 03:05:32,2026-10-02 22:00:00,Pekanbaru,Rain,light rain,24.52,25.48,94,1014,0.62,1.0,100,10000
2026-10-01 03:05:32,2026-10-03 01:00:00,Pekanbaru,Clouds,overcast clouds,23.96,24.94,97,1013,0.77,0.8,100,10000
2026-10-01 03:05:32,2026-10-03 04:00:00,Pekanbaru,Clouds,overcast clouds,23.59,24.56,98,1012,0.58,0.0,100,10000
2026-10-01 03:05:32,2026-10-03 07:00:00,Pekanbaru,Rain,light rain,24.03,25.02,97,1015,0.33,0.85,97,10000
2026-10-01 03:05:32,2026-10-03 10:00:00,Pekanbaru,Rain,moderate rain,28.75,34.05,80,1016,0.58,1.0,53,10000
2026-10-01 03:05:32,2026-10-03 13:00:00,Pekanbaru,Rain,light rain,31.1,36.4,65,1012,0.87,1.0,71,10000
2026-10-01 03:05:32,2026-10-03 16:00:00,Pekanbaru,Rain,light rain,28.18,32.55,80,1010,1.38,0.99,100,10000
2026-10-01 03:05:32,2026-10-03 19:00:00,Pekanbaru,Rain,light rain,25.6,26.46,86,1012,0.71,1.0,86,10000
2026-10-01 03:05:32,2026-10-03 22:00:00,Pekanbaru,Rain,light rain,24.36,25.28,93,1014,1.03,0.35,73,10000
2026-10-01 03:05:32,2026-10-04 01:00:00,Pekanbaru,Clouds,broken clouds,23.65,24.6,97,1012,1.15,0.0,82,10000
2026-10-01 03:05:32,2026-10-04 04:00:00,Pekanbaru,Rain,light rain,23.04,23.98,99,1012,0.58,0.84,95,10000
2026-10-01 03:05:32,2026-10-04 07:00:00,Pekanbaru,Rain,light rain,23.79,24.78,98,1014,0.44,0.97,98,10000
2026-10-01 03:05:32,2026-10-04 10:00:00,Pekanbaru,Rain,light rain,27.63,31.87,85,1015,0.51,1.0,100,10000
2026-10-01 03:05:32,2026-10-04 13:00:00,Pekanbaru,Rain,light rain,31.12,36.17,64,1012,0.83,1.0,100,10000
2026-10-01 03:05:32,2026-10-04 16:00:00,Pekanbaru,Rain,light rain,28.53,32.74,76,1010,1.1,0.54,100,10000
2026-10-01 03:05:32,2026-10-04 19:00:00,Pekanbaru,Rain,light rain,25.28,26.24,91,1012,0.36,0.52,100,10000
2026-10-01 03:05:32,2026-10-04 22:00:00,Pekanbaru,Rain,light rain,24.08,25.05,96,1014,0.83,0.59,98,10000
2026-10-01 03:05:32,2026-10-05 01:00:00,Pekanbaru,Clouds,overcast clouds,23.59,24.56,98,1012,1.17,0.29,99,10000
2026-10-01 03:05:32,2026-10-05 04:00:00,Pekanbaru,Rain,light rain,22.95,23.89,99,1011,1.18,1.0,100,10000
2026-10-01 03:05:32,2026-10-05 07:00:00,Pekanbaru,Rain,light rain,23.87,24.85,97,1013,0.08,1.0,95,10000
2026-10-01 03:05:32,2026-10-05 10:00:00,Pekanbaru,Rain,light rain,28.58,33.79,81,1014,0.06,1.0,100,10000
2026-10-01 03:05:32,2026-10-05 13:00:00,Pekanbaru,Rain,light rain,33.58,38.47,53,1011,0.54,1.0,91,10000
2026-10-01 03:05:32,2026-10-05 16:00:00,Pekanbaru,Rain,light rain,31.43,35.78,60,1009,0.24,0.2,99,10000
2026-10-01 03:05:32,2026-10-05 19:00:00,Pekanbaru,Rain,light rain,26.85,29.41,80,1011,1.49,0.21,97,10000
2026-10-01 03:05:32,2026-10-05 22:00:00,Pekanbaru,Rain,light rain,25.79,26.67,86,1013,0.9,0.31,85,10000
2026-10-01 03:05:32,2026-10-06 01:00:00,Pekanbaru,Rain,light rain,24.14,25.09,95,1012,1.12,0.95,89,10000
2026-10-01 06:05:39,2026-10-01 07:00:00,Pekanbaru,Clouds,broken clouds,24.15,25.08,94,1012,0.32,0.1,68,10000
2026-10-01 06:05:39,2026-10-01 10:00:00,Pekanbaru,Rain,light rain,26.76,29.54,84,1013,0.91,0.34,62,10000
2026-10-01 06:05:39,2026-10-01 13:00:00,Pekanbaru,Rain,moderate rain,28.18,32.55,80,1012,0.92,1.0,72,4507
2026-10-01 06:05:39,2026-10-01 16:00:00,Pekanbaru,Rain,moderate rain,26.71,29.92,90,1010,0.91,1.0,100,10000
2026-10-01 06:05:39,2026-10-01 19:00:00,Pekanbaru,Rain,light rain,25.27,26.28,93,1012,0.91,1.0,100,10000
2026-10-01 06:05:39,2026-10-01 22:00:00,Pekanbaru,Rain,light rain,24.79,25.75,93,1014,0.45,0.21,99,10000
2026-10-01 06:05:39,2026-10-02 01:00:00,Pekanbaru,Rain,moderate rain,23.48,24.44,98,1012,0.26,1.0,97,10000
2026-10-01 06:05:39,2026-10-02 04:00:00,Pekanbaru,Rain,light rain,23.25,24.19,98,1011,0.88,0.92,100,10000
2026-10-01 06:05:39,2026-10-02 07:00:00,Pekanbaru,Rain,light rain,23.76,24.72,97,1014,0.96,1.0,100,10000
2026-10-01 06:05:39,2026-10-02 10:00:00,Pekanbaru,Rain,moderate rain,27.92,32.83,86,1015,1.14,1.0,95,10000
2026-10-01 06:05:39,2026-10-02 13:00:00,Pekanbaru,Rain,moderate rain,29.35,35.49,79,1012,0.99,1.0,98,10000
2026-10-01 06:05:39,2026-10-02 16:00:00,Pekanbaru,Rain,light rain,29.62,34.58,72,1011,1.25,1.0,100,10000
2026-10-01 06:05:39,2026-10-02 19:00:00,Pekanbaru,Rain,moderate rain,24.96,25.97,94,1013,0.53,1.0,98,10000
2026-10-01 06:05:39,2026-10-02 22:00:00,Pekanbaru,Rain,light rain,24.52,25.48,94,1014,0.62,1.0,100,10000
2026-10-01 06:05:39,2026-10-03 01:00:00,Pekanbaru,Clouds,overcast clouds,23.96,24.94,97,1013,0.77,0.8,100,10000
2026-10-01 06:05:39,2026-10-03 04:00:00,Pekanbaru,Clouds,overcast clouds,23.59,24.56,98,1012,0.58,0.0,100,10000
2026-10-01 06:05:39,2026-10-03 07:00:00,Pekanbaru,Rain,light rain,24.03,25.02,97,1015,0.33,0.85,97,10000
2026-10-01 06:05:39,2026-10-03 10:00:00,Pekanbaru,Rain,moderate rain,28.75,34.05,80,1016,0.58,1.0,53,10000
2026-10-01 06:05:39,2026-10-03 13:00:00,Pekanbaru,Rain,light rain,31.1,36.4,65,1012,0.87,1.0,71,10000
2026-10-01 06:05:39,2026-10-03 16:00:00,Pekanbaru,Rain,light rain,28.18,32.55,80,1010,1.38,0.99,100,10000
2026-10-01 06:05:39,2026-10-03 19:00:00,Pekanbaru,Rain,light rain,25.6,26.46,86,1012,0.71,1.0,86,10000
2026-10-01 06:05:39,2026-10-03 22:00:00,Pekanbaru,Rain,light rain,24.36,25.28,93,1014,1.03,0.35,73,10000
2026-10-01 06:05:39,2026-10-04 01:00:00,Pekanbaru,Clouds,broken clouds,23.65,24.6,97,1012,1.15,0.0,82,10000
2026-10-01 06:05:39,2026-10-04 04:00:00,Pekanbaru,Rain,light rain,23.04,23.98,99,1012,0.58,0.84,95,10000
2026-10-01 06:05:39,2026-10-04 07:00:00,Pekanbaru,Rain,light rain,23.79,24.78,98,1014,0.44,0.97,98,10000
2026-10-01 06:05:39,2026-10-04 10:00:00,Pekanbaru,Rain,light rain,27.63,31.87,85,1015,0.51,1.0,100,10000
2026-10-01 06:05:39,2026-10-04 13:00:00,Pekanbaru,Rain,light rain,31.12,36.17,64,1012,0.83,1.0,100,10000
2026-10-01 06:05:39,2026-10-04 16:00:00,Pekanbaru,Rain,light rain,28.53,32.74,76,1010,1.1,0.54,100,10000
2026-10-01 06:05:39,2026-10-04 19:00:00,Pekanbaru,Rain,light rain,25.28,26.24,91,1012,0.36,0.52,100,10000
2026-10-01 06:05:39,2026-10-04 22:00:00,Pekanbaru,Rain,light rain,24.08,25.05,96,1014,0.83,0.59,98,10000
2026-10-01 06:05:39,2026-10-05 01:00:00,Pekanbaru,Clouds,overcast clouds,23.59,24.56,98,1012,1.17,0.29,99,10000
2026-10-01 06:05:39,2026-10-05 04:00:00,Pekanbaru,Rain,light rain,22.95,23.89,99,1011,1.18,1.0,100,10000
2026-10-01 06:05:39,2026-10-05 07:00:00,Pekanbaru,Rain,light rain,23.87,24.85,97,1013,0.08,1.0,95,10000
2026-10-01 06:05:39,2026-10-05 10:00:00,Pekanbaru,Rain,light rain,28.58,33.79,81,1014,0.06,1.0,100,10000
2026-10-01 06:05:39,2026-10-05 13:00:00,Pekanbaru,Rain,light rain,33.58,38.47,53,1011,0.54,1.0,91,10000
2026-10-01 06:05:39,2026-10-05 16:00:00,Pekanbaru,Rain,light rain,31.43,35.78,60,1009,0.24,0.2,99,10000
2026-10-01 06:05:39,2026-10-05 19:00:00,Pekanbaru,Rain,light rain,26.85,29.41,80,1011,1.49,0.21,97,10000
2026-10-01 06:05:39,2026-10-05 22:00:00,Pekanbaru,Rain,light rain,25.79,26.67,86,1013,0.9,0.31,85,10000
2026-10-01 06:05:39,2026-10-06 01:00:00,Pekanbaru,Rain,light rain,24.14,25.09,95,1012,1.12,0.95,89,10000
2026-10-01 06:05:39,2026-10-06 04:00:00,Pekanbaru,Rain,light rain,23.23,24.17,98,1012,1.01,1.0,90,10000
2026-10-01 09:06:17,2026-10-01 10:00:00,Pekanbaru,Clouds,broken clouds,29.15,33.86,74,1014,0.91,0.0,55,10000
2026-10-01 09:06:17,2026-10-01 13:00:00,Pekanbaru,Rain,moderate rain,29.46,34.86,75,1013,1.43,1.0,59,2733
2026-10-01 09:06:17,2026-10-01 16:00:00,Pekanbaru,Rain,moderate rain,27.23,30.93,86,1011,1.51,1.0,85,6841
2026-10-01 09:06:17,2026-10-01 19:00:00,Pekanbaru,Rain,light rain,25.1,26.15,95,1012,0.86,1.0,100,10000
2026-10-01 09:06:17,2026-10-01 22:00:00,Pekanbaru,Clouds,overcast clouds,24.47,25.45,95,1014,0.53,0.11,100,10000
2026-10-01 09:06:17,2026-10-02 01:00:00,Pekanbaru,Clouds,overcast clouds,23.91,24.89,97,1012,0.11,0.09,100,10000
2026-10-01 09:06:17,2026-10-02 04:00:00,Pekanbaru,Rain,moderate rain,23.0,23.94,99,1011,0.26,1.0,100,8266
2026-10-01 09:06:17,2026-10-02 07:00:00,Pekanbaru,Rain,light rain,24.12,25.12,97,1014,0.54,1.0,98,10000
2026-10-01 09:06:17,2026-10-02 10:00:00,Pekanbaru,Rain,moderate rain,27.83,32.42,85,1015,1.4,1.0,82,3054
2026-10-01 09:06:17,2026-10-02 13:00:00,Pekanbaru,Rain,moderate rain,29.6,35.47,76,1012,1.1,1.0,91,10000
2026-10-01 09:06:17,2026-10-02 16:00:00,Pekanbaru,Rain,light rain,30.87,35.85,65,1010,1.25,1.0,85,10000
2026-10-01 09:06:17,2026-10-02 19:00:00,Pekanbaru,Rain,moderate rain,25.36,26.35,92,1012,1.67,1.0,91,10000
2026-10-01 09:06:17,2026-10-02 22:00:00,Pekanbaru,Rain,light rain,24.41,25.41,96,1014,1.02,1.0,100,10000
2026-10-01 09:06:17,2026-10-03 01:00:00,Pekanbaru,Clouds,overcast clouds,23.72,24.71,98,1013,1.17,0.8,100,10000
2026-10-01 09:06:17,2026-10-03 04:00:00,Pekanbaru,Rain,light rain,22.8,23.69,98,1012,0.37,1.0,85,10000
2026-10-01 09:06:17,2026-10-03 07:00:00,Pekanbaru,Clouds,overcast clouds,23.62,24.54,96,1015,0.16,0.8,94,10000
2026-10-01 09:06:17,2026-10-03 10:00:00,Pekanbaru,Rain,light rain,28.1,32.84,83,1016,0.42,1.0,96,10000
2026-10-01 09:06:17,2026-10-03 13:00:00,Pekanbaru,Rain,light rain,30.64,36.1,68,1012,1.34,1.0,92,6580
2026-10-01 09:06:17,2026-10-03 16:00:00,Pekanbaru,Rain,light rain,31.94,35.79,56,1010,0.95,1.0,81,10000
2026-10-01 09:06:17,2026-10-03 19:00:00,Pekanbaru,Rain,light rain,24.94,25.89,92,1012,1.12,1.0,76,10000
2026-10-01 09:06:17,2026-10-03 22:00:00,Pekanbaru,Clouds,broken clouds,24.33,25.33,96,1014,1.36,0.14,72,10000
2026-10-01 09:06:17,2026-10-04 01:00:00,Pekanbaru,Clouds,overcast clouds,23.92,24.93,98,1013,0.95,0.03,85,10000
2026-10-01 09:06:17,2026-10-04 04:00:00,Pekanbaru,Clouds,overcast clouds,23.52,24.49,98,1012,0.96,0.25,100,10000
2026-10-01 09:06:17,2026-10-04 07:00:00,Pekanbaru,Rain,light rain,24.0,24.99,97,1014,0.25,0.9,100,10000
2026-10-01 09:06:17,2026-10-04 10:00:00,Pekanbaru,Rain,light rain,29.83,34.86,71,1015,0.64,0.88,100,10000
2026-10-01 09:06:17,2026-10-04 13:00:00,Pekanbaru,Rain,light rain,30.72,36.3,68,1012,0.27,1.0,100,10000
2026-10-01 09:06:17,2026-10-04 16:00:00,Pekanbaru,Rain,light rain,31.14,35.14,60,1010,1.11,0.62,100,10000
2026-10-01 09:06:17,2026-10-04 19:00:00,Pekanbaru,Rain,light rain,25.49,26.42,89,1012,0.81,0.73,100,10000
2026-10-01 09:06:17,2026-10-04 22:00:00,Pekanbaru,Rain,light rain,23.92,24.87,96,1014,0.31,0.86,100,10000
2026-10-01 09:06:17,2026-10-05 01:00:00,Pekanbaru,Rain,light rain,23.32,24.27,98,1012,0.83,0.99,100,7829
2026-10-01 09:06:17,2026-10-05 04:00:00,Pekanbaru,Rain,light rain,23.02,23.96,99,1011,0.67,0.96,100,10000
2026-10-01 09:06:17,2026-10-05 07:00:00,Pekanbaru,Clouds,overcast clouds,23.94,24.9,96,1013,0.51,0.74,98,10000
2026-10-01 09:06:17,2026-10-05 10:00:00,Pekanbaru,Rain,light rain,28.93,34.13,78,1014,0.52,1.0,39,10000
2026-10-01 09:06:17,2026-10-05 13:00:00,Pekanbaru,Rain,light rain,34.98,39.5,47,1011,0.63,1.0,48,10000
2026-10-01 09:06:17,2026-10-05 16:00:00,Pekanbaru,Clouds,overcast clouds,29.7,33.88,68,1009,1.4,0.0,97,10000
2026-10-01 09:06:17,2026-10-05 19:00:00,Pekanbaru,Clouds,overcast clouds,27.82,30.57,72,1011,0.89,0.0,100,10000
2026-10-01 09:06:17,2026-10-05 22:00:00,Pekanbaru,Clouds,overcast clouds,26.59,26.59,81,1013,1.22,0.13,100,10000
2026-10-01 09:06:17,2026-10-06 01:00:00,Pekanbaru,Rain,light rain,25.32,26.23,89,1012,1.08,1.0,100,10000
2026-10-01 09:06:17,2026-10-06 04:00:00,Pekanbaru,Rain,light rain,25.07,26.01,91,1011,1.1,0.6,100,10000
2026-10-01 09:06:17,2026-10-06 07:00:00,Pekanbaru,Rain,light rain,25.3,26.24,90,1014,0.9,0.64,100,10000
2026-10-01 12:05:31,2026-10-01 13:00:00,Pekanbaru,Rain,moderate rain,32.15,38.06,62,1012,1.43,1.0,67,2733
2026-10-01 12:05:31,2026-10-01 16:00:00,Pekanbaru,Rain,moderate rain,30.28,35.99,71,1011,1.51,1.0,78,6841
2026-10-01 12:05:31,2026-10-01 19:00:00,Pekanbaru,Rain,light rain,27.45,31.26,84,1012,0.86,1.0,89,10000
2026-10-01 12:05:31,2026-10-01 22:00:00,Pekanbaru,Clouds,overcast clouds,24.47,25.45,95,1014,0.53,0.11,100,10000
2026-10-01 12:05:31,2026-10-02 01:00:00,Pekanbaru,Clouds,overcast clouds,23.91,24.89,97,1012,0.11,0.09,100,10000
2026-10-01 12:05:31,2026-10-02 04:00:00,Pekanbaru,Rain,moderate rain,23.0,23.94,99,1011,0.26,1.0,100,8266
2026-10-01 12:05:31,2026-10-02 07:00:00,Pekanbaru,Rain,light rain,24.12,25.12,97,1014,0.54,1.0,98,10000
2026-10-01 12:05:31,2026-10-02 10:00:00,Pekanbaru,Rain,moderate rain,27.83,32.42,85,1015,1.4,1.0,82,3054
2026-10-01 12:05:31,2026-10-02 13:00:00,Pekanbaru,Rain,moderate rain,29.6,35.47,76,1012,1.1,1.0,91,10000
2026-10-01 12:05:31,2026-10-02 16:00:00,Pekanbaru,Rain,light rain,30.87,35.85,65,1010,1.25,1.0,85,10000
2026-10-01 12:05:31,2026-10-02 19:00:00,Pekanbaru,Rain,moderate rain,25.36,26.35,92,1012,1.67,1.0,91,10000
2026-10-01 12:05:31,2026-10-02 22:00:00,Pekanbaru,Rain,light rain,24.41,25.41,96,1014,1.02,1.0,100,10000
2026-10-01 12:05:31,2026-10-03 01:00:00,Pekanbaru,Clouds,overcast clouds,23.72,24.71,98,1013,1.17,0.8,100,10000
2026-10-01 12:05:31,2026-10-03 04:00:00,Pekanbaru,Rain,light rain,22.8,23.69,98,1012,0.37,1.0,85,10000
2026-10-01 12:05:31,2026-10-03 07:00:00,Pekanbaru,Clouds,overcast clouds,23.62,24.54,96,1015,0.16,0.8,94,10000
2026-10-01 12:05:31,2026-10-03 10:00:00,Pekanbaru,Rain,light rain,28.1,32.84,83,1016,0.42,1.0,96,10000
2026-10-01 12:05:31,2026-10-03 13:00:00,Pekanbaru,Rain,light rain,30.64,36.1,68,1012,1.34,1.0,92,6580
2026-10-01 12:05:31,2026-10-03 16:00:00,Pekanbaru,Rain,light rain,31.94,35.79,56,1010,0.95,1.0,81,10000
2026-10-01 12:05:31,2026-10-03 19:00:00,Pekanbaru,Rain,light rain,24.94,25.89,92,1012,1.12,1.0,76,10000
2026-10-01 12:05:31,2026-10-03 22:00:00,Pekanbaru,Clouds,broken clouds,24.33,25.33,96,1014,1.36,0.14,72,10000
2026-10-01 12:05:31,2026-10-04 01:00:00,Pekanbaru,Clouds,overcast clouds,23.92,24.93,98,1013,0.95,0.03,85,10000
2026-10-01 12:05:31,2026-10-04 04:00:00,Pekanbaru,Clouds,overcast clouds,23.52,24.49,98,1012,0.96,0.25,100,10000
2026-10-01 12:05:31,2026-10-04 07:00:00,Pekanbaru,Rain,light rain,24.0,24.99,97,1014,0.25,0.9,100,10000
2026-10-01 12:05:31,2026-10-04 10:00:00,Pekanbaru,Rain,light rain,29.83,34.86,71,1015,0.64,0.88,100,10000
2026-10-01 12:05:31,2026-10-04 13:00:00,Pekanbaru,Rain,light rain,30.72,36.3,68,1012,0.27,1.0,100,10000
2026-10-01 12:05:31,2026-10-04 16:00:00,Pekanbaru,Rain,light rain,31.14,35.14,60,1010,1.11,0.62,100,10000
2026-10-01 12:05:31,2026-10-04 19:00:00,Pekanbaru,Rain,light rain,25.49,26.42,89,1012,0.81,0.73,100,10000
2026-10-01 12:05:31,2026-10-04 22:00:00,Pekanbaru,Rain,light rain,23.92,24.87,96,1014,0.31,0.86,100,10000
2026-10-01 12:05:31,2026-10-05 01:00:00,Pekanbaru,Rain,light rain,23.32,24.27,98,1012,0.83,0.99,100,7829
2026-10-01 12:05:31,2026-10-05 04:00:00,Pekanbaru,Rain,light rain,23.02,23.96,99,1011,0.67,0.96,100,10000
2026-10-01 12:05:31,2026-10-05 07:00:00,Pekanbaru,Clouds,overcast clouds,23.94,24.9,96,1013,0.51,0.74,98,10000
2026-10-01 12:05:31,2026-10-05 10:00:00,Pekanbaru,Rain,light rain,28.93,34.13,78,1014,0.52,1.0,39,10000
2026-10-01 12:05:31,2026-10-05 13:00:00,Pekanbaru,Rain,light rain,34.98,39.5,47,1011,0.63,1.0,48,10000
2026-10-01 12:05:31,2026-10-05 16:00:00,Pekanbaru,Clouds,overcast clouds,29.7,33.88,68,1009,1.4,0.0,97,10000
2026-10-01 12:05:31,2026-10-05 19:00:00,Pekanbaru,Clouds,overcast clouds,27.82,30.57,72,1011,0.89,0.0,100,10000
2026-10-01 12:05:31,2026-10-05 22:00:00,Pekanbaru,Clouds,overcast clouds,26.59,26.59,81,1013,1.22,0.13,100,10000
2026-10-01 12:05:31,2026-10-06 01:00:00,Pekanbaru,Rain,light rain,25.32,26.23,89,1012,1.08,1.0,100,10000
2026-10-01 12:05:31,2026-10-06 04:00:00,Pekanbaru,Rain,light rain,25.07,26.01,91,1011,1.1,0.6,100,10000
2026-10-01 12:05:31,2026-10-06 07:00:00,Pekanbaru,Rain,light rain,25.3,26.24,90,1014,0.9,0.64,100,10000
2026-10-01 12:05:31,2026-10-06 10:00:00,Pekanbaru,Rain,moderate rain,29.5,34.96,75,1014,0.31,0.99,79,10000
2026-10-01 15:05:31,2026-10-01 16:00:00,Pekanbaru,Rain,moderate rain,32.15,38.06,62,1009,1.17,1.0,93,10000
2026-10-01 15:05:31,2026-10-01 19:00:00,Pekanbaru,Rain,moderate rain,30.14,35.38,70,1010,1.12,1.0,94,10000
2026-10-01 15:05:31,2026-10-01 22:00:00,Pekanbaru,Rain,light rain,27.08,30.32,84,1012,1.13,0.3,98,10000
2026-10-01 15:05:31,2026-10-02 01:00:00,Pekanbaru,Clouds,overcast clouds,24.2,25.18,96,1012,0.67,0.01,100,10000
2026-10-01 15:05:31,2026-10-02 04:00:00,Pekanbaru,Rain,light rain,23.64,24.59,97,1011,0.94,0.76,100,10000
2026-10-01 15:05:31,2026-10-02 07:00:00,Pekanbaru,Rain,moderate rain,23.86,24.86,98,1014,0.59,1.0,100,3795
2026-10-01 15:05:31,2026-10-02 10:00:00,Pekanbaru,Rain,moderate rain,28.06,32.9,84,1015,1.14,1.0,98,5301
2026-10-01 15:05:31,2026-10-02 13:00:00,Pekanbaru,Rain,light rain,30.45,36.16,70,1012,1.72,1.0,99,4493
2026-10-01 15:05:31,2026-10-02 16:00:00,Pekanbaru,Rain,light rain,29.44,35.75,79,1010,0.75,1.0,100,10000
2026-10-01 15:05:31,2026-10-02 19:00:00,Pekanbaru,Rain,moderate rain,25.06,26.05,93,1013,0.91,1.0,100,10000
2026-10-01 15:05:31,2026-10-02 22:00:00,Pekanbaru,Rain,light rain,24.0,24.99,97,1015,1.1,1.0,100,10000
2026-10-01 15:05:31,2026-10-03 01:00:00,Pekanbaru,Rain,light rain,23.86,24.86,98,1013,1.38,1.0,99,10000
2026-10-01 15:05:31,2026-10-03 04:00:00,Pekanbaru,Rain,light rain,23.05,24.0,99,1012,0.77,1.0,100,10000
2026-10-01 15:05:31,2026-10-03 07:00:00,Pekanbaru,Rain,light rain,23.67,24.65,98,1015,0.42,1.0,100,10000
2026-10-01 15:05:31,2026-10-03 10:00:00,Pekanbaru,Rain,light rain,27.85,32.48,85,1015,0.26,1.0,100,4023
2026-10-01 15:05:31,2026-10-03 13:00:00,Pekanbaru,Rain,moderate rain,29.51,35.22,76,1013,0.9,1.0,100,7192
2026-10-01 15:05:31,2026-10-03 16:00:00,Pekanbaru,Rain,light rain,30.17,34.96,68,1011,0.56,1.0,100,10000
2026-10-01 15:05:31,2026-10-03 19:00:00,Pekanbaru,Rain,light rain,24.88,25.88,94,1012,0.58,1.0,100,10000
2026-10-01 15:05:31,2026-10-03 22:00:00,Pekanbaru,Clouds,overcast clouds,24.29,25.28,96,1014,1.08,0.0,100,10000
2026-10-01 15:05:31,2026-10-04 01:00:00,Pekanbaru,Clouds,overcast clouds,23.62,24.57,97,1013,1.07,0.0,98,10000
2026-10-01 15:05:31,2026-10-04 04:00:00,Pekanbaru,Clouds,overcast clouds,23.21,24.17,99,1012,0.28,0.0,94,10000
2026-10-01 15:05:31,2026-10-04 07:00:00,Pekanbaru,Rain,light rain,23.95,24.93,97,1014,0.26,0.21,82,10000
2026-10-01 15:05:31,2026-10-04 10:00:00,Pekanbaru,Rain,light rain,29.42,34.76,75,1015,0.6,1.0,97,10000
2026-10-01 15:05:31,2026-10-04 13:00:00,Pekanbaru,Rain,light rain,34.71,39.62,49,1011,0.34,1.0,66,10000
2026-10-01 15:05:31,2026-10-04 16:00:00,Pekanbaru,Rain,light rain,29.97,34.49,68,1009,1.27,0.2,83,10000
2026-10-01 15:05:31,2026-10-04 19:00:00,Pekanbaru,Rain,light rain,25.29,26.25,91,1012,1.39,0.97,72,10000
2026-10-01 15:05:31,2026-10-04 22:00:00,Pekanbaru,Rain,light rain,24.39,25.34,94,1013,0.5,1.0,80,10000
2026-10-01 15:05:31,2026-10-05 01:00:00,Pekanbaru,Rain,light rain,23.86,24.81,96,1012,0.93,1.0,69,10000
2026-10-01 15:05:31,2026-10-05 04:00:00,Pekanbaru,Rain,light rain,23.11,24.06,99,1011,1.16,0.67,57,10000
2026-10-01 15:05:31,2026-10-05 07:00:00,Pekanbaru,Rain,light rain,23.8,24.77,97,1013,0.1,0.82,46,10000
2026-10-01 15:05:31,2026-10-05 10:00:00,Pekanbaru,Rain,light rain,29.25,34.76,77,1014,0.63,1.0,68,10000
2026-10-01 15:05:31,2026-10-05 13:00:00,Pekanbaru,Rain,light rain,33.27,38.43,55,1011,0.38,1.0,84,10000
2026-10-01 15:05:31,2026-10-05 16:00:00,Pekanbaru,Clouds,overcast clouds,32.08,36.37,57,1008,0.21,0.0,99,10000
2026-10-01 15:05:31,2026-10-05 19:00:00,Pekanbaru,Rain,light rain,26.8,29.39,81,1011,1.42,0.2,99,10000
2026-10-01 15:05:31,2026-10-05 22:00:00,Pekanbaru,Rain,light rain,25.34,26.31,91,1013,1.35,0.82,98,10000
2026-10-01 15:05:31,2026-10-06 01:00:00,Pekanbaru,Rain,light rain,24.08,25.08,97,1012,1.36,1.0,100,10000
2026-10-01 15:05:31,2026-10-06 04:00:00,Pekanbaru,Rain,light rain,22.84,23.74,98,1011,1.14,1.0,88,10000
2026-10-01 15:05:31,2026-10-06 07:00:00,Pekanbaru,Rain,light rain,23.71,24.64,96,1014,0.29,1.0,76,10000
2026-10-01 15:05:31,2026-10-06 10:00:00,Pekanbaru,Rain,light rain,29.81,35.05,72,1014,0.33,0.99,71,9960
2026-10-01 15:05:31,2026-10-06 13:00:00,Pekanbaru,Rain,light rain,32.02,37.74,62,1011,0.39,1.0,67,10000
2026-10-01 18:05:37,2026-10-01 19:00:00,Pekanbaru,Rain,moderate rain,30.15,36.44,74,1011,1.12,1.0,97,10000
2026-10-01 18:05:37,2026-10-01 22:00:00,Pekanbaru,Rain,light rain,28.35,32.99,80,1012,1.13,0.3,98,10000
2026-10-01 18:05:37,2026-10-02 01:00:00,Pekanbaru,Clouds,overcast clouds,26.18,26.18,89,1012,0.67,0.01,99,10000
2026-10-01 18:05:37,2026-10-02 04:00:00,Pekanbaru,Rain,light rain,23.64,24.59,97,1011,0.94,0.76,100,10000
2026-10-01 18:05:37,2026-10-02 07:00:00,Pekanbaru,Rain,moderate rain,23.86,24.86,98,1014,0.59,1.0,100,3795
2026-10-01 18:05:37,2026-10-02 10:00:00,Pekanbaru,Rain,moderate rain,28.06,32.9,84,1015,1.14,1.0,98,5301
2026-10-01 18:05:37,2026-10-02 13:00:00,Pekanbaru,Rain,light rain,30.45,36.16,70,1012,1.72,1.0,99,4493
2026-10-01 18:05:37,2026-10-02 16:00:00,Pekanbaru,Rain,light rain,29.44,35.75,79,1010,0.75,1.0,100,10000
2026-10-01 18:05:37,2026-10-02 19:00:00,Pekanbaru,Rain,moderate rain,25.06,26.05,93,1013,0.91,1.0,100,10000
2026-10-01 18:05:37,2026-10-02 22:00:00,Pekanbaru,Rain,light rain,24.0,24.99,97,1015,1.1,1.0,100,10000
2026-10-01 18:05:37,2026-10-03 01:00:00,Pekanbaru,Rain,light rain,23.86,24.86,98,1013,1.38,1.0,99,10000
2026-10-01 18:05:37,2026-10-03 04:00:00,Pekanbaru,Rain,light rain,23.05,24.0,99,1012,0.77,1.0,100,10000
2026-10-01 18:05:37,2026-10-03 07:00:00,Pekanbaru,Rain,light rain,23.67,24.65,98,1015,0.42,1.0,100,10000
2026-10-01 18:05:37,2026-10-03 10:00:00,Pekanbaru,Rain,light rain,27.85,32.48,85,1015,0.26,1.0,100,4023
2026-10-01 18:05:37,2026-10-03 13:00:00,Pekanbaru,Rain,moderate rain,29.51,35.22,76,1013,0.9,1.0,100,7192
2026-10-01 18:05:37,2026-10-03 16:00:00,Pekanbaru,Rain,light rain,30.17,34.96,68,1011,0.56,1.0,100,10000
2026-10-01 18:05:37,2026-10-03 19:00:00,Pekanbaru,Rain,light rain,24.88,25.88,94,1012,0.58,1.0,100,10000
2026-10-01 18:05:37,2026-10-03 22:00:00,Pekanbaru,Clouds,overcast clouds,24.29,25.28,96,1014,1.08,0.0,100,10000
2026-10-01 18:05:37,2026-10-04 01:00:00,Pekanbaru,Clouds,overcast clouds,23.62,24.57,97,1013,1.07,0.0,98,10000
2026-10-01 18:05:37,2026-10-04 04:00:00,Pekanbaru,Clouds,overcast clouds,23.21,24.17,99,1012,0.28,0.0,94,10000
2026-10-01 18:05:37,2026-10-04 07:00:00,Pekanbaru,Rain,light rain,23.95,24.93,97,1014,0.26,0.21,82,10000
2026-10-01 18:05:37,2026-10-04 10:00:00,Pekanbaru,Rain,light rain,29.42,34.76,75,1015,0.6,1.0,97,10000
2026-10-01 18:05:37,2026-10-04 13:00:00,Pekanbaru,Rain,light rain,34.71,39.62,49,1011,0.34,1.0,66,10000
2026-10-01 18:05:37,2026-10-04 16:00:00,Pekanbaru,Rain,light rain,29.97,34.49,68,1009,1.27,0.2,83,10000
2026-10-01 18:05:37,2026-10-04 19:00:00,Pekanbaru,Rain,light rain,25.29,26.25,91,1012,1.39,0.97,72,10000
2026-10-01 18:05:37,2026-10-04 22:00:00,Pekanbaru,Rain,light rain,24.39,25.34,94,1013,0.5,1.0,80,10000
2026-10-01 18:05:37,2026-10-05 01:00:00,Pekanbaru,Rain,light rain,23.86,24.81,96,1012,0.93,1.0,69,10000
2026-10-01 18:05:37,2026-10-05 04:00:00,Pekanbaru,Rain,light rain,23.11,24.06,99,1011,1.16,0.67,57,10000
2026-10-01 18:05:37,2026-10-05 07:00:00,Pekanbaru,Rain,light rain,23.8,24.77,97,1013,0.1,0.82,46,10000
2026-10-01 18:05:37,2026-10-05 10:00:00,Pekanbaru,Rain,light rain,29.25,34.76,77,1014,0.63,1.0,68,10000
2026-10-01 18:05:37,2026-10-05 13:00:00,Pekanbaru,Rain,light rain,33.27,38.43,55,1011,0.38,1.0,84,10000
2026-10-01 18:05:37,2026-10-05 16:00:00,Pekanbaru,Clouds,overcast clouds,32.08,36.37,57,1008,0.21,0.0,99,10000
2026-10-01 18:05:37,2026-10-05 19:00:00,Pekanbaru,Rain,light rain,26.8,29.39,81,1011,1.42,0.2,99,10000
2026-10-01 18:05:37,2026-10-05 22:00:00,Pekanbaru,Rain,light rain,25.34,26.31,91,1013,1.35,0.82,98,10000
2026-10-01 18:05:37,2026-10-06 01:00:00,Pekanbaru,Rain,light rain,24.08,25.08,97,1012,1.36,1.0,100,10000
2026-10-01 18:05:37,2026-10-06 04:00:00,Pekanbaru,Rain,light rain,22.84,23.74,98,1011,1.14,1.0,88,10000
2026-10-01 18:05:37,2026-10-06 07:00:00,Pekanbaru,Rain,light rain,23.71,24.64,96,1014,0.29,1.0,76,10000
2026-10-01 18:05:37,2026-10-06 10:00:00,Pekanbaru,Rain,light rain,29.81,35.05,72,1014,0.33,0.99,71,9960
2026-10-01 18:05:37,2026-10-06 13:00:00,Pekanbaru,Rain,light rain,32.02,37.74,62,1011,0.39,1.0,67,10000
2026-10-01 18:05:37,2026-10-06 16:00:00,Pekanbaru,Rain,light rain,30.15,36.18,73,1010,1.4,1.0,94,10000
2026-10-01 21:05:39,2026-10-01 22:00:00,Pekanbaru,Rain,light rain,26.15,26.15,89,1013,0.92,0.41,100,10000
2026-10-01 21:05:39,2026-10-02 01:00:00,Pekanbaru,Clouds,overcast clouds,25.52,26.5,91,1013,0.49,0.28,100,10000
2026-10-01 21:05:39,2026-10-02 04:00:00,Pekanbaru,Rain,moderate rain,24.64,25.64,95,1012,0.94,1.0,100,10000
2026-10-01 21:05:39,2026-10-02 07:00:00,Pekanbaru,Clouds,overcast clouds,24.49,25.53,97,1014,0.91,0.81,99,10000
2026-10-01 21:05:39,2026-10-02 10:00:00,Pekanbaru,Rain,moderate rain,28.37,33.22,81,1015,1.51,1.0,94,10000
2026-10-01 21:05:39,2026-10-02 13:00:00,Pekanbaru,Rain,moderate rain,29.8,36.01,76,1012,1.46,1.0,97,7987
2026-10-01 21:05:39,2026-10-02 16:00:00,Pekanbaru,Rain,light rain,29.59,36.18,79,1010,1.37,1.0,100,10000
2026-10-01 21:05:39,2026-10-02 19:00:00,Pekanbaru,Rain,moderate rain,24.88,25.85,93,1012,0.91,1.0,94,10000
2026-10-01 21:05:39,2026-10-02 22:00:00,Pekanbaru,Clouds,overcast clouds,24.22,25.2,96,1014,1.09,0.02,96,10000
2026-10-01 21:05:39,2026-10-03 01:00:00,Pekanbaru,Clouds,overcast clouds,23.79,24.78,98,1013,1.18,0.03,98,10000
2026-10-01 21:05:39,2026-10-03 04:00:00,Pekanbaru,Clouds,overcast clouds,23.26,24.23,99,1012,0.57,0.0,100,10000
2026-10-01 21:05:39,2026-10-03 07:00:00,Pekanbaru,Rain,light rain,24.09,25.06,96,1015,0.14,0.2,97,10000
2026-10-01 21:05:39,2026-10-03 10:00:00,Pekanbaru,Rain,moderate rain,27.99,32.87,85,1016,0.09,1.0,79,5440
2026-10-01 21:05:39,2026-10-03 13:00:00,Pekanbaru,Rain,moderate rain,30.25,36.18,72,1012,1.08,1.0,88,10000
2026-10-01 21:05:39,2026-10-03 16:00:00,Pekanbaru,Rain,light rain,30.53,36.09,69,1010,0.88,1.0,100,10000
2026-10-01 21:05:39,2026-10-03 19:00:00,Pekanbaru,Rain,light rain,25.49,26.44,90,1012,0.48,1.0,100,10000
2026-10-01 21:05:39,2026-10-03 22:00:00,Pekanbaru,Rain,light rain,24.03,25.0,96,1014,1.16,1.0,93,10000
2026-10-01 21:05:39,2026-10-04 01:00:00,Pekanbaru,Clouds,overcast clouds,23.61,24.59,98,1013,1.06,0.82,97,10000
2026-10-01 21:05:39,2026-10-04 04:00:00,Pekanbaru,Clouds,overcast clouds,23.31,24.26,98,1012,0.81,0.05,99,10000
2026-10-01 21:05:39,2026-10-04 07:00:00,Pekanbaru,Clouds,overcast clouds,24.02,25.01,97,1014,0.34,0.0,100,10000
2026-10-01 21:05:39,2026-10-04 10:00:00,Pekanbaru,Rain,light rain,30.97,35.81,64,1015,1.09,0.6,60,10000
2026-10-01 21:05:39,2026-10-04 13:00:00,Pekanbaru,Rain,light rain,32.18,38.14,62,1011,0.24,1.0,77,10000
2026-10-01 21:05:39,2026-10-04 16:00:00,Pekanbaru,Rain,light rain,32.7,36.84,54,1009,0.45,0.58,98,10000
2026-10-01 21:05:39,2026-10-04 19:00:00,Pekanbaru,Rain,light rain,26.0,26.0,88,1012,0.97,1.0,97,10000
2026-10-01 21:05:39,2026-10-04 22:00:00,Pekanbaru,Rain,moderate rain,23.93,24.91,97,1014,0.41,1.0,33,10000
2026-10-01 21:05:39,2026-10-05 01:00:00,Pekanbaru,Rain,light rain,23.73,24.69,97,1012,1.33,1.0,50,10000
2026-10-01 21:05:39,2026-10-05 04:00:00,Pekanbaru,Clouds,few clouds,23.19,24.15,99,1011,1.13,0.01,22,10000
2026-10-01 21:05:39,2026-10-05 07:00:00,Pekanbaru,Rain,light rain,23.82,24.79,97,1013,0.61,0.3,52,10000
2026-10-01 21:05:39,2026-10-05 10:00:00,Pekanbaru,Clouds,overcast clouds,31.34,36.4,63,1014,0.69,0.29,98,10000
2026-10-01 21:05:39,2026-10-05 13:00:00,Pekanbaru,Rain,light rain,31.19,36.9,66,1011,0.6,1.0,98,10000
2026-10-01 21:05:39,2026-10-05 16:00:00,Pekanbaru,Rain,light rain,32.74,36.63,53,1009,0.14,0.93,92,10000
2026-10-01 21:05:39,2026-10-05 19:00:00,Pekanbaru,Rain,light rain,25.39,26.36,91,1011,0.9,1.0,77,10000
2026-10-01 21:05:39,2026-10-05 22:00:00,Pekanbaru,Rain,light rain,24.26,25.25,96,1013,0.34,1.0,19,10000
2026-10-01 21:05:39,2026-10-06 01:00:00,Pekanbaru,Rain,light rain,23.78,24.75,97,1012,1.13,1.0,56,10000
2026-10-01 21:05:39,2026-10-06 04:00:00,Pekanbaru,Clouds,broken clouds,23.29,24.23,98,1011,1.04,0.0,52,10000
2026-10-01 21:05:39,2026-10-06 07:00:00,Pekanbaru,Clouds,broken clouds,24.15,25.1,95,1013,0.5,0.0,75,10000
2026-10-01 21:05:39,2026-10-06 10:00:00,Pekanbaru,Rain,light rain,29.19,34.6,77,1014,0.52,0.96,91,8393
2026-10-01 21:05:39,2026-10-06 13:00:00,Pekanbaru,Rain,light rain,32.2,37.24,59,1012,1.61,1.0,85,10000
2026-10-01 21:05:39,2026-10-06 16:00:00,Pekanbaru,Rain,light rain,32.16,36.55,57,1010,1.09,0.54,67,10000
2026-10-01 21:05:39,2026-10-06 19:00:00,Pekanbaru,Rain,light rain,25.44,26.42,91,1012,0.49,1.0,73,10000
2026-10-02 00:05:32,2026-10-02 01:00:00,Pekanbaru,Clouds,overcast clouds,26.15,26.15,89,1012,0.49,0.28,100,10000
2026-10-02 00:05:32,2026-10-02 04:00:00,Pekanbaru,Rain,moderate rain,25.43,26.43,92,1012,0.94,1.0,100,10000
2026-10-02 00:05:32,2026-10-02 07:00:00,Pekanbaru,Clouds,overcast clouds,25.04,26.08,95,1013,0.91,0.81,99,10000
2026-10-02 00:05:32,2026-10-02 10:00:00,Pekanbaru,Rain,moderate rain,28.37,33.22,81,1015,1.51,1.0,94,10000
2026-10-02 00:05:32,2026-10-02 13:00:00,Pekanbaru,Rain,moderate rain,29.8,36.01,76,1012,1.46,1.0,97,7987
2026-10-02 00:05:32,2026-10-02 16:00:00,Pekanbaru,Rain,light rain,29.59,36.18,79,1010,1.37,1.0,100,10000
2026-10-02 00:05:32,2026-10-02 19:00:00,Pekanbaru,Rain,moderate rain,24.88,25.85,93,1012,0.91,1.0,94,10000
2026-10-02 00:05:32,2026-10-02 22:00:00,Pekanbaru,Clouds,overcast clouds,24.22,25.2,96,1014,1.09,0.02,96,10000
2026-10-02 00:05:32,2026-10-03 01:00:00,Pekanbaru,Clouds,overcast clouds,23.79,24.78,98,1013,1.18,0.03,98,10000
2026-10-02 00:05:32,2026-10-03 04:00:00,Pekanbaru,Clouds,overcast clouds,23.26,24.23,99,1012,0.57,0.0,100,10000
2026-10-02 00:05:32,2026-10-03 07:00:00,Pekanbaru,Rain,light rain,24.09,25.06,96,1015,0.14,0.2,97,10000
2026-10-02 00:05:32,2026-10-03 10:00:00,Pekanbaru,Rain,moderate rain,27.99,32.87,85,1016,0.09,1.0,79,5440
2026-10-02 00:05:32,2026-10-03 13:00:00,Pekanbaru,Rain,moderate rain,30.25,36.18,72,1012,1.08,1.0,88,10000
2026-10-02 00:05:32,2026-10-03 16:00:00,Pekanbaru,Rain,light rain,30.53,36.09,69,1010,0.88,1.0,100,10000
2026-10-02 00:05:32,2026-10-03 19:00:00,Pekanbaru,Rain,light rain,25.49,26.44,90,1012,0.48,1.0,100,10000
2026-10-02 00:05:32,2026-10-03 22:00:00,Pekanbaru,Rain,light rain,24.03,25.0,96,1014,1.16,1.0,93,10000
2026-10-02 00:05:32,2026-10-04 01:00:00,Pekanbaru,Clouds,overcast clouds,23.61,24.59,98,1013,1.06,0.82,97,10000
2026-10-02 00:05:32,2026-10-04 04:00:00,Pekanbaru,Clouds,overcast clouds,23.31,24.26,98,1012,0.81,0.05,99,10000
2026-10-02 00:05:32,2026-10-04 07:00:00,Pekanbaru,Clouds,overcast clouds,24.02,25.01,97,1014,0.34,0.0,100,10000
2026-10-02 00:05:32,2026-10-04 10:00:00,Pekanbaru,Rain,light rain,30.97,35.81,64,1015,1.09,0.6,60,10000
2026-10-02 00:05:32,2026-10-04 13:00:00,Pekanbaru,Rain,light rain,32.18,38.14,62,1011,0.24,1.0,77,10000
2026-10-02 00:05:32,2026-10-04 16:00:00,Pekanbaru,Rain,light rain,32.7,36.84,54,1009,0.45,0.58,98,10000
2026-10-02 00:05:32,2026-10-04 19:00:00,Pekanbaru,Rain,light rain,26.0,26.0,88,1012,0.97,1.0,97,10000
2026-10-02 00:05:32,2026-10-04 22:00:00,Pekanbaru,Rain,moderate rain,23.93,24.91,97,1014,0.41,1.0,33,10000
2026-10-02 00:05:32,2026-10-05 01:00:00,Pekanbaru,Rain,light rain,23.73,24.69,97,1012,1.33,1.0,50,10000
2026-10-02 00:05:32,2026-10-05 04:00:00,Pekanbaru,Clouds,few clouds,23.19,24.15,99,1011,1.13,0.01,22,10000
2026-10-02 00:05:32,2026-10-05 07:00:00,Pekanbaru,Rain,light rain,23.82,24.79,97,1013,0.61,0.3,52,10000
2026-10-02 00:05:32,2026-10-05 10:00:00,Pekanbaru,Clouds,overcast clouds,31.34,36.4,63,1014,0.69,0.29,98,10000
2026-10-02 00:05:32,2026-10-05 13:00:00,Pekanbaru,Rain,light rain,31.19,36.9,66,1011,0.6,1.0,98,10000
2026-10-02 00:05:32,2026-10-05 16:00:00,Pekanbaru,Rain,light rain,32.74,36.63,53,1009,0.14,0.93,92,10000
2026-10-02 00:05:32,2026-10-05 19:00:00,Pekanbaru,Rain,light rain,25.39,26.36,91,1011,0.9,1.0,77,10000
2026-10-02 00:05:32,2026-10-05 22:00:00,Pekanbaru,Rain,light rain,24.26,25.25,96,1013,0.34,1.0,19,10000
2026-10-02 00:05:32,2026-10-06 01:00:00,Pekanbaru,Rain,light rain,23.78,24.75,97,1012,1.13,1.0,56,10000
2026-10-02 00:05:32,2026-10-06 04:00:00,Pekanbaru,Clouds,broken clouds,23.29,24.23,98,1011,1.04,0.0,52,10000
2026-10-02 00:05:32,2026-10-06 07:00:00,Pekanbaru,Clouds,broken clouds,24.15,25.1,95,1013,0.5,0.0,75,10000
2026-10-02 00:05:32,2026-10-06 10:00:00,Pekanbaru,Rain,light rain,29.19,34.6,77,1014,0.52,0.96,91,8393
2026-10-02 00:05:32,2026-10-06 13:00:00,Pekanbaru,Rain,light rain,32.2,37.24,59,1012,1.61,1.0,85,10000
2026-10-02 00:05:32,2026-10-06 16:00:00,Pekanbaru,Rain,light rain,32.16,36.55,57,1010,1.09,0.54,67,10000
2026-10-02 00:05:32,2026-10-06 19:00:00,Pekanbaru,Rain,light rain,25.44,26.42,91,1012,0.49,1.0,73,10000
2026-10-02 00:05:32,2026-10-06 22:00:00,Pekanbaru,Clouds,broken clouds,24.62,25.59,94,1013,0.64,0.19,81,10000
2026-10-02 03:05:43,2026-10-02 04:00:00,Pekanbaru,Rain,moderate rain,25.15,26.18,94,1011,0.9,1.0,100,10000
2026-10-02 03:05:43,2026-10-02 07:00:00,Pekanbaru,Rain,light rain,24.97,26.0,95,1012,0.7,1.0,100,10000
2026-10-02 03:05:43,2026-10-02 10:00:00,Pekanbaru,Rain,moderate rain,27.16,30.85,87,1014,1.58,1.0,99,7113
2026-10-02 03:05:43,2026-10-02 13:00:00,Pekanbaru,Rain,light rain,32.62,36.96,55,1012,1.77,1.0,96,10000
2026-10-02 03:05:43,2026-10-02 16:00:00,Pekanbaru,Rain,light rain,29.46,34.86,75,1010,1.74,1.0,100,8447
2026-10-02 03:05:43,2026-10-02 19:00:00,Pekanbaru,Rain,moderate rain,25.03,26.04,94,1012,0.2,1.0,98,10000
2026-10-02 03:05:43,2026-10-02 22:00:00,Pekanbaru,Rain,light rain,24.41,25.41,96,1014,0.96,1.0,100,10000
2026-10-02 03:05:43,2026-10-03 01:00:00,Pekanbaru,Rain,light rain,23.57,24.54,98,1013,1.0,1.0,100,10000
2026-10-02 03:05:43,2026-10-03 04:00:00,Pekanbaru,Clouds,overcast clouds,23.04,23.98,99,1012,1.02,0.0,100,10000
2026-10-02 03:05:43,2026-10-03 07:00:00,Pekanbaru,Clouds,overcast clouds,23.8,24.74,96,1015,0.35,0.0,99,10000
2026-10-02 03:05:43,2026-10-03 10:00:00,Pekanbaru,Rain,light rain,27.89,32.43,84,1016,0.35,0.99,99,6041
2026-10-02 03:05:43,2026-10-03 13:00:00,Pekanbaru,Rain,light rain,31.43,36.62,63,1012,1.22,1.0,99,10000
2026-10-02 03:05:43,2026-10-03 16:00:00,Pekanbaru,Rain,light rain,28.63,34.73,85,1011,0.76,1.0,98,10000
2026-10-02 03:05:43,2026-10-03 19:00:00,Pekanbaru,Rain,light rain,24.85,25.82,93,1012,0.5,1.0,99,10000
2026-10-02 03:05:43,2026-10-03 22:00:00,Pekanbaru,Clouds,broken clouds,24.13,25.08,95,1014,1.17,0.02,83,10000
2026-10-02 03:05:43,2026-10-04 01:00:00,Pekanbaru,Rain,light rain,23.49,24.45,98,1013,0.85,0.2,56,10000
2026-10-02 03:05:43,2026-10-04 04:00:00,Pekanbaru,Clouds,overcast clouds,22.98,23.92,99,1012,0.65,0.0,100,10000
2026-10-02 03:05:43,2026-10-04 07:00:00,Pekanbaru,Clouds,overcast clouds,23.82,24.76,96,1014,0.26,0.0,99,10000
2026-10-02 03:05:43,2026-10-04 10:00:00,Pekanbaru,Rain,light rain,28.79,33.76,78,1015,0.99,1.0,100,10000
2026-10-02 03:05:43,2026-10-04 13:00:00,Pekanbaru,Rain,light rain,33.83,39.04,53,1011,0.61,0.99,99,10000
2026-10-02 03:05:43,2026-10-04 16:00:00,Pekanbaru,Clouds,overcast clouds,30.98,35.05,61,1009,0.99,0.23,98,10000
2026-10-02 03:05:43,2026-10-04 19:00:00,Pekanbaru,Rain,light rain,25.93,26.88,88,1011,1.4,0.89,97,10000
2026-10-02 03:05:43,2026-10-04 22:00:00,Pekanbaru,Rain,light rain,24.88,25.85,93,1013,0.68,0.96,100,10000
2026-10-02 03:05:43,2026-10-05 01:00:00,Pekanbaru,Rain,light rain,23.86,24.81,96,1012,0.68,0.66,100,10000
2026-10-02 03:05:43,2026-10-05 04:00:00,Pekanbaru,Rain,moderate rain,22.88,23.81,99,1011,0.98,1.0,96,10000
2026-10-02 03:05:43,2026-10-05 07:00:00,Pekanbaru,Clouds,overcast clouds,23.97,24.93,96,1013,0.4,0.8,94,10000
2026-10-02 03:05:43,2026-10-05 10:00:00,Pekanbaru,Rain,light rain,31.42,36.59,63,1014,0.69,0.3,65,10000
2026-10-02 03:05:43,2026-10-05 13:00:00,Pekanbaru,Rain,light rain,33.86,38.09,50,1010,1.22,0.39,61,10000
2026-10-02 03:05:43,2026-10-05 16:00:00,Pekanbaru,Rain,light rain,29.04,34.42,78,1009,1.42,0.58,99,10000
2026-10-02 03:05:43,2026-10-05 19:00:00,Pekanbaru,Rain,light rain,27.38,30.37,78,1010,0.62,0.36,99,10000
2026-10-02 03:05:43,2026-10-05 22:00:00,Pekanbaru,Rain,light rain,26.22,26.22,87,1013,1.32,0.35,99,10000
2026-10-02 03:05:43,2026-10-06 01:00:00,Pekanbaru,Rain,moderate rain,24.6,25.57,94,1012,1.24,1.0,100,10000
2026-10-02 03:05:43,2026-10-06 04:00:00,Pekanbaru,Rain,light rain,23.92,24.93,98,1011,1.21,0.6,63,10000
2026-10-02 03:05:43,2026-10-06 07:00:00,Pekanbaru,Clouds,broken clouds,24.61,25.66,97,1014,0.39,0.42,81,10000
2026-10-02 03:05:43,2026-10-06 10:00:00,Pekanbaru,Rain,light rain,30.3,36.04,71,1015,0.37,0.49,89,10000
2026-10-02 03:05:43,2026-10-06 13:00:00,Pekanbaru,Rain,moderate rain,30.06,36.2,74,1012,1.05,1.0,89,10000
2026-10-02 03:05:43,2026-10-06 16:00:00,Pekanbaru,Rain,light rain,30.72,37.44,72,1010,1.0,1.0,90,10000
2026-10-02 03:05:43,2026-10-06 19:00:00,Pekanbaru,Rain,light rain,25.29,26.33,94,1012,1.35,1.0,76,10000
2026-10-02 03:05:43,2026-10-06 22:00:00,Pekanbaru,Rain,light rain,24.12,25.09,96,1014,0.78,0.96,47,10000
2026-10-02 03:05:43,2026-10-07 01:00:00,Pekanbaru,Clouds,broken clouds,23.71,24.67,97,1013,0.99,0.77,75,10000
2026-10-02 06:05:41,2026-10-02 07:00:00,Pekanbaru,Rain,light rain,25.15,26.18,94,1013,0.7,1.0,100,10000
2026-10-02 06:05:41,2026-10-02 10:00:00,Pekanbaru,Rain,moderate rain,26.12,26.12,91,1014,1.58,1.0,99,7113
2026-10-02 06:05:41,2026-10-02 13:00:00,Pekanbaru,Rain,light rain,30.13,34.87,68,1012,1.77,1.0,97,10000
2026-10-02 06:05:41,2026-10-02 16:00:00,Pekanbaru,Rain,light rain,29.46,34.86,75,1010,1.74,1.0,100,8447
2026-10-02 06:05:41,2026-10-02 19:00:00,Pekanbaru,Rain,moderate rain,25.03,26.04,94,1012,0.2,1.0,98,10000
2026-10-02 06:05:41,2026-10-02 22:00:00,Pekanbaru,Rain,light rain,24.41,25.41,96,1014,0.96,1.0,100,10000
2026-10-02 06:05:41,2026-10-03 01:00:00,Pekanbaru,Rain,light rain,23.57,24.54,98,1013,1.0,1.0,100,10000
2026-10-02 06:05:41,2026-10-03 04:00:00,Pekanbaru,Clouds,overcast clouds,23.04,23.98,99,1012,1.02,0.0,100,10000
2026-10-02 06:05:41,2026-10-03 07:00:00,Pekanbaru,Clouds,overcast clouds,23.8,24.74,96,1015,0.35,0.0,99,10000
2026-10-02 06:05:41,2026-10-03 10:00:00,Pekanbaru,Rain,light rain,27.89,32.43,84,1016,0.35,0.99,99,6041
2026-10-02 06:05:41,2026-10-03 13:00:00,Pekanbaru,Rain,light rain,31.43,36.62,63,1012,1.22,1.0,99,10000
2026-10-02 06:05:41,2026-10-03 16:00:00,Pekanbaru,Rain,light rain,28.63,34.73,85,1011,0.76,1.0,98,10000
2026-10-02 06:05:41,2026-10-03 19:00:00,Pekanbaru,Rain,light rain,24.85,25.82,93,1012,0.5,1.0,99,10000
2026-10-02 06:05:41,2026-10-03 22:00:00,Pekanbaru,Clouds,broken clouds,24.13,25.08,95,1014,1.17,0.02,83,10000
2026-10-02 06:05:41,2026-10-04 01:00:00,Pekanbaru,Rain,light rain,23.49,24.45,98,1013,0.85,0.2,56,10000
2026-10-02 06:05:41,2026-10-04 04:00:00,Pekanbaru,Clouds,overcast clouds,22.98,23.92,99,1012,0.65,0.0,100,10000
2026-10-02 06:05:41,2026-10-04 07:00:00,Pekanbaru,Clouds,overcast clouds,23.82,24.76,96,1014,0.26,0.0,99,10000
2026-10-02 06:05:41,2026-10-04 10:00:00,Pekanbaru,Rain,light rain,28.79,33.76,78,1015,0.99,1.0,100,10000
2026-10-02 06:05:41,2026-10-04 13:00:00,Pekanbaru,Rain,light rain,33.83,39.04,53,1011,0.61,0.99,99,10000
2026-10-02 06:05:41,2026-10-04 16:00:00,Pekanbaru,Clouds,overcast clouds,30.98,35.05,61,1009,0.99,0.23,98,10000
2026-10-02 06:05:41,2026-10-04 19:00:00,Pekanbaru,Rain,light rain,25.93,26.88,88,1011,1.4,0.89,97,10000
2026-10-02 06:05:41,2026-10-04 22:00:00,Pekanbaru,Rain,light rain,24.88,25.85,93,1013,0.68,0.96,100,10000
2026-10-02 06:05:41,2026-10-05 01:00:00,Pekanbaru,Rain,light rain,23.86,24.81,96,1012,0.68,0.66,100,10000
2026-10-02 06:05:41,2026-10-05 04:00:00,Pekanbaru,Rain,moderate rain,22.88,23.81,99,1011,0.98,1.0,96,10000
2026-10-02 06:05:41,2026-10-05 07:00:00,Pekanbaru,Clouds,overcast clouds,23.97,24.93,96,1013,0.4,0.8,94,10000
2026-10-02 06:05:41,2026-10-05 10:00:00,Pekanbaru,Rain,light rain,31.42,36.59,63,1014,0.69,0.3,65,10000
2026-10-02 06:05:41,2026-10-05 13:00:00,Pekanbaru,Rain,light rain,33.86,38.09,50,1010,1.22,0.39,61,10000
2026-10-02 06:05:41,2026-10-05 16:00:00,Pekanbaru,Rain,light rain,29.04,34.42,78,1009,1.42,0.58,99,10000
2026-10-02 06:05:41,2026-10-05 19:00:00,Pekanbaru,Rain,light rain,27.38,30.37,78,1010,0.62,0.36,99,10000
2026-10-02 06:05:41,2026-10-05 22:00:00,Pekanbaru,Rain,light rain,26.22,26.22,87,1013,1.32,0.35,99,10000
2026-10-02 06:05:41,2026-10-06 01:00:00,Pekanbaru,Rain,moderate rain,24.6,25.57,94,1012,1.24,1.0,100,10000
2026-10-02 06:05:41,2026-10-06 04:00:00,Pekanbaru,Rain,light rain,23.92,24.93,98,1011,1.21,0.6,63,10000
2026-10-02 06:05:41,2026-10-06 07:00:00,Pekanbaru,Clouds,broken clouds,24.61,25.66,97,1014,0.39,0.42,81,10000
2026-10-02 06:05:41,2026-10-06 10:00:00,Pekanbaru,Rain,light rain,30.3,36.04,71,1015,0.37,0.49,89,10000
2026-10-02 06:05:41,2026-10-06 13:00:00,Pekanbaru,Rain,moderate rain,30.06,36.2,74,1012,1.05,1.0,89,10000
2026-10-02 06:05:41,2026-10-06 16:00:00,Pekanbaru,Rain,light rain,30.72,37.44,72,1010,1.0,1.0,90,10000
2026-10-02 06:05:41,2026-10-06 19:00:00,Pekanbaru,Rain,light rain,25.29,26.33,94,1012,1.35,1.0,76,10000
2026-10-02 06:05:41,2026-10-06 22:00:00,Pekanbaru,Rain,light rain,24.12,25.09,96,1014,0.78,0.96,47,10000
2026-10-02 06:05:41,2026-10-07 01:00:00,Pekanbaru,Clouds,broken clouds,23.71,24.67,97,1013,0.99,0.77,75,10000
2026-10-02 06:05:41,2026-10-07 04:00:00,Pekanbaru,Rain,light rain,23.33,24.28,98,1012,1.06,0.41,100,10000
2026-10-02 09:05:32,2026-10-02 10:00:00,Pekanbaru,Rain,moderate rain,28.15,32.16,78,1015,1.67,1.0,95,10000
2026-10-02 09:05:32,2026-10-02 13:00:00,Pekanbaru,Rain,light rain,28.72,33.39,77,1014,1.73,1.0,96,3997
2026-10-02 09:05:32,2026-10-02 16:00:00,Pekanbaru,Rain,light rain,30.42,34.81,65,1012,1.65,1.0,98,10000
2026-10-02 09:05:32,2026-10-02 19:00:00,Pekanbaru,Rain,light rain,25.11,26.08,92,1012,0.62,1.0,90,10000
2026-10-02 09:05:32,2026-10-02 22:00:00,Pekanbaru,Clouds,overcast clouds,24.56,25.53,94,1014,0.65,0.11,88,10000
2026-10-02 09:05:32,2026-10-03 01:00:00,Pekanbaru,Clouds,overcast clouds,23.82,24.79,97,1013,0.64,0.04,89,10000
2026-10-02 09:05:32,2026-10-03 04:00:00,Pekanbaru,Clouds,overcast clouds,23.29,24.23,98,1013,0.26,0.0,91,10000
2026-10-02 09:05:32,2026-10-03 07:00:00,Pekanbaru,Clouds,overcast clouds,24.28,25.27,96,1015,0.25,0.0,95,10000
2026-10-02 09:05:32,2026-10-03 10:00:00,Pekanbaru,Rain,light rain,29.05,34.23,77,1016,0.79,0.96,97,10000
2026-10-02 09:05:32,2026-10-03 13:00:00,Pekanbaru,Rain,light rain,32.32,37.21,58,1012,1.51,1.0,99,10000
2026-10-02 09:05:32,2026-10-03 16:00:00,Pekanbaru,Rain,light rain,31.29,35.74,61,1010,0.76,0.96,100,10000
2026-10-02 09:05:32,2026-10-03 19:00:00,Pekanbaru,Rain,light rain,25.04,26.05,94,1012,1.44,0.97,99,10000
2026-10-02 09:05:32,2026-10-03 22:00:00,Pekanbaru,Rain,light rain,24.37,25.32,94,1014,0.7,0.25,16,10000
2026-10-02 09:05:32,2026-10-04 01:00:00,Pekanbaru,Rain,light rain,23.34,24.26,97,1013,0.77,0.88,14,10000
2026-10-02 09:05:32,2026-10-04 04:00:00,Pekanbaru,Rain,light rain,22.67,23.58,99,1012,0.52,1.0,17,10000
2026-10-02 09:05:32,2026-10-04 07:00:00,Pekanbaru,Clouds,scattered clouds,23.69,24.65,97,1014,0.34,0.76,25,10000
2026-10-02 09:05:32,2026-10-04 10:00:00,Pekanbaru,Clouds,overcast clouds,30.82,35.73,65,1015,0.54,0.36,90,10000
2026-10-02 09:05:32,2026-10-04 13:00:00,Pekanbaru,Rain,light rain,35.08,39.72,47,1011,0.62,0.41,90,10000
2026-10-02 09:05:32,2026-10-04 16:00:00,Pekanbaru,Rain,light rain,29.16,33.68,73,1009,0.5,0.26,100,10000
2026-10-02 09:05:32,2026-10-04 19:00:00,Pekanbaru,Rain,light rain,26.56,26.56,83,1011,1.08,0.39,100,10000
2026-10-02 09:05:32,2026-10-04 22:00:00,Pekanbaru,Rain,light rain,26.05,26.05,85,1013,0.84,0.51,98,10000
2026-10-02 09:05:32,2026-10-05 01:00:00,Pekanbaru,Rain,light rain,24.7,25.63,92,1012,1.25,0.72,100,10000
2026-10-02 09:05:32,2026-10-05 04:00:00,Pekanbaru,Rain,light rain,23.1,24.05,99,1011,1.16,1.0,100,10000
2026-10-02 09:05:32,2026-10-05 07:00:00,Pekanbaru,Clouds,overcast clouds,23.96,24.89,95,1013,0.36,0.8,86,10000
2026-10-02 09:05:32,2026-10-05 10:00:00,Pekanbaru,Rain,light rain,29.89,35.25,72,1014,0.57,0.74,48,10000
2026-10-02 09:05:32,2026-10-05 13:00:00,Pekanbaru,Rain,light rain,34.45,39.04,49,1010,0.93,0.98,46,10000
2026-10-02 09:05:32,2026-10-05 16:00:00,Pekanbaru,Rain,light rain,27.48,31.21,83,1009,1.4,0.82,99,10000
2026-10-02 09:05:32,2026-10-05 19:00:00,Pekanbaru,Rain,light rain,26.69,29.38,84,1010,1.21,0.62,97,10000
2026-10-02 09:05:32,2026-10-05 22:00:00,Pekanbaru,Clouds,overcast clouds,25.39,26.28,88,1013,0.88,0.16,100,10000
2026-10-02 09:05:32,2026-10-06 01:00:00,Pekanbaru,Rain,light rain,23.98,24.91,95,1012,0.77,0.52,100,10000
2026-10-02 09:05:32,2026-10-06 04:00:00,Pekanbaru,Rain,light rain,23.25,24.19,98,1011,0.73,0.97,55,10000
2026-10-02 09:05:32,2026-10-06 07:00:00,Pekanbaru,Rain,light rain,24.06,25.0,95,1014,0.6,0.92,65,10000
2026-10-02 09:05:32,2026-10-06 10:00:00,Pekanbaru,Rain,light rain,28.4,33.3,81,1015,0.81,1.0,77,10000
2026-10-02 09:05:32,2026-10-06 13:00:00,Pekanbaru,Rain,light rain,34.45,39.04,49,1011,1.25,1.0,72,10000
2026-10-02 09:05:32,2026-10-06 16:00:00,Pekanbaru,Rain,light rain,30.91,35.67,64,1010,0.84,0.46,86,10000
2026-10-02 09:05:32,2026-10-06 19:00:00,Pekanbaru,Rain,light rain,26.49,26.49,84,1012,1.06,0.5,88,10000
2026-10-02 09:05:32,2026-10-06 22:00:00,Pekanbaru,Clouds,scattered clouds,25.48,26.36,87,1014,1.23,0.0,48,10000
2026-10-02 09:05:32,2026-10-07 01:00:00,Pekanbaru,Rain,light rain,23.52,24.43,96,1013,0.75,1.0,56,10000
2026-10-02 09:05:32,2026-10-07 04:00:00,Pekanbaru,Rain,light rain,23.26,24.2,98,1012,0.44,0.63,95,10000
2026-10-02 09:05:32,2026-10-07 07:00:00,Pekanbaru,Rain,light rain,23.71,24.67,97,1015,0.42,0.94,98,10000
2026-10-02 12:05:31,2026-10-02 13:00:00,Pekanbaru,Rain,light rain,31.15,36.8,66,1012,1.73,1.0,98,3997
2026-10-02 12:05:31,2026-10-02 16:00:00,Pekanbaru,Rain,light rain,31.29,36.57,64,1011,1.65,1.0,99,10000
2026-10-02 12:05:31,2026-10-02 19:00:00,Pekanbaru,Rain,light rain,27.12,30.42,84,1012,0.62,1.0,93,10000
2026-10-02 12:05:31,2026-10-02 22:00:00,Pekanbaru,Clouds,overcast clouds,24.56,25.53,94,1014,0.65,0.11,88,10000
2026-10-02 12:05:31,2026-10-03 01:00:00,Pekanbaru,Clouds,overcast clouds,23.82,24.79,97,1013,0.64,0.04,89,10000
2026-10-02 12:05:31,2026-10-03 04:00:00,Pekanbaru,Clouds,overcast clouds,23.29,24.23,98,1013,0.26,0.0,91,10000
2026-10-02 12:05:31,2026-10-03 07:00:00,Pekanbaru,Clouds,overcast clouds,24.28,25.27,96,1015,0.25,0.0,95,10000
2026-10-02 12:05:31,2026-10-03 10:00:00,Pekanbaru,Rain,light rain,29.05,34.23,77,1016,0.79,0.96,97,10000
2026-10-02 12:05:31,2026-10-03 13:00:00,Pekanbaru,Rain,light rain,32.32,37.21,58,1012,1.51,1.0,99,10000
2026-10-02 12:05:31,2026-10-03 16:00:00,Pekanbaru,Rain,light rain,31.29,35.74,61,1010,0.76,0.96,100,10000
2026-10-02 12:05:31,2026-10-03 19:00:00,Pekanbaru,Rain,light rain,25.04,26.05,94,1012,1.44,0.97,99,10000
2026-10-02 12:05:31,2026-10-03 22:00:00,Pekanbaru,Rain,light rain,24.37,25.32,94,1014,0.7,0.25,16,10000
2026-10-02 12:05:31,2026-10-04 01:00:00,Pekanbaru,Rain,light rain,23.34,24.26,97,1013,0.77,0.88,14,10000
2026-10-02 12:05:31,2026-10-04 04:00:00,Pekanbaru,Rain,light rain,22.67,23.58,99,1012,0.52,1.0,17,10000
2026-10-02 12:05:31,2026-10-04 07:00:00,Pekanbaru,Clouds,scattered clouds,23.69,24.65,97,1014,0.34,0.76,25,10000
2026-10-02 12:05:31,2026-10-04 10:00:00,Pekanbaru,Clouds,overcast clouds,30.82,35.73,65,1015,0.54,0.36,90,10000
2026-10-02 12:05:31,2026-10-04 13:00:00,Pekanbaru,Rain,light rain,35.08,39.72,47,1011,0.62,0.41,90,10000
2026-10-02 12:05:31,2026-10-04 16:00:00,Pekanbaru,Rain,light rain,29.16,33.68,73,1009,0.5,0.26,100,10000
2026-10-02 12:05:31,2026-10-04 19:00:00,Pekanbaru,Rain,light rain,26.56,26.56,83,1011,1.08,0.39,100,10000
2026-10-02 12:05:31,2026-10-04 22:00:00,Pekanbaru,Rain,light rain,26.05,26.05,85,1013,0.84,0.51,98,10000
2026-10-02 12:05:31,2026-10-05 01:00:00,Pekanbaru,Rain,light rain,24.7,25.63,92,1012,1.25,0.72,100,10000
2026-10-02 12:05:31,2026-10-05 04:00:00,Pekanbaru,Rain,light rain,23.1,24.05,99,1011,1.16,1.0,100,10000
2026-10-02 12:05:31,2026-10-05 07:00:00,Pekanbaru,Clouds,overcast clouds,23.96,24.89,95,1013,0.36,0.8,86,10000
2026-10-02 12:05:31,2026-10-05 10:00:00,Pekanbaru,Rain,light rain,29.89,35.25,72,1014,0.57,0.74,48,10000
2026-10-02 12:05:31,2026-10-05 13:00:00,Pekanbaru,Rain,light rain,34.45,39.04,49,1010,0.93,0.98,46,10000
2026-10-02 12:05:31,2026-10-05 16:00:00,Pekanbaru,Rain,light rain,27.48,31.21,83,1009,1.4,0.82,99,10000
2026-10-02 12:05:31,2026-10-05 19:00:00,Pekanbaru,Rain,light rain,26.69,29.38,84,1010,1.21,0.62,97,10000
2026-10-02 12:05:31,2026-10-05 22:00:00,Pekanbaru,Clouds,overcast clouds,25.39,26.28,88,1013,0.88,0.16,100,10000
2026-10-02 12:05:31,2026-10-06 01:00:00,Pekanbaru,Rain,light rain,23.98,24.91,95,1012,0.77,0.52,100,10000
2026-10-02 12:05:31,2026-10-06 04:00:00,Pekanbaru,Rain,light rain,23.25,24.19,98,1011,0.73,0.97,55,10000
2026-10-02 12:05:31,2026-10-06 07:00:00,Pekanbaru,Rain,light rain,24.06,25.0,95,1014,0.6,0.92,65,10000
2026-10-02 12:05:31,2026-10-06 10:00:00,Pekanbaru,Rain,light rain,28.4,33.3,81,1015,0.81,1.0,77,10000
2026-10-02 12:05:31,2026-10-06 13:00:00,Pekanbaru,Rain,light rain,34.45,39.04,49,1011,1.25,1.0,72,10000
2026-10-02 12:05:31,2026-10-06 16:00:00,Pekanbaru,Rain,light rain,30.91,35.67,64,1010,0.84,0.46,86,10000
2026-10-02 12:05:31,2026-10-06 19:00:00,Pekanbaru,Rain,light rain,26.49,26.49,84,1012,1.06,0.5,88,10000
2026-10-02 12:05:31,2026-10-06 22:00:00,Pekanbaru,Clouds,scattered clouds,25.48,26.36,87,1014,1.23,0.0,48,10000
2026-10-02 12:05:31,2026-10-07 01:00:00,Pekanbaru,Rain,light rain,23.52,24.43,96,1013,0.75,1.0,56,10000
2026-10-02 12:05:31,2026-10-07 04:00:00,Pekanbaru,Rain,light rain,23.26,24.2,98,1012,0.44,0.63,95,10000
2026-10-02 12:05:31,2026-10-07 07:00:00,Pekanbaru,Rain,light rain,23.71,24.67,97,1015,0.42,0.94,98,10000
2026-10-02 12:05:31,2026-10-07 10:00:00,Pekanbaru,Rain,moderate rain,27.26,31.01,86,1016,0.92,1.0,100,10000
2026-10-02 15:05:36,2026-10-02 16:00:00,Pekanbaru,Rain,light rain,33.15,39.18,58,1010,2.01,1.0,99,10000
2026-10-02 15:05:36,2026-10-02 19:00:00,Pekanbaru,Rain,light rain,30.53,35.83,68,1011,0.85,1.0,98,10000
2026-10-02 15:05:36,2026-10-02 22:00:00,Pekanbaru,Rain,light rain,27.41,30.91,82,1013,0.73,0.61,99,10000
2026-10-02 15:05:36,2026-10-03 01:00:00,Pekanbaru,Rain,light rain,23.61,24.59,98,1013,0.79,1.0,100,9487
2026-10-02 15:05:36,2026-10-03 04:00:00,Pekanbaru,Rain,light rain,23.32,24.27,98,1013,0.39,0.26,99,10000
2026-10-02 15:05:36,2026-10-03 07:00:00,Pekanbaru,Clouds,overcast clouds,24.23,25.22,96,1015,0.24,0.07,89,10000
2026-10-02 15:05:36,2026-10-03 10:00:00,Pekanbaru,Rain,moderate rain,28.35,33.35,82,1016,1.14,1.0,99,10000
2026-10-02 15:05:36,2026-10-03 13:00:00,Pekanbaru,Rain,light rain,32.07,37.24,60,1012,0.72,1.0,99,10000
2026-10-02 15:05:36,2026-10-03 16:00:00,Pekanbaru,Rain,light rain,30.24,35.38,69,1010,0.92,1.0,100,10000
2026-10-02 15:05:36,2026-10-03 19:00:00,Pekanbaru,Rain,light rain,25.15,26.12,92,1012,0.78,1.0,100,10000
2026-10-02 15:05:36,2026-10-03 22:00:00,Pekanbaru,Rain,light rain,24.22,25.18,95,1014,1.22,0.27,32,10000
2026-10-02 15:05:36,2026-10-04 01:00:00,Pekanbaru,Rain,light rain,23.6,24.55,97,1013,1.3,0.47,42,10000
2026-10-02 15:05:36,2026-10-04 04:00:00,Pekanbaru,Clouds,few clouds,23.05,24.0,99,1012,0.31,0.02,20,10000
2026-10-02 15:05:36,2026-10-04 07:00:00,Pekanbaru,Clouds,scattered clouds,24.16,25.11,95,1014,0.3,0.01,29,10000
2026-10-02 15:05:36,2026-10-04 10:00:00,Pekanbaru,Rain,light rain,28.81,34.01,79,1015,0.44,1.0,53,10000
2026-10-02 15:05:36,2026-10-04 13:00:00,Pekanbaru,Rain,light rain,34.41,39.67,51,1011,0.75,1.0,57,10000
2026-10-02 15:05:36,2026-10-04 16:00:00,Pekanbaru,Clouds,broken clouds,30.6,34.97,64,1009,0.49,0.0,76,10000
2026-10-02 15:05:36,2026-10-04 19:00:00,Pekanbaru,Clouds,overcast clouds,26.76,29.3,81,1011,1.49,0.0,89,10000
2026-10-02 15:05:36,2026-10-04 22:00:00,Pekanbaru,Rain,light rain,25.73,26.63,87,1013,0.54,0.46,100,10000
2026-10-02 15:05:36,2026-10-05 01:00:00,Pekanbaru,Rain,light rain,25.05,25.96,90,1012,1.19,0.45,100,10000
2026-10-02 15:05:36,2026-10-05 04:00:00,Pekanbaru,Rain,light rain,23.07,23.99,98,1011,1.11,0.98,87,10000
2026-10-02 15:05:36,2026-10-05 07:00:00,Pekanbaru,Rain,moderate rain,23.49,24.43,97,1013,0.3,1.0,86,10000
2026-10-02 15:05:36,2026-10-05 10:00:00,Pekanbaru,Rain,light rain,30.7,35.98,67,1014,0.77,0.89,72,10000
2026-10-02 15:05:36,2026-10-05 13:00:00,Pekanbaru,Clouds,broken clouds,34.13,38.01,48,1010,1.46,0.4,79,10000
2026-10-02 15:05:36,2026-10-05 16:00:00,Pekanbaru,Rain,light rain,29.31,34.04,73,1008,0.73,0.28,99,10000
2026-10-02 15:05:36,2026-10-05 19:00:00,Pekanbaru,Clouds,overcast clouds,27.2,30.3,81,1010,0.76,0.06,99,10000
2026-10-02 15:05:36,2026-10-05 22:00:00,Pekanbaru,Rain,light rain,25.16,26.11,91,1013,1.27,0.98,92,10000
2026-10-02 15:05:36,2026-10-06 01:00:00,Pekanbaru,Rain,light rain,24.26,25.25,96,1012,1.19,1.0,95,10000
2026-10-02 15:05:36,2026-10-06 04:00:00,Pekanbaru,Rain,light rain,23.51,24.48,98,1011,0.87,1.0,72,10000
2026-10-02 15:05:36,2026-10-06 07:00:00,Pekanbaru,Rain,light rain,24.48,25.49,96,1014,0.28,1.0,75,10000
2026-10-02 15:05:36,2026-10-06 10:00:00,Pekanbaru,Rain,light rain,29.74,34.87,72,1014,1.01,0.93,84,10000
2026-10-02 15:05:36,2026-10-06 13:00:00,Pekanbaru,Rain,light rain,32.62,37.58,57,1011,0.99,1.0,91,10000
2026-10-02 15:05:36,2026-10-06 16:00:00,Pekanbaru,Rain,light rain,28.72,34.38,82,1010,0.55,1.0,85,6322
2026-10-02 15:05:36,2026-10-06 19:00:00,Pekanbaru,Rain,light rain,25.16,26.16,93,1012,1.2,1.0,92,10000
2026-10-02 15:05:36,2026-10-06 22:00:00,Pekanbaru,Rain,light rain,24.56,25.53,94,1014,0.77,0.54,100,10000
2026-10-02 15:05:36,2026-10-07 01:00:00,Pekanbaru,Rain,light rain,24.12,25.09,96,1012,1.24,0.9,97,10000
2026-10-02 15:05:36,2026-10-07 04:00:00,Pekanbaru,Rain,light rain,23.45,24.41,98,1012,0.92,0.74,73,10000
2026-10-02 15:05:36,2026-10-07 07:00:00,Pekanbaru,Rain,light rain,24.24,25.23,96,1015,0.11,0.64,86,10000
2026-10-02 15:05:36,2026-10-07 10:00:00,Pekanbaru,Rain,moderate rain,27.12,30.64,86,1016,0.74,1.0,100,1792
2026-10-02 15:05:36,2026-10-07 13:00:00,Pekanbaru,Rain,light rain,32.42,37.75,59,1013,0.52,1.0,100,10000
2026-10-02 18:05:35,2026-10-02 19:00:00,Pekanbaru,Rain,light rain,31.15,38.0,70,1011,0.85,1.0,96,10000
2026-10-02 18:05:35,2026-10-02 22:00:00,Pekanbaru,Rain,light rain,29.04,34.21,77,1012,0.73,0.61,97,10000
2026-10-02 18:05:35,2026-10-03 01:00:00,Pekanbaru,Rain,light rain,26.12,26.12,89,1012,0.79,1.0,99,9487
2026-10-02 18:05:35,2026-10-03 04:00:00,Pekanbaru,Rain,light rain,23.32,24.27,98,1013,0.39,0.26,99,10000
2026-10-02 18:05:35,2026-10-03 07:00:00,Pekanbaru,Clouds,overcast clouds,24.23,25.22,96,1015,0.24,0.07,89,10000
2026-10-02 18:05:35,2026-10-03 10:00:00,Pekanbaru,Rain,moderate rain,28.35,33.35,82,1016,1.14,1.0,99,10000
2026-10-02 18:05:35,2026-10-03 13:00:00,Pekanbaru,Rain,light rain,32.07,37.24,60,1012,0.72,1.0,99,10000
2026-10-02 18:05:35,2026-10-03 16:00:00,Pekanbaru,Rain,light rain,30.24,35.38,69,1010,0.92,1.0,100,10000
2026-10-02 18:05:35,2026-10-03 19:00:00,Pekanbaru,Rain,light rain,25.15,26.12,92,1012,0.78,1.0,100,10000
2026-10-02 18:05:35,2026-10-03 22:00:00,Pekanbaru,Rain,light rain,24.22,25.18,95,1014,1.22,0.27,32,10000
2026-10-02 18:05:35,2026-10-04 01:00:00,Pekanbaru,Rain,light rain,23.6,24.55,97,1013,1.3,0.47,42,10000
2026-10-02 18:05:35,2026-10-04 04:00:00,Pekanbaru,Clouds,few clouds,23.05,24.0,99,1012,0.31,0.02,20,10000
2026-10-02 18:05:35,2026-10-04 07:00:00,Pekanbaru,Clouds,scattered clouds,24.16,25.11,95,1014,0.3,0.01,29,10000
2026-10-02 18:05:35,2026-10-04 10:00:00,Pekanbaru,Rain,light rain,28.81,34.01,79,1015,0.44,1.0,53,10000
2026-10-02 18:05:35,2026-10-04 13:00:00,Pekanbaru,Rain,light rain,34.41,39.67,51,1011,0.75,1.0,57,10000
2026-10-02 18:05:35,2026-10-04 16:00:00,Pekanbaru,Clouds,broken clouds,30.6,34.97,64,1009,0.49,0.0,76,10000
2026-10-02 18:05:35,2026-10-04 19:00:00,Pekanbaru,Clouds,overcast clouds,26.76,29.3,81,1011,1.49,0.0,89,10000
2026-10-02 18:05:35,2026-10-04 22:00:00,Pekanbaru,Rain,light rain,25.73,26.63,87,1013,0.54,0.46,100,10000
2026-10-02 18:05:35,2026-10-05 01:00:00,Pekanbaru,Rain,light rain,25.05,25.96,90,1012,1.19,0.45,100,10000
2026-10-02 18:05:35,2026-10-05 04:00:00,Pekanbaru,Rain,light rain,23.07,23.99,98,1011,1.11,0.98,87,10000
2026-10-02 18:05:35,2026-10-05 07:00:00,Pekanbaru,Rain,moderate rain,23.49,24.43,97,1013,0.3,1.0,86,10000
2026-10-02 18:05:35,2026-10-05 10:00:00,Pekanbaru,Rain,light rain,30.7,35.98,67,1014,0.77,0.89,72,10000
2026-10-02 18:05:35,2026-10-05 13:00:00,Pekanbaru,Clouds,broken clouds,34.13,38.01,48,1010,1.46,0.4,79,10000
2026-10-02 18:05:35,2026-10-05 16:00:00,Pekanbaru,Rain,light rain,29.31,34.04,73,1008,0.73,0.28,99,10000
2026-10-02 18:05:35,2026-10-05 19:00:00,Pekanbaru,Clouds,overcast clouds,27.2,30.3,81,1010,0.76,0.06,99,10000
2026-10-02 18:05:35,2026-10-05 22:00:00,Pekanbaru,Rain,light rain,25.16,26.11,91,1013,1.27,0.98,92,10000
2026-10-02 18:05:35,2026-10-06 01:00:00,Pekanbaru,Rain,light rain,24.26,25.25,96,1012,1.19,1.0,95,10000
2026-10-02 18:05:35,2026-10-06 04:00:00,Pekanbaru,Rain,light rain,23.51,24.48,98,1011,0.87,1.0,72,10000
2026-10-02 18:05:35,2026-10-06 07:00:00,Pekanbaru,Rain,light rain,24.48,25.49,96,1014,0.28,1.0,75,10000
2026-10-02 18:05:35,2026-10-06 10:00:00,Pekanbaru,Rain,light rain,29.74,34.87,72,1014,1.01,0.93,84,10000
2026-10-02 18:05:35,2026-10-06 13:00:00,Pekanbaru,Rain,light rain,32.62,37.58,57,1011,0.99,1.0,91,10000
2026-10-02 18:05:35,2026-10-06 16:00:00,Pekanbaru,Rain,light rain,28.72,34.38,82,1010,0.55,1.0,85,6322
2026-10-02 18:05:35,2026-10-06 19:00:00,Pekanbaru,Rain,light rain,25.16,26.16,93,1012,1.2,1.0,92,10000
2026-10-02 18:05:35,2026-10-06 22:00:00,Pekanbaru,Rain,light rain,24.56,25.53,94,1014,0.77,0.54,100,10000
2026-10-02 18:05:35,2026-10-07 01:00:00,Pekanbaru,Rain,light rain,24.12,25.09,96,1012,1.24,0.9,97,10000
2026-10-02 18:05:35,2026-10-07 04:00:00,Pekanbaru,Rain,light rain,23.45,24.41,98,1012,0.92,0.74,73,10000
2026-10-02 18:05:35,2026-10-07 07:00:00,Pekanbaru,Rain,light rain,24.24,25.23,96,1015,0.11,0.64,86,10000
2026-10-02 18:05:35,2026-10-07 10:00:00,Pekanbaru,Rain,moderate rain,27.12,30.64,86,1016,0.74,1.0,100,1792
2026-10-02 18:05:35,2026-10-07 13:00:00,Pekanbaru,Rain,light rain,32.42,37.75,59,1013,0.52,1.0,100,10000
2026-10-02 18:05:35,2026-10-07 16:00:00,Pekanbaru,Rain,light rain,30.79,36.2,67,1011,0.55,1.0,79,10000
2026-10-02 21:05:36,2026-10-02 22:00:00,Pekanbaru,Rain,light rain,28.15,32.98,83,1014,0.44,0.79,91,10000
2026-10-02 21:05:36,2026-10-03 01:00:00,Pekanbaru,Clouds,overcast clouds,27.08,30.64,87,1014,1.1,0.76,92,10000
2026-10-02 21:05:36,2026-10-03 04:00:00,Pekanbaru,Clouds,overcast clouds,25.85,26.92,93,1013,0.6,0.11,97,10000
2026-10-02 21:05:36,2026-10-03 07:00:00,Pekanbaru,Rain,moderate rain,25.26,26.4,98,1015,0.59,1.0,98,10000
2026-10-02 21:05:36,2026-10-03 10:00:00,Pekanbaru,Rain,light rain,30.0,37.0,78,1016,0.19,0.97,100,10000
2026-10-02 21:05:36,2026-10-03 13:00:00,Pekanbaru,Rain,light rain,28.61,33.11,77,1013,1.0,1.0,100,6023
2026-10-02 21:05:36,2026-10-03 16:00:00,Pekanbaru,Rain,light rain,32.8,39.8,76,1011,1.01,1.0,100,10000
2026-10-02 21:05:36,2026-10-03 19:00:00,Pekanbaru,Rain,light rain,24.67,25.7,96,1012,0.85,1.0,100,10000
2026-10-02 21:05:36,2026-10-03 22:00:00,Pekanbaru,Rain,light rain,24.15,25.15,97,1015,0.87,0.95,99,10000
2026-10-02 21:05:36,2026-10-04 01:00:00,Pekanbaru,Clouds,overcast clouds,23.53,24.5,98,1013,1.1,0.7,90,10000
2026-10-02 21:05:36,2026-10-04 04:00:00,Pekanbaru,Clouds,overcast clouds,22.97,23.91,99,1012,0.76,0.0,86,10000
2026-10-02 21:05:36,2026-10-04 07:00:00,Pekanbaru,Clouds,overcast clouds,23.87,24.85,97,1014,0.13,0.0,86,10000
2026-10-02 21:05:36,2026-10-04 10:00:00,Pekanbaru,Rain,light rain,29.26,34.35,75,1015,0.62,0.91,100,10000
2026-10-02 21:05:36,2026-10-04 13:00:00,Pekanbaru,Rain,light rain,33.27,38.77,56,1011,0.47,1.0,88,10000
2026-10-02 21:05:36,2026-10-04 16:00:00,Pekanbaru,Rain,light rain,32.01,37.1,60,1009,0.59,0.26,100,10000
2026-10-02 21:05:36,2026-10-04 19:00:00,Pekanbaru,Rain,light rain,25.15,26.15,93,1011,1.37,0.95,99,10000
2026-10-02 21:05:36,2026-10-04 22:00:00,Pekanbaru,Rain,light rain,24.4,25.38,95,1013,0.58,0.62,74,10000
2026-10-02 21:05:36,2026-10-05 01:00:00,Pekanbaru,Clouds,broken clouds,23.8,24.74,96,1012,0.86,0.48,74,10000
2026-10-02 21:05:36,2026-10-05 04:00:00,Pekanbaru,Clouds,overcast clouds,23.29,24.23,98,1011,0.83,0.16,97,10000
2026-10-02 21:05:36,2026-10-05 07:00:00,Pekanbaru,Rain,light rain,23.83,24.78,96,1013,0.37,0.89,95,10000
2026-10-02 21:05:36,2026-10-05 10:00:00,Pekanbaru,Rain,light rain,29.35,34.58,75,1014,0.38,1.0,72,10000
2026-10-02 21:05:36,2026-10-05 13:00:00,Pekanbaru,Clouds,broken clouds,34.95,39.43,47,1010,0.57,0.8,81,10000
2026-10-02 21:05:36,2026-10-05 16:00:00,Pekanbaru,Rain,light rain,28.94,33.75,76,1009,0.99,0.2,94,10000
2026-10-02 21:05:36,2026-10-05 19:00:00,Pekanbaru,Rain,light rain,27.08,29.92,80,1011,0.48,0.21,97,10000
2026-10-02 21:05:36,2026-10-05 22:00:00,Pekanbaru,Rain,light rain,25.2,26.2,93,1013,0.6,1.0,100,2696
2026-10-02 21:05:36,2026-10-06 01:00:00,Pekanbaru,Rain,light rain,24.17,25.15,96,1012,1.04,1.0,92,10000
2026-10-02 21:05:36,2026-10-06 04:00:00,Pekanbaru,Rain,light rain,23.25,24.19,98,1011,0.88,0.93,34,10000
2026-10-02 21:05:36,2026-10-06 07:00:00,Pekanbaru,Rain,light rain,24.19,25.15,95,1013,0.56,0.72,51,10000
2026-10-02 21:05:36,2026-10-06 10:00:00,Pekanbaru,Rain,light rain,30.05,35.41,71,1014,1.24,0.45,53,10000
2026-10-02 21:05:36,2026-10-06 13:00:00,Pekanbaru,Rain,light rain,31.43,37.21,65,1011,1.27,1.0,49,10000
2026-10-02 21:05:36,2026-10-06 16:00:00,Pekanbaru,Rain,light rain,32.89,36.94,53,1009,1.14,0.93,83,10000
2026-10-02 21:05:36,2026-10-06 19:00:00,Pekanbaru,Rain,light rain,26.49,26.49,85,1012,1.43,1.0,92,10000
2026-10-02 21:05:36,2026-10-06 22:00:00,Pekanbaru,Clouds,overcast clouds,25.29,26.3,93,1014,0.68,0.09,98,10000
2026-10-02 21:05:36,2026-10-07 01:00:00,Pekanbaru,Clouds,overcast clouds,24.41,25.41,96,1012,1.0,0.0,96,10000
2026-10-02 21:05:36,2026-10-07 04:00:00,Pekanbaru,Rain,light rain,23.75,24.74,98,1012,0.57,0.36,96,10000
2026-10-02 21:05:36,2026-10-07 07:00:00,Pekanbaru,Rain,light rain,24.53,25.47,93,1015,0.85,0.74,92,10000
2026-10-02 21:05:36,2026-10-07 10:00:00,Pekanbaru,Rain,moderate rain,27.83,32.12,83,1016,0.41,1.0,95,4182
2026-10-02 21:05:36,2026-10-07 13:00:00,Pekanbaru,Rain,light rain,32.62,38.56,60,1012,0.61,1.0,75,10000
2026-10-02 21:05:36,2026-10-07 16:00:00,Pekanbaru,Rain,light rain,31.15,37.1,67,1011,0.16,1.0,31,10000
2026-10-02 21:05:36,2026-10-07 19:00:00,Pekanbaru,Rain,light rain,25.18,26.18,93,1013,0.96,1.0,34,10000
2026-10-03 00:05:37,2026-10-03 01:00:00,Pekanbaru,Clouds,overcast clouds,26.15,26.15,94,1013,1.1,0.76,94,10000
2026-10-03 00:05:37,2026-10-03 04:00:00,Pekanbaru,Clouds,overcast clouds,25.69,26.82,96,1013,0.6,0.11,96,10000
2026-10-03 00:05:37,2026-10-03 07:00:00,Pekanbaru,Rain,moderate rain,25.56,26.7,97,1014,0.59,1.0,97,10000
2026-10-03 00:05:37,2026-10-03 10:00:00,Pekanbaru,Rain,light rain,30.0,37.0,78,1016,0.19,0.97,100,10000
2026-10-03 00:05:37,2026-10-03 13:00:00,Pekanbaru,Rain,light rain,28.61,33.11,77,1013,1.0,1.0,100,6023
2026-10-03 00:05:37,2026-10-03 16:00:00,Pekanbaru,Rain,light rain,32.8,39.8,76,1011,1.01,1.0,100,10000
2026-10-03 00:05:37,2026-10-03 19:00:00,Pekanbaru,Rain,light rain,24.67,25.7,96,1012,0.85,1.0,100,10000
2026-10-03 00:05:37,2026-10-03 22:00:00,Pekanbaru,Rain,light rain,24.15,25.15,97,1015,0.87,0.95,99,10000
2026-10-03 00:05:37,2026-10-04 01:00:00,Pekanbaru,Clouds,overcast clouds,23.53,24.5,98,1013,1.1,0.7,90,10000
2026-10-03 00:05:37,2026-10-04 04:00:00,Pekanbaru,Clouds,overcast clouds,22.97,23.91,99,1012,0.76,0.0,86,10000
2026-10-03 00:05:37,2026-10-04 07:00:00,Pekanbaru,Clouds,overcast clouds,23.87,24.85,97,1014,0.13,0.0,86,10000
2026-10-03 00:05:37,2026-10-04 10:00:00,Pekanbaru,Rain,light rain,29.26,34.35,75,1015,0.62,0.91,100,10000
2026-10-03 00:05:37,2026-10-04 13:00:00,Pekanbaru,Rain,light rain,33.27,38.77,56,1011,0.47,1.0,88,10000
2026-10-03 00:05:37,2026-10-04 16:00:00,Pekanbaru,Rain,light rain,32.01,37.1,60,1009,0.59,0.26,100,10000
2026-10-03 00:05:37,2026-10-04 19:00:00,Pekanbaru,Rain,light rain,25.15,26.15,93,1011,1.37,0.95,99,10000
2026-10-03 00:05:37,2026-10-04 22:00:00,Pekanbaru,Rain,light rain,24.4,25.38,95,1013,0.58,0.62,74,10000
2026-10-03 00:05:37,2026-10-05 01:00:00,Pekanbaru,Clouds,broken clouds,23.8,24.74,96,1012,0.86,0.48,74,10000
2026-10-03 00:05:37,2026-10-05 04:00:00,Pekanbaru,Clouds,overcast clouds,23.29,24.23,98,1011,0.83,0.16,97,10000
2026-10-03 00:05:37,2026-10-05 07:00:00,Pekanbaru,Rain,light rain,23.83,24.78,96,1013,0.37,0.89,95,10000
2026-10-03 00:05:37,2026-10-05 10:00:00,Pekanbaru,Rain,light rain,29.35,34.58,75,1014,0.38,1.0,72,10000
2026-10-03 00:05:37,2026-10-05 13:00:00,Pekanbaru,Clouds,broken clouds,34.95,39.43,47,1010,0.57,0.8,81,10000
2026-10-03 00:05:37,2026-10-05 16:00:00,Pekanbaru,Rain,light rain,28.94,33.75,76,1009,0.99,0.2,94,10000
2026-10-03 00:05:37,2026-10-05 19:00:00,Pekanbaru,Rain,light rain,27.08,29.92,80,1011,0.48,0.21,97,10000
2026-10-03 00:05:37,2026-10-05 22:00:00,Pekanbaru,Rain,light rain,25.2,26.2,93,1013,0.6,1.0,100,2696
2026-10-03 00:05:37,2026-10-06 01:00:00,Pekanbaru,Rain,light rain,24.17,25.15,96,1012,1.04,1.0,92,10000
2026-10-03 00:05:37,2026-10-06 04:00:00,Pekanbaru,Rain,light rain,23.25,24.19,98,1011,0.88,0.93,34,10000
2026-10-03 00:05:37,2026-10-06 07:00:00,Pekanbaru,Rain,light rain,24.19,25.15,95,1013,0.56,0.72,51,10000
2026-10-03 00:05:37,2026-10-06 10:00:00,Pekanbaru,Rain,light rain,30.05,35.41,71,1014,1.24,0.45,53,10000
2026-10-03 00:05:37,2026-10-06 13:00:00,Pekanbaru,Rain,light rain,31.43,37.21,65,1011,1.27,1.0,49,10000
2026-10-03 00:05:37,2026-10-06 16:00:00,Pekanbaru,Rain,light rain,32.89,36.94,53,1009,1.14,0.93,83,10000
2026-10-03 00:05:37,2026-10-06 19:00:00,Pekanbaru,Rain,light rain,26.49,26.49,85,1012,1.43,1.0,92,10000
2026-10-03 00:05:37,2026-10-06 22:00:00,Pekanbaru,Clouds,overcast clouds,25.29,26.3,93,1014,0.68,0.09,98,10000
2026-10-03 00:05:37,2026-10-07 01:00:00,Pekanbaru,Clouds,overcast clouds,24.41,25.41,96,1012,1.0,0.0,96,10000
2026-10-03 00:05:37,2026-10-07 04:00:00,Pekanbaru,Rain,light rain,23.75,24.74,98,1012,0.57,0.36,96,10000
2026-10-03 00:05:37,2026-10-07 07:00:00,Pekanbaru,Rain,light rain,24.53,25.47,93,1015,0.85,0.74,92,10000
2026-10-03 00:05:37,2026-10-07 10:00:00,Pekanbaru,Rain,moderate rain,27.83,32.12,83,1016,0.41,1.0,95,4182
2026-10-03 00:05:37,2026-10-07 13:00:00,Pekanbaru,Rain,light rain,32.62,38.56,60,1012,0.61,1.0,75,10000
2026-10-03 00:05:37,2026-10-07 16:00:00,Pekanbaru,Rain,light rain,31.15,37.1,67,1011,0.16,1.0,31,10000
2026-10-03 00:05:37,2026-10-07 19:00:00,Pekanbaru,Rain,light rain,25.18,26.18,93,1013,0.96,1.0,34,10000
2026-10-03 00:05:37,2026-10-07 22:00:00,Pekanbaru,Rain,light rain,24.4,25.38,95,1014,1.21,0.99,48,10000
2026-10-03 03:05:37,2026-10-03 04:00:00,Pekanbaru,Rain,light rain,26.15,26.15,94,1012,0.25,0.25,93,10000
2026-10-03 03:05:37,2026-10-03 07:00:00,Pekanbaru,Clouds,overcast clouds,26.04,26.04,95,1013,0.22,0.08,93,10000
2026-10-03 03:05:37,2026-10-03 10:00:00,Pekanbaru,Rain,moderate rain,28.54,34.67,86,1015,0.74,1.0,94,10000
2026-10-03 03:05:37,2026-10-03 13:00:00,Pekanbaru,Rain,light rain,33.47,40.47,75,1013,0.39,1.0,97,7693
2026-10-03 03:05:37,2026-10-03 16:00:00,Pekanbaru,Rain,light rain,30.17,37.17,81,1010,0.28,1.0,100,10000
2026-10-03 03:05:37,2026-10-03 19:00:00,Pekanbaru,Rain,light rain,26.49,26.49,94,1012,0.35,1.0,100,10000
2026-10-03 03:05:37,2026-10-03 22:00:00,Pekanbaru,Rain,light rain,25.48,26.62,97,1014,1.01,0.76,100,10000
2026-10-03 03:05:37,2026-10-04 01:00:00,Pekanbaru,Clouds,overcast clouds,24.58,25.65,98,1013,1.09,0.58,99,10000
2026-10-03 03:05:37,2026-10-04 04:00:00,Pekanbaru,Clouds,broken clouds,24.61,25.71,99,1012,1.06,0.0,70,10000
2026-10-03 03:05:37,2026-10-04 07:00:00,Pekanbaru,Clouds,broken clouds,25.84,26.99,96,1014,0.1,0.0,74,10000
2026-10-03 03:05:37,2026-10-04 10:00:00,Pekanbaru,Rain,light rain,28.29,33.54,84,1015,0.6,1.0,100,10000
2026-10-03 03:05:37,2026-10-04 13:00:00,Pekanbaru,Rain,light rain,31.61,37.35,64,1011,0.48,1.0,100,10000
2026-10-03 03:05:37,2026-10-04 16:00:00,Pekanbaru,Rain,light rain,31.88,36.5,59,1009,0.6,0.3,100,10000
2026-10-03 03:05:37,2026-10-04 19:00:00,Pekanbaru,Rain,light rain,24.97,25.92,92,1011,1.05,1.0,100,10000
2026-10-03 03:05:37,2026-10-04 22:00:00,Pekanbaru,Rain,light rain,24.0,24.99,97,1014,0.29,1.0,100,10000
2026-10-03 03:05:37,2026-10-05 01:00:00,Pekanbaru,Rain,light rain,23.41,24.37,98,1012,0.82,1.0,100,10000
2026-10-03 03:05:37,2026-10-05 04:00:00,Pekanbaru,Rain,light rain,23.24,24.18,98,1011,0.95,0.51,98,10000
2026-10-03 03:05:37,2026-10-05 07:00:00,Pekanbaru,Rain,light rain,23.96,24.94,97,1013,0.52,0.85,81,10000
2026-10-03 03:05:37,2026-10-05 10:00:00,Pekanbaru,Rain,moderate rain,28.87,34.17,79,1014,0.13,1.0,78,10000
2026-10-03 03:05:37,2026-10-05 13:00:00,Pekanbaru,Rain,light rain,34.16,38.75,50,1010,1.25,1.0,71,10000
2026-10-03 03:05:37,2026-10-05 16:00:00,Pekanbaru,Rain,light rain,30.08,35.48,71,1008,1.05,0.2,96,10000
2026-10-03 03:05:37,2026-10-05 19:00:00,Pekanbaru,Rain,light rain,27.37,30.35,78,1010,0.51,0.2,97,10000
2026-10-03 03:05:37,2026-10-05 22:00:00,Pekanbaru,Rain,light rain,25.95,25.95,88,1013,0.72,0.72,97,10000
2026-10-03 03:05:37,2026-10-06 01:00:00,Pekanbaru,Clouds,overcast clouds,25.32,26.28,91,1011,0.75,0.47,99,10000
2026-10-03 03:05:37,2026-10-06 04:00:00,Pekanbaru,Rain,moderate rain,23.77,24.68,95,1011,0.81,1.0,59,10000
2026-10-03 03:05:37,2026-10-06 07:00:00,Pekanbaru,Rain,light rain,23.8,24.77,97,1014,0.32,1.0,78,10000
2026-10-03 03:05:37,2026-10-06 10:00:00,Pekanbaru,Clouds,broken clouds,31.05,36.0,64,1015,1.04,0.06,78,10000
2026-10-03 03:05:37,2026-10-06 13:00:00,Pekanbaru,Rain,light rain,29.79,35.73,75,1011,0.52,1.0,83,2275
2026-10-03 03:05:37,2026-10-06 16:00:00,Pekanbaru,Rain,light rain,30.81,36.25,67,1010,0.48,0.9,100,10000
2026-10-03 03:05:37,2026-10-06 19:00:00,Pekanbaru,Rain,light rain,26.13,26.13,87,1012,1.37,0.73,84,10000
2026-10-03 03:05:37,2026-10-06 22:00:00,Pekanbaru,Rain,moderate rain,24.14,25.12,96,1014,0.96,1.0,58,10000
2026-10-03 03:05:37,2026-10-07 01:00:00,Pekanbaru,Clouds,broken clouds,23.85,24.82,97,1012,0.74,0.8,75,10000
2026-10-03 03:05:37,2026-10-07 04:00:00,Pekanbaru,Clouds,overcast clouds,23.55,24.52,98,1012,0.69,0.33,100,10000
2026-10-03 03:05:37,2026-10-07 07:00:00,Pekanbaru,Rain,light rain,23.81,24.78,97,1015,0.41,0.94,99,10000
2026-10-03 03:05:37,2026-10-07 10:00:00,Pekanbaru,Rain,light rain,29.42,34.98,76,1015,0.77,1.0,92,10000
2026-10-03 03:05:37,2026-10-07 13:00:00,Pekanbaru,Rain,light rain,30.73,36.88,70,1013,0.24,1.0,84,9219
2026-10-03 03:05:37,2026-10-07 16:00:00,Pekanbaru,Rain,light rain,29.4,35.16,77,1011,0.44,1.0,100,10000
2026-10-03 03:05:37,2026-10-07 19:00:00,Pekanbaru,Rain,light rain,24.89,25.89,94,1013,0.93,1.0,91,10000
2026-10-03 03:05:37,2026-10-07 22:00:00,Pekanbaru,Rain,light rain,23.97,24.96,97,1015,1.33,0.39,30,10000
2026-10-03 03:05:37,2026-10-08 01:00:00,Pekanbaru,Clouds,scattered clouds,23.44,24.4,98,1013,0.74,0.12,34,10000
2026-10-03 06:05:32,2026-10-03 07:00:00,Pekanbaru,Clouds,overcast clouds,26.15,26.15,89,1014,0.22,0.08,93,10000
2026-10-03 06:05:32,2026-10-03 10:00:00,Pekanbaru,Rain,moderate rain,27.3,31.23,87,1014,0.74,1.0,93,10000
2026-10-03 06:05:32,2026-10-03 13:00:00,Pekanbaru,Rain,light rain,31.03,38.03,79,1013,0.39,1.0,96,7693
2026-10-03 06:05:32,2026-10-03 16:00:00,Pekanbaru,Rain,light rain,30.17,37.17,81,1010,0.28,1.0,100,10000
2026-10-03 06:05:32,2026-10-03 19:00:00,Pekanbaru,Rain,light rain,26.49,26.49,94,1012,0.35,1.0,100,10000
2026-10-03 06:05:32,2026-10-03 22:00:00,Pekanbaru,Rain,light rain,25.48,26.62,97,1014,1.01,0.76,100,10000
2026-10-03 06:05:32,2026-10-04 01:00:00,Pekanbaru,Clouds,overcast clouds,24.58,25.65,98,1013,1.09,0.58,99,10000
2026-10-03 06:05:32,2026-10-04 04:00:00,Pekanbaru,Clouds,broken clouds,24.61,25.71,99,1012,1.06,0.0,70,10000
2026-10-03 06:05:32,2026-10-04 07:00:00,Pekanbaru,Clouds,broken clouds,25.84,26.99,96,1014,0.1,0.0,74,10000
2026-10-03 06:05:32,2026-10-04 10:00:00,Pekanbaru,Rain,light rain,28.29,33.54,84,1015,0.6,1.0,100,10000
2026-10-03 06:05:32,2026-10-04 13:00:00,Pekanbaru,Rain,light rain,31.61,37.35,64,1011,0.48,1.0,100,10000
2026-10-03 06:05:32,2026-10-04 16:00:00,Pekanbaru,Rain,light rain,31.88,36.5,59,1009,0.6,0.3,100,10000
2026-10-03 06:05:32,2026-10-04 19:00:00,Pekanbaru,Rain,light rain,24.97,25.92,92,1011,1.05,1.0,100,10000
2026-10-03 06:05:32,2026-10-04 22:00:00,Pekanbaru,Rain,light rain,24.0,24.99,97,1014,0.29,1.0,100,10000
2026-10-03 06:05:32,2026-10-05 01:00:00,Pekanbaru,Rain,light rain,23.41,24.37,98,1012,0.82,1.0,100,10000
2026-10-03 06:05:32,2026-10-05 04:00:00,Pekanbaru,Rain,light rain,23.24,24.18,98,1011,0.95,0.51,98,10000
2026-10-03 06:05:32,2026-10-05 07:00:00,Pekanbaru,Rain,light rain,23.96,24.94,97,1013,0.52,0.85,81,10000
2026-10-03 06:05:32,2026-10-05 10:00:00,Pekanbaru,Rain,moderate rain,28.87,34.17,79,1014,0.13,1.0,78,10000
2026-10-03 06:05:32,2026-10-05 13:00:00,Pekanbaru,Rain,light rain,34.16,38.75,50,1010,1.25,1.0,71,10000
2026-10-03 06:05:32,2026-10-05 16:00:00,Pekanbaru,Rain,light rain,30.08,35.48,71,1008,1.05,0.2,96,10000
2026-10-03 06:05:32,2026-10-05 19:00:00,Pekanbaru,Rain,light rain,27.37,30.35,78,1010,0.51,0.2,97,10000
2026-10-03 06:05:32,2026-10-05 22:00:00,Pekanbaru,Rain,light rain,25.95,25.95,88,1013,0.72,0.72,97,10000
2026-10-03 06:05:32,2026-10-06 01:00:00,Pekanbaru,Clouds,overcast clouds,25.32,26.28,91,1011,0.75,0.47,99,10000
2026-10-03 06:05:32,2026-10-06 04:00:00,Pekanbaru,Rain,moderate rain,23.77,24.68,95,1011,0.81,1.0,59,10000
2026-10-03 06:05:32,2026-10-06 07:00:00,Pekanbaru,Rain,light rain,23.8,24.77,97,1014,0.32,1.0,78,10000
2026-10-03 06:05:32,2026-10-06 10:00:00,Pekanbaru,Clouds,broken clouds,31.05,36.0,64,1015,1.04,0.06,78,10000
2026-10-03 06:05:32,2026-10-06 13:00:00,Pekanbaru,Rain,light rain,29.79,35.73,75,1011,0.52,1.0,83,2275
2026-10-03 06:05:32,2026-10-06 16:00:00,Pekanbaru,Rain,light rain,30.81,36.25,67,1010,0.48,0.9,100,10000
2026-10-03 06:05:32,2026-10-06 19:00:00,Pekanbaru,Rain,light rain,26.13,26.13,87,1012,1.37,0.73,84,10000
2026-10-03 06:05:32,2026-10-06 22:00:00,Pekanbaru,Rain,moderate rain,24.14,25.12,96,1014,0.96,1.0,58,10000
2026-10-03 06:05:32,2026-10-07 01:00:00,Pekanbaru,Clouds,broken clouds,23.85,24.82,97,1012,0.74,0.8,75,10000
2026-10-03 06:05:32,2026-10-07 04:00:00,Pekanbaru,Clouds,overcast clouds,23.55,24.52,98,1012,0.69,0.33,100,10000
2026-10-03 06:05:32,2026-10-07 07:00:00,Pekanbaru,Rain,light rain,23.81,24.78,97,1015,0.41,0.94,99,10000
2026-10-03 06:05:32,2026-10-07 10:00:00,Pekanbaru,Rain,light rain,29.42,34.98,76,1015,0.77,1.0,92,10000
2026-10-03 06:05:32,2026-10-07 13:00:00,Pekanbaru,Rain,light rain,30.73,36.88,70,1013,0.24,1.0,84,9219
2026-10-03 06:05:32,2026-10-07 16:00:00,Pekanbaru,Rain,light rain,29.4,35.16,77,1011,0.44,1.0,100,10000
2026-10-03 06:05:32,2026-10-07 19:00:00,Pekanbaru,Rain,light rain,24.89,25.89,94,1013,0.93,1.0,91,10000
2026-10-03 06:05:32,2026-10-07 22:00:00,Pekanbaru,Rain,light rain,23.97,24.96,97,1015,1.33,0.39,30,10000
2026-10-03 06:05:32,2026-10-08 01:00:00,Pekanbaru,Clouds,scattered clouds,23.44,24.4,98,1013,0.74,0.12,34,10000
2026-10-03 06:05:32,2026-10-08 04:00:00,Pekanbaru,Rain,light rain,23.05,24.0,99,1013,1.2,0.28,30,10000
2026-10-03 09:05:40,2026-10-03 10:00:00,Pekanbaru,Rain,light rain,31.74,38.64,67,1016,0.42,0.31,100,10000
2026-10-03 09:05:40,2026-10-03 13:00:00,Pekanbaru,Rain,light rain,32.17,39.17,71,1015,0.72,1.0,100,4008
2026-10-03 09:05:40,2026-10-03 16:00:00,Pekanbaru,Rain,light rain,31.28,38.28,70,1012,0.32,1.0,100,10000
2026-10-03 09:05:40,2026-10-03 19:00:00,Pekanbaru,Rain,light rain,28.53,35.53,94,1012,1.12,1.0,99,10000
2026-10-03 09:05:40,2026-10-03 22:00:00,Pekanbaru,Rain,light rain,26.77,30.73,97,1014,0.48,0.6,54,10000
2026-10-03 09:05:40,2026-10-04 01:00:00,Pekanbaru,Clouds,broken clouds,24.7,25.78,98,1013,1.03,0.38,52,10000
2026-10-03 09:05:40,2026-10-04 04:00:00,Pekanbaru,Clouds,overcast clouds,24.64,25.72,98,1012,0.87,0.06,100,10000
2026-10-03 09:05:40,2026-10-04 07:00:00,Pekanbaru,Clouds,overcast clouds,25.91,27.06,96,1014,0.31,0.02,98,10000
2026-10-03 09:05:40,2026-10-04 10:00:00,Pekanbaru,Rain,moderate rain,29.69,36.69,83,1015,0.64,1.0,97,10000
2026-10-03 09:05:40,2026-10-04 13:00:00,Pekanbaru,Rain,light rain,37.13,44.13,52,1011,1.07,1.0,93,10000
2026-10-03 09:05:40,2026-10-04 16:00:00,Pekanbaru,Rain,light rain,31.18,38.18,76,1009,0.71,0.93,96,10000
2026-10-03 09:05:40,2026-10-04 19:00:00,Pekanbaru,Rain,light rain,28.72,35.72,94,1012,1.45,1.0,98,10000
2026-10-03 09:05:40,2026-10-04 22:00:00,Pekanbaru,Clouds,overcast clouds,27.0,31.27,95,1014,0.52,0.15,100,10000
2026-10-03 09:05:40,2026-10-05 01:00:00,Pekanbaru,Rain,light rain,23.18,24.11,98,1012,0.99,1.0,100,10000
2026-10-03 09:05:40,2026-10-05 04:00:00,Pekanbaru,Rain,light rain,23.05,23.97,98,1011,1.23,0.84,100,10000
2026-10-03 09:05:40,2026-10-05 07:00:00,Pekanbaru,Rain,light rain,23.95,24.91,96,1013,0.04,0.7,100,10000
2026-10-03 09:05:40,2026-10-05 10:00:00,Pekanbaru,Rain,light rain,29.05,34.45,78,1014,0.27,1.0,99,10000
2026-10-03 09:05:40,2026-10-05 13:00:00,Pekanbaru,Rain,light rain,32.46,37.85,59,1011,0.88,1.0,87,10000
2026-10-03 09:05:40,2026-10-05 16:00:00,Pekanbaru,Rain,light rain,30.77,35.88,66,1009,1.07,1.0,93,10000
2026-10-03 09:05:40,2026-10-05 19:00:00,Pekanbaru,Rain,light rain,25.38,26.35,91,1011,1.07,1.0,98,10000
2026-10-03 09:05:40,2026-10-05 22:00:00,Pekanbaru,Rain,light rain,23.85,24.8,96,1013,0.8,1.0,39,10000
2026-10-03 09:05:40,2026-10-06 01:00:00,Pekanbaru,Rain,light rain,23.58,24.5,96,1012,0.77,1.0,50,10000
2026-10-03 09:05:40,2026-10-06 04:00:00,Pekanbaru,Clouds,scattered clouds,23.18,24.11,98,1011,0.6,0.28,47,10000
2026-10-03 09:05:40,2026-10-06 07:00:00,Pekanbaru,Rain,light rain,24.15,25.1,95,1014,0.35,0.23,64,10000
2026-10-03 09:05:40,2026-10-06 10:00:00,Pekanbaru,Rain,light rain,29.72,34.82,72,1014,1.25,1.0,71,10000
2026-10-03 09:05:40,2026-10-06 13:00:00,Pekanbaru,Rain,light rain,31.99,37.67,62,1011,0.93,1.0,72,10000
2026-10-03 09:05:40,2026-10-06 16:00:00,Pekanbaru,Rain,light rain,28.77,34.73,83,1009,0.98,1.0,100,10000
2026-10-03 09:05:40,2026-10-06 19:00:00,Pekanbaru,Rain,light rain,25.12,26.06,91,1012,1.37,1.0,89,10000
2026-10-03 09:05:40,2026-10-06 22:00:00,Pekanbaru,Clouds,broken clouds,24.28,25.22,94,1014,0.66,0.0,83,10000
2026-10-03 09:05:40,2026-10-07 01:00:00,Pekanbaru,Clouds,broken clouds,23.88,24.83,96,1012,0.66,0.0,73,10000
2026-10-03 09:05:40,2026-10-07 04:00:00,Pekanbaru,Clouds,overcast clouds,23.59,24.54,97,1012,0.91,0.19,94,10000
2026-10-03 09:05:40,2026-10-07 07:00:00,Pekanbaru,Rain,light rain,23.89,24.87,97,1015,0.35,0.91,94,10000
2026-10-03 09:05:40,2026-10-07 10:00:00,Pekanbaru,Rain,moderate rain,28.38,33.61,83,1015,0.38,1.0,70,10000
2026-10-03 09:05:40,2026-10-07 13:00:00,Pekanbaru,Rain,light rain,30.38,36.25,71,1013,0.9,1.0,82,4194
2026-10-03 09:05:40,2026-10-07 16:00:00,Pekanbaru,Rain,light rain,31.51,36.23,61,1011,0.65,1.0,57,10000
2026-10-03 09:05:40,2026-10-07 19:00:00,Pekanbaru,Rain,light rain,25.29,26.3,93,1013,0.76,1.0,78,10000
2026-10-03 09:05:40,2026-10-07 22:00:00,Pekanbaru,Rain,light rain,24.42,25.45,97,1014,1.21,1.0,100,10000
2026-10-03 09:05:40,2026-10-08 01:00:00,Pekanbaru,Rain,light rain,23.63,24.61,98,1013,1.42,0.99,68,10000
2026-10-03 09:05:40,2026-10-08 04:00:00,Pekanbaru,Rain,light rain,23.13,24.08,99,1013,0.68,0.34,36,10000
2026-10-03 09:05:40,2026-10-08 07:00:00,Pekanbaru,Clouds,broken clouds,24.03,25.0,96,1014,0.67,0.13,63,10000
2026-10-03 12:05:38,2026-10-03 13:00:00,Pekanbaru,Rain,light rain,32.15,38.06,62,1013,0.72,1.0,100,4008
2026-10-03 12:05:38,2026-10-03 16:00:00,Pekanbaru,Rain,light rain,31.79,38.12,65,1012,0.32,1.0,100,10000
2026-10-03 12:05:38,2026-10-03 19:00:00,Pekanbaru,Rain,light rain,29.74,36.74,84,1012,1.12,1.0,99,10000
2026-10-03 12:05:38,2026-10-03 22:00:00,Pekanbaru,Rain,light rain,26.77,30.73,97,1014,0.48,0.6,54,10000
2026-10-03 12:05:38,2026-10-04 01:00:00,Pekanbaru,Clouds,broken clouds,24.7,25.78,98,1013,1.03,0.38,52,10000
2026-10-03 12:05:38,2026-10-04 04:00:00,Pekanbaru,Clouds,overcast clouds,24.64,25.72,98,1012,0.87,0.06,100,10000
2026-10-03 12:05:38,2026-10-04 07:00:00,Pekanbaru,Clouds,overcast clouds,25.91,27.06,96,1014,0.31,0.02,98,10000
2026-10-03 12:05:38,2026-10-04 10:00:00,Pekanbaru,Rain,moderate rain,29.69,36.69,83,1015,0.64,1.0,97,10000
2026-10-03 12:05:38,2026-10-04 13:00:00,Pekanbaru,Rain,light rain,37.13,44.13,52,1011,1.07,1.0,93,10000
2026-10-03 12:05:38,2026-10-04 16:00:00,Pekanbaru,Rain,light rain,31.18,38.18,76,1009,0.71,0.93,96,10000
2026-10-03 12:05:38,2026-10-04 19:00:00,Pekanbaru,Rain,light rain,28.72,35.72,94,1012,1.45,1.0,98,10000
2026-10-03 12:05:38,2026-10-04 22:00:00,Pekanbaru,Clouds,overcast clouds,27.0,31.27,95,1014,0.52,0.15,100,10000
2026-10-03 12:05:38,2026-10-05 01:00:00,Pekanbaru,Rain,light rain,23.18,24.11,98,1012,0.99,1.0,100,10000
2026-10-03 12:05:38,2026-10-05 04:00:00,Pekanbaru,Rain,light rain,23.05,23.97,98,1011,1.23,0.84,100,10000
2026-10-03 12:05:38,2026-10-05 07:00:00,Pekanbaru,Rain,light rain,23.95,24.91,96,1013,0.04,0.7,100,10000
2026-10-03 12:05:38,2026-10-05 10:00:00,Pekanbaru,Rain,light rain,29.05,34.45,78,1014,0.27,1.0,99,10000
2026-10-03 12:05:38,2026-10-05 13:00:00,Pekanbaru,Rain,light rain,32.46,37.85,59,1011,0.88,1.0,87,10000
2026-10-03 12:05:38,2026-10-05 16:00:00,Pekanbaru,Rain,light rain,30.77,35.88,66,1009,1.07,1.0,93,10000
2026-10-03 12:05:38,2026-10-05 19:00:00,Pekanbaru,Rain,light rain,25.38,26.35,91,1011,1.07,1.0,98,10000
2026-10-03 12:05:38,2026-10-05 22:00:00,Pekanbaru,Rain,light rain,23.85,24.8,96,1013,0.8,1.0,39,10000
2026-10-03 12:05:38,2026-10-06 01:00:00,Pekanbaru,Rain,light rain,23.58,24.5,96,1012,0.77,1.0,50,10000
2026-10-03 12:05:38,2026-10-06 04:00:00,Pekanbaru,Clouds,scattered clouds,23.18,24.11,98,1011,0.6,0.28,47,10000
2026-10-03 12:05:38,2026-10-06 07:00:00,Pekanbaru,Rain,light rain,24.15,25.1,95,1014,0.35,0.23,64,10000
2026-10-03 12:05:38,2026-10-06 10:00:00,Pekanbaru,Rain,light rain,29.72,34.82,72,1014,1.25,1.0,71,10000
2026-10-03 12:05:38,2026-10-06 13:00:00,Pekanbaru,Rain,light rain,31.99,37.67,62,1011,0.93,1.0,72,10000
2026-10-03 12:05:38,2026-10-06 16:00:00,Pekanbaru,Rain,light rain,28.77,34.73,83,1009,0.98,1.0,100,10000
2026-10-03 12:05:38,2026-10-06 19:00:00,Pekanbaru,Rain,light rain,25.12,26.06,91,1012,1.37,1.0,89,10000
2026-10-03 12:05:38,2026-10-06 22:00:00,Pekanbaru,Clouds,broken clouds,24.28,25.22,94,1014,0.66,0.0,83,10000
2026-10-03 12:05:38,2026-10-07 01:00:00,Pekanbaru,Clouds,broken clouds,23.88,24.83,96,1012,0.66,0.0,73,10000
2026-10-03 12:05:38,2026-10-07 04:00:00,Pekanbaru,Clouds,overcast clouds,23.59,24.54,97,1012,0.91,0.19,94,10000
2026-10-03 12:05:38,2026-10-07 07:00:00,Pekanbaru,Rain,light rain,23.89,24.87,97,1015,0.35,0.91,94,10000
2026-10-03 12:05:38,2026-10-07 10:00:00,Pekanbaru,Rain,moderate rain,28.38,33.61,83,1015,0.38,1.0,70,10000
2026-10-03 12:05:38,2026-10-07 13:00:00,Pekanbaru,Rain,light rain,30.38,36.25,71,1013,0.9,1.0,82,4194
2026-10-03 12:05:38,2026-10-07 16:00:00,Pekanbaru,Rain,light rain,31.51,36.23,61,1011,0.65,1.0,57,10000
2026-10-03 12:05:38,2026-10-07 19:00:00,Pekanbaru,Rain,light rain,25.29,26.3,93,1013,0.76,1.0,78,10000
2026-10-03 12:05:38,2026-10-07 22:00:00,Pekanbaru,Rain,light rain,24.42,25.45,97,1014,1.21,1.0,100,10000
2026-10-03 12:05:38,2026-10-08 01:00:00,Pekanbaru,Rain,light rain,23.63,24.61,98,1013,1.42,0.99,68,10000
2026-10-03 12:05:38,2026-10-08 04:00:00,Pekanbaru,Rain,light rain,23.13,24.08,99,1013,0.68,0.34,36,10000
2026-10-03 12:05:38,2026-10-08 07:00:00,Pekanbaru,Clouds,broken clouds,24.03,25.0,96,1014,0.67,0.13,63,10000
2026-10-03 12:05:38,2026-10-08 10:00:00,Pekanbaru,Rain,light rain,30.36,35.41,68,1015,1.08,0.59,72,10000
2026-10-03 15:05:31,2026-10-03 16:00:00,Pekanbaru,Rain,light rain,33.15,39.18,58,1010,1.57,0.8,100,10000
2026-10-03 15:05:31,2026-10-03 19:00:00,Pekanbaru,Rain,light rain,32.02,39.02,67,1011,1.28,0.82,98,10000
2026-10-03 15:05:31,2026-10-03 22:00:00,Pekanbaru,Rain,light rain,29.13,35.8,83,1013,0.91,0.43,58,10000
2026-10-03 15:05:31,2026-10-04 01:00:00,Pekanbaru,Clouds,scattered clouds,26.19,26.19,97,1013,1.07,0.04,38,10000
2026-10-03 15:05:31,2026-10-04 04:00:00,Pekanbaru,Rain,light rain,26.17,26.17,98,1012,0.55,0.98,98,10000
2026-10-03 15:05:31,2026-10-04 07:00:00,Pekanbaru,Rain,light rain,25.21,26.35,98,1014,0.45,1.0,99,10000
2026-10-03 15:05:31,2026-10-04 10:00:00,Pekanbaru,Rain,light rain,31.53,38.53,70,1015,0.71,0.48,100,10000
2026-10-03 15:05:31,2026-10-04 13:00:00,Pekanbaru,Rain,light rain,36.02,43.02,56,1011,0.4,0.71,100,10000
2026-10-03 15:05:31,2026-10-04 16:00:00,Pekanbaru,Rain,light rain,30.16,37.16,85,1010,1.18,1.0,100,9433
2026-10-03 15:05:31,2026-10-04 19:00:00,Pekanbaru,Rain,light rain,28.81,35.81,92,1012,0.78,1.0,100,10000
2026-10-03 15:05:31,2026-10-04 22:00:00,Pekanbaru,Rain,light rain,26.86,30.73,94,1013,0.14,0.76,100,10000
2026-10-03 15:05:31,2026-10-05 01:00:00,Pekanbaru,Clouds,overcast clouds,26.13,26.13,96,1012,1.18,0.87,100,10000
2026-10-03 15:05:31,2026-10-05 04:00:00,Pekanbaru,Rain,light rain,26.01,26.01,98,1011,0.93,1.0,99,10000
2026-10-03 15:05:31,2026-10-05 07:00:00,Pekanbaru,Rain,light rain,23.41,24.37,98,1013,0.26,1.0,100,10000
2026-10-03 15:05:31,2026-10-05 10:00:00,Pekanbaru,Clouds,overcast clouds,30.1,34.56,67,1014,0.85,0.39,100,10000
2026-10-03 15:05:31,2026-10-05 13:00:00,Pekanbaru,Rain,light rain,30.15,35.92,72,1011,0.28,1.0,99,10000
2026-10-03 15:05:31,2026-10-05 16:00:00,Pekanbaru,Rain,light rain,31.77,36.54,60,1009,0.68,1.0,100,10000
2026-10-03 15:05:31,2026-10-05 19:00:00,Pekanbaru,Rain,light rain,25.16,26.16,93,1011,1.24,1.0,97,10000
2026-10-03 15:05:31,2026-10-05 22:00:00,Pekanbaru,Rain,light rain,24.38,25.35,95,1013,1.14,1.0,75,10000
2026-10-03 15:05:31,2026-10-06 01:00:00,Pekanbaru,Clouds,broken clouds,23.67,24.63,97,1012,0.48,0.74,68,10000
2026-10-03 15:05:31,2026-10-06 04:00:00,Pekanbaru,Clouds,overcast clouds,23.16,24.09,98,1011,0.58,0.0,91,10000
2026-10-03 15:05:31,2026-10-06 07:00:00,Pekanbaru,Clouds,broken clouds,24.13,25.08,95,1014,0.64,0.0,84,10000
2026-10-03 15:05:31,2026-10-06 10:00:00,Pekanbaru,Rain,light rain,29.48,34.24,72,1015,1.27,0.93,34,10000
2026-10-03 15:05:31,2026-10-06 13:00:00,Pekanbaru,Rain,light rain,32.43,37.78,59,1011,1.3,1.0,43,10000
2026-10-03 15:05:31,2026-10-06 16:00:00,Pekanbaru,Rain,light rain,31.88,36.22,58,1009,1.51,0.64,89,10000
2026-10-03 15:05:31,2026-10-06 19:00:00,Pekanbaru,Rain,light rain,26.8,29.47,82,1012,1.5,0.65,70,10000
2026-10-03 15:05:31,2026-10-06 22:00:00,Pekanbaru,Rain,light rain,25.1,26.04,91,1014,1.18,0.36,87,10000
2026-10-03 15:05:31,2026-10-07 01:00:00,Pekanbaru,Rain,light rain,24.41,25.36,94,1013,1.21,0.28,92,10000
2026-10-03 15:05:31,2026-10-07 04:00:00,Pekanbaru,Rain,light rain,23.62,24.57,97,1012,1.02,0.97,100,10000
2026-10-03 15:05:31,2026-10-07 07:00:00,Pekanbaru,Rain,moderate rain,23.43,24.39,98,1015,0.84,1.0,100,10000
2026-10-03 15:05:31,2026-10-07 10:00:00,Pekanbaru,Rain,light rain,27.96,32.62,84,1015,0.4,1.0,99,10000
2026-10-03 15:05:31,2026-10-07 13:00:00,Pekanbaru,Rain,light rain,30.76,36.4,68,1013,0.62,1.0,93,10000
2026-10-03 15:05:31,2026-10-07 16:00:00,Pekanbaru,Rain,light rain,32.14,36.21,56,1010,0.93,0.36,74,10000
2026-10-03 15:05:31,2026-10-07 19:00:00,Pekanbaru,Rain,light rain,25.33,26.27,90,1013,1.34,1.0,53,10000
2026-10-03 15:05:31,2026-10-07 22:00:00,Pekanbaru,Clouds,few clouds,24.54,25.5,94,1014,1.11,0.47,21,10000
2026-10-03 15:05:31,2026-10-08 01:00:00,Pekanbaru,Rain,light rain,23.39,24.34,98,1013,1.14,0.67,27,10000
2026-10-03 15:05:31,2026-10-08 04:00:00,Pekanbaru,Rain,light rain,22.98,23.92,99,1013,1.07,0.52,63,10000
2026-10-03 15:05:31,2026-10-08 07:00:00,Pekanbaru,Clouds,broken clouds,23.75,24.71,97,1014,0.96,0.02,75,10000
2026-10-03 15:05:31,2026-10-08 10:00:00,Pekanbaru,Clouds,overcast clouds,30.18,34.51,66,1015,1.55,0.02,91,10000
2026-10-03 15:05:31,2026-10-08 13:00:00,Pekanbaru,Rain,light rain,33.15,37.51,53,1011,1.27,0.24,95,10000
2026-10-03 18:05:37,2026-10-03 19:00:00,Pekanbaru,Rain,light rain,32.15,39.15,66,1011,1.28,0.82,95,10000
2026-10-03 18:05:37,2026-10-03 22:00:00,Pekanbaru,Rain,light rain,30.53,37.49,74,1012,0.91,0.43,76,10000
2026-10-03 18:05:37,2026-10-04 01:00:00,Pekanbaru,Clouds,broken clouds,28.18,33.77,87,1012,1.07,0.04,57,10000
2026-10-03 18:05:37,2026-10-04 04:00:00,Pekanbaru,Rain,light rain,26.17,26.17,98,1012,0.55,0.98,98,10000
2026-10-03 18:05:37,2026-10-04 07:00:00,Pekanbaru,Rain,light rain,25.21,26.35,98,1014,0.45,1.0,99,10000
2026-10-03 18:05:37,2026-10-04 10:00:00,Pekanbaru,Rain,light rain,31.53,38.53,70,1015,0.71,0.48,100,10000
2026-10-03 18:05:37,2026-10-04 13:00:00,Pekanbaru,Rain,light rain,36.02,43.02,56,1011,0.4,0.71,100,10000
2026-10-03 18:05:37,2026-10-04 16:00:00,Pekanbaru,Rain,light rain,30.16,37.16,85,1010,1.18,1.0,100,9433
2026-10-03 18:05:37,2026-10-04 19:00:00,Pekanbaru,Rain,light rain,28.81,35.81,92,1012,0.78,1.0,100,10000
2026-10-03 18:05:37,2026-10-04 22:00:00,Pekanbaru,Rain,light rain,26.86,30.73,94,1013,0.14,0.76,100,10000
2026-10-03 18:05:37,2026-10-05 01:00:00,Pekanbaru,Clouds,overcast clouds,26.13,26.13,96,1012,1.18,0.87,100,10000
2026-10-03 18:05:37,2026-10-05 04:00:00,Pekanbaru,Rain,light rain,26.01,26.01,98,1011,0.93,1.0,99,10000
2026-10-03 18:05:37,2026-10-05 07:00:00,Pekanbaru,Rain,light rain,23.41,24.37,98,1013,0.26,1.0,100,10000
2026-10-03 18:05:37,2026-10-05 10:00:00,Pekanbaru,Clouds,overcast clouds,30.1,34.56,67,1014,0.85,0.39,100,10000
2026-10-03 18:05:37,2026-10-05 13:00:00,Pekanbaru,Rain,light rain,30.15,35.92,72,1011,0.28,1.0,99,10000
2026-10-03 18:05:37,2026-10-05 16:00:00,Pekanbaru,Rain,light rain,31.77,36.54,60,1009,0.68,1.0,100,10000
2026-10-03 18:05:37,2026-10-05 19:00:00,Pekanbaru,Rain,light rain,25.16,26.16,93,1011,1.24,1.0,97,10000
2026-10-03 18:05:37,2026-10-05 22:00:00,Pekanbaru,Rain,light rain,24.38,25.35,95,1013,1.14,1.0,75,10000
2026-10-03 18:05:37,2026-10-06 01:00:00,Pekanbaru,Clouds,broken clouds,23.67,24.63,97,1012,0.48,0.74,68,10000
2026-10-03 18:05:37,2026-10-06 04:00:00,Pekanbaru,Clouds,overcast clouds,23.16,24.09,98,1011,0.58,0.0,91,10000
2026-10-03 18:05:37,2026-10-06 07:00:00,Pekanbaru,Clouds,broken clouds,24.13,25.08,95,1014,0.64,0.0,84,10000
2026-10-03 18:05:37,2026-10-06 10:00:00,Pekanbaru,Rain,light rain,29.48,34.24,72,1015,1.27,0.93,34,10000
2026-10-03 18:05:37,2026-10-06 13:00:00,Pekanbaru,Rain,light rain,32.43,37.78,59,1011,1.3,1.0,43,10000
2026-10-03 18:05:37,2026-10-06 16:00:00,Pekanbaru,Rain,light rain,31.88,36.22,58,1009,1.51,0.64,89,10000
2026-10-03 18:05:37,2026-10-06 19:00:00,Pekanbaru,Rain,light rain,26.8,29.47,82,1012,1.5,0.65,70,10000
2026-10-03 18:05:37,2026-10-06 22:00:00,Pekanbaru,Rain,light rain,25.1,26.04,91,1014,1.18,0.36,87,10000
2026-10-03 18:05:37,2026-10-07 01:00:00,Pekanbaru,Rain,light rain,24.41,25.36,94,1013,1.21,0.28,92,10000
2026-10-03 18:05:37,2026-10-07 04:00:00,Pekanbaru,Rain,light rain,23.62,24.57,97,1012,1.02,0.97,100,10000
2026-10-03 18:05:37,2026-10-07 07:00:00,Pekanbaru,Rain,moderate rain,23.43,24.39,98,1015,0.84,1.0,100,10000
2026-10-03 18:05:37,2026-10-07 10:00:00,Pekanbaru,Rain,light rain,27.96,32.62,84,1015,0.4,1.0,99,10000
2026-10-03 18:05:37,2026-10-07 13:00:00,Pekanbaru,Rain,light rain,30.76,36.4,68,1013,0.62,1.0,93,10000
2026-10-03 18:05:37,2026-10-07 16:00:00,Pekanbaru,Rain,light rain,32.14,36.21,56,1010,0.93,0.36,74,10000
2026-10-03 18:05:37,2026-10-07 19:00:00,Pekanbaru,Rain,light rain,25.33,26.27,90,1013,1.34,1.0,53,10000
2026-10-03 18:05:37,2026-10-07 22:00:00,Pekanbaru,Clouds,few clouds,24.54,25.5,94,1014,1.11,0.47,21,10000
2026-10-03 18:05:37,2026-10-08 01:00:00,Pekanbaru,Rain,light rain,23.39,24.34,98,1013,1.14,0.67,27,10000
2026-10-03 18:05:37,2026-10-08 04:00:00,Pekanbaru,Rain,light rain,22.98,23.92,99,1013,1.07,0.52,63,10000
2026-10-03 18:05:37,2026-10-08 07:00:00,Pekanbaru,Clouds,broken clouds,23.75,24.71,97,1014,0.96,0.02,75,10000
2026-10-03 18:05:37,2026-10-08 10:00:00,Pekanbaru,Clouds,overcast clouds,30.18,34.51,66,1015,1.55,0.02,91,10000
2026-10-03 18:05:37,2026-10-08 13:00:00,Pekanbaru,Rain,light rain,33.15,37.51,53,1011,1.27,0.24,95,10000
2026-10-03 18:05:37,2026-10-08 16:00:00,Pekanbaru,Rain,light rain,27.6,31.65,84,1010,1.69,0.95,100,10000
2026-10-03 21:05:30,2026-10-03 22:00:00,Pekanbaru,Rain,light rain,29.15,34.94,79,1013,0.99,0.97,85,10000
2026-10-03 21:05:30,2026-10-04 01:00:00,Pekanbaru,Rain,light rain,28.43,33.95,84,1013,0.72,0.8,86,10000
2026-10-03 21:05:30,2026-10-04 04:00:00,Pekanbaru,Clouds,overcast clouds,27.58,32.59,91,1012,0.52,0.51,95,10000
2026-10-03 21:05:30,2026-10-04 07:00:00,Pekanbaru,Rain,light rain,27.38,32.8,97,1014,0.16,1.0,100,10000
2026-10-03 21:05:30,2026-10-04 10:00:00,Pekanbaru,Rain,light rain,29.7,35.74,76,1014,0.59,1.0,94,10000
2026-10-03 21:05:30,2026-10-04 13:00:00,Pekanbaru,Rain,light rain,36.75,43.75,57,1011,0.42,1.0,97,10000
2026-10-03 21:05:30,2026-10-04 16:00:00,Pekanbaru,Rain,light rain,28.8,35.8,90,1009,1.01,1.0,100,8435
2026-10-03 21:05:30,2026-10-04 19:00:00,Pekanbaru,Rain,light rain,28.97,35.97,93,1011,1.07,1.0,100,5523
2026-10-03 21:05:30,2026-10-04 22:00:00,Pekanbaru,Rain,light rain,26.88,30.89,95,1014,0.94,1.0,100,10000
2026-10-03 21:05:30,2026-10-05 01:00:00,Pekanbaru,Rain,light rain,25.87,27.05,97,1012,1.3,0.84,100,10000
2026-10-03 21:05:30,2026-10-05 04:00:00,Pekanbaru,Clouds,overcast clouds,25.93,27.14,98,1011,0.83,0.0,97,10000
2026-10-03 21:05:30,2026-10-05 07:00:00,Pekanbaru,Clouds,overcast clouds,27.15,31.88,96,1013,0.1,0.0,98,10000
2026-10-03 21:05:30,2026-10-05 10:00:00,Pekanbaru,Rain,light rain,28.56,33.73,81,1014,0.37,1.0,90,10000
2026-10-03 21:05:30,2026-10-05 13:00:00,Pekanbaru,Rain,light rain,35.06,42.06,63,1011,0.64,1.0,93,8436
2026-10-03 21:05:30,2026-10-05 16:00:00,Pekanbaru,Rain,light rain,32.22,36.39,56,1009,0.54,1.0,100,10000
2026-10-03 21:05:30,2026-10-05 19:00:00,Pekanbaru,Rain,light rain,26.04,26.04,86,1010,0.7,1.0,98,10000
2026-10-03 21:05:30,2026-10-05 22:00:00,Pekanbaru,Rain,light rain,24.35,25.35,96,1013,0.47,1.0,84,10000
2026-10-03 21:05:30,2026-10-06 01:00:00,Pekanbaru,Rain,light rain,23.93,24.91,97,1011,0.72,1.0,54,10000
2026-10-03 21:05:30,2026-10-06 04:00:00,Pekanbaru,Clouds,broken clouds,23.34,24.29,98,1011,0.43,0.0,70,10000
2026-10-03 21:05:30,2026-10-06 07:00:00,Pekanbaru,Rain,light rain,24.15,25.13,96,1014,0.67,0.48,75,10000
2026-10-03 21:05:30,2026-10-06 10:00:00,Pekanbaru,Rain,light rain,29.62,34.81,73,1015,1.34,1.0,80,10000
2026-10-03 21:05:30,2026-10-06 13:00:00,Pekanbaru,Rain,light rain,30.9,36.47,67,1011,1.17,1.0,72,10000
2026-10-03 21:05:30,2026-10-06 16:00:00,Pekanbaru,Rain,light rain,32.42,36.53,55,1009,0.81,1.0,79,10000
2026-10-03 21:05:30,2026-10-06 19:00:00,Pekanbaru,Rain,light rain,25.35,26.34,92,1012,1.33,1.0,89,10000
2026-10-03 21:05:30,2026-10-06 22:00:00,Pekanbaru,Clouds,scattered clouds,24.57,25.56,95,1014,0.6,0.01,42,10000
2026-10-03 21:05:30,2026-10-07 01:00:00,Pekanbaru,Clouds,broken clouds,23.98,24.97,97,1012,0.78,0.01,67,10000
2026-10-03 21:05:30,2026-10-07 04:00:00,Pekanbaru,Clouds,broken clouds,23.41,24.37,98,1012,0.49,0.0,68,10000
2026-10-03 21:05:30,2026-10-07 07:00:00,Pekanbaru,Rain,light rain,24.06,25.05,97,1015,0.36,0.71,82,10000
2026-10-03 21:05:30,2026-10-07 10:00:00,Pekanbaru,Rain,moderate rain,28.28,33.16,82,1015,0.93,1.0,100,10000
2026-10-03 21:05:30,2026-10-07 13:00:00,Pekanbaru,Rain,light rain,31.91,37.47,62,1012,1.03,1.0,88,10000
2026-10-03 21:05:30,2026-10-07 16:00:00,Pekanbaru,Rain,light rain,31.7,36.38,60,1010,0.18,1.0,79,10000
2026-10-03 21:05:30,2026-10-07 19:00:00,Pekanbaru,Rain,light rain,26.19,26.19,85,1012,0.9,1.0,72,10000
2026-10-03 21:05:30,2026-10-07 22:00:00,Pekanbaru,Rain,light rain,24.49,25.48,95,1014,1.27,0.94,16,10000
2026-10-03 21:05:30,2026-10-08 01:00:00,Pekanbaru,Clouds,few clouds,23.9,24.88,97,1012,1.3,0.16,15,10000
2026-10-03 21:05:30,2026-10-08 04:00:00,Pekanbaru,Clouds,scattered clouds,23.24,24.2,99,1013,0.9,0.0,29,10000
2026-10-03 21:05:30,2026-10-08 07:00:00,Pekanbaru,Clouds,broken clouds,24.19,25.15,95,1015,0.77,0.02,62,10000
2026-10-03 21:05:30,2026-10-08 10:00:00,Pekanbaru,Rain,light rain,29.61,35.02,74,1015,0.69,0.94,61,10000
2026-10-03 21:05:30,2026-10-08 13:00:00,Pekanbaru,Rain,light rain,34.49,39.86,51,1011,0.56,1.0,76,10000
2026-10-03 21:05:30,2026-10-08 16:00:00,Pekanbaru,Rain,light rain,28.82,33.25,75,1009,1.38,0.74,92,10000
2026-10-03 21:05:30,2026-10-08 19:00:00,Pekanbaru,Rain,light rain,25.76,26.74,90,1011,1.82,1.0,97,10000
2026-10-04 00:05:39,2026-10-04 01:00:00,Pekanbaru,Rain,light rain,24.15,25.23,100,1013,0.72,0.8,88,10000
2026-10-04 00:05:39,2026-10-04 04:00:00,Pekanbaru,Clouds,overcast clouds,25.01,26.15,99,1013,0.52,0.51,92,10000
2026-10-04 00:05:39,2026-10-04 07:00:00,Pekanbaru,Rain,light rain,26.3,26.3,98,1014,0.16,1.0,96,10000
2026-10-04 00:05:39,2026-10-04 10:00:00,Pekanbaru,Rain,light rain,29.7,35.74,76,1014,0.59,1.0,94,10000
2026-10-04 00:05:39,2026-10-04 13:00:00,Pekanbaru,Rain,light rain,36.75,43.75,57,1011,0.42,1.0,97,10000
2026-10-04 00:05:39,2026-10-04 16:00:00,Pekanbaru,Rain,light rain,28.8,35.8,90,1009,1.01,1.0,100,8435
2026-10-04 00:05:39,2026-10-04 19:00:00,Pekanbaru,Rain,light rain,28.97,35.97,93,1011,1.07,1.0,100,5523
2026-10-04 00:05:39,2026-10-04 22:00:00,Pekanbaru,Rain,light rain,26.88,30.89,95,1014,0.94,1.0,100,10000
2026-10-04 00:05:39,2026-10-05 01:00:00,Pekanbaru,Rain,light rain,25.87,27.05,97,1012,1.3,0.84,100,10000
2026-10-04 00:05:39,2026-10-05 04:00:00,Pekanbaru,Clouds,overcast clouds,25.93,27.14,98,1011,0.83,0.0,97,10000
2026-10-04 00:05:39,2026-10-05 07:00:00,Pekanbaru,Clouds,overcast clouds,27.15,31.88,96,1013,0.1,0.0,98,10000
2026-10-04 00:05:39,2026-10-05 10:00:00,Pekanbaru,Rain,light rain,28.56,33.73,81,1014,0.37,1.0,90,10000
2026-10-04 00:05:39,2026-10-05 13:00:00,Pekanbaru,Rain,light rain,35.06,42.06,63,1011,0.64,1.0,93,8436
2026-10-04 00:05:39,2026-10-05 16:00:00,Pekanbaru,Rain,light rain,32.22,36.39,56,1009,0.54,1.0,100,10000
2026-10-04 00:05:39,2026-10-05 19:00:00,Pekanbaru,Rain,light rain,26.04,26.04,86,1010,0.7,1.0,98,10000
2026-10-04 00:05:39,2026-10-05 22:00:00,Pekanbaru,Rain,light rain,24.35,25.35,96,1013,0.47,1.0,84,10000
2026-10-04 00:05:39,2026-10-06 01:00:00,Pekanbaru,Rain,light rain,23.93,24.91,97,1011,0.72,1.0,54,10000
2026-10-04 00:05:39,2026-10-06 04:00:00,Pekanbaru,Clouds,broken clouds,23.34,24.29,98,1011,0.43,0.0,70,10000
2026-10-04 00:05:39,2026-10-06 07:00:00,Pekanbaru,Rain,light rain,24.15,25.13,96,1014,0.67,0.48,75,10000
2026-10-04 00:05:39,2026-10-06 10:00:00,Pekanbaru,Rain,light rain,29.62,34.81,73,1015,1.34,1.0,80,10000
2026-10-04 00:05:39,2026-10-06 13:00:00,Pekanbaru,Rain,light rain,30.9,36.47,67,1011,1.17,1.0,72,10000
2026-10-04 00:05:39,2026-10-06 16:00:00,Pekanbaru,Rain,light rain,32.42,36.53,55,1009,0.81,1.0,79,10000
2026-10-04 00:05:39,2026-10-06 19:00:00,Pekanbaru,Rain,light rain,25.35,26.34,92,1012,1.33,1.0,89,10000
2026-10-04 00:05:39,2026-10-06 22:00:00,Pekanbaru,Clouds,scattered clouds,24.57,25.56,95,1014,0.6,0.01,42,10000
2026-10-04 00:05:39,2026-10-07 01:00:00,Pekanbaru,Clouds,broken clouds,23.98,24.97,97,1012,0.78,0.01,67,10000
2026-10-04 00:05:39,2026-10-07 04:00:00,Pekanbaru,Clouds,broken clouds,23.41,24.37,98,1012,0.49,0.0,68,10000
2026-10-04 00:05:39,2026-10-07 07:00:00,Pekanbaru,Rain,light rain,24.06,25.05,97,1015,0.36,0.71,82,10000
2026-10-04 00:05:39,2026-10-07 10:00:00,Pekanbaru,Rain,moderate rain,28.28,33.16,82,1015,0.93,1.0,100,10000
2026-10-04 00:05:39,2026-10-07 13:00:00,Pekanbaru,Rain,light rain,31.91,37.47,62,1012,1.03,1.0,88,10000
2026-10-04 00:05:39,2026-10-07 16:00:00,Pekanbaru,Rain,light rain,31.7,36.38,60,1010,0.18,1.0,79,10000
2026-10-04 00:05:39,2026-10-07 19:00:00,Pekanbaru,Rain,light rain,26.19,26.19,85,1012,0.9,1.0,72,10000
2026-10-04 00:05:39,2026-10-07 22:00:00,Pekanbaru,Rain,light rain,24.49,25.48,95,1014,1.27,0.94,16,10000
2026-10-04 00:05:39,2026-10-08 01:00:00,Pekanbaru,Clouds,few clouds,23.9,24.88,97,1012,1.3,0.16,15,10000
2026-10-04 00:05:39,2026-10-08 04:00:00,Pekanbaru,Clouds,scattered clouds,23.24,24.2,99,1013,0.9,0.0,29,10000
2026-10-04 00:05:39,2026-10-08 07:00:00,Pekanbaru,Clouds,broken clouds,24.19,25.15,95,1015,0.77,0.02,62,10000
2026-10-04 00:05:39,2026-10-08 10:00:00,Pekanbaru,Rain,light rain,29.61,35.02,74,1015,0.69,0.94,61,10000
2026-10-04 00:05:39,2026-10-08 13:00:00,Pekanbaru,Rain,light rain,34.49,39.86,51,1011,0.56,1.0,76,10000
2026-10-04 00:05:39,2026-10-08 16:00:00,Pekanbaru,Rain,light rain,28.82,33.25,75,1009,1.38,0.74,92,10000
2026-10-04 00:05:39,2026-10-08 19:00:00,Pekanbaru,Rain,light rain,25.76,26.74,90,1011,1.82,1.0,97,10000
2026-10-04 00:05:39,2026-10-08 22:00:00,Pekanbaru,Rain,light rain,24.39,25.42,97,1013,1.5,1.0,78,10000
2026-10-04 03:05:35,2026-10-04 04:00:00,Pekanbaru,Rain,moderate rain,24.15,25.23,100,1012,0.15,1.0,94,10000
2026-10-04 03:05:35,2026-10-04 07:00:00,Pekanbaru,Rain,light rain,25.11,26.26,99,1013,0.38,1.0,92,10000
2026-10-04 03:05:35,2026-10-04 10:00:00,Pekanbaru,Rain,light rain,27.22,31.13,88,1013,1.09,1.0,91,10000
2026-10-04 03:05:35,2026-10-04 13:00:00,Pekanbaru,Rain,light rain,32.62,39.62,64,1011,0.52,1.0,94,10000
2026-10-04 03:05:35,2026-10-04 16:00:00,Pekanbaru,Rain,light rain,34.08,41.08,66,1009,1.27,0.25,100,10000
2026-10-04 03:05:35,2026-10-04 19:00:00,Pekanbaru,Rain,light rain,28.98,35.98,93,1011,1.19,1.0,100,10000
2026-10-04 03:05:35,2026-10-04 22:00:00,Pekanbaru,Rain,light rain,27.33,32.22,94,1013,0.98,0.78,100,10000
2026-10-04 03:05:35,2026-10-05 01:00:00,Pekanbaru,Rain,light rain,26.26,26.26,96,1012,1.16,1.0,100,10000
2026-10-04 03:05:35,2026-10-05 04:00:00,Pekanbaru,Clouds,overcast clouds,26.13,26.13,98,1011,0.94,0.0,97,10000
2026-10-04 03:05:35,2026-10-05 07:00:00,Pekanbaru,Clouds,overcast clouds,27.41,32.76,96,1013,0.22,0.0,99,10000
2026-10-04 03:05:35,2026-10-05 10:00:00,Pekanbaru,Rain,light rain,29.25,34.99,78,1014,0.83,1.0,97,10000
2026-10-04 03:05:35,2026-10-05 13:00:00,Pekanbaru,Rain,light rain,31.21,37.55,68,1011,0.37,1.0,89,10000
2026-10-04 03:05:35,2026-10-05 16:00:00,Pekanbaru,Rain,light rain,35.64,42.64,56,1009,0.53,0.66,90,10000
2026-10-04 03:05:35,2026-10-05 19:00:00,Pekanbaru,Rain,light rain,28.8,35.8,91,1011,0.54,1.0,85,10000
2026-10-04 03:05:35,2026-10-05 22:00:00,Pekanbaru,Rain,light rain,24.56,25.53,94,1013,0.98,0.98,65,10000
2026-10-04 03:05:35,2026-10-06 01:00:00,Pekanbaru,Rain,light rain,23.73,24.69,97,1012,0.93,1.0,67,10000
2026-10-04 03:05:35,2026-10-06 04:00:00,Pekanbaru,Clouds,broken clouds,23.23,24.17,98,1011,0.45,0.0,65,10000
2026-10-04 03:05:35,2026-10-06 07:00:00,Pekanbaru,Clouds,broken clouds,24.24,25.23,96,1014,0.65,0.0,75,10000
2026-10-04 03:05:35,2026-10-06 10:00:00,Pekanbaru,Rain,light rain,29.21,34.65,77,1015,1.13,1.0,56,9232
2026-10-04 03:05:35,2026-10-06 13:00:00,Pekanbaru,Rain,light rain,31.46,36.98,64,1011,1.45,1.0,53,10000
2026-10-04 03:05:35,2026-10-06 16:00:00,Pekanbaru,Rain,light rain,32.55,36.81,55,1009,0.73,1.0,68,10000
2026-10-04 03:05:35,2026-10-06 19:00:00,Pekanbaru,Rain,light rain,25.85,26.79,88,1012,1.62,0.98,72,10000
2026-10-04 03:05:35,2026-10-06 22:00:00,Pekanbaru,Rain,light rain,24.6,25.57,94,1014,1.26,0.33,43,10000
2026-10-04 03:05:35,2026-10-07 01:00:00,Pekanbaru,Clouds,broken clouds,24.03,25.0,96,1013,0.91,0.0,61,10000
2026-10-04 03:05:35,2026-10-07 04:00:00,Pekanbaru,Rain,light rain,23.45,24.41,98,1012,0.95,0.38,91,10000
2026-10-04 03:05:35,2026-10-07 07:00:00,Pekanbaru,Rain,light rain,24.16,25.14,96,1015,0.58,0.79,71,10000
2026-10-04 03:05:35,2026-10-07 10:00:00,Pekanbaru,Rain,moderate rain,28.07,32.76,83,1015,0.94,1.0,59,8443
2026-10-04 03:05:35,2026-10-07 13:00:00,Pekanbaru,Rain,light rain,31.75,37.39,63,1013,0.9,1.0,79,10000
2026-10-04 03:05:35,2026-10-07 16:00:00,Pekanbaru,Rain,light rain,31.18,35.76,62,1010,1.55,0.78,100,10000
2026-10-04 03:05:35,2026-10-07 19:00:00,Pekanbaru,Rain,light rain,26.43,26.43,82,1012,1.0,0.69,69,10000
2026-10-04 03:05:35,2026-10-07 22:00:00,Pekanbaru,Clouds,few clouds,25.03,25.94,90,1014,0.89,0.0,19,10000
2026-10-04 03:05:35,2026-10-08 01:00:00,Pekanbaru,Rain,light rain,24.11,25.06,95,1012,1.43,0.2,43,10000
2026-10-04 03:05:35,2026-10-08 04:00:00,Pekanbaru,Clouds,scattered clouds,23.34,24.31,99,1012,0.38,0.0,39,10000
2026-10-04 03:05:35,2026-10-08 07:00:00,Pekanbaru,Clouds,broken clouds,24.66,25.56,91,1014,0.71,0.15,54,10000
2026-10-04 03:05:35,2026-10-08 10:00:00,Pekanbaru,Rain,light rain,28.74,33.83,79,1015,1.18,1.0,87,10000
2026-10-04 03:05:35,2026-10-08 13:00:00,Pekanbaru,Rain,light rain,30.87,36.12,66,1011,1.55,1.0,93,10000
2026-10-04 03:05:35,2026-10-08 16:00:00,Pekanbaru,Rain,light rain,31.11,35.6,62,1009,0.8,0.93,98,10000
2026-10-04 03:05:35,2026-10-08 19:00:00,Pekanbaru,Rain,light rain,24.57,25.56,95,1011,1.4,1.0,99,3443
2026-10-04 03:05:35,2026-10-08 22:00:00,Pekanbaru,Rain,light rain,24.07,25.09,98,1013,1.34,0.51,70,10000
2026-10-04 03:05:35,2026-10-09 01:00:00,Pekanbaru,Rain,light rain,23.66,24.64,98,1012,1.65,0.58,57,10000
2026-10-04 06:05:38,2026-10-04 07:00:00,Pekanbaru,Rain,light rain,24.15,25.23,100,1013,0.38,1.0,88,10000
2026-10-04 06:05:38,2026-10-04 10:00:00,Pekanbaru,Rain,light rain,25.63,26.73,95,1013,1.09,1.0,88,10000
2026-10-04 06:05:38,2026-10-04 13:00:00,Pekanbaru,Rain,light rain,29.8,36.01,76,1012,0.52,1.0,92,10000
2026-10-04 06:05:38,2026-10-04 16:00:00,Pekanbaru,Rain,light rain,34.08,41.08,66,1009,1.27,0.25,100,10000
2026-10-04 06:05:38,2026-10-04 19:00:00,Pekanbaru,Rain,light rain,28.98,35.98,93,1011,1.19,1.0,100,10000
2026-10-04 06:05:38,2026-10-04 22:00:00,Pekanbaru,Rain,light rain,27.33,32.22,94,1013,0.98,0.78,100,10000
2026-10-04 06:05:38,2026-10-05 01:00:00,Pekanbaru,Rain,light rain,26.26,26.26,96,1012,1.16,1.0,100,10000
2026-10-04 06:05:38,2026-10-05 04:00:00,Pekanbaru,Clouds,overcast clouds,26.13,26.13,98,1011,0.94,0.0,97,10000
2026-10-04 06:05:38,2026-10-05 07:00:00,Pekanbaru,Clouds,overcast clouds,27.41,32.76,96,1013,0.22,0.0,99,10000
2026-10-04 06:05:38,2026-10-05 10:00:00,Pekanbaru,Rain,light rain,29.25,34.99,78,1014,0.83,1.0,97,10000
2026-10-04 06:05:38,2026-10-05 13:00:00,Pekanbaru,Rain,light rain,31.21,37.55,68,1011,0.37,1.0,89,10000
2026-10-04 06:05:38,2026-10-05 16:00:00,Pekanbaru,Rain,light rain,35.64,42.64,56,1009,0.53,0.66,90,10000
2026-10-04 06:05:38,2026-10-05 19:00:00,Pekanbaru,Rain,light rain,28.8,35.8,91,1011,0.54,1.0,85,10000
2026-10-04 06:05:38,2026-10-05 22:00:00,Pekanbaru,Rain,light rain,24.56,25.53,94,1013,0.98,0.98,65,10000
2026-10-04 06:05:38,2026-10-06 01:00:00,Pekanbaru,Rain,light rain,23.73,24.69,97,1012,0.93,1.0,67,10000
2026-10-04 06:05:38,2026-10-06 04:00:00,Pekanbaru,Clouds,broken clouds,23.23,24.17,98,1011,0.45,0.0,65,10000
2026-10-04 06:05:38,2026-10-06 07:00:00,Pekanbaru,Clouds,broken clouds,24.24,25.23,96,1014,0.65,0.0,75,10000
2026-10-04 06:05:38,2026-10-06 10:00:00,Pekanbaru,Rain,light rain,29.21,34.65,77,1015,1.13,1.0,56,9232
2026-10-04 06:05:38,2026-10-06 13:00:00,Pekanbaru,Rain,light rain,31.46,36.98,64,1011,1.45,1.0,53,10000
2026-10-04 06:05:38,2026-10-06 16:00:00,Pekanbaru,Rain,light rain,32.55,36.81,55,1009,0.73,1.0,68,10000
2026-10-04 06:05:38,2026-10-06 19:00:00,Pekanbaru,Rain,light rain,25.85,26.79,88,1012,1.62,0.98,72,10000
2026-10-04 06:05:38,2026-10-06 22:00:00,Pekanbaru,Rain,light rain,24.6,25.57,94,1014,1.26,0.33,43,10000
2026-10-04 06:05:38,2026-10-07 01:00:00,Pekanbaru,Clouds,broken clouds,24.03,25.0,96,1013,0.91,0.0,61,10000
2026-10-04 06:05:38,2026-10-07 04:00:00,Pekanbaru,Rain,light rain,23.45,24.41,98,1012,0.95,0.38,91,10000
2026-10-04 06:05:38,2026-10-07 07:00:00,Pekanbaru,Rain,light rain,24.16,25.14,96,1015,0.58,0.79,71,10000
2026-10-04 06:05:38,2026-10-07 10:00:00,Pekanbaru,Rain,moderate rain,28.07,32.76,83,1015,0.94,1.0,59,8443
2026-10-04 06:05:38,2026-10-07 13:00:00,Pekanbaru,Rain,light rain,31.75,37.39,63,1013,0.9,1.0,79,10000
2026-10-04 06:05:38,2026-10-07 16:00:00,Pekanbaru,Rain,light rain,31.18,35.76,62,1010,1.55,0.78,100,10000
2026-10-04 06:05:38,2026-10-07 19:00:00,Pekanbaru,Rain,light rain,26.43,26.43,82,1012,1.0,0.69,69,10000
2026-10-04 06:05:38,2026-10-07 22:00:00,Pekanbaru,Clouds,few clouds,25.03,25.94,90,1014,0.89,0.0,19,10000
2026-10-04 06:05:38,2026-10-08 01:00:00,Pekanbaru,Rain,light rain,24.11,25.06,95,1012,1.43,0.2,43,10000
2026-10-04 06:05:38,2026-10-08 04:00:00,Pekanbaru,Clouds,scattered clouds,23.34,24.31,99,1012,0.38,0.0,39,10000
2026-10-04 06:05:38,2026-10-08 07:00:00,Pekanbaru,Clouds,broken clouds,24.66,25.56,91,1014,0.71,0.15,54,10000
2026-10-04 06:05:38,2026-10-08 10:00:00,Pekanbaru,Rain,light rain,28.74,33.83,79,1015,1.18,1.0,87,10000
2026-10-04 06:05:38,2026-10-08 13:00:00,Pekanbaru,Rain,light rain,30.87,36.12,66,1011,1.55,1.0,93,10000
2026-10-04 06:05:38,2026-10-08 16:00:00,Pekanbaru,Rain,light rain,31.11,35.6,62,1009,0.8,0.93,98,10000
2026-10-04 06:05:38,2026-10-08 19:00:00,Pekanbaru,Rain,light rain,24.57,25.56,95,1011,1.4,1.0,99,3443
2026-10-04 06:05:38,2026-10-08 22:00:00,Pekanbaru,Rain,light rain,24.07,25.09,98,1013,1.34,0.51,70,10000
2026-10-04 06:05:38,2026-10-09 01:00:00,Pekanbaru,Rain,light rain,23.66,24.64,98,1012,1.65,0.58,57,10000
2026-10-04 06:05:38,2026-10-09 04:00:00,Pekanbaru,Rain,light rain,22.39,23.24,98,1011,1.68,0.8,59,10000
2026-10-04 09:05:34,2026-10-04 10:00:00,Pekanbaru,Rain,moderate rain,26.15,26.15,94,1014,1.19,1.0,86,10000
2026-10-04 09:05:34,2026-10-04 13:00:00,Pekanbaru,Rain,light rain,27.74,32.62,88,1013,0.12,1.0,88,10000
2026-10-04 09:05:34,2026-10-04 16:00:00,Pekanbaru,Rain,light rain,31.71,38.71,69,1011,0.82,0.49,95,10000
2026-10-04 09:05:34,2026-10-04 19:00:00,Pekanbaru,Rain,light rain,28.07,33.97,90,1011,0.72,1.0,100,10000
2026-10-04 09:05:34,2026-10-04 22:00:00,Pekanbaru,Rain,light rain,25.06,26.08,94,1013,0.41,0.91,100,10000
2026-10-04 09:05:34,2026-10-05 01:00:00,Pekanbaru,Rain,light rain,26.43,26.43,96,1012,1.03,0.81,100,10000
2026-10-04 09:05:34,2026-10-05 04:00:00,Pekanbaru,Rain,light rain,26.46,26.46,98,1011,0.91,0.21,100,10000
2026-10-04 09:05:34,2026-10-05 07:00:00,Pekanbaru,Rain,light rain,27.66,33.47,95,1013,0.11,0.3,100,10000
2026-10-04 09:05:34,2026-10-05 10:00:00,Pekanbaru,Rain,light rain,29.82,35.32,73,1014,0.45,1.0,84,10000
2026-10-04 09:05:34,2026-10-05 13:00:00,Pekanbaru,Rain,light rain,32.74,39.74,65,1011,0.6,1.0,80,10000
2026-10-04 09:05:34,2026-10-05 16:00:00,Pekanbaru,Rain,light rain,32.55,39.55,74,1009,0.3,1.0,55,10000
2026-10-04 09:05:34,2026-10-05 19:00:00,Pekanbaru,Rain,light rain,27.61,32.83,92,1011,1.16,1.0,61,10000
2026-10-04 09:05:34,2026-10-05 22:00:00,Pekanbaru,Clouds,broken clouds,24.82,25.81,94,1013,0.81,0.0,67,10000
2026-10-04 09:05:34,2026-10-06 01:00:00,Pekanbaru,Clouds,broken clouds,26.13,26.13,96,1012,0.52,0.0,83,10000
2026-10-04 09:05:34,2026-10-06 04:00:00,Pekanbaru,Clouds,overcast clouds,23.34,24.29,98,1011,0.53,0.11,89,10000
2026-10-04 09:05:34,2026-10-06 07:00:00,Pekanbaru,Clouds,broken clouds,24.3,25.24,94,1014,0.85,0.0,70,10000
2026-10-04 09:05:34,2026-10-06 10:00:00,Pekanbaru,Rain,light rain,28.59,33.62,80,1015,1.24,1.0,34,3698
2026-10-04 09:05:34,2026-10-06 13:00:00,Pekanbaru,Rain,light rain,32.58,38.13,59,1011,0.94,1.0,41,10000
2026-10-04 09:05:34,2026-10-06 16:00:00,Pekanbaru,Rain,light rain,31.72,36.14,59,1009,1.27,1.0,67,10000
2026-10-04 09:05:34,2026-10-06 19:00:00,Pekanbaru,Rain,light rain,26.33,26.33,84,1012,1.41,1.0,55,10000
2026-10-04 09:05:34,2026-10-06 22:00:00,Pekanbaru,Rain,light rain,24.67,25.62,93,1014,0.73,0.29,65,10000
2026-10-04 09:05:34,2026-10-07 01:00:00,Pekanbaru,Rain,light rain,24.01,24.97,96,1013,1.09,0.4,77,10000
2026-10-04 09:05:34,2026-10-07 04:00:00,Pekanbaru,Rain,light rain,23.35,24.3,98,1012,0.72,0.25,82,10000
2026-10-04 09:05:34,2026-10-07 07:00:00,Pekanbaru,Rain,light rain,24.02,25.01,97,1015,0.64,0.86,89,10000
2026-10-04 09:05:34,2026-10-07 10:00:00,Pekanbaru,Rain,moderate rain,28.5,33.57,81,1016,0.57,1.0,83,10000
2026-10-04 09:05:34,2026-10-07 13:00:00,Pekanbaru,Rain,light rain,32.86,37.82,56,1013,1.15,1.0,90,10000
2026-10-04 09:05:34,2026-10-07 16:00:00,Pekanbaru,Rain,light rain,31.42,35.76,60,1010,1.32,0.2,97,10000
2026-10-04 09:05:34,2026-10-07 19:00:00,Pekanbaru,Clouds,overcast clouds,27.12,29.71,77,1012,0.45,0.23,98,10000
2026-10-04 09:05:34,2026-10-07 22:00:00,Pekanbaru,Rain,light rain,24.71,25.66,93,1014,1.38,0.84,100,10000
2026-10-04 09:05:34,2026-10-08 01:00:00,Pekanbaru,Clouds,broken clouds,23.96,24.92,96,1012,0.48,0.44,65,10000
2026-10-04 09:05:34,2026-10-08 04:00:00,Pekanbaru,Rain,light rain,23.44,24.4,98,1012,0.9,0.2,53,10000
2026-10-04 09:05:34,2026-10-08 07:00:00,Pekanbaru,Rain,light rain,24.4,25.35,94,1014,0.55,0.24,49,10000
2026-10-04 09:05:34,2026-10-08 10:00:00,Pekanbaru,Rain,light rain,29.78,35.7,75,1014,0.54,1.0,32,10000
2026-10-04 09:05:34,2026-10-08 13:00:00,Pekanbaru,Rain,light rain,34.85,40.32,50,1011,0.08,1.0,55,10000
2026-10-04 09:05:34,2026-10-08 16:00:00,Pekanbaru,Rain,light rain,29.48,33.81,70,1008,1.82,0.34,91,10000
2026-10-04 09:05:34,2026-10-08 19:00:00,Pekanbaru,Rain,light rain,25.69,26.69,91,1010,1.52,1.0,92,10000
2026-10-04 09:05:34,2026-10-08 22:00:00,Pekanbaru,Rain,light rain,24.2,25.18,96,1013,1.45,0.87,52,8093
2026-10-04 09:05:34,2026-10-09 01:00:00,Pekanbaru,Rain,light rain,23.65,24.63,98,1012,1.35,0.77,46,10000
2026-10-04 09:05:34,2026-10-09 04:00:00,Pekanbaru,Rain,light rain,22.81,23.73,99,1011,1.43,1.0,61,10000
2026-10-04 09:05:34,2026-10-09 07:00:00,Pekanbaru,Rain,light rain,23.34,24.29,98,1012,0.7,1.0,81,10000
2026-10-04 12:05:35,2026-10-04 13:00:00,Pekanbaru,Rain,light rain,29.15,34.94,79,1012,0.12,1.0,93,10000
2026-10-04 12:05:35,2026-10-04 16:00:00,Pekanbaru,Rain,light rain,30.86,37.86,73,1011,0.82,0.49,95,10000
2026-10-04 12:05:35,2026-10-04 19:00:00,Pekanbaru,Rain,light rain,28.43,34.53,87,1011,0.72,1.0,98,10000
2026-10-04 12:05:35,2026-10-04 22:00:00,Pekanbaru,Rain,light rain,25.06,26.08,94,1013,0.41,0.91,100,10000
2026-10-04 12:05:35,2026-10-05 01:00:00,Pekanbaru,Rain,light rain,26.43,26.43,96,1012,1.03,0.81,100,10000
2026-10-04 12:05:35,2026-10-05 04:00:00,Pekanbaru,Rain,light rain,26.46,26.46,98,1011,0.91,0.21,100,10000
2026-10-04 12:05:35,2026-10-05 07:00:00,Pekanbaru,Rain,light rain,27.66,33.47,95,1013,0.11,0.3,100,10000
2026-10-04 12:05:35,2026-10-05 10:00:00,Pekanbaru,Rain,light rain,29.82,35.32,73,1014,0.45,1.0,84,10000
2026-10-04 12:05:35,2026-10-05 13:00:00,Pekanbaru,Rain,light rain,32.74,39.74,65,1011,0.6,1.0,80,10000
2026-10-04 12:05:35,2026-10-05 16:00:00,Pekanbaru,Rain,light rain,32.55,39.55,74,1009,0.3,1.0,55,10000
2026-10-04 12:05:35,2026-10-05 19:00:00,Pekanbaru,Rain,light rain,27.61,32.83,92,1011,1.16,1.0,61,10000
2026-10-04 12:05:35,2026-10-05 22:00:00,Pekanbaru,Clouds,broken clouds,24.82,25.81,94,1013,0.81,0.0,67,10000
2026-10-04 12:05:35,2026-10-06 01:00:00,Pekanbaru,Clouds,broken clouds,26.13,26.13,96,1012,0.52,0.0,83,10000
2026-10-04 12:05:35,2026-10-06 04:00:00,Pekanbaru,Clouds,overcast clouds,23.34,24.29,98,1011,0.53,0.11,89,10000
2026-10-04 12:05:35,2026-10-06 07:00:00,Pekanbaru,Clouds,broken clouds,24.3,25.24,94,1014,0.85,0.0,70,10000
2026-10-04 12:05:35,2026-10-06 10:00:00,Pekanbaru,Rain,light rain,28.59,33.62,80,1015,1.24,1.0,34,3698
2026-10-04 12:05:35,2026-10-06 13:00:00,Pekanbaru,Rain,light rain,32.58,38.13,59,1011,0.94,1.0,41,10000
2026-10-04 12:05:35,2026-10-06 16:00:00,Pekanbaru,Rain,light rain,31.72,36.14,59,1009,1.27,1.0,67,10000
2026-10-04 12:05:35,2026-10-06 19:00:00,Pekanbaru,Rain,light rain,26.33,26.33,84,1012,1.41,1.0,55,10000
2026-10-04 12:05:35,2026-10-06 22:00:00,Pekanbaru,Rain,light rain,24.67,25.62,93,1014,0.73,0.29,65,10000
2026-10-04 12:05:35,2026-10-07 01:00:00,Pekanbaru,Rain,light rain,24.01,24.97,96,1013,1.09,0.4,77,10000
2026-10-04 12:05:35,2026-10-07 04:00:00,Pekanbaru,Rain,light rain,23.35,24.3,98,1012,0.72,0.25,82,10000
2026-10-04 12:05:35,2026-10-07 07:00:00,Pekanbaru,Rain,light rain,24.02,25.01,97,1015,0.64,0.86,89,10000
2026-10-04 12:05:35,2026-10-07 10:00:00,Pekanbaru,Rain,moderate rain,28.5,33.57,81,1016,0.57,1.0,83,10000
2026-10-04 12:05:35,2026-10-07 13:00:00,Pekanbaru,Rain,light rain,32.86,37.82,56,1013,1.15,1.0,90,10000
2026-10-04 12:05:35,2026-10-07 16:00:00,Pekanbaru,Rain,light rain,31.42,35.76,60,1010,1.32,0.2,97,10000
2026-10-04 12:05:35,2026-10-07 19:00:00,Pekanbaru,Clouds,overcast clouds,27.12,29.71,77,1012,0.45,0.23,98,10000
2026-10-04 12:05:35,2026-10-07 22:00:00,Pekanbaru,Rain,light rain,24.71,25.66,93,1014,1.38,0.84,100,10000
2026-10-04 12:05:35,2026-10-08 01:00:00,Pekanbaru,Clouds,broken clouds,23.96,24.92,96,1012,0.48,0.44,65,10000
2026-10-04 12:05:35,2026-10-08 04:00:00,Pekanbaru,Rain,light rain,23.44,24.4,98,1012,0.9,0.2,53,10000
2026-10-04 12:05:35,2026-10-08 07:00:00,Pekanbaru,Rain,light rain,24.4,25.35,94,1014,0.55,0.24,49,10000
2026-10-04 12:05:35,2026-10-08 10:00:00,Pekanbaru,Rain,light rain,29.78,35.7,75,1014,0.54,1.0,32,10000
2026-10-04 12:05:35,2026-10-08 13:00:00,Pekanbaru,Rain,light rain,34.85,40.32,50,1011,0.08,1.0,55,10000
2026-10-04 12:05:35,2026-10-08 16:00:00,Pekanbaru,Rain,light rain,29.48,33.81,70,1008,1.82,0.34,91,10000
2026-10-04 12:05:35,2026-10-08 19:00:00,Pekanbaru,Rain,light rain,25.69,26.69,91,1010,1.52,1.0,92,10000
2026-10-04 12:05:35,2026-10-08 22:00:00,Pekanbaru,Rain,light rain,24.2,25.18,96,1013,1.45,0.87,52,8093
2026-10-04 12:05:35,2026-10-09 01:00:00,Pekanbaru,Rain,light rain,23.65,24.63,98,1012,1.35,0.77,46,10000
2026-10-04 12:05:35,2026-10-09 04:00:00,Pekanbaru,Rain,light rain,22.81,23.73,99,1011,1.43,1.0,61,10000
2026-10-04 12:05:35,2026-10-09 07:00:00,Pekanbaru,Rain,light rain,23.34,24.29,98,1012,0.7,1.0,81,10000
2026-10-04 12:05:35,2026-10-09 10:00:00,Pekanbaru,Clouds,overcast clouds,25.25,26.21,91,1013,1.19,0.0,100,10000
2026-10-04 15:05:40,2026-10-04 16:00:00,Pekanbaru,Rain,light rain,30.15,36.44,74,1009,1.34,0.93,100,10000
2026-10-04 15:05:40,2026-10-04 19:00:00,Pekanbaru,Rain,light rain,28.64,33.56,79,1010,0.77,1.0,100,10000
2026-10-04 15:05:40,2026-10-04 22:00:00,Pekanbaru,Rain,light rain,26.54,26.54,88,1012,0.5,0.25,100,10000
2026-10-04 15:05:40,2026-10-05 01:00:00,Pekanbaru,Rain,light rain,23.98,24.97,97,1012,0.96,1.0,99,10000
2026-10-04 15:05:40,2026-10-05 04:00:00,Pekanbaru,Clouds,overcast clouds,23.61,24.59,98,1011,0.61,0.06,100,10000
2026-10-04 15:05:40,2026-10-05 07:00:00,Pekanbaru,Clouds,overcast clouds,24.4,25.4,96,1013,0.15,0.06,100,10000
2026-10-04 15:05:40,2026-10-05 10:00:00,Pekanbaru,Rain,light rain,30.13,35.61,71,1014,0.85,1.0,79,10000
2026-10-04 15:05:40,2026-10-05 13:00:00,Pekanbaru,Rain,light rain,31.4,36.84,64,1011,1.72,1.0,80,8912
2026-10-04 15:05:40,2026-10-05 16:00:00,Pekanbaru,Rain,light rain,31.34,36.4,63,1009,0.98,1.0,69,10000
2026-10-04 15:05:40,2026-10-05 19:00:00,Pekanbaru,Rain,light rain,25.58,26.54,90,1011,0.31,1.0,63,10000
2026-10-04 15:05:40,2026-10-05 22:00:00,Pekanbaru,Rain,light rain,24.44,25.45,96,1013,0.62,0.97,76,10000
2026-10-04 15:05:40,2026-10-06 01:00:00,Pekanbaru,Rain,light rain,23.74,24.73,98,1012,0.36,1.0,57,10000
2026-10-04 15:05:40,2026-10-06 04:00:00,Pekanbaru,Clouds,broken clouds,23.32,24.27,98,1011,0.23,0.0,55,10000
2026-10-04 15:05:40,2026-10-06 07:00:00,Pekanbaru,Rain,light rain,24.22,25.2,96,1014,0.59,0.2,41,10000
2026-10-04 15:05:40,2026-10-06 10:00:00,Pekanbaru,Rain,light rain,28.31,33.42,83,1015,1.27,1.0,26,10000
2026-10-04 15:05:40,2026-10-06 13:00:00,Pekanbaru,Rain,light rain,31.73,37.65,64,1011,0.89,1.0,34,9463
2026-10-04 15:05:40,2026-10-06 16:00:00,Pekanbaru,Rain,light rain,31.64,36.53,61,1010,0.85,0.89,51,10000
2026-10-04 15:05:40,2026-10-06 19:00:00,Pekanbaru,Clouds,broken clouds,26.93,29.41,78,1012,0.58,0.77,52,10000
2026-10-04 15:05:40,2026-10-06 22:00:00,Pekanbaru,Rain,light rain,24.86,25.83,93,1014,0.95,0.97,69,10000
2026-10-04 15:05:40,2026-10-07 01:00:00,Pekanbaru,Clouds,broken clouds,24.19,25.17,96,1013,0.79,0.82,67,10000
2026-10-04 15:05:40,2026-10-07 04:00:00,Pekanbaru,Rain,light rain,23.72,24.71,98,1012,1.07,0.26,83,10000
2026-10-04 15:05:40,2026-10-07 07:00:00,Pekanbaru,Rain,light rain,24.42,25.42,96,1015,0.46,0.49,82,10000
2026-10-04 15:05:40,2026-10-07 10:00:00,Pekanbaru,Rain,moderate rain,28.79,33.96,79,1016,1.27,1.0,58,9192
2026-10-04 15:05:40,2026-10-07 13:00:00,Pekanbaru,Rain,light rain,33.2,38.27,55,1012,0.78,1.0,59,10000
2026-10-04 15:05:40,2026-10-07 16:00:00,Pekanbaru,Rain,light rain,31.77,36.26,59,1010,0.42,0.36,75,10000
2026-10-04 15:05:40,2026-10-07 19:00:00,Pekanbaru,Clouds,overcast clouds,27.95,31.25,75,1012,0.66,0.03,86,10000
2026-10-04 15:05:40,2026-10-07 22:00:00,Pekanbaru,Rain,light rain,26.31,26.31,86,1014,1.33,0.35,93,10000
2026-10-04 15:05:40,2026-10-08 01:00:00,Pekanbaru,Clouds,overcast clouds,24.57,25.51,93,1012,1.16,0.04,88,10000
2026-10-04 15:05:40,2026-10-08 04:00:00,Pekanbaru,Rain,light rain,23.71,24.7,98,1012,0.16,0.71,83,10000
2026-10-04 15:05:40,2026-10-08 07:00:00,Pekanbaru,Rain,moderate rain,23.89,24.89,98,1014,0.38,1.0,81,10000
2026-10-04 15:05:40,2026-10-08 10:00:00,Pekanbaru,Rain,light rain,28.89,34.65,81,1014,0.53,1.0,70,10000
2026-10-04 15:05:40,2026-10-08 13:00:00,Pekanbaru,Rain,light rain,33.35,38.97,56,1011,0.7,1.0,68,10000
2026-10-04 15:05:40,2026-10-08 16:00:00,Pekanbaru,Rain,light rain,29.14,35.13,80,1009,1.08,1.0,75,8553
2026-10-04 15:05:40,2026-10-08 19:00:00,Pekanbaru,Rain,light rain,25.0,26.01,94,1011,1.36,1.0,84,10000
2026-10-04 15:05:40,2026-10-08 22:00:00,Pekanbaru,Rain,light rain,24.04,25.01,96,1013,1.42,1.0,35,10000
2026-10-04 15:05:40,2026-10-09 01:00:00,Pekanbaru,Rain,light rain,23.63,24.58,97,1012,1.35,1.0,28,10000
2026-10-04 15:05:40,2026-10-09 04:00:00,Pekanbaru,Rain,light rain,23.17,24.1,98,1011,1.82,0.5,49,10000
2026-10-04 15:05:40,2026-10-09 07:00:00,Pekanbaru,Clouds,broken clouds,23.64,24.59,97,1012,0.85,0.17,73,10000
2026-10-04 15:05:40,2026-10-09 10:00:00,Pekanbaru,Clouds,broken clouds,28.67,32.36,72,1013,2.12,0.0,77,10000
2026-10-04 15:05:40,2026-10-09 13:00:00,Pekanbaru,Clouds,broken clouds,33.02,36.92,52,1009,2.37,0.0,75,10000
2026-10-04 18:05:36,2026-10-04 19:00:00,Pekanbaru,Rain,light rain,30.15,36.44,74,1010,0.77,1.0,100,10000
2026-10-04 18:05:36,2026-10-04 22:00:00,Pekanbaru,Rain,light rain,28.43,33.2,80,1011,0.5,0.25,100,10000
2026-10-04 18:05:36,2026-10-05 01:00:00,Pekanbaru,Rain,light rain,26.04,26.04,90,1011,0.96,1.0,99,10000
2026-10-04 18:05:36,2026-10-05 04:00:00,Pekanbaru,Clouds,overcast clouds,23.61,24.59,98,1011,0.61,0.06,100,10000
2026-10-04 18:05:36,2026-10-05 07:00:00,Pekanbaru,Clouds,overcast clouds,24.4,25.4,96,1013,0.15,0.06,100,10000
2026-10-04 18:05:36,2026-10-05 10:00:00,Pekanbaru,Rain,light rain,30.13,35.61,71,1014,0.85,1.0,79,10000
2026-10-04 18:05:36,2026-10-05 13:00:00,Pekanbaru,Rain,light rain,31.4,36.84,64,1011,1.72,1.0,80,8912
2026-10-04 18:05:36,2026-10-05 16:00:00,Pekanbaru,Rain,light rain,31.34,36.4,63,1009,0.98,1.0,69,10000
2026-10-04 18:05:36,2026-10-05 19:00:00,Pekanbaru,Rain,light rain,25.58,26.54,90,1011,0.31,1.0,63,10000
2026-10-04 18:05:36,2026-10-05 22:00:00,Pekanbaru,Rain,light rain,24.44,25.45,96,1013,0.62,0.97,76,10000
2026-10-04 18:05:36,2026-10-06 01:00:00,Pekanbaru,Rain,light rain,23.74,24.73,98,1012,0.36,1.0,57,10000
2026-10-04 18:05:36,2026-10-06 04:00:00,Pekanbaru,Clouds,broken clouds,23.32,24.27,98,1011,0.23,0.0,55,10000
2026-10-04 18:05:36,2026-10-06 07:00:00,Pekanbaru,Rain,light rain,24.22,25.2,96,1014,0.59,0.2,41,10000
2026-10-04 18:05:36,2026-10-06 10:00:00,Pekanbaru,Rain,light rain,28.31,33.42,83,1015,1.27,1.0,26,10000
2026-10-04 18:05:36,2026-10-06 13:00:00,Pekanbaru,Rain,light rain,31.73,37.65,64,1011,0.89,1.0,34,9463
2026-10-04 18:05:36,2026-10-06 16:00:00,Pekanbaru,Rain,light rain,31.64,36.53,61,1010,0.85,0.89,51,10000
2026-10-04 18:05:36,2026-10-06 19:00:00,Pekanbaru,Clouds,broken clouds,26.93,29.41,78,1012,0.58,0.77,52,10000
2026-10-04 18:05:36,2026-10-06 22:00:00,Pekanbaru,Rain,light rain,24.86,25.83,93,1014,0.95,0.97,69,10000
2026-10-04 18:05:36,2026-10-07 01:00:00,Pekanbaru,Clouds,broken clouds,24.19,25.17,96,1013,0.79,0.82,67,10000
2026-10-04 18:05:36,2026-10-07 04:00:00,Pekanbaru,Rain,light rain,23.72,24.71,98,1012,1.07,0.26,83,10000
2026-10-04 18:05:36,2026-10-07 07:00:00,Pekanbaru,Rain,light rain,24.42,25.42,96,1015,0.46,0.49,82,10000
2026-10-04 18:05:36,2026-10-07 10:00:00,Pekanbaru,Rain,moderate rain,28.79,33.96,79,1016,1.27,1.0,58,9192
2026-10-04 18:05:36,2026-10-07 13:00:00,Pekanbaru,Rain,light rain,33.2,38.27,55,1012,0.78,1.0,59,10000
2026-10-04 18:05:36,2026-10-07 16:00:00,Pekanbaru,Rain,light rain,31.77,36.26,59,1010,0.42,0.36,75,10000
2026-10-04 18:05:36,2026-10-07 19:00:00,Pekanbaru,Clouds,overcast clouds,27.95,31.25,75,1012,0.66,0.03,86,10000
2026-10-04 18:05:36,2026-10-07 22:00:00,Pekanbaru,Rain,light rain,26.31,26.31,86,1014,1.33,0.35,93,10000
2026-10-04 18:05:36,2026-10-08 01:00:00,Pekanbaru,Clouds,overcast clouds,24.57,25.51,93,1012,1.16,0.04,88,10000
2026-10-04 18:05:36,2026-10-08 04:00:00,Pekanbaru,Rain,light rain,23.71,24.7,98,1012,0.16,0.71,83,10000
2026-10-04 18:05:36,2026-10-08 07:00:00,Pekanbaru,Rain,moderate rain,23.89,24.89,98,1014,0.38,1.0,81,10000
2026-10-04 18:05:36,2026-10-08 10:00:00,Pekanbaru,Rain,light rain,28.89,34.65,81,1014,0.53,1.0,70,10000
2026-10-04 18:05:36,2026-10-08 13:00:00,Pekanbaru,Rain,light rain,33.35,38.97,56,1011,0.7,1.0,68,10000
2026-10-04 18:05:36,2026-10-08 16:00:00,Pekanbaru,Rain,light rain,29.14,35.13,80,1009,1.08,1.0,75,8553
2026-10-04 18:05:36,2026-10-08 19:00:00,Pekanbaru,Rain,light rain,25.0,26.01,94,1011,1.36,1.0,84,10000
2026-10-04 18:05:36,2026-10-08 22:00:00,Pekanbaru,Rain,light rain,24.04,25.01,96,1013,1.42,1.0,35,10000
2026-10-04 18:05:36,2026-10-09 01:00:00,Pekanbaru,Rain,light rain,23.63,24.58,97,1012,1.35,1.0,28,10000
2026-10-04 18:05:36,2026-10-09 04:00:00,Pekanbaru,Rain,light rain,23.17,24.1,98,1011,1.82,0.5,49,10000
2026-10-04 18:05:36,2026-10-09 07:00:00,Pekanbaru,Clouds,broken clouds,23.64,24.59,97,1012,0.85,0.17,73,10000
2026-10-04 18:05:36,2026-10-09 10:00:00,Pekanbaru,Clouds,broken clouds,28.67,32.36,72,1013,2.12,0.0,77,10000
2026-10-04 18:05:36,2026-10-09 13:00:00,Pekanbaru,Clouds,broken clouds,33.02,36.92,52,1009,2.37,0.0,75,10000
2026-10-04 18:05:36,2026-10-09 16:00:00,Pekanbaru,Clouds,overcast clouds,32.28,36.23,55,1007,2.37,0.01,98,10000
