Timestamp_WIB,Callsign,Flight_Number,Flight_ID,Airline_Name,Airline_ICAO,Airline_IATA,Aircraft_Model,Aircraft_Type,Registration_Number,Aircraft_Image_URL,Origin_IATA,Origin_ICAO,Origin_Airport_Name,Origin_City,Destination_IATA,Destination_ICAO,Destination_Airport_Name,Destination_City,Latitude,Longitude,Heading_Deg,Squawk_Code,Altitude_Meters,Altitude_Feet,Ground_Speed_KMH,Ground_Speed_Knots,Vertical_Speed_MS,Vertical_Speed_FPM,Flight_Phase,Is_Ground,Status_Text,Scheduled_Departure,Actual_Departure,Estimated_Arrival,Source
2026-09-24 15:48:00,SIA135,SQ135,41cf1fe8,Singapore Airlines,SIA,N/A,B38M,N/A,9V-MBF,N/A,PEN,N/A,N/A,N/A,SIN,N/A,N/A,N/A,1.1035,103.1197,112,N/A,6766.6,22200,726.0,392,-5.2,-1024,Descending (Landing/Approach),0,N/A,N/A,N/A,N/A,FlightRadar24
2026-09-24 15:48:00,P4BVM,N/A,41cf1c12,Other Airline,N/A,N/A,GLEX,N/A,P4-BVM,N/A,XSP,N/A,N/A,N/A,N/A,N/A,N/A,N/A,1.8717,103.2373,295,N/A,6659.9,21850,751.9,406,5.53,1088,Climbing (Takeoff),0,N/A,N/A,N/A,N/A,FlightRadar24
2026-09-24 15:48:00,MXD177,OD177,41cf32d3,Batik Air Malaysia (Malindo),BTK,N/A,A333,N/A,9M-LFH,N/A,KUL,N/A,N/A,N/A,DPS,N/A,N/A,N/A,1.1527,103.332,123,N/A,10782.3,35375,803.8,434,1.95,384,Climbing (Takeoff),0,N/A,N/A,N/A,N/A,FlightRadar24
2026-09-24 15:48:00,SIA736,SQ736,41cf31d7,Singapore Airlines,SIA,N/A,B38M,N/A,9V-MBA,N/A,SIN,N/A,N/A,N/A,HKT,N/A,N/A,N/A,1.0962,103.538,294,N/A,3398.5,11150,657.5,355,9.75,1920,Climbing (Takeoff),0,N/A,N/A,N/A,N/A,FlightRadar24
2026-09-24 15:48:00,SIA525,SQ525,41cec22b,Singapore Airlines,SIA,N/A,A359,N/A,9V-SHP,N/A,MAA,N/A,N/A,N/A,SIN,N/A,N/A,N/A,0.9473,103.5658,76,N/A,6057.9,19875,703.8,380,-15.61,-3072,Descending (Landing/Approach),0,N/A,N/A,N/A,N/A,FlightRadar24
2026-09-24 15:48:00,MXD2405,OD2405,41cf322a,Batik Air Malaysia (Malindo),BTK,N/A,B738,N/A,9M-LDP,N/A,KUL,N/A,N/A,N/A,JHB,N/A,N/A,N/A,1.685,103.6534,159,N/A,243.8,800,275.9,149,-3.58,-704,Descending (Landing/Approach),0,N/A,N/A,N/A,N/A,FlightRadar24
2026-09-24 15:48:00,SIA122,SQ122,41cf3c71,Singapore Airlines,SIA,N/A,A359,N/A,9V-SHT,N/A,SIN,N/A,N/A,N/A,KUL,N/A,N/A,N/A,1.0372,103.7345,279,N/A,2484.1,8150,529.7,286,3.25,640,Climbing (Takeoff),0,N/A,N/A,N/A,N/A,FlightRadar24
2026-09-24 15:48:00,VJT294,VJT294,41cd490d,Other Airline,VJT,N/A,GL7T,N/A,9H-VIC,N/A,MLA,N/A,N/A,N/A,XSP,N/A,N/A,N/A,1.4071,103.8636,348,N/A,0.0,0,1.9,1,0.0,0,On Taxiway/Runway,1,N/A,N/A,N/A,N/A,FlightRadar24
2026-09-24 15:48:00,FFM3131,FY3131,41cf462c,Other Airline,FFM,N/A,AT75,N/A,9M-FYD,N/A,XSP,N/A,N/A,N/A,SZB,N/A,N/A,N/A,1.4229,103.8704,123,N/A,0.0,0,0.0,0,0.0,0,On Taxiway/Runway,1,N/A,N/A,N/A,N/A,FlightRadar24
2026-09-24 15:48:00,VHOFA,N/A,41ceead4,Private / Business Jet / General Aviation,GDY,N/A,CL60,N/A,VH-OFA,N/A,LOP,N/A,N/A,N/A,XSP,N/A,N/A,N/A,1.4202,103.8717,213,N/A,0.0,0,27.8,15,0.0,0,On Taxiway/Runway,1,N/A,N/A,N/A,N/A,FlightRadar24
2026-09-24 15:48:00,N/A,N/A,41ceec8d,Unknown,QFA,N/A,A333,N/A,VH-QPB,N/A,QPG,N/A,N/A,N/A,N/A,N/A,N/A,N/A,1.3504,103.8963,98,N/A,0.0,0,1.9,1,0.0,0,On Taxiway/Runway,1,N/A,N/A,N/A,N/A,FlightRadar24
2026-09-24 15:48:00,AXM1725,AK1725,41cf1c6d,AirAsia (Malaysia),AXM,N/A,A320,N/A,9M-AGT,N/A,PEN,N/A,N/A,N/A,SIN,N/A,N/A,N/A,1.0015,103.9008,85,N/A,4335.8,14225,672.3,363,-10.4,-2048,Descending (Landing/Approach),0,N/A,N/A,N/A,N/A,FlightRadar24
2026-09-24 15:48:00,T79999,N/A,41cee795,Private / Business Jet / General Aviation,N/A,N/A,GLEX,N/A,T7-9999,N/A,VTE,N/A,N/A,N/A,N/A,N/A,N/A,N/A,1.5237,103.9368,212,N/A,662.9,2175,242.6,131,-4.88,-960,Descending (Landing/Approach),0,N/A,N/A,N/A,N/A,FlightRadar24
2026-09-24 15:48:00,SIA158,SQ158,41cf2290,Singapore Airlines,SIA,N/A,B38M,N/A,9V-MBL,N/A,SIN,N/A,N/A,N/A,KTI,N/A,N/A,N/A,1.2097,103.961,139,N/A,1325.9,4350,453.7,245,5.2,1024,Climbing (Takeoff),0,N/A,N/A,N/A,N/A,FlightRadar24
2026-09-24 15:48:00,VJC928,VJ928,41cf16cc,VietJet Air,VJC,N/A,A21N,N/A,VN-A521,N/A,CGK,N/A,N/A,N/A,HAN,N/A,N/A,N/A,0.7527,103.9716,2,N/A,9746.0,31975,850.1,459,0.0,0,Cruising,0,N/A,N/A,N/A,N/A,FlightRadar24
2026-09-24 15:48:00,MAS620,MH620,41cf4719,Malaysia Airlines,MAS,N/A,B738,N/A,9M-MXV,N/A,SIN,N/A,N/A,N/A,KUL,N/A,N/A,N/A,1.2995,103.9719,204,N/A,533.4,1750,359.3,194,5.85,1152,Climbing (Takeoff),0,N/A,N/A,N/A,N/A,FlightRadar24
2026-09-24 15:48:00,R16,N/A,41cf1dec,Other Airline,N/A,N/A,GRND,N/A,N/A,N/A,SIN,N/A,N/A,N/A,N/A,N/A,N/A,N/A,1.3484,103.9789,323,N/A,0.0,0,0.0,0,0.0,0,On Taxiway/Runway,1,N/A,N/A,N/A,N/A,FlightRadar24
2026-09-24 15:48:00,UT7,N/A,41cefcec,Other Airline,N/A,N/A,GRND,N/A,N/A,N/A,SIN,N/A,N/A,N/A,N/A,N/A,N/A,N/A,1.3625,103.981,42,N/A,0.0,0,31.5,17,0.0,0,On Taxiway/Runway,1,N/A,N/A,N/A,N/A,FlightRadar24
2026-09-24 15:48:00,ATT88,N/A,41ceee6e,Other Airline,N/A,N/A,GRND,N/A,N/A,N/A,SIN,N/A,N/A,N/A,N/A,N/A,N/A,N/A,1.3502,103.9828,163,N/A,0.0,0,0.0,0,0.0,0,On Taxiway/Runway,1,N/A,N/A,N/A,N/A,FlightRadar24
2026-09-24 15:48:00,SIA806,SQ806,41cf4ad0,Singapore Airlines,SIA,N/A,B78X,N/A,9V-SDA,N/A,SIN,N/A,N/A,N/A,PEK,N/A,N/A,N/A,1.3525,103.9833,81,N/A,0.0,0,5.6,3,0.0,0,On Taxiway/Runway,1,N/A,N/A,N/A,N/A,FlightRadar24
2026-09-24 15:48:00,ATT07,N/A,41cf1f90,Other Airline,N/A,N/A,GRND,N/A,N/A,N/A,SIN,N/A,N/A,N/A,N/A,N/A,N/A,N/A,1.3524,103.9835,326,N/A,0.0,0,5.6,3,0.0,0,On Taxiway/Runway,1,N/A,N/A,N/A,N/A,FlightRadar24
2026-09-24 15:48:00,IGO1163,6E1163,41ce91ff,IndiGo,IGO,N/A,A21N,N/A,VT-NCJ,N/A,BOM,N/A,N/A,N/A,SIN,N/A,N/A,N/A,1.3593,103.9838,22,N/A,0.0,0,33.3,18,0.0,0,On Taxiway/Runway,1,N/A,N/A,N/A,N/A,FlightRadar24
2026-09-24 15:48:00,SIA406,SQ406,41cf4b2f,Singapore Airlines,SIA,N/A,A388,N/A,9V-SKN,N/A,SIN,N/A,N/A,N/A,DEL,N/A,N/A,N/A,1.3549,103.9842,95,N/A,0.0,0,0.0,0,0.0,0,On Taxiway/Runway,1,N/A,N/A,N/A,N/A,FlightRadar24
2026-09-24 15:48:00,BKP963,PG963,41cf1085,Other Airline,BKP,N/A,A319,N/A,HS-PGZ,N/A,USM,N/A,N/A,N/A,SIN,N/A,N/A,N/A,1.3621,103.9849,22,N/A,0.0,0,38.9,21,0.0,0,On Taxiway/Runway,1,N/A,N/A,N/A,N/A,FlightRadar24
2026-09-24 15:48:00,SIA721,SQ721,41cef84c,Singapore Airlines,SIA,N/A,B78X,N/A,9V-SCK,N/A,BKK,N/A,N/A,N/A,SIN,N/A,N/A,N/A,1.3765,103.9891,202,N/A,53.3,175,279.7,151,-3.9,-768,Descending (Landing/Approach),0,N/A,N/A,N/A,N/A,FlightRadar24
2026-09-24 15:48:00,R31,N/A,41cee8eb,Other Airline,N/A,N/A,GRND,N/A,N/A,N/A,SIN,N/A,N/A,N/A,N/A,N/A,N/A,N/A,1.3713,103.9904,90,N/A,0.0,0,0.0,0,0.0,0,On Taxiway/Runway,1,N/A,N/A,N/A,N/A,FlightRadar24
2026-09-24 15:48:00,A6,N/A,41cf3365,Other Airline,N/A,N/A,GRND,N/A,N/A,N/A,SIN,N/A,N/A,N/A,N/A,N/A,N/A,N/A,1.3715,103.9921,137,N/A,0.0,0,5.6,3,0.0,0,On Taxiway/Runway,1,N/A,N/A,N/A,N/A,FlightRadar24
2026-09-24 15:48:00,SIA637,SQ637,41ce60ec,Singapore Airlines,SIA,N/A,B78X,N/A,9V-SCH,N/A,NRT,N/A,N/A,N/A,SIN,N/A,N/A,N/A,1.3592,103.9923,275,N/A,0.0,0,13.0,7,0.0,0,On Taxiway/Runway,1,N/A,N/A,N/A,N/A,FlightRadar24
2026-09-24 15:48:00,CQH8598,9C8598,41cf4653,Other Airline,CQH,N/A,A20N,N/A,B-30CN,N/A,SIN,N/A,N/A,N/A,PVG,N/A,N/A,N/A,1.3515,103.9926,25,N/A,0.0,0,0.0,0,0.0,0,On Taxiway/Runway,1,N/A,N/A,N/A,N/A,FlightRadar24
2026-09-24 15:48:00,N/A,N/A,41cf4667,Unknown,FDX,N/A,B763,N/A,N122FE,N/A,SIN,N/A,N/A,N/A,N/A,N/A,N/A,N/A,1.3672,103.993,180,N/A,0.0,0,0.0,0,0.0,0,On Taxiway/Runway,1,N/A,N/A,N/A,N/A,FlightRadar24
2026-09-24 15:48:00,ANA841,NH841,41ce67c1,All Nippon Airways (ANA),ANA,N/A,B789,N/A,JA887A,N/A,HND,N/A,N/A,N/A,SIN,N/A,N/A,N/A,1.3662,103.9933,112,N/A,0.0,0,0.0,0,0.0,0,On Taxiway/Runway,1,N/A,N/A,N/A,N/A,FlightRadar24
2026-09-24 15:48:00,ATT72,N/A,41cf28be,Other Airline,N/A,N/A,GRND,N/A,N/A,N/A,SIN,N/A,N/A,N/A,N/A,N/A,N/A,N/A,1.3792,103.9939,345,N/A,0.0,0,0.0,0,0.0,0,On Taxiway/Runway,1,N/A,N/A,N/A,N/A,FlightRadar24
2026-09-24 15:48:00,A4,N/A,41cf1e32,Other Airline,N/A,N/A,GRND,N/A,N/A,N/A,SIN,N/A,N/A,N/A,N/A,N/A,N/A,N/A,1.3756,103.9939,22,N/A,0.0,0,37.0,20,0.0,0,On Taxiway/Runway,1,N/A,N/A,N/A,N/A,FlightRadar24
2026-09-24 15:48:00,TGW532,TR532,41cf4627,Scoot,TGW,N/A,B789,N/A,9V-OJJ,N/A,SIN,N/A,N/A,N/A,HAN,N/A,N/A,N/A,1.3656,103.9945,112,N/A,0.0,0,14.8,8,0.0,0,On Taxiway/Runway,1,N/A,N/A,N/A,N/A,FlightRadar24
2026-09-24 15:48:00,R80,N/A,41cf13af,Other Airline,N/A,N/A,GRND,N/A,N/A,N/A,SIN,N/A,N/A,N/A,N/A,N/A,N/A,N/A,1.3701,103.9953,112,N/A,0.0,0,0.0,0,0.0,0,On Taxiway/Runway,1,N/A,N/A,N/A,N/A,FlightRadar24
2026-09-24 15:48:00,QFA2,QF2,41cd62a1,Qantas,QFA,N/A,A388,N/A,VH-OQL,N/A,LHR,N/A,N/A,N/A,SIN,N/A,N/A,N/A,1.3642,103.996,202,N/A,0.0,0,20.4,11,0.0,0,On Taxiway/Runway,1,N/A,N/A,N/A,N/A,FlightRadar24
2026-09-24 15:48:00,DKH1602,HO1602,41cf41ed,Other Airline,DKH,N/A,B789,N/A,B-226N,N/A,SIN,N/A,N/A,N/A,PVG,N/A,N/A,N/A,1.3603,103.9983,202,N/A,0.0,0,64.8,35,0.0,0,On Taxiway/Runway,1,N/A,N/A,N/A,N/A,FlightRadar24
2026-09-24 15:48:00,R78,N/A,41cf0a1f,Other Airline,N/A,N/A,GRND,N/A,N/A,N/A,SIN,N/A,N/A,N/A,N/A,N/A,N/A,N/A,1.3479,104.0052,112,N/A,0.0,0,27.8,15,0.0,0,On Taxiway/Runway,1,N/A,N/A,N/A,N/A,FlightRadar24
2026-09-24 15:48:00,MAS605,MH605,41cf3213,Malaysia Airlines,MAS,N/A,B38M,N/A,9M-MVL,N/A,KUL,N/A,N/A,N/A,SIN,N/A,N/A,N/A,1.055,104.0188,54,N/A,2781.3,9125,481.5,260,0.0,0,Cruising,0,N/A,N/A,N/A,N/A,FlightRadar24
2026-09-24 15:48:00,TGW645,TR645,41cf05d4,Scoot,TGW,N/A,A21N,N/A,9V-NCB,N/A,HKT,N/A,N/A,N/A,SIN,N/A,N/A,N/A,1.4492,104.0197,202,N/A,487.7,1600,279.7,151,-3.9,-768,Descending (Landing/Approach),0,N/A,N/A,N/A,N/A,FlightRadar24
2026-09-24 15:48:00,CES6049,MU6049,41ce981e,China Eastern Airlines,CES,N/A,B38M,N/A,B-229A,N/A,PVG,N/A,N/A,N/A,SIN,N/A,N/A,N/A,1.5091,104.045,203,N/A,853.4,2800,301.9,163,-3.25,-640,Descending (Landing/Approach),0,N/A,N/A,N/A,N/A,FlightRadar24
2026-09-24 15:48:00,TGW694,TR694,41cf3ff3,Scoot,TGW,N/A,E290,N/A,9V-THA,N/A,SIN,N/A,N/A,N/A,USM,N/A,N/A,N/A,1.2533,104.0461,31,N/A,2522.2,8275,514.9,278,15.28,3008,Climbing (Takeoff),0,N/A,N/A,N/A,N/A,FlightRadar24
2026-09-24 15:48:00,TGW516,TR516,41cf3d13,Scoot,TGW,N/A,A21N,N/A,9V-NCE,N/A,SIN,N/A,N/A,N/A,SGN,N/A,N/A,N/A,1.6834,104.0626,1,N/A,5113.0,16775,677.8,366,8.78,1728,Climbing (Takeoff),0,N/A,N/A,N/A,N/A,FlightRadar24
2026-09-24 15:48:00,CCA404,CA404,41cf3c10,Air China,CCA,N/A,A21N,N/A,B-32PH,N/A,SIN,N/A,N/A,N/A,TFU,N/A,N/A,N/A,1.8519,104.064,359,N/A,7162.8,23500,687.1,371,6.18,1216,Climbing (Takeoff),0,N/A,N/A,N/A,N/A,FlightRadar24
2026-09-24 15:48:00,GTI8685,5Y8685,41ce6395,Atlas Air,GTI,N/A,B744,N/A,N415MC,N/A,OKO,N/A,N/A,N/A,N/A,N/A,N/A,N/A,1.7552,104.0756,210,N/A,1257.3,4125,401.9,217,0.33,64,Cruising,0,N/A,N/A,N/A,N/A,FlightRadar24
2026-09-24 15:48:00,CPA776,CX776,41cf1374,Cathay Pacific,CPA,N/A,A333,N/A,B-LAJ,N/A,CGK,N/A,N/A,N/A,HKG,N/A,N/A,N/A,1.6899,104.076,8,N/A,11620.5,38125,831.5,449,2.6,512,Climbing (Takeoff),0,N/A,N/A,N/A,N/A,FlightRadar24
2026-09-24 15:48:00,SIA337,SQ337,41cd87d0,Singapore Airlines,SIA,N/A,A359,N/A,9V-SML,N/A,CDG,N/A,N/A,N/A,SIN,N/A,N/A,N/A,1.7843,104.0819,200,N/A,2171.7,7125,416.7,225,0.0,0,Cruising,0,N/A,N/A,N/A,N/A,FlightRadar24
2026-09-24 15:48:00,ANZ284,NZ284,41cdd113,Air New Zealand,ANZ,N/A,B77W,N/A,ZK-OKN,N/A,AKL,N/A,N/A,N/A,SIN,N/A,N/A,N/A,1.6332,104.1579,286,N/A,1661.2,5450,392.6,212,-2.93,-576,Descending (Landing/Approach),0,N/A,N/A,N/A,N/A,FlightRadar24
2026-09-24 15:48:00,QFA81,QF81,41ce352b,Qantas,QFA,N/A,A333,N/A,VH-QPM,N/A,SYD,N/A,N/A,N/A,SIN,N/A,N/A,N/A,1.41,104.2126,355,N/A,2171.7,7125,463.0,250,0.0,0,Cruising,0,N/A,N/A,N/A,N/A,FlightRadar24
2026-09-24 15:48:00,SIA401,SQ401,41ce9087,Singapore Airlines,SIA,N/A,B78X,N/A,9V-SCR,N/A,DEL,N/A,N/A,N/A,SIN,N/A,N/A,N/A,1.5546,104.2509,340,N/A,1234.4,4050,453.7,245,-1.63,-320,Descending (Landing/Approach),0,N/A,N/A,N/A,N/A,FlightRadar24
2026-09-24 15:48:00,CAL757,CI757,41cec53d,China Airlines (Taiwan),CAL,N/A,B738,N/A,B-18660,N/A,KHH,N/A,N/A,N/A,SIN,N/A,N/A,N/A,1.9691,104.3342,174,N/A,2979.4,9775,555.6,300,-5.2,-1024,Descending (Landing/Approach),0,N/A,N/A,N/A,N/A,FlightRadar24
2026-09-24 15:48:00,SWR176,LX176,41cd8f42,Swiss International Air Lines,SWR,N/A,B77W,N/A,HB-JNB,N/A,ZRH,N/A,N/A,N/A,SIN,N/A,N/A,N/A,1.2328,104.3355,348,N/A,1493.5,4900,459.3,248,-3.9,-768,Descending (Landing/Approach),0,N/A,N/A,N/A,N/A,FlightRadar24
2026-09-24 15:48:00,CES567,MU567,41cea416,China Eastern Airlines,CES,N/A,A359,N/A,B-30CW,N/A,PVG,N/A,N/A,N/A,SIN,N/A,N/A,N/A,1.8047,104.3387,178,N/A,2956.6,9700,494.5,267,-5.85,-1152,Descending (Landing/Approach),0,N/A,N/A,N/A,N/A,FlightRadar24
2026-09-24 15:48:00,VJC854,VJ854,41cef474,VietJet Air,VJC,N/A,A321,N/A,VN-A535,N/A,CGK,N/A,N/A,N/A,SGN,N/A,N/A,N/A,1.4517,104.3764,358,N/A,9753.6,32000,883.4,477,0.33,64,Cruising,0,N/A,N/A,N/A,N/A,FlightRadar24
2026-09-24 15:48:00,AXM378,AK378,41cf2f21,AirAsia (Malaysia),AXM,N/A,A20N,N/A,9M-AGS,N/A,KUL,N/A,N/A,N/A,DPS,N/A,N/A,N/A,0.879,104.5489,113,N/A,10050.8,32975,803.8,434,0.33,64,Cruising,0,N/A,N/A,N/A,N/A,FlightRadar24
2026-09-24 15:48:00,GIA159,GA159,41cf3ed4,Garuda Indonesia,GIA,N/A,B738,N/A,PK-GUM,N/A,BTH,N/A,N/A,N/A,CGK,N/A,N/A,N/A,0.6326,104.5947,162,N/A,6256.0,20525,666.7,360,12.03,2368,Climbing (Takeoff),0,N/A,N/A,N/A,N/A,FlightRadar24
2026-09-24 15:48:00,SIA232,SQ232,41ce40be,Singapore Airlines,SIA,N/A,A388,N/A,9V-SKR,N/A,SYD,N/A,N/A,N/A,SIN,N/A,N/A,N/A,1.1677,104.618,268,N/A,4084.3,13400,501.9,271,-6.5,-1280,Descending (Landing/Approach),0,N/A,N/A,N/A,N/A,FlightRadar24
2026-09-24 15:56:35,MXD807,OD807,41cf3780,Batik Air Malaysia (Malindo),BTK,N/A,B738,N/A,9M-LDD,N/A,KUL,N/A,N/A,N/A,SIN,N/A,N/A,N/A,1.4571,103.1828,158,N/A,6858.0,22500,707.5,382,-4.55,-896,Descending (Landing/Approach),0,N/A,N/A,N/A,N/A,FlightRadar24
2026-09-24 15:56:35,FFM1342,FY1342,41cf33ba,Other Airline,FFM,N/A,AT75,N/A,9M-FYC,N/A,SZB,N/A,N/A,N/A,JHB,N/A,N/A,N/A,1.7648,103.366,79,N/A,1752.6,5750,474.1,256,-2.6,-512,Descending (Landing/Approach),0,N/A,N/A,N/A,N/A,FlightRadar24
2026-09-24 15:56:35,MAS620,MH620,41cf4719,Malaysia Airlines,MAS,N/A,B738,N/A,9M-MXV,N/A,SIN,N/A,N/A,N/A,KUL,N/A,N/A,N/A,1.1287,103.4735,290,N/A,3703.3,12150,650.1,351,13.98,2752,Climbing (Takeoff),0,N/A,N/A,N/A,N/A,FlightRadar24
2026-09-24 15:56:35,IGO1457,6E1457,41cebcd9,IndiGo,IGO,N/A,A21N,N/A,VT-NCK,N/A,BLR,N/A,N/A,N/A,SIN,N/A,N/A,N/A,0.9674,103.5322,94,N/A,4488.2,14725,533.4,288,-5.53,-1088,Descending (Landing/Approach),0,N/A,N/A,N/A,N/A,FlightRadar24
2026-09-24 15:56:35,MAS723,MH723,41cf36f1,Malaysia Airlines,MAS,N/A,B38M,N/A,9M-MVN,N/A,KUL,N/A,N/A,N/A,CGK,N/A,N/A,N/A,0.9538,103.589,133,N/A,10668.0,35000,855.6,462,-0.33,-64,Cruising,0,N/A,N/A,N/A,N/A,FlightRadar24
2026-09-24 15:56:35,SIA959,SQ959,41cf1902,Singapore Airlines,SIA,N/A,A359,N/A,9V-SMC,N/A,CGK,N/A,N/A,N/A,SIN,N/A,N/A,N/A,0.757,103.85,351,N/A,6096.0,20000,566.7,306,-2.28,-448,Descending (Landing/Approach),0,N/A,N/A,N/A,N/A,FlightRadar24
2026-09-24 15:56:35,VJT294,VJT294,41cd490d,Other Airline,VJT,N/A,GL7T,N/A,9H-VIC,N/A,MLA,N/A,N/A,N/A,XSP,N/A,N/A,N/A,1.4071,103.8636,348,N/A,0.0,0,1.9,1,0.0,0,On Taxiway/Runway,1,N/A,N/A,N/A,N/A,FlightRadar24
2026-09-24 15:56:35,VJT735,VJT735,41ceecea,Other Airline,VJT,N/A,GL7T,N/A,9H-VIL,N/A,XSP,N/A,N/A,N/A,N/A,N/A,N/A,N/A,1.4059,103.8641,160,N/A,0.0,0,0.0,0,0.0,0,On Taxiway/Runway,1,N/A,N/A,N/A,N/A,FlightRadar24
2026-09-24 15:56:35,T79999,N/A,41cee795,Private / Business Jet / General Aviation,N/A,N/A,GLEX,N/A,T7-9999,N/A,VTE,N/A,N/A,N/A,XSP,N/A,N/A,N/A,1.4183,103.8662,303,N/A,0.0,0,24.1,13,0.0,0,On Taxiway/Runway,1,N/A,N/A,N/A,N/A,FlightRadar24
2026-09-24 15:56:35,FFM3131,FY3131,41cf462c,Other Airline,FFM,N/A,AT75,N/A,9M-FYD,N/A,XSP,N/A,N/A,N/A,SZB,N/A,N/A,N/A,1.4229,103.8704,123,N/A,0.0,0,1.9,1,0.0,0,On Taxiway/Runway,1,N/A,N/A,N/A,N/A,FlightRadar24
2026-09-24 15:56:35,N/A,N/A,41ceec8d,Unknown,QFA,N/A,A333,N/A,VH-QPB,N/A,QPG,N/A,N/A,N/A,N/A,N/A,N/A,N/A,1.3505,103.8962,98,N/A,0.0,0,5.6,3,0.0,0,On Taxiway/Runway,1,N/A,N/A,N/A,N/A,FlightRadar24
2026-09-24 15:56:35,GTI8685,5Y8685,41ce6395,Atlas Air,GTI,N/A,B744,N/A,N415MC,N/A,OKO,N/A,N/A,N/A,N/A,N/A,N/A,N/A,1.3615,103.91,203,N/A,45.7,150,198.2,107,-0.65,-128,Cruising,0,N/A,N/A,N/A,N/A,FlightRadar24
2026-09-24 15:56:35,SIA135,SQ135,41cf1fe8,Singapore Airlines,SIA,N/A,B38M,N/A,9V-MBF,N/A,PEN,N/A,N/A,N/A,SIN,N/A,N/A,N/A,0.9355,103.9415,109,N/A,4480.6,14700,526.0,284,-6.83,-1344,Descending (Landing/Approach),0,N/A,N/A,N/A,N/A,FlightRadar24
2026-09-24 15:56:35,BTK7630,ID7630,41cf09e3,Batik Air,BTK,N/A,A320,N/A,PK-BKP,N/A,DMK,N/A,N/A,N/A,CGK,N/A,N/A,N/A,2.1991,103.949,156,N/A,10058.4,33000,844.5,456,0.0,0,Cruising,0,N/A,N/A,N/A,N/A,FlightRadar24
2026-09-24 15:56:35,R16,N/A,41cf1dec,Other Airline,N/A,N/A,GRND,N/A,N/A,N/A,SIN,N/A,N/A,N/A,N/A,N/A,N/A,N/A,1.3484,103.9789,323,N/A,0.0,0,0.0,0,0.0,0,On Taxiway/Runway,1,N/A,N/A,N/A,N/A,FlightRadar24
2026-09-24 15:56:35,R53,N/A,41cf4b56,Other Airline,N/A,N/A,GRND,N/A,N/A,N/A,SIN,N/A,N/A,N/A,N/A,N/A,N/A,N/A,1.3485,103.9789,129,N/A,0.0,0,13.0,7,0.0,0,On Taxiway/Runway,1,N/A,N/A,N/A,N/A,FlightRadar24
2026-09-24 15:56:35,SIA406,SQ406,41cf4b2f,Singapore Airlines,SIA,N/A,A388,N/A,9V-SKN,N/A,SIN,N/A,N/A,N/A,DEL,N/A,N/A,N/A,1.3546,103.9828,22,N/A,0.0,0,0.0,0,0.0,0,On Taxiway/Runway,1,N/A,N/A,N/A,N/A,FlightRadar24
2026-09-24 15:56:35,ATT88,N/A,41ceee6e,Other Airline,N/A,N/A,GRND,N/A,N/A,N/A,SIN,N/A,N/A,N/A,N/A,N/A,N/A,N/A,1.3502,103.9829,163,N/A,0.0,0,0.0,0,0.0,0,On Taxiway/Runway,1,N/A,N/A,N/A,N/A,FlightRadar24
2026-09-24 15:56:35,SIA806,SQ806,41cf4ad0,Singapore Airlines,SIA,N/A,B78X,N/A,9V-SDA,N/A,SIN,N/A,N/A,N/A,PEK,N/A,N/A,N/A,1.3527,103.983,22,N/A,0.0,0,0.0,0,0.0,0,On Taxiway/Runway,1,N/A,N/A,N/A,N/A,FlightRadar24
2026-09-24 15:56:35,ANZ284,NZ284,41cdd113,Air New Zealand,ANZ,N/A,B77W,N/A,ZK-OKN,N/A,AKL,N/A,N/A,N/A,SIN,N/A,N/A,N/A,1.3581,103.9833,22,N/A,0.0,0,29.6,16,0.0,0,On Taxiway/Runway,1,N/A,N/A,N/A,N/A,FlightRadar24
2026-09-24 15:56:35,CES6049,MU6049,41ce981e,China Eastern Airlines,CES,N/A,B38M,N/A,B-229A,N/A,PVG,N/A,N/A,N/A,SIN,N/A,N/A,N/A,1.3492,103.9836,331,N/A,0.0,0,3.7,2,0.0,0,On Taxiway/Runway,1,N/A,N/A,N/A,N/A,FlightRadar24
2026-09-24 15:56:35,CQH8598,9C8598,41cf4653,Other Airline,CQH,N/A,A20N,N/A,B-30CN,N/A,SIN,N/A,N/A,N/A,PVG,N/A,N/A,N/A,1.1921,103.9868,103,N/A,1752.6,5750,516.7,279,8.78,1728,Climbing (Takeoff),0,N/A,N/A,N/A,N/A,FlightRadar24
2026-09-24 15:56:35,ATT87,N/A,41cef870,Other Airline,N/A,N/A,GRND,N/A,N/A,N/A,SIN,N/A,N/A,N/A,N/A,N/A,N/A,N/A,1.3604,103.9875,22,N/A,0.0,0,0.0,0,0.0,0,On Taxiway/Runway,1,N/A,N/A,N/A,N/A,FlightRadar24
2026-09-24 15:56:35,TGW524,TR524,41cf4816,Scoot,TGW,N/A,E290,N/A,9V-THB,N/A,SIN,N/A,N/A,N/A,PQC,N/A,N/A,N/A,1.3354,103.9878,203,N/A,144.8,475,292.6,158,10.08,1984,Climbing (Takeoff),0,N/A,N/A,N/A,N/A,FlightRadar24
2026-09-24 15:56:35,SIA721,SQ721,41cef84c,Singapore Airlines,SIA,N/A,B78X,N/A,9V-SCK,N/A,BKK,N/A,N/A,N/A,SIN,N/A,N/A,N/A,1.3505,103.9881,292,N/A,0.0,0,1.9,1,0.0,0,On Taxiway/Runway,1,N/A,N/A,N/A,N/A,FlightRadar24
2026-09-24 15:56:35,ATT72,N/A,41cf28be,Other Airline,N/A,N/A,GRND,N/A,N/A,N/A,SIN,N/A,N/A,N/A,N/A,N/A,N/A,N/A,1.3707,103.9886,202,N/A,0.0,0,13.0,7,0.0,0,On Taxiway/Runway,1,N/A,N/A,N/A,N/A,FlightRadar24
2026-09-24 15:56:35,BKP963,PG963,41cf1085,Other Airline,BKP,N/A,A319,N/A,HS-PGZ,N/A,USM,N/A,N/A,N/A,SIN,N/A,N/A,N/A,1.3632,103.9899,292,N/A,0.0,0,1.9,1,0.0,0,On Taxiway/Runway,1,N/A,N/A,N/A,N/A,FlightRadar24
2026-09-24 15:56:35,R31,N/A,41cee8eb,Other Airline,N/A,N/A,GRND,N/A,N/A,N/A,SIN,N/A,N/A,N/A,N/A,N/A,N/A,N/A,1.3713,103.9904,90,N/A,0.0,0,0.0,0,0.0,0,On Taxiway/Runway,1,N/A,N/A,N/A,N/A,FlightRadar24
2026-09-24 15:56:35,BTK7150,ID7150,41cf4a4f,Batik Air,BTK,N/A,A320,N/A,PK-LUR,N/A,SIN,N/A,N/A,N/A,CGK,N/A,N/A,N/A,1.3471,103.9908,22,N/A,0.0,0,0.0,0,0.0,0,On Taxiway/Runway,1,N/A,N/A,N/A,N/A,FlightRadar24
2026-09-24 15:56:35,SIA337,SQ337,41cd87d0,Singapore Airlines,SIA,N/A,A359,N/A,9V-SML,N/A,CDG,N/A,N/A,N/A,SIN,N/A,N/A,N/A,1.3836,103.9921,202,N/A,99.1,325,264.8,143,-3.25,-640,Descending (Landing/Approach),0,N/A,N/A,N/A,N/A,FlightRadar24
2026-09-24 15:56:35,N/A,N/A,41cf4667,Unknown,FDX,N/A,B763,N/A,N122FE,N/A,SIN,N/A,N/A,N/A,N/A,N/A,N/A,N/A,1.3672,103.993,180,N/A,0.0,0,0.0,0,0.0,0,On Taxiway/Runway,1,N/A,N/A,N/A,N/A,FlightRadar24
2026-09-24 15:56:35,IGO1163,6E1163,41ce91ff,IndiGo,IGO,N/A,A21N,N/A,VT-NCJ,N/A,BOM,N/A,N/A,N/A,SIN,N/A,N/A,N/A,1.3556,103.9934,343,N/A,0.0,0,0.0,0,0.0,0,On Taxiway/Runway,1,N/A,N/A,N/A,N/A,FlightRadar24
2026-09-24 15:56:35,R80,N/A,41cf13af,Other Airline,N/A,N/A,GRND,N/A,N/A,N/A,SIN,N/A,N/A,N/A,N/A,N/A,N/A,N/A,1.37,103.9953,112,N/A,0.0,0,0.0,0,0.0,0,On Taxiway/Runway,1,N/A,N/A,N/A,N/A,FlightRadar24
2026-09-24 15:56:35,TGW228,TR228,41cf46af,Scoot,TGW,N/A,A320,N/A,9V-TRU,N/A,SIN,N/A,N/A,N/A,YIA,N/A,N/A,N/A,1.3622,103.9989,171,N/A,0.0,0,7.4,4,0.0,0,On Taxiway/Runway,1,N/A,N/A,N/A,N/A,FlightRadar24
2026-09-24 15:56:35,R18,N/A,41cee823,Other Airline,N/A,N/A,GRND,N/A,N/A,N/A,SIN,N/A,N/A,N/A,N/A,N/A,N/A,N/A,1.3228,104.0024,202,N/A,0.0,0,20.4,11,0.0,0,On Taxiway/Runway,1,N/A,N/A,N/A,N/A,FlightRadar24
2026-09-24 15:56:35,THY056,TK56,41cde306,Turkish Airlines,THY,N/A,A359,N/A,TC-LGP,N/A,IST,N/A,N/A,N/A,CGK,N/A,N/A,N/A,1.5795,104.0189,179,N/A,11277.6,37000,940.8,508,0.0,0,Cruising,0,N/A,N/A,N/A,N/A,FlightRadar24
2026-09-24 15:56:35,SIA401,SQ401,41ce9087,Singapore Airlines,SIA,N/A,B78X,N/A,9V-SCR,N/A,DEL,N/A,N/A,N/A,SIN,N/A,N/A,N/A,1.4376,104.0309,202,N/A,502.9,1650,281.5,152,-3.9,-768,Descending (Landing/Approach),0,N/A,N/A,N/A,N/A,FlightRadar24
2026-09-24 15:56:35,QFA81,QF81,41ce352b,Qantas,QFA,N/A,A333,N/A,VH-QPM,N/A,SYD,N/A,N/A,N/A,SIN,N/A,N/A,N/A,1.5152,104.0475,203,N/A,883.9,2900,350.0,189,-4.88,-960,Descending (Landing/Approach),0,N/A,N/A,N/A,N/A,FlightRadar24
2026-09-24 15:56:35,VJC928,VJ928,41cf16cc,VietJet Air,VJC,N/A,A21N,N/A,VN-A521,N/A,CGK,N/A,N/A,N/A,HAN,N/A,N/A,N/A,1.8437,104.0475,6,N/A,9753.6,32000,844.5,456,0.0,0,Cruising,0,N/A,N/A,N/A,N/A,FlightRadar24
2026-09-24 15:56:35,SIA158,SQ158,41cf2290,Singapore Airlines,SIA,N/A,B38M,N/A,9V-MBL,N/A,SIN,N/A,N/A,N/A,KTI,N/A,N/A,N/A,1.8692,104.0522,5,N/A,5890.3,19325,718.6,388,3.25,640,Climbing (Takeoff),0,N/A,N/A,N/A,N/A,FlightRadar24
2026-09-24 15:56:35,TGW694,TR694,41cf3ff3,Scoot,TGW,N/A,E290,N/A,9V-THA,N/A,SIN,N/A,N/A,N/A,USM,N/A,N/A,N/A,2.0943,104.0582,358,N/A,7315.2,24000,753.8,407,0.0,0,Cruising,0,N/A,N/A,N/A,N/A,FlightRadar24
2026-09-24 15:56:35,TGW532,TR532,41cf4627,Scoot,TGW,N/A,B789,N/A,9V-OJJ,N/A,SIN,N/A,N/A,N/A,HAN,N/A,N/A,N/A,1.364,104.0675,1,N/A,3543.3,11625,538.9,291,13.0,2560,Climbing (Takeoff),0,N/A,N/A,N/A,N/A,FlightRadar24
2026-09-24 15:56:35,VHULJ,N/A,41cf038b,Private / Business Jet / General Aviation,N/A,N/A,LJ60,N/A,VH-ULJ,N/A,DAD,N/A,N/A,N/A,N/A,N/A,N/A,N/A,1.8832,104.0788,181,N/A,1859.3,6100,409.3,221,-1.63,-320,Descending (Landing/Approach),0,N/A,N/A,N/A,N/A,FlightRadar24
2026-09-24 15:56:35,CES567,MU567,41cea416,China Eastern Airlines,CES,N/A,A359,N/A,B-30CW,N/A,PVG,N/A,N/A,N/A,SIN,N/A,N/A,N/A,1.5977,104.0894,230,N/A,944.9,3100,348.2,188,-2.93,-576,Descending (Landing/Approach),0,N/A,N/A,N/A,N/A,FlightRadar24
2026-09-24 15:56:35,DKH1602,HO1602,41cf41ed,Other Airline,DKH,N/A,B789,N/A,B-226N,N/A,SIN,N/A,N/A,N/A,PVG,N/A,N/A,N/A,1.5536,104.1355,21,N/A,4693.9,15400,646.3,349,9.43,1856,Climbing (Takeoff),0,N/A,N/A,N/A,N/A,FlightRadar24
2026-09-24 15:56:35,SWR176,LX176,41cd8f42,Swiss International Air Lines,SWR,N/A,B77W,N/A,HB-JNB,N/A,ZRH,N/A,N/A,N/A,SIN,N/A,N/A,N/A,1.6718,104.1709,281,N/A,952.5,3125,364.8,197,-0.65,-128,Cruising,0,N/A,N/A,N/A,N/A,FlightRadar24
2026-09-24 15:56:35,SIA525,SQ525,41cec22b,Singapore Airlines,SIA,N/A,A359,N/A,9V-SHP,N/A,MAA,N/A,N/A,N/A,SIN,N/A,N/A,N/A,1.2269,104.1746,21,N/A,2613.7,8575,474.1,256,-5.85,-1152,Descending (Landing/Approach),0,N/A,N/A,N/A,N/A,FlightRadar24
2026-09-24 15:56:35,CAL757,CI757,41cec53d,China Airlines (Taiwan),CAL,N/A,B738,N/A,B-18660,N/A,KHH,N/A,N/A,N/A,SIN,N/A,N/A,N/A,1.6501,104.1908,266,N/A,1257.3,4125,405.6,219,0.33,64,Cruising,0,N/A,N/A,N/A,N/A,FlightRadar24
2026-09-24 15:56:35,MAS605,MH605,41cf3213,Malaysia Airlines,MAS,N/A,B38M,N/A,9M-MVL,N/A,KUL,N/A,N/A,N/A,SIN,N/A,N/A,N/A,1.5318,104.2103,345,N/A,1676.4,5500,374.1,202,-4.88,-960,Descending (Landing/Approach),0,N/A,N/A,N/A,N/A,FlightRadar24
2026-09-24 15:56:35,SIA232,SQ232,41ce40be,Singapore Airlines,SIA,N/A,A388,N/A,9V-SKR,N/A,SYD,N/A,N/A,N/A,SIN,N/A,N/A,N/A,1.4074,104.2558,5,N/A,2072.6,6800,459.3,248,-5.2,-1024,Descending (Landing/Approach),0,N/A,N/A,N/A,N/A,FlightRadar24
2026-09-24 15:56:35,TGW309,TR309,41cf172f,Scoot,TGW,N/A,A320,N/A,9V-TRT,N/A,CGK,N/A,N/A,N/A,SIN,N/A,N/A,N/A,0.9953,104.2579,56,N/A,3017.5,9900,551.9,298,-13.66,-2688,Descending (Landing/Approach),0,N/A,N/A,N/A,N/A,FlightRadar24
2026-09-24 15:56:35,THA407,TG407,41cefee0,Thai Airways International,THA,N/A,A21N,N/A,HS-TOB,N/A,BKK,N/A,N/A,N/A,SIN,N/A,N/A,N/A,2.2037,104.2974,160,N/A,4556.8,14950,524.1,283,-6.5,-1280,Descending (Landing/Approach),0,N/A,N/A,N/A,N/A,FlightRadar24
2026-09-24 15:56:35,MXD177,OD177,41cf32d3,Batik Air Malaysia (Malindo),BTK,N/A,A333,N/A,9M-LFH,N/A,KUL,N/A,N/A,N/A,DPS,N/A,N/A,N/A,0.7305,104.3121,121,N/A,11887.2,39000,857.5,463,0.0,0,Cruising,0,N/A,N/A,N/A,N/A,FlightRadar24
2026-09-24 15:56:35,QFA51,QF51,41ce46dc,Qantas,QFA,N/A,A332,N/A,VH-EBV,N/A,BNE,N/A,N/A,N/A,SIN,N/A,N/A,N/A,1.1661,104.3167,291,N/A,3124.2,10250,481.5,260,-5.85,-1152,Descending (Landing/Approach),0,N/A,N/A,N/A,N/A,FlightRadar24
2026-09-24 15:56:35,AXM1725,AK1725,41cf1c6d,AirAsia (Malaysia),AXM,N/A,A320,N/A,9M-AGT,N/A,PEN,N/A,N/A,N/A,SIN,N/A,N/A,N/A,1.3397,104.3436,349,N/A,1318.3,4325,461.1,249,-5.2,-1024,Descending (Landing/Approach),0,N/A,N/A,N/A,N/A,FlightRadar24
2026-09-24 15:56:35,VJC973,VJ973,41cefbe1,VietJet Air,VJC,N/A,A321,N/A,VN-A542,N/A,DAD,N/A,N/A,N/A,SIN,N/A,N/A,N/A,1.7862,104.4524,184,N/A,2781.3,9125,483.4,261,0.0,0,Cruising,0,N/A,N/A,N/A,N/A,FlightRadar24
2026-09-24 15:56:35,SIA917,SQ917,41cee377,Singapore Airlines,SIA,N/A,A359,N/A,9V-SHU,N/A,MNL,N/A,N/A,N/A,SIN,N/A,N/A,N/A,1.1672,104.4881,270,N/A,3962.4,13000,496.3,268,0.0,0,Cruising,0,N/A,N/A,N/A,N/A,FlightRadar24
2026-09-24 16:00:43,MAS620,MH620,41cf4719,Malaysia Airlines,MAS,N/A,B738,N/A,9M-MXV,N/A,SIN,N/A,N/A,N/A,KUL,N/A,N/A,N/A,1.4202,103.1774,321,N/A,5478.8,17975,716.7,387,14.31,2816,Climbing (Takeoff),0,N/A,N/A,N/A,N/A,FlightRadar24
2026-09-24 16:00:43,MXD807,OD807,41cf3780,Batik Air Malaysia (Malindo),BTK,N/A,B738,N/A,9M-LDD,N/A,KUL,N/A,N/A,N/A,SIN,N/A,N/A,N/A,1.1124,103.3445,149,N/A,5882.6,19300,564.9,305,-2.6,-512,Descending (Landing/Approach),0,N/A,N/A,N/A,N/A,FlightRadar24
2026-09-24 16:00:43,FFM1342,FY1342,41cf33ba,Other Airline,FFM,N/A,AT75,N/A,9M-FYC,N/A,SZB,N/A,N/A,N/A,JHB,N/A,N/A,N/A,1.7803,103.6189,151,N/A,784.9,2575,340.8,184,-5.53,-1088,Descending (Landing/Approach),0,N/A,N/A,N/A,N/A,FlightRadar24
2026-09-24 16:00:43,IGO1457,6E1457,41cebcd9,IndiGo,IGO,N/A,A21N,N/A,VT-NCK,N/A,BLR,N/A,N/A,N/A,SIN,N/A,N/A,N/A,1.0037,103.8499,82,N/A,3223.3,10575,496.3,268,-5.2,-1024,Descending (Landing/Approach),0,N/A,N/A,N/A,N/A,FlightRadar24
2026-09-24 16:00:43,FFM3131,FY3131,41cf462c,Other Airline,FFM,N/A,AT75,N/A,9M-FYD,N/A,XSP,N/A,N/A,N/A,SZB,N/A,N/A,N/A,1.4603,103.8565,10,N/A,883.9,2900,340.8,184,6.5,1280,Climbing (Takeoff),0,N/A,N/A,N/A,N/A,FlightRadar24
2026-09-24 16:00:43,VJT294,VJT294,41cd490d,Other Airline,VJT,N/A,GL7T,N/A,9H-VIC,N/A,MLA,N/A,N/A,N/A,XSP,N/A,N/A,N/A,1.4071,103.8636,348,N/A,0.0,0,1.9,1,0.0,0,On Taxiway/Runway,1,N/A,N/A,N/A,N/A,FlightRadar24
2026-09-24 16:00:43,VJT735,VJT735,41ceecea,Other Airline,VJT,N/A,GL7T,N/A,9H-VIL,N/A,XSP,N/A,N/A,N/A,N/A,N/A,N/A,N/A,1.4059,103.8641,160,N/A,0.0,0,0.0,0,0.0,0,On Taxiway/Runway,1,N/A,N/A,N/A,N/A,FlightRadar24
2026-09-24 16:00:43,T79999,N/A,41cee795,Private / Business Jet / General Aviation,N/A,N/A,GLEX,N/A,T7-9999,N/A,VTE,N/A,N/A,N/A,XSP,N/A,N/A,N/A,1.4216,103.8682,123,N/A,0.0,0,0.0,0,0.0,0,On Taxiway/Runway,1,N/A,N/A,N/A,N/A,FlightRadar24
2026-09-24 16:00:43,N/A,N/A,41ceec8d,Unknown,QFA,N/A,A333,N/A,VH-QPB,N/A,QPG,N/A,N/A,N/A,N/A,N/A,N/A,N/A,1.3504,103.8963,98,N/A,0.0,0,0.0,0,0.0,0,On Taxiway/Runway,1,N/A,N/A,N/A,N/A,FlightRadar24
2026-09-24 16:00:43,GTI8685,5Y8685,41ce6395,Atlas Air,GTI,N/A,B744,N/A,N415MC,N/A,OKO,N/A,N/A,N/A,QPG,N/A,N/A,N/A,1.3624,103.9078,295,N/A,0.0,0,18.5,10,0.0,0,On Taxiway/Runway,1,N/A,N/A,N/A,N/A,FlightRadar24
2026-09-24 16:00:43,TGW228,TR228,41cf46af,Scoot,TGW,N/A,A320,N/A,9V-TRU,N/A,SIN,N/A,N/A,N/A,YIA,N/A,N/A,N/A,1.1887,103.9538,165,N/A,1623.1,5325,513.0,277,14.63,2880,Climbing (Takeoff),0,N/A,N/A,N/A,N/A,FlightRadar24
2026-09-24 16:00:43,SIA959,SQ959,41cf1902,Singapore Airlines,SIA,N/A,A359,N/A,9V-SMC,N/A,CGK,N/A,N/A,N/A,SIN,N/A,N/A,N/A,0.9948,103.9679,79,N/A,5181.6,17000,544.5,294,-5.53,-1088,Descending (Landing/Approach),0,N/A,N/A,N/A,N/A,FlightRadar24
2026-09-24 16:00:43,MAS723,MH723,41cf36f1,Malaysia Airlines,MAS,N/A,B38M,N/A,9M-MVN,N/A,KUL,N/A,N/A,N/A,CGK,N/A,N/A,N/A,0.5852,103.97,133,N/A,10668.0,35000,857.5,463,0.0,0,Cruising,0,N/A,N/A,N/A,N/A,FlightRadar24
2026-09-24 16:00:43,R49,N/A,41cf1aae,Other Airline,N/A,N/A,GRND,N/A,N/A,N/A,SIN,N/A,N/A,N/A,N/A,N/A,N/A,N/A,1.3383,103.9788,258,N/A,0.0,0,29.6,16,0.0,0,On Taxiway/Runway,1,N/A,N/A,N/A,N/A,FlightRadar24
2026-09-24 16:00:43,ATT88,N/A,41ceee6e,Other Airline,N/A,N/A,GRND,N/A,N/A,N/A,SIN,N/A,N/A,N/A,N/A,N/A,N/A,N/A,1.3513,103.9814,22,N/A,0.0,0,11.1,6,0.0,0,On Taxiway/Runway,1,N/A,N/A,N/A,N/A,FlightRadar24
2026-09-24 16:00:43,SIA806,SQ806,41cf4ad0,Singapore Airlines,SIA,N/A,B78X,N/A,9V-SDA,N/A,SIN,N/A,N/A,N/A,PEK,N/A,N/A,N/A,1.3569,103.9837,22,N/A,0.0,0,0.0,0,0.0,0,On Taxiway/Runway,1,N/A,N/A,N/A,N/A,FlightRadar24
2026-09-24 16:00:43,ATT83,N/A,41cf3ba7,Other Airline,N/A,N/A,GRND,N/A,N/A,N/A,SIN,N/A,N/A,N/A,N/A,N/A,N/A,N/A,1.3514,103.9838,78,N/A,0.0,0,0.0,0,0.0,0,On Taxiway/Runway,1,N/A,N/A,N/A,N/A,FlightRadar24
2026-09-24 16:00:43,SIA406,SQ406,41cf4b2f,Singapore Airlines,SIA,N/A,A388,N/A,9V-SKN,N/A,SIN,N/A,N/A,N/A,DEL,N/A,N/A,N/A,1.3582,103.9843,22,N/A,0.0,0,0.0,0,0.0,0,On Taxiway/Runway,1,N/A,N/A,N/A,N/A,FlightRadar24
2026-09-24 16:00:43,ATT73,N/A,41cf20f0,Other Airline,N/A,N/A,GRND,N/A,N/A,N/A,SIN,N/A,N/A,N/A,N/A,N/A,N/A,N/A,1.3543,103.9849,168,N/A,0.0,0,0.0,0,0.0,0,On Taxiway/Runway,1,N/A,N/A,N/A,N/A,FlightRadar24
2026-09-24 16:00:43,SIA337,SQ337,41cd87d0,Singapore Airlines,SIA,N/A,A359,N/A,9V-SML,N/A,CDG,N/A,N/A,N/A,SIN,N/A,N/A,N/A,1.3598,103.9861,160,N/A,0.0,0,7.4,4,0.0,0,On Taxiway/Runway,1,N/A,N/A,N/A,N/A,FlightRadar24
2026-09-24 16:00:43,QFA81,QF81,41ce352b,Qantas,QFA,N/A,A333,N/A,VH-QPM,N/A,SYD,N/A,N/A,N/A,SIN,N/A,N/A,N/A,1.3713,103.9869,203,N/A,30.5,100,255.6,138,-3.25,-640,Descending (Landing/Approach),0,N/A,N/A,N/A,N/A,FlightRadar24
2026-09-24 16:00:43,ANZ284,NZ284,41cdd113,Air New Zealand,ANZ,N/A,B77W,N/A,ZK-OKN,N/A,AKL,N/A,N/A,N/A,SIN,N/A,N/A,N/A,1.3597,103.9871,112,N/A,0.0,0,0.0,0,0.0,0,On Taxiway/Runway,1,N/A,N/A,N/A,N/A,FlightRadar24
2026-09-24 16:00:43,SIA401,SQ401,41ce9087,Singapore Airlines,SIA,N/A,B78X,N/A,9V-SCR,N/A,DEL,N/A,N/A,N/A,SIN,N/A,N/A,N/A,1.345,103.9872,292,N/A,0.0,0,25.9,14,0.0,0,On Taxiway/Runway,1,N/A,N/A,N/A,N/A,FlightRadar24
2026-09-24 16:00:43,SIA836,SQ836,41cf52a8,Singapore Airlines,SIA,N/A,B78X,N/A,9V-SCB,N/A,SIN,N/A,N/A,N/A,PVG,N/A,N/A,N/A,1.3604,103.9874,112,N/A,0.0,0,0.0,0,0.0,0,On Taxiway/Runway,1,N/A,N/A,N/A,N/A,FlightRadar24
2026-09-24 16:00:43,ATT87,N/A,41cef870,Other Airline,N/A,N/A,GRND,N/A,N/A,N/A,SIN,N/A,N/A,N/A,N/A,N/A,N/A,N/A,1.3605,103.9875,22,N/A,0.0,0,0.0,0,0.0,0,On Taxiway/Runway,1,N/A,N/A,N/A,N/A,FlightRadar24
2026-09-24 16:00:43,ATT72,N/A,41cf28be,Other Airline,N/A,N/A,GRND,N/A,N/A,N/A,SIN,N/A,N/A,N/A,N/A,N/A,N/A,N/A,1.3691,103.9879,202,N/A,0.0,0,0.0,0,0.0,0,On Taxiway/Runway,1,N/A,N/A,N/A,N/A,FlightRadar24
2026-09-24 16:00:43,RP9,N/A,41cf548e,Other Airline,N/A,N/A,GRND,N/A,N/A,N/A,SIN,N/A,N/A,N/A,N/A,N/A,N/A,N/A,1.3665,103.9894,67,N/A,0.0,0,0.0,0,0.0,0,On Taxiway/Runway,1,N/A,N/A,N/A,N/A,FlightRadar24
2026-09-24 16:00:43,R31,N/A,41cf53d1,Other Airline,N/A,N/A,GRND,N/A,N/A,N/A,SIN,N/A,N/A,N/A,N/A,N/A,N/A,N/A,1.3713,103.9904,0,N/A,0.0,0,0.0,0,0.0,0,On Taxiway/Runway,1,N/A,N/A,N/A,N/A,FlightRadar24
2026-09-24 16:00:43,N/A,N/A,41cf4667,Unknown,FDX,N/A,B763,N/A,N122FE,N/A,SIN,N/A,N/A,N/A,N/A,N/A,N/A,N/A,1.3672,103.993,180,N/A,0.0,0,0.0,0,0.0,0,On Taxiway/Runway,1,N/A,N/A,N/A,N/A,FlightRadar24
2026-09-24 16:00:43,R80,N/A,41cf13af,Other Airline,N/A,N/A,GRND,N/A,N/A,N/A,SIN,N/A,N/A,N/A,N/A,N/A,N/A,N/A,1.37,103.9953,112,N/A,0.0,0,1.9,1,0.0,0,On Taxiway/Runway,1,N/A,N/A,N/A,N/A,FlightRadar24
2026-09-24 16:00:43,R18,N/A,41cf52da,Other Airline,N/A,N/A,GRND,N/A,N/A,N/A,SIN,N/A,N/A,N/A,N/A,N/A,N/A,N/A,1.3137,103.9983,216,N/A,0.0,0,0.0,0,0.0,0,On Taxiway/Runway,1,N/A,N/A,N/A,N/A,FlightRadar24
2026-09-24 16:00:43,ETH628,ET628,41cf0b00,Other Airline,ETH,N/A,B789,N/A,ET-AXL,N/A,BKK,N/A,N/A,N/A,CGK,N/A,N/A,N/A,1.9052,103.9996,160,N/A,12496.8,41000,927.9,501,-0.33,-64,Cruising,0,N/A,N/A,N/A,N/A,FlightRadar24
2026-09-24 16:00:43,N/A,N/A,41cf488c,Unknown,N/A,N/A,GRND,N/A,N/A,N/A,SIN,N/A,N/A,N/A,N/A,N/A,N/A,N/A,1.3729,104.0011,286,N/A,0.0,0,0.0,0,0.0,0,On Taxiway/Runway,1,N/A,N/A,N/A,N/A,FlightRadar24
2026-09-24 16:00:43,CES567,MU567,41cea416,China Eastern Airlines,CES,N/A,A359,N/A,B-30CW,N/A,PVG,N/A,N/A,N/A,SIN,N/A,N/A,N/A,1.4172,104.0062,203,N/A,297.2,975,263.0,142,-3.58,-704,Descending (Landing/Approach),0,N/A,N/A,N/A,N/A,FlightRadar24
2026-09-24 16:00:43,VHULJ,N/A,41cf038b,Private / Business Jet / General Aviation,N/A,N/A,LJ60,N/A,VH-ULJ,N/A,DAD,N/A,N/A,N/A,N/A,N/A,N/A,N/A,1.6493,104.0165,211,N/A,1249.7,4100,364.8,197,-2.6,-512,Descending (Landing/Approach),0,N/A,N/A,N/A,N/A,FlightRadar24
2026-09-24 16:00:43,CAL757,CI757,41cec53d,China Airlines (Taiwan),CAL,N/A,B738,N/A,B-18660,N/A,KHH,N/A,N/A,N/A,SIN,N/A,N/A,N/A,1.4915,104.0375,203,N/A,739.1,2425,303.7,164,-3.9,-768,Descending (Landing/Approach),0,N/A,N/A,N/A,N/A,FlightRadar24
2026-09-24 16:00:43,TGW524,TR524,41cf4816,Scoot,TGW,N/A,E290,N/A,9V-THB,N/A,SIN,N/A,N/A,N/A,PQC,N/A,N/A,N/A,1.2839,104.0423,20,N/A,2476.5,8125,522.3,282,23.08,4544,Climbing (Takeoff),0,N/A,N/A,N/A,N/A,FlightRadar24
2026-09-24 16:00:43,SWR176,LX176,41cd8f42,Swiss International Air Lines,SWR,N/A,B77W,N/A,HB-JNB,N/A,ZRH,N/A,N/A,N/A,SIN,N/A,N/A,N/A,1.4985,104.0566,202,N/A,868.7,2850,355.6,192,-5.2,-1024,Descending (Landing/Approach),0,N/A,N/A,N/A,N/A,FlightRadar24
2026-09-24 16:00:43,TGW532,TR532,41cf4627,Scoot,TGW,N/A,B789,N/A,9V-OJJ,N/A,SIN,N/A,N/A,N/A,HAN,N/A,N/A,N/A,1.7316,104.0714,359,N/A,5425.4,17800,685.2,370,4.55,896,Climbing (Takeoff),0,N/A,N/A,N/A,N/A,FlightRadar24
2026-09-24 16:00:43,MAS605,MH605,41cf3213,Malaysia Airlines,MAS,N/A,B38M,N/A,9M-MVL,N/A,KUL,N/A,N/A,N/A,SIN,N/A,N/A,N/A,1.5929,104.0805,205,N/A,1257.3,4125,361.1,195,0.0,0,Cruising,0,N/A,N/A,N/A,N/A,FlightRadar24
2026-09-24 16:00:43,CQH8598,9C8598,41cf4653,Other Airline,CQH,N/A,A20N,N/A,B-30CN,N/A,SIN,N/A,N/A,N/A,PVG,N/A,N/A,N/A,1.489,104.1118,20,N/A,3855.7,12650,644.5,348,9.43,1856,Climbing (Takeoff),0,N/A,N/A,N/A,N/A,FlightRadar24
2026-09-24 16:00:43,DKH1602,HO1602,41cf41ed,Other Airline,DKH,N/A,B789,N/A,B-226N,N/A,SIN,N/A,N/A,N/A,PVG,N/A,N/A,N/A,1.9707,104.1317,349,N/A,6789.4,22275,718.6,388,8.45,1664,Climbing (Takeoff),0,N/A,N/A,N/A,N/A,FlightRadar24
2026-09-24 16:00:43,BTK7630,ID7630,41cf09e3,Batik Air,BTK,N/A,A320,N/A,PK-BKP,N/A,DMK,N/A,N/A,N/A,CGK,N/A,N/A,N/A,1.7065,104.1579,157,N/A,10058.4,33000,859.3,464,0.33,64,Cruising,0,N/A,N/A,N/A,N/A,FlightRadar24
2026-09-24 16:00:43,SIA232,SQ232,41ce40be,Singapore Airlines,SIA,N/A,A388,N/A,9V-SKR,N/A,SYD,N/A,N/A,N/A,SIN,N/A,N/A,N/A,1.6149,104.1793,286,N/A,1257.3,4125,370.4,200,-1.3,-256,Cruising,0,N/A,N/A,N/A,N/A,FlightRadar24
2026-09-24 16:00:43,SIA917,SQ917,41cee377,Singapore Airlines,SIA,N/A,A359,N/A,9V-SHU,N/A,MNL,N/A,N/A,N/A,SIN,N/A,N/A,N/A,1.1624,104.1979,269,N/A,2933.7,9625,431.5,233,-6.83,-1344,Descending (Landing/Approach),0,N/A,N/A,N/A,N/A,FlightRadar24
2026-09-24 16:00:43,THY056,TK56,41cde306,Turkish Airlines,THY,N/A,A359,N/A,TC-LGP,N/A,IST,N/A,N/A,N/A,CGK,N/A,N/A,N/A,1.0323,104.2051,153,N/A,11277.6,37000,929.7,502,0.0,0,Cruising,0,N/A,N/A,N/A,N/A,FlightRadar24
2026-09-24 16:00:43,SIA525,SQ525,41cec22b,Singapore Airlines,SIA,N/A,A359,N/A,9V-SHP,N/A,MAA,N/A,N/A,N/A,SIN,N/A,N/A,N/A,1.5055,104.2108,355,N/A,1356.4,4450,453.7,245,-1.63,-320,Descending (Landing/Approach),0,N/A,N/A,N/A,N/A,FlightRadar24
2026-09-24 16:00:43,QFA51,QF51,41ce46dc,Qantas,QFA,N/A,A332,N/A,VH-EBV,N/A,BNE,N/A,N/A,N/A,SIN,N/A,N/A,N/A,1.4155,104.2244,359,N/A,2065.0,6775,429.7,232,-3.9,-768,Descending (Landing/Approach),0,N/A,N/A,N/A,N/A,FlightRadar24
2026-09-24 16:00:43,SIA135,SQ135,41cf1fe8,Singapore Airlines,SIA,N/A,B38M,N/A,9V-MBF,N/A,PEN,N/A,N/A,N/A,SIN,N/A,N/A,N/A,0.9496,104.2562,61,N/A,3398.5,11150,483.4,261,-2.6,-512,Descending (Landing/Approach),0,N/A,N/A,N/A,N/A,FlightRadar24
2026-09-24 16:00:43,AXM1725,AK1725,41cf1c6d,AirAsia (Malaysia),AXM,N/A,A320,N/A,9M-AGT,N/A,PEN,N/A,N/A,N/A,SIN,N/A,N/A,N/A,1.5921,104.2848,320,N/A,952.5,3125,366.7,198,0.0,0,Cruising,0,N/A,N/A,N/A,N/A,FlightRadar24
2026-09-24 16:00:43,TGW309,TR309,41cf172f,Scoot,TGW,N/A,A320,N/A,9V-TRT,N/A,CGK,N/A,N/A,N/A,SIN,N/A,N/A,N/A,1.2518,104.3799,354,N/A,1310.6,4300,463.0,250,-2.6,-512,Descending (Landing/Approach),0,N/A,N/A,N/A,N/A,FlightRadar24
2026-09-24 16:00:43,VJC973,VJ973,41cefbe1,VietJet Air,VJC,N/A,A321,N/A,VN-A542,N/A,DAD,N/A,N/A,N/A,SIN,N/A,N/A,N/A,1.4999,104.3841,220,N/A,2362.2,7750,474.1,256,-2.6,-512,Descending (Landing/Approach),0,N/A,N/A,N/A,N/A,FlightRadar24
2026-09-24 16:00:43,THA407,TG407,41cefee0,Thai Airways International,THA,N/A,A21N,N/A,HS-TOB,N/A,BKK,N/A,N/A,N/A,SIN,N/A,N/A,N/A,1.8995,104.4054,177,N/A,3101.3,10175,496.3,268,-1.95,-384,Descending (Landing/Approach),0,N/A,N/A,N/A,N/A,FlightRadar24
2026-09-24 16:00:43,SIA851,SQ851,41cee02d,Singapore Airlines,SIA,N/A,B78X,N/A,9V-SCT,N/A,CAN,N/A,N/A,N/A,SIN,N/A,N/A,N/A,2.1878,104.4126,146,N/A,4442.5,14575,526.0,284,-6.83,-1344,Descending (Landing/Approach),0,N/A,N/A,N/A,N/A,FlightRadar24
2026-09-24 16:00:43,HVN655,VN655,41cf114e,Vietnam Airlines,HVN,N/A,A321,N/A,VN-A612,N/A,SGN,N/A,N/A,N/A,SIN,N/A,N/A,N/A,2.0007,104.4493,165,N/A,4716.8,15475,527.8,285,-6.5,-1280,Descending (Landing/Approach),0,N/A,N/A,N/A,N/A,FlightRadar24
2026-09-24 16:07:25,IGO1013,6E1013,41ce91e0,IndiGo,IGO,N/A,A21N,N/A,VT-NCA,N/A,DEL,N/A,N/A,N/A,SIN,N/A,N/A,N/A,1.4399,103.1899,158,N/A,6294.1,20650,648.2,350,-4.88,-960,Descending (Landing/Approach),0,N/A,N/A,N/A,N/A,FlightRadar24
2026-09-24 16:07:25,SIA115,SQ115,41cf3c6e,Singapore Airlines,SIA,N/A,B38M,N/A,9V-MBY,N/A,KUL,N/A,N/A,N/A,SIN,N/A,N/A,N/A,1.1965,103.2957,149,N/A,5494.0,18025,638.9,345,-2.93,-576,Descending (Landing/Approach),0,N/A,N/A,N/A,N/A,FlightRadar24
2026-09-24 16:07:25,MXD348,OD348,41cf3d50,Batik Air Malaysia (Malindo),BTK,N/A,B738,N/A,9M-LNM,N/A,SZB,N/A,N/A,N/A,CGK,N/A,N/A,N/A,1.0174,103.419,129,N/A,10668.0,35000,824.1,445,0.0,0,Cruising,0,N/A,N/A,N/A,N/A,FlightRadar24
2026-09-24 16:07:25,FFM3131,FY3131,41cf462c,Other Airline,FFM,N/A,AT75,N/A,9M-FYD,N/A,XSP,N/A,N/A,N/A,SZB,N/A,N/A,N/A,1.6342,103.6426,300,N/A,2819.4,9250,348.2,188,2.6,512,Climbing (Takeoff),0,N/A,N/A,N/A,N/A,FlightRadar24
2026-09-24 16:07:25,AXM6204,AK6204,41cf35dd,AirAsia (Malaysia),AXM,N/A,A320,N/A,9M-AJG,N/A,KBR,N/A,N/A,N/A,JHB,N/A,N/A,N/A,1.8685,103.7161,197,N/A,1341.1,4400,405.6,219,-3.58,-704,Descending (Landing/Approach),0,N/A,N/A,N/A,N/A,FlightRadar24
2026-09-24 16:07:25,MXD807,OD807,41cf3780,Batik Air Malaysia (Malindo),BTK,N/A,B738,N/A,9M-LDD,N/A,KUL,N/A,N/A,N/A,SIN,N/A,N/A,N/A,0.8895,103.8159,109,N/A,4175.8,13700,531.5,287,-8.13,-1600,Descending (Landing/Approach),0,N/A,N/A,N/A,N/A,FlightRadar24
2026-09-24 16:07:25,VHULJ,N/A,41cf038b,Private / Business Jet / General Aviation,N/A,N/A,LJ60,N/A,VH-ULJ,N/A,DAD,N/A,N/A,N/A,XSP,N/A,N/A,N/A,1.4083,103.8628,120,N/A,0.0,0,22.2,12,0.0,0,On Taxiway/Runway,1,N/A,N/A,N/A,N/A,FlightRadar24
2026-09-24 16:07:25,VJT294,VJT294,41cd490d,Other Airline,VJT,N/A,GL7T,N/A,9H-VIC,N/A,MLA,N/A,N/A,N/A,XSP,N/A,N/A,N/A,1.4071,103.8636,348,N/A,0.0,0,1.9,1,0.0,0,On Taxiway/Runway,1,N/A,N/A,N/A,N/A,FlightRadar24
2026-09-24 16:07:25,VJT735,VJT735,41cf5873,Other Airline,VJT,N/A,GL7T,N/A,9H-VIL,N/A,XSP,N/A,N/A,N/A,N/A,N/A,N/A,N/A,1.4059,103.8641,160,N/A,0.0,0,0.0,0,0.0,0,On Taxiway/Runway,1,N/A,N/A,N/A,N/A,FlightRadar24
2026-09-24 16:07:25,VTAHM,N/A,41cf56c5,Other Airline,KBJ,N/A,E35L,N/A,VT-AHM,N/A,XSP,N/A,N/A,N/A,N/A,N/A,N/A,N/A,1.4102,103.8651,213,N/A,0.0,0,0.0,0,0.0,0,On Taxiway/Runway,1,N/A,N/A,N/A,N/A,FlightRadar24
2026-09-24 16:07:25,T79999,N/A,41cee795,Private / Business Jet / General Aviation,N/A,N/A,GLEX,N/A,T7-9999,N/A,VTE,N/A,N/A,N/A,XSP,N/A,N/A,N/A,1.4216,103.8682,123,N/A,0.0,0,0.0,0,0.0,0,On Taxiway/Runway,1,N/A,N/A,N/A,N/A,FlightRadar24
2026-09-24 16:07:25,N/A,N/A,41cf57cd,Unknown,QFA,N/A,A333,N/A,VH-QPB,N/A,QPG,N/A,N/A,N/A,N/A,N/A,N/A,N/A,1.3504,103.8963,98,N/A,0.0,0,0.0,0,0.0,0,On Taxiway/Runway,1,N/A,N/A,N/A,N/A,FlightRadar24
2026-09-24 16:07:25,CTV968,QG968,41cf2394,Citilink,CTV,N/A,A20N,N/A,PK-GTF,N/A,CGK,N/A,N/A,N/A,BTH,N/A,N/A,N/A,0.8965,103.9163,16,N/A,1409.7,4625,442.6,239,-11.05,-2176,Descending (Landing/Approach),0,N/A,N/A,N/A,N/A,FlightRadar24
2026-09-24 16:07:25,QFA71,QF71,41cead71,Qantas,QFA,N/A,A332,N/A,VH-EBD,N/A,PER,N/A,N/A,N/A,SIN,N/A,N/A,N/A,0.7306,103.9593,348,N/A,5014.0,16450,537.1,290,-5.2,-1024,Descending (Landing/Approach),0,N/A,N/A,N/A,N/A,FlightRadar24
2026-09-24 16:07:25,TGW412,N/A,41cf52d3,Scoot,TGW,N/A,E290,N/A,9V-THH,N/A,N/A,N/A,N/A,N/A,N/A,N/A,N/A,N/A,1.3074,103.9758,203,N/A,487.7,1600,318.5,172,3.25,640,Climbing (Takeoff),0,N/A,N/A,N/A,N/A,FlightRadar24
2026-09-24 16:07:25,R49,N/A,41cf1aae,Other Airline,N/A,N/A,GRND,N/A,N/A,N/A,SIN,N/A,N/A,N/A,N/A,N/A,N/A,N/A,1.3483,103.9793,112,N/A,0.0,0,0.0,0,0.0,0,On Taxiway/Runway,1,N/A,N/A,N/A,N/A,FlightRadar24
2026-09-24 16:07:25,MAS605,MH605,41cf3213,Malaysia Airlines,MAS,N/A,B38M,N/A,9M-MVL,N/A,KUL,N/A,N/A,N/A,SIN,N/A,N/A,N/A,1.3554,103.982,61,N/A,0.0,0,16.7,9,0.0,0,On Taxiway/Runway,1,N/A,N/A,N/A,N/A,FlightRadar24
2026-09-24 16:07:25,ATT88,N/A,41ceee6e,Other Airline,N/A,N/A,GRND,N/A,N/A,N/A,SIN,N/A,N/A,N/A,N/A,N/A,N/A,N/A,1.3545,103.9827,22,N/A,0.0,0,0.0,0,0.0,0,On Taxiway/Runway,1,N/A,N/A,N/A,N/A,FlightRadar24
2026-09-24 16:07:25,CES567,MU567,41cea416,China Eastern Airlines,CES,N/A,A359,N/A,B-30CW,N/A,PVG,N/A,N/A,N/A,SIN,N/A,N/A,N/A,1.3509,103.9834,112,N/A,0.0,0,0.0,0,0.0,0,On Taxiway/Runway,1,N/A,N/A,N/A,N/A,FlightRadar24
2026-09-24 16:07:25,ATT83,N/A,41cf3ba7,Other Airline,N/A,N/A,GRND,N/A,N/A,N/A,SIN,N/A,N/A,N/A,N/A,N/A,N/A,N/A,1.3515,103.9838,78,N/A,0.0,0,0.0,0,0.0,0,On Taxiway/Runway,1,N/A,N/A,N/A,N/A,FlightRadar24
2026-09-24 16:07:25,CAL757,CI757,41cec53d,China Airlines (Taiwan),CAL,N/A,B738,N/A,B-18660,N/A,KHH,N/A,N/A,N/A,SIN,N/A,N/A,N/A,1.3592,103.9847,22,N/A,0.0,0,24.1,13,0.0,0,On Taxiway/Runway,1,N/A,N/A,N/A,N/A,FlightRadar24
2026-09-24 16:07:25,SIA836,SQ836,41cf52a8,Singapore Airlines,SIA,N/A,B78X,N/A,9V-SCB,N/A,SIN,N/A,N/A,N/A,PVG,N/A,N/A,N/A,1.3604,103.9874,112,N/A,0.0,0,0.0,0,0.0,0,On Taxiway/Runway,1,N/A,N/A,N/A,N/A,FlightRadar24
2026-09-24 16:07:25,SWR176,LX176,41cd8f42,Swiss International Air Lines,SWR,N/A,B77W,N/A,HB-JNB,N/A,ZRH,N/A,N/A,N/A,SIN,N/A,N/A,N/A,1.3465,103.9875,22,N/A,0.0,0,24.1,13,0.0,0,On Taxiway/Runway,1,N/A,N/A,N/A,N/A,FlightRadar24
2026-09-24 16:07:25,R80,N/A,41cf13af,Other Airline,N/A,N/A,GRND,N/A,N/A,N/A,SIN,N/A,N/A,N/A,N/A,N/A,N/A,N/A,1.3607,103.9879,202,N/A,0.0,0,25.9,14,0.0,0,On Taxiway/Runway,1,N/A,N/A,N/A,N/A,FlightRadar24
2026-09-24 16:07:25,ATT72,N/A,41cf28be,Other Airline,N/A,N/A,GRND,N/A,N/A,N/A,SIN,N/A,N/A,N/A,N/A,N/A,N/A,N/A,1.369,103.9879,202,N/A,0.0,0,0.0,0,0.0,0,On Taxiway/Runway,1,N/A,N/A,N/A,N/A,FlightRadar24
2026-09-24 16:07:25,TGW468,TR468,41cf5837,Scoot,TGW,N/A,A20N,N/A,9V-TNG,N/A,SIN,N/A,N/A,N/A,KUL,N/A,N/A,N/A,1.3617,103.9879,112,N/A,0.0,0,0.0,0,0.0,0,On Taxiway/Runway,1,N/A,N/A,N/A,N/A,FlightRadar24
2026-09-24 16:07:25,N/A,N/A,41cf5847,Unknown,N/A,N/A,GRND,N/A,N/A,N/A,SIN,N/A,N/A,N/A,N/A,N/A,N/A,N/A,1.3631,103.9888,30,N/A,0.0,0,14.8,8,0.0,0,On Taxiway/Runway,1,N/A,N/A,N/A,N/A,FlightRadar24
2026-09-24 16:07:25,R31,N/A,41cf53d1,Other Airline,N/A,N/A,GRND,N/A,N/A,N/A,SIN,N/A,N/A,N/A,N/A,N/A,N/A,N/A,1.3713,103.9904,0,N/A,0.0,0,0.0,0,0.0,0,On Taxiway/Runway,1,N/A,N/A,N/A,N/A,FlightRadar24
2026-09-24 16:07:25,QFA81,QF81,41ce352b,Qantas,QFA,N/A,A333,N/A,VH-QPM,N/A,SYD,N/A,N/A,N/A,SIN,N/A,N/A,N/A,1.3671,103.9911,118,N/A,0.0,0,16.7,9,0.0,0,On Taxiway/Runway,1,N/A,N/A,N/A,N/A,FlightRadar24
2026-09-24 16:07:25,CSC3910,3U3910,41cf5221,Other Airline,CSC,N/A,A21N,N/A,B-324K,N/A,SIN,N/A,N/A,N/A,TFU,N/A,N/A,N/A,1.3487,103.9915,36,N/A,0.0,0,0.0,0,0.0,0,On Taxiway/Runway,1,N/A,N/A,N/A,N/A,FlightRadar24
2026-09-24 16:07:25,FDX6071,FX6071,41cf4667,FedEx Express,FDX,N/A,B763,N/A,N122FE,N/A,SIN,N/A,N/A,N/A,N/A,N/A,N/A,N/A,1.3672,103.993,202,N/A,0.0,0,0.0,0,0.0,0,On Taxiway/Runway,1,N/A,N/A,N/A,N/A,FlightRadar24
2026-09-24 16:07:25,SIA928,SQ928,41cf5007,Singapore Airlines,SIA,N/A,B38M,N/A,9V-MBZ,N/A,SIN,N/A,N/A,N/A,SUB,N/A,N/A,N/A,1.353,103.9933,22,N/A,0.0,0,27.8,15,0.0,0,On Taxiway/Runway,1,N/A,N/A,N/A,N/A,FlightRadar24
2026-09-24 16:07:25,AT19,N/A,41cf0b28,Other Airline,N/A,N/A,GRND,N/A,N/A,N/A,SIN,N/A,N/A,N/A,N/A,N/A,N/A,N/A,1.3665,103.9937,112,N/A,0.0,0,20.4,11,0.0,0,On Taxiway/Runway,1,N/A,N/A,N/A,N/A,FlightRadar24
2026-09-24 16:07:25,TGW188,TR188,41cf54e3,Scoot,TGW,N/A,B788,N/A,9V-OFA,N/A,SIN,N/A,N/A,N/A,HGH,N/A,N/A,N/A,1.3619,103.994,22,N/A,0.0,0,14.8,8,0.0,0,On Taxiway/Runway,1,N/A,N/A,N/A,N/A,FlightRadar24
2026-09-24 16:07:25,SIA232,SQ232,41ce40be,Singapore Airlines,SIA,N/A,A388,N/A,9V-SKR,N/A,SYD,N/A,N/A,N/A,SIN,N/A,N/A,N/A,1.3887,103.9942,202,N/A,121.9,400,246.3,133,-3.9,-768,Descending (Landing/Approach),0,N/A,N/A,N/A,N/A,FlightRadar24
2026-09-24 16:07:25,ATT03,N/A,41cf2226,Other Airline,N/A,N/A,GRND,N/A,N/A,N/A,SIN,N/A,N/A,N/A,N/A,N/A,N/A,N/A,1.3773,103.9945,22,N/A,0.0,0,0.0,0,0.0,0,On Taxiway/Runway,1,N/A,N/A,N/A,N/A,FlightRadar24
2026-09-24 16:07:25,SIA806,SQ806,41cf4ad0,Singapore Airlines,SIA,N/A,B78X,N/A,9V-SDA,N/A,SIN,N/A,N/A,N/A,PEK,N/A,N/A,N/A,1.3646,103.9969,112,N/A,0.0,0,9.3,5,0.0,0,On Taxiway/Runway,1,N/A,N/A,N/A,N/A,FlightRadar24
2026-09-24 16:07:25,SIA406,SQ406,41cf4b2f,Singapore Airlines,SIA,N/A,A388,N/A,9V-SKN,N/A,SIN,N/A,N/A,N/A,DEL,N/A,N/A,N/A,1.3639,103.9985,129,N/A,0.0,0,20.4,11,0.0,0,On Taxiway/Runway,1,N/A,N/A,N/A,N/A,FlightRadar24
2026-09-24 16:07:25,FDX5601,FX5601,41cf55b4,FedEx Express,FDX,N/A,B77L,N/A,N848FD,N/A,SIN,N/A,N/A,N/A,ANC,N/A,N/A,N/A,1.3725,103.9999,62,N/A,0.0,0,1.9,1,0.0,0,On Taxiway/Runway,1,N/A,N/A,N/A,N/A,FlightRadar24
2026-09-24 16:07:25,SIA525,SQ525,41cec22b,Singapore Airlines,SIA,N/A,A359,N/A,9V-SHP,N/A,MAA,N/A,N/A,N/A,SIN,N/A,N/A,N/A,1.4615,104.0249,202,N/A,563.9,1850,288.9,156,-4.23,-832,Descending (Landing/Approach),0,N/A,N/A,N/A,N/A,FlightRadar24
2026-09-24 16:07:25,AXM1725,AK1725,41cf1c6d,AirAsia (Malaysia),AXM,N/A,A320,N/A,9M-AGT,N/A,PEN,N/A,N/A,N/A,SIN,N/A,N/A,N/A,1.4987,104.0568,203,N/A,868.7,2850,357.4,193,-5.53,-1088,Descending (Landing/Approach),0,N/A,N/A,N/A,N/A,FlightRadar24
2026-09-24 16:07:25,QFA51,QF51,41ce46dc,Qantas,QFA,N/A,A332,N/A,VH-EBV,N/A,BNE,N/A,N/A,N/A,SIN,N/A,N/A,N/A,1.5403,104.0581,202,N/A,1028.7,3375,348.2,188,-5.85,-1152,Descending (Landing/Approach),0,N/A,N/A,N/A,N/A,FlightRadar24
2026-09-24 16:07:25,BTK7150,ID7150,41cf4a4f,Batik Air,BTK,N/A,A320,N/A,PK-LUR,N/A,SIN,N/A,N/A,N/A,CGK,N/A,N/A,N/A,1.0301,104.0999,135,N/A,2575.6,8450,638.9,345,12.35,2432,Climbing (Takeoff),0,N/A,N/A,N/A,N/A,FlightRadar24
2026-09-24 16:07:25,TGW524,TR524,41cf4816,Scoot,TGW,N/A,E290,N/A,9V-THB,N/A,SIN,N/A,N/A,N/A,PQC,N/A,N/A,N/A,1.9182,104.1193,345,N/A,6919.0,22700,772.3,417,5.53,1088,Climbing (Takeoff),0,N/A,N/A,N/A,N/A,FlightRadar24
2026-09-24 16:07:25,VJC973,VJ973,41cefbe1,VietJet Air,VJC,N/A,A321,N/A,VN-A542,N/A,DAD,N/A,N/A,N/A,SIN,N/A,N/A,N/A,1.6301,104.1196,253,N/A,1257.3,4125,361.1,195,0.0,0,Cruising,0,N/A,N/A,N/A,N/A,FlightRadar24
2026-09-24 16:07:25,CQH8598,9C8598,41cf4653,Other Airline,CQH,N/A,A20N,N/A,B-30CN,N/A,SIN,N/A,N/A,N/A,PVG,N/A,N/A,N/A,2.2023,104.1255,354,N/A,7071.4,23200,792.7,428,6.5,1280,Climbing (Takeoff),0,N/A,N/A,N/A,N/A,FlightRadar24
2026-09-24 16:07:25,LNI082,JT82,41cf52b6,Lion Air,LNI,N/A,A333,N/A,PK-LEF,N/A,BTH,N/A,N/A,N/A,JED,N/A,N/A,N/A,1.1347,104.1302,39,N/A,0.0,0,16.7,9,0.0,0,On Taxiway/Runway,1,N/A,N/A,N/A,N/A,FlightRadar24
2026-09-24 16:07:25,SIA917,SQ917,41cee377,Singapore Airlines,SIA,N/A,A359,N/A,9V-SHU,N/A,MNL,N/A,N/A,N/A,SIN,N/A,N/A,N/A,1.5448,104.2013,340,N/A,1257.3,4125,411.1,222,-0.33,-64,Cruising,0,N/A,N/A,N/A,N/A,FlightRadar24
2026-09-24 16:07:25,TGW309,TR309,41cf172f,Scoot,TGW,N/A,A320,N/A,9V-TRT,N/A,CGK,N/A,N/A,N/A,SIN,N/A,N/A,N/A,1.6445,104.2483,335,N/A,952.5,3125,368.5,199,0.0,0,Cruising,0,N/A,N/A,N/A,N/A,FlightRadar24
2026-09-24 16:07:25,THA407,TG407,41cefee0,Thai Airways International,THA,N/A,A21N,N/A,HS-TOB,N/A,BKK,N/A,N/A,N/A,SIN,N/A,N/A,N/A,1.4798,104.3013,269,N/A,2095.5,6875,459.3,248,-5.2,-1024,Descending (Landing/Approach),0,N/A,N/A,N/A,N/A,FlightRadar24
2026-09-24 16:07:25,IGO1457,6E1457,41cebcd9,IndiGo,IGO,N/A,A21N,N/A,VT-NCK,N/A,BLR,N/A,N/A,N/A,SIN,N/A,N/A,N/A,1.0068,104.3055,71,N/A,2781.3,9125,472.3,255,0.0,0,Cruising,0,N/A,N/A,N/A,N/A,FlightRadar24
2026-09-24 16:07:25,ETH628,ET628,41cf0b00,Other Airline,ETH,N/A,B789,N/A,ET-AXL,N/A,BKK,N/A,N/A,N/A,CGK,N/A,N/A,N/A,1.0294,104.3448,158,N/A,12496.8,41000,935.3,505,0.0,0,Cruising,0,N/A,N/A,N/A,N/A,FlightRadar24
2026-09-24 16:07:25,SIA135,SQ135,41cf1fe8,Singapore Airlines,SIA,N/A,B38M,N/A,9V-MBF,N/A,PEN,N/A,N/A,N/A,SIN,N/A,N/A,N/A,1.3452,104.3532,350,N/A,1226.8,4025,457.4,247,-2.93,-576,Descending (Landing/Approach),0,N/A,N/A,N/A,N/A,FlightRadar24
2026-09-24 16:07:25,TGW228,TR228,41cf46af,Scoot,TGW,N/A,A320,N/A,9V-TRU,N/A,SIN,N/A,N/A,N/A,YIA,N/A,N/A,N/A,0.7879,104.4026,142,N/A,3581.4,11750,576.0,311,13.98,2752,Climbing (Takeoff),0,N/A,N/A,N/A,N/A,FlightRadar24
2026-09-24 16:07:25,HVN655,VN655,41cf114e,Vietnam Airlines,HVN,N/A,A321,N/A,VN-A612,N/A,SGN,N/A,N/A,N/A,SIN,N/A,N/A,N/A,1.5197,104.4051,214,N/A,2507.0,8225,474.1,256,-3.58,-704,Descending (Landing/Approach),0,N/A,N/A,N/A,N/A,FlightRadar24
2026-09-24 16:07:25,SIA851,SQ851,41cee02d,Singapore Airlines,SIA,N/A,B78X,N/A,9V-SCT,N/A,CAN,N/A,N/A,N/A,SIN,N/A,N/A,N/A,1.68,104.4441,187,N/A,2796.5,9175,488.9,264,-4.88,-960,Descending (Landing/Approach),0,N/A,N/A,N/A,N/A,FlightRadar24
2026-09-24 16:07:25,BTK7630,ID7630,41cf09e3,Batik Air,BTK,N/A,A320,N/A,PK-BKP,N/A,DMK,N/A,N/A,N/A,CGK,N/A,N/A,N/A,0.897,104.4503,160,N/A,10066.0,33025,866.7,468,0.0,0,Cruising,0,N/A,N/A,N/A,N/A,FlightRadar24
2026-09-24 16:07:25,SIA191,SQ191,41cee979,Singapore Airlines,SIA,N/A,A359,N/A,9V-SHI,N/A,HAN,N/A,N/A,N/A,SIN,N/A,N/A,N/A,1.8219,104.4586,175,N/A,4160.5,13650,514.9,278,-5.53,-1088,Descending (Landing/Approach),0,N/A,N/A,N/A,N/A,FlightRadar24
2026-09-24 16:07:25,SIA959,SQ959,41cf1902,Singapore Airlines,SIA,N/A,A359,N/A,9V-SMC,N/A,CGK,N/A,N/A,N/A,SIN,N/A,N/A,N/A,1.1055,104.4601,54,N/A,3779.5,12400,509.3,275,-3.9,-768,Descending (Landing/Approach),0,N/A,N/A,N/A,N/A,FlightRadar24
2026-09-24 16:07:25,AIH395,KJ395,41ce940b,Other Airline,AIH,N/A,B744,N/A,HL7645,N/A,ICN,N/A,N/A,N/A,N/A,N/A,N/A,N/A,2.2599,104.4858,359,N/A,5501.6,18050,581.5,314,-11.38,-2240,Descending (Landing/Approach),0,N/A,N/A,N/A,N/A,FlightRadar24
2026-09-24 16:07:25,JAL37,JL37,41ce7d43,Japan Airlines (JAL),JAL,N/A,B789,N/A,JA874J,N/A,HND,N/A,N/A,N/A,SIN,N/A,N/A,N/A,1.0845,104.6228,228,N/A,4389.1,14400,505.6,273,-1.63,-320,Descending (Landing/Approach),0,N/A,N/A,N/A,N/A,FlightRadar24
2026-09-24 16:14:28,FFM3131,FY3131,41cf462c,Other Airline,FFM,N/A,AT75,N/A,9M-FYD,N/A,XSP,N/A,N/A,N/A,SZB,N/A,N/A,N/A,1.8371,103.3098,302,N/A,4038.6,13250,388.9,210,0.65,128,Cruising,0,N/A,N/A,N/A,N/A,FlightRadar24
2026-09-24 16:14:28,IGO1013,6E1013,41ce91e0,IndiGo,IGO,N/A,A21N,N/A,VT-NCA,N/A,DEL,N/A,N/A,N/A,SIN,N/A,N/A,N/A,0.9622,103.5126,109,N/A,4564.4,14975,538.9,291,-2.6,-512,Descending (Landing/Approach),0,N/A,N/A,N/A,N/A,FlightRadar24
2026-09-24 16:14:28,AXM6204,AK6204,41cf35dd,AirAsia (Malaysia),AXM,N/A,A320,N/A,9M-AJG,N/A,KBR,N/A,N/A,N/A,JHB,N/A,N/A,N/A,1.6558,103.6639,160,N/A,83.8,275,266.7,144,-3.58,-704,Descending (Landing/Approach),0,N/A,N/A,N/A,N/A,FlightRadar24
2026-09-24 16:14:28,SIA115,SQ115,41cf3c6e,Singapore Airlines,SIA,N/A,B38M,N/A,9V-MBY,N/A,KUL,N/A,N/A,N/A,SIN,N/A,N/A,N/A,0.88,103.7463,93,N/A,4335.8,14225,533.4,288,-2.28,-448,Descending (Landing/Approach),0,N/A,N/A,N/A,N/A,FlightRadar24
2026-09-24 16:14:28,LNI165,JT165,41cf43ad,Lion Air,LNI,N/A,B739,N/A,PK-LSH,N/A,KUL,N/A,N/A,N/A,LOP,N/A,N/A,N/A,0.998,103.8216,97,N/A,9448.8,31000,837.1,452,0.0,0,Cruising,0,N/A,N/A,N/A,N/A,FlightRadar24
2026-09-24 16:14:28,SIA406,SQ406,41cf4b2f,Singapore Airlines,SIA,N/A,A388,N/A,9V-SKN,N/A,SIN,N/A,N/A,N/A,DEL,N/A,N/A,N/A,1.0559,103.8432,224,N/A,1866.9,6125,516.7,279,0.0,0,Cruising,0,N/A,N/A,N/A,N/A,FlightRadar24
2026-09-24 16:14:28,VJT294,VJT294,41cd490d,Other Airline,VJT,N/A,GL7T,N/A,9H-VIC,N/A,MLA,N/A,N/A,N/A,XSP,N/A,N/A,N/A,1.4071,103.8636,348,N/A,0.0,0,1.9,1,0.0,0,On Taxiway/Runway,1,N/A,N/A,N/A,N/A,FlightRadar24
2026-09-24 16:14:28,VJT735,VJT735,41cf5873,Other Airline,VJT,N/A,GL7T,N/A,9H-VIL,N/A,XSP,N/A,N/A,N/A,N/A,N/A,N/A,N/A,1.4059,103.8641,160,N/A,0.0,0,0.0,0,0.0,0,On Taxiway/Runway,1,N/A,N/A,N/A,N/A,FlightRadar24
2026-09-24 16:14:28,VTAHM,N/A,41cf56c5,Other Airline,KBJ,N/A,E35L,N/A,VT-AHM,N/A,XSP,N/A,N/A,N/A,N/A,N/A,N/A,N/A,1.5917,103.8647,293,N/A,2057.4,6750,501.9,271,13.0,2560,Climbing (Takeoff),0,N/A,N/A,N/A,N/A,FlightRadar24
2026-09-24 16:14:28,T79999,N/A,41cee795,Private / Business Jet / General Aviation,N/A,N/A,GLEX,N/A,T7-9999,N/A,VTE,N/A,N/A,N/A,XSP,N/A,N/A,N/A,1.4216,103.8682,123,N/A,0.0,0,0.0,0,0.0,0,On Taxiway/Runway,1,N/A,N/A,N/A,N/A,FlightRadar24
2026-09-24 16:14:28,LNI082,JT82,41cf52b6,Lion Air,LNI,N/A,A333,N/A,PK-LEF,N/A,BTH,N/A,N/A,N/A,JED,N/A,N/A,N/A,0.8689,103.8904,223,N/A,1745.0,5725,518.6,280,2.93,576,Climbing (Takeoff),0,N/A,N/A,N/A,N/A,FlightRadar24
2026-09-24 16:14:28,N/A,N/A,41cf57cd,Unknown,QFA,N/A,A333,N/A,VH-QPB,N/A,QPG,N/A,N/A,N/A,N/A,N/A,N/A,N/A,1.3504,103.8963,98,N/A,0.0,0,0.0,0,0.0,0,On Taxiway/Runway,1,N/A,N/A,N/A,N/A,FlightRadar24
2026-09-24 16:14:28,SIA806,SQ806,41cf4ad0,Singapore Airlines,SIA,N/A,B78X,N/A,9V-SDA,N/A,SIN,N/A,N/A,N/A,PEK,N/A,N/A,N/A,1.276,103.9625,203,N/A,602.0,1975,420.4,227,8.13,1600,Climbing (Takeoff),0,N/A,N/A,N/A,N/A,FlightRadar24
2026-09-24 16:14:28,R53,N/A,41cf4b56,Other Airline,N/A,N/A,GRND,N/A,N/A,N/A,SIN,N/A,N/A,N/A,N/A,N/A,N/A,N/A,1.3462,103.9791,140,N/A,0.0,0,31.5,17,0.0,0,On Taxiway/Runway,1,N/A,N/A,N/A,N/A,FlightRadar24
2026-09-24 16:14:28,H11,N/A,41cf081e,Other Airline,N/A,N/A,GRND,N/A,N/A,N/A,SIN,N/A,N/A,N/A,N/A,N/A,N/A,N/A,1.3686,103.9804,253,N/A,0.0,0,0.0,0,0.0,0,On Taxiway/Runway,1,N/A,N/A,N/A,N/A,FlightRadar24
2026-09-24 16:14:28,VJC973,VJ973,41cefbe1,VietJet Air,VJC,N/A,A321,N/A,VN-A542,N/A,DAD,N/A,N/A,N/A,SIN,N/A,N/A,N/A,1.3557,103.9812,174,N/A,0.0,0,59.3,32,0.0,0,On Taxiway/Runway,1,N/A,N/A,N/A,N/A,FlightRadar24
2026-09-24 16:14:28,ATT07,N/A,41cf1f90,Other Airline,N/A,N/A,GRND,N/A,N/A,N/A,SIN,N/A,N/A,N/A,N/A,N/A,N/A,N/A,1.3494,103.9821,70,N/A,0.0,0,0.0,0,0.0,0,On Taxiway/Runway,1,N/A,N/A,N/A,N/A,FlightRadar24
2026-09-24 16:14:28,R80,N/A,41cf13af,Other Airline,N/A,N/A,GRND,N/A,N/A,N/A,SIN,N/A,N/A,N/A,N/A,N/A,N/A,N/A,1.3495,103.9823,140,N/A,0.0,0,1.9,1,0.0,0,On Taxiway/Runway,1,N/A,N/A,N/A,N/A,FlightRadar24
2026-09-24 16:14:28,ATT83,N/A,41cf3ba7,Other Airline,N/A,N/A,GRND,N/A,N/A,N/A,SIN,N/A,N/A,N/A,N/A,N/A,N/A,N/A,1.3515,103.9837,289,N/A,0.0,0,5.6,3,0.0,0,On Taxiway/Runway,1,N/A,N/A,N/A,N/A,FlightRadar24
2026-09-24 16:14:28,SIA525,SQ525,41cec22b,Singapore Airlines,SIA,N/A,A359,N/A,9V-SHP,N/A,MAA,N/A,N/A,N/A,SIN,N/A,N/A,N/A,1.3521,103.9839,112,N/A,0.0,0,1.9,1,0.0,0,On Taxiway/Runway,1,N/A,N/A,N/A,N/A,FlightRadar24
2026-09-24 16:14:28,SIA232,SQ232,41ce40be,Singapore Airlines,SIA,N/A,A388,N/A,9V-SKR,N/A,SYD,N/A,N/A,N/A,SIN,N/A,N/A,N/A,1.3544,103.9846,64,N/A,0.0,0,0.0,0,0.0,0,On Taxiway/Runway,1,N/A,N/A,N/A,N/A,FlightRadar24
2026-09-24 16:14:28,QFA51,QF51,41ce46dc,Qantas,QFA,N/A,A332,N/A,VH-EBV,N/A,BNE,N/A,N/A,N/A,SIN,N/A,N/A,N/A,1.3617,103.9848,22,N/A,0.0,0,0.0,0,0.0,0,On Taxiway/Runway,1,N/A,N/A,N/A,N/A,FlightRadar24
2026-09-24 16:14:28,AXM1725,AK1725,41cf1c6d,AirAsia (Malaysia),AXM,N/A,A320,N/A,9M-AGT,N/A,PEN,N/A,N/A,N/A,SIN,N/A,N/A,N/A,1.3388,103.985,292,N/A,0.0,0,0.0,0,0.0,0,On Taxiway/Runway,1,N/A,N/A,N/A,N/A,FlightRadar24
2026-09-24 16:14:28,ATT87,N/A,41cef870,Other Airline,N/A,N/A,GRND,N/A,N/A,N/A,SIN,N/A,N/A,N/A,N/A,N/A,N/A,N/A,1.3611,103.9866,33,N/A,0.0,0,0.0,0,0.0,0,On Taxiway/Runway,1,N/A,N/A,N/A,N/A,FlightRadar24
2026-09-24 16:14:28,SIA836,SQ836,41cf52a8,Singapore Airlines,SIA,N/A,B78X,N/A,9V-SCB,N/A,SIN,N/A,N/A,N/A,PVG,N/A,N/A,N/A,1.3613,103.9866,202,N/A,0.0,0,0.0,0,0.0,0,On Taxiway/Runway,1,N/A,N/A,N/A,N/A,FlightRadar24
2026-09-24 16:14:28,ATT72,N/A,41cf28be,Other Airline,N/A,N/A,GRND,N/A,N/A,N/A,SIN,N/A,N/A,N/A,N/A,N/A,N/A,N/A,1.369,103.9879,202,N/A,0.0,0,0.0,0,0.0,0,On Taxiway/Runway,1,N/A,N/A,N/A,N/A,FlightRadar24
2026-09-24 16:14:28,TGW468,TR468,41cf5837,Scoot,TGW,N/A,A20N,N/A,9V-TNG,N/A,SIN,N/A,N/A,N/A,KUL,N/A,N/A,N/A,1.3617,103.9879,112,N/A,0.0,0,0.0,0,0.0,0,On Taxiway/Runway,1,N/A,N/A,N/A,N/A,FlightRadar24
2026-09-24 16:14:28,ATT97,N/A,41cf0c99,Other Airline,N/A,N/A,GRND,N/A,N/A,N/A,SIN,N/A,N/A,N/A,N/A,N/A,N/A,N/A,1.3514,103.9882,22,N/A,0.0,0,29.6,16,0.0,0,On Taxiway/Runway,1,N/A,N/A,N/A,N/A,FlightRadar24
2026-09-24 16:14:28,R31,N/A,41cf53d1,Other Airline,N/A,N/A,GRND,N/A,N/A,N/A,SIN,N/A,N/A,N/A,N/A,N/A,N/A,N/A,1.3713,103.9904,0,N/A,0.0,0,0.0,0,0.0,0,On Taxiway/Runway,1,N/A,N/A,N/A,N/A,FlightRadar24
2026-09-24 16:14:28,R72,N/A,41cf5cae,Other Airline,N/A,N/A,GRND,N/A,N/A,N/A,SIN,N/A,N/A,N/A,N/A,N/A,N/A,N/A,1.371,103.9917,0,N/A,0.0,0,0.0,0,0.0,0,On Taxiway/Runway,1,N/A,N/A,N/A,N/A,FlightRadar24
2026-09-24 16:14:28,FDX6071,FX6071,41cf4667,FedEx Express,FDX,N/A,B763,N/A,N122FE,N/A,SIN,N/A,N/A,N/A,N/A,N/A,N/A,N/A,1.3672,103.993,202,N/A,0.0,0,0.0,0,0.0,0,On Taxiway/Runway,1,N/A,N/A,N/A,N/A,FlightRadar24
2026-09-24 16:14:28,MAS605,MH605,41cf3213,Malaysia Airlines,MAS,N/A,B38M,N/A,9M-MVL,N/A,KUL,N/A,N/A,N/A,SIN,N/A,N/A,N/A,1.363,103.9946,233,N/A,0.0,0,0.0,0,0.0,0,On Taxiway/Runway,1,N/A,N/A,N/A,N/A,FlightRadar24
2026-09-24 16:14:28,ATT03,N/A,41cf2226,Other Airline,N/A,N/A,GRND,N/A,N/A,N/A,SIN,N/A,N/A,N/A,N/A,N/A,N/A,N/A,1.3799,103.9956,70,N/A,0.0,0,0.0,0,0.0,0,On Taxiway/Runway,1,N/A,N/A,N/A,N/A,FlightRadar24
2026-09-24 16:14:28,FDX5601,FX5601,41cf55b4,FedEx Express,FDX,N/A,B77L,N/A,N848FD,N/A,SIN,N/A,N/A,N/A,ANC,N/A,N/A,N/A,1.3644,103.9974,23,N/A,0.0,0,3.7,2,0.0,0,On Taxiway/Runway,1,N/A,N/A,N/A,N/A,FlightRadar24
2026-09-24 16:14:28,TGW188,TR188,41cf54e3,Scoot,TGW,N/A,B788,N/A,9V-OFA,N/A,SIN,N/A,N/A,N/A,HGH,N/A,N/A,N/A,1.364,103.9983,112,N/A,0.0,0,0.0,0,0.0,0,On Taxiway/Runway,1,N/A,N/A,N/A,N/A,FlightRadar24
2026-09-24 16:14:28,SIA928,SQ928,41cf5007,Singapore Airlines,SIA,N/A,B38M,N/A,9V-MBZ,N/A,SIN,N/A,N/A,N/A,SUB,N/A,N/A,N/A,1.3616,103.9988,202,N/A,0.0,0,0.0,0,0.0,0,On Taxiway/Runway,1,N/A,N/A,N/A,N/A,FlightRadar24
2026-09-24 16:14:28,SIA917,SQ917,41cee377,Singapore Airlines,SIA,N/A,A359,N/A,9V-SHU,N/A,MNL,N/A,N/A,N/A,SIN,N/A,N/A,N/A,1.4051,104.0012,202,N/A,221.0,725,264.8,143,-4.23,-832,Descending (Landing/Approach),0,N/A,N/A,N/A,N/A,FlightRadar24
2026-09-24 16:14:28,R18,N/A,41cf52da,Other Airline,N/A,N/A,GRND,N/A,N/A,N/A,SIN,N/A,N/A,N/A,N/A,N/A,N/A,N/A,1.3468,104.0058,22,N/A,0.0,0,0.0,0,0.0,0,On Taxiway/Runway,1,N/A,N/A,N/A,N/A,FlightRadar24
2026-09-24 16:14:28,QFA71,QF71,41cead71,Qantas,QFA,N/A,A332,N/A,VH-EBD,N/A,PER,N/A,N/A,N/A,SIN,N/A,N/A,N/A,0.7592,104.0277,15,N/A,3436.6,11275,481.5,260,-2.6,-512,Descending (Landing/Approach),0,N/A,N/A,N/A,N/A,FlightRadar24
2026-09-24 16:14:28,THA407,TG407,41cefee0,Thai Airways International,THA,N/A,A21N,N/A,HS-TOB,N/A,BKK,N/A,N/A,N/A,SIN,N/A,N/A,N/A,1.4759,104.0309,203,N/A,647.7,2125,326.0,176,-4.55,-896,Descending (Landing/Approach),0,N/A,N/A,N/A,N/A,FlightRadar24
2026-09-24 16:14:28,MXD807,OD807,41cf3780,Batik Air Malaysia (Malindo),BTK,N/A,B738,N/A,9M-LDD,N/A,KUL,N/A,N/A,N/A,SIN,N/A,N/A,N/A,1.0592,104.0328,50,N/A,3253.7,10675,500.0,270,-5.53,-1088,Descending (Landing/Approach),0,N/A,N/A,N/A,N/A,FlightRadar24
2026-09-24 16:14:28,TGW309,TR309,41cf172f,Scoot,TGW,N/A,A320,N/A,9V-TRT,N/A,CGK,N/A,N/A,N/A,SIN,N/A,N/A,N/A,1.467,104.0434,202,N/A,678.2,2225,322.2,174,-4.55,-896,Descending (Landing/Approach),0,N/A,N/A,N/A,N/A,FlightRadar24
2026-09-24 16:14:28,HVN655,VN655,41cf114e,Vietnam Airlines,HVN,N/A,A321,N/A,VN-A612,N/A,SGN,N/A,N/A,N/A,SIN,N/A,N/A,N/A,1.5641,104.0683,203,N/A,1181.1,3875,357.4,193,-4.23,-832,Descending (Landing/Approach),0,N/A,N/A,N/A,N/A,FlightRadar24
2026-09-24 16:14:28,SIA135,SQ135,41cf1fe8,Singapore Airlines,SIA,N/A,B38M,N/A,9V-MBF,N/A,PEN,N/A,N/A,N/A,SIN,N/A,N/A,N/A,1.6303,104.1329,231,N/A,952.5,3125,359.3,194,0.33,64,Cruising,0,N/A,N/A,N/A,N/A,FlightRadar24
2026-09-24 16:14:28,SIA851,SQ851,41cee02d,Singapore Airlines,SIA,N/A,B78X,N/A,9V-SCT,N/A,CAN,N/A,N/A,N/A,SIN,N/A,N/A,N/A,1.5963,104.1515,320,N/A,1249.7,4100,390.8,211,-1.3,-256,Cruising,0,N/A,N/A,N/A,N/A,FlightRadar24
2026-09-24 16:14:28,SIA959,SQ959,41cf1902,Singapore Airlines,SIA,N/A,A359,N/A,9V-SMC,N/A,CGK,N/A,N/A,N/A,SIN,N/A,N/A,N/A,1.4236,104.2106,350,N/A,1973.6,6475,411.1,222,-5.2,-1024,Descending (Landing/Approach),0,N/A,N/A,N/A,N/A,FlightRadar24
2026-09-24 16:14:28,IGO1457,6E1457,41cebcd9,IndiGo,IGO,N/A,A21N,N/A,VT-NCK,N/A,BLR,N/A,N/A,N/A,SIN,N/A,N/A,N/A,1.3008,104.2383,326,N/A,1927.9,6325,414.8,224,-3.9,-768,Descending (Landing/Approach),0,N/A,N/A,N/A,N/A,FlightRadar24
2026-09-24 16:14:28,JAL37,JL37,41ce7d43,Japan Airlines (JAL),JAL,N/A,B789,N/A,JA874J,N/A,HND,N/A,N/A,N/A,SIN,N/A,N/A,N/A,1.1839,104.2693,356,N/A,3078.5,10100,427.8,231,-5.85,-1152,Descending (Landing/Approach),0,N/A,N/A,N/A,N/A,FlightRadar24
2026-09-24 16:14:28,CTV968,QG968,41cf2394,Citilink,CTV,N/A,A20N,N/A,PK-GTF,N/A,CGK,N/A,N/A,N/A,BTH,N/A,N/A,N/A,1.1553,104.2992,34,N/A,944.9,3100,446.3,241,-0.98,-192,Cruising,0,N/A,N/A,N/A,N/A,FlightRadar24
2026-09-24 16:14:28,AIH395,KJ395,41ce940b,Other Airline,AIH,N/A,B744,N/A,HL7645,N/A,ICN,N/A,N/A,N/A,N/A,N/A,N/A,N/A,1.9832,104.3619,168,N/A,3078.5,10100,496.3,268,-7.8,-1536,Descending (Landing/Approach),0,N/A,N/A,N/A,N/A,FlightRadar24
2026-09-24 16:14:28,TGW412,N/A,41cf52d3,Scoot,TGW,N/A,E290,N/A,9V-THH,N/A,N/A,N/A,N/A,N/A,N/A,N/A,N/A,N/A,1.0785,104.3959,91,N/A,2857.5,9375,633.4,342,9.75,1920,Climbing (Takeoff),0,N/A,N/A,N/A,N/A,FlightRadar24
2026-09-24 16:14:28,SIA191,SQ191,41cee979,Singapore Airlines,SIA,N/A,A359,N/A,9V-SHI,N/A,HAN,N/A,N/A,N/A,SIN,N/A,N/A,N/A,1.3237,104.4617,214,N/A,2514.6,8250,433.4,234,-2.6,-512,Descending (Landing/Approach),0,N/A,N/A,N/A,N/A,FlightRadar24
2026-09-24 16:14:28,BTK7150,ID7150,41cf4a4f,Batik Air,BTK,N/A,A320,N/A,PK-LUR,N/A,SIN,N/A,N/A,N/A,CGK,N/A,N/A,N/A,0.5039,104.6104,135,N/A,6225.5,20425,750.1,405,8.13,1600,Climbing (Takeoff),0,N/A,N/A,N/A,N/A,FlightRadar24
2026-09-24 16:21:27,P7301,N/A,41cf4a64,Private / Business Jet / General Aviation,N/A,N/A,B738,N/A,P-7301,N/A,KNO,N/A,N/A,N/A,N/A,N/A,N/A,N/A,2.944,99.571,135,N/A,7551.4,24775,781.5,422,10.73,2112,Climbing (Takeoff),0,N/A,N/A,N/A,N/A,FlightRadar24
2026-09-24 16:21:27,AXM421,AK421,41cf4857,AirAsia (Malaysia),AXM,N/A,A20N,N/A,9M-RAL,N/A,KUL,N/A,N/A,N/A,BTJ,N/A,N/A,N/A,3.579,99.598,308,N/A,11582.4,38000,855.6,462,0.0,0,Cruising,0,N/A,N/A,N/A,N/A,FlightRadar24
2026-09-24 16:21:27,AWQ108,QZ108,41cf4e5d,Indonesia AirAsia,AXM,N/A,A320,N/A,PK-AZO,N/A,KNO,N/A,N/A,N/A,PEN,N/A,N/A,N/A,4.804,99.873,37,N/A,2583.2,8475,624.1,337,-11.38,-2240,Descending (Landing/Approach),0,N/A,N/A,N/A,N/A,FlightRadar24
2026-09-24 16:21:27,FFM2703,FY2703,41cf577b,Other Airline,FFM,N/A,B738,N/A,9M-MLF,N/A,LGK,N/A,N/A,N/A,PEN,N/A,N/A,N/A,5.846,99.977,155,N/A,2788.9,9150,551.9,298,0.33,64,Cruising,0,N/A,N/A,N/A,N/A,FlightRadar24
2026-09-24 16:21:27,GIA162,GA162,41cf27d7,Garuda Indonesia,GIA,N/A,B738,N/A,PK-GUF,N/A,CGK,N/A,N/A,N/A,PDG,N/A,N/A,N/A,-0.736,100.112,346,N/A,1562.1,5125,407.4,220,-2.93,-576,Descending (Landing/Approach),0,N/A,N/A,N/A,N/A,FlightRadar24
2026-09-24 16:21:27,QDA924,QW924,41cf54f6,Other Airline,QDA,N/A,A21N,N/A,B-326M,N/A,PEN,N/A,N/A,N/A,TAO,N/A,N/A,N/A,5.419,100.42,52,N/A,1569.7,5150,513.0,277,8.78,1728,Climbing (Takeoff),0,N/A,N/A,N/A,N/A,FlightRadar24
2026-09-24 16:21:27,AXM6154,AK6154,41cf52b3,AirAsia (Malaysia),AXM,N/A,A20N,N/A,9M-AGN,N/A,PEN,N/A,N/A,N/A,KUL,N/A,N/A,N/A,4.75,100.424,187,N/A,6644.6,21800,709.3,383,8.45,1664,Climbing (Takeoff),0,N/A,N/A,N/A,N/A,FlightRadar24
2026-09-24 16:21:27,DAH3156,AH3156,41cd8be1,Other Airline,DAH,N/A,A339,N/A,7T-VJF,N/A,ALG,N/A,N/A,N/A,KUL,N/A,N/A,N/A,3.344,100.578,154,N/A,6720.8,22050,659.3,356,-2.6,-512,Descending (Landing/Approach),0,N/A,N/A,N/A,N/A,FlightRadar24
2026-09-24 16:21:27,FIN131,AY131,41cdc01a,Other Airline,FIN,N/A,A359,N/A,OH-LWS,N/A,HEL,N/A,N/A,N/A,SIN,N/A,N/A,N/A,4.639,100.719,151,N/A,12496.8,41000,894.5,483,-0.33,-64,Cruising,0,N/A,N/A,N/A,N/A,FlightRadar24
2026-09-24 16:21:27,AXM892,AK892,41cf4c95,AirAsia (Malaysia),AXM,N/A,A320,N/A,9M-AHZ,N/A,KUL,N/A,N/A,N/A,DMK,N/A,N/A,N/A,3.477,100.843,318,N/A,8625.8,28300,855.6,462,2.93,576,Climbing (Takeoff),0,N/A,N/A,N/A,N/A,FlightRadar24
2026-09-24 16:21:27,PAS303,IP303,41cf44c8,Pelita Air Service,PAS,N/A,A320,N/A,PK-PWD,N/A,KNO,N/A,N/A,N/A,CGK,N/A,N/A,N/A,1.643,100.893,135,N/A,10591.8,34750,850.1,459,2.93,576,Climbing (Takeoff),0,N/A,N/A,N/A,N/A,FlightRadar24
2026-09-24 16:21:27,SJV900,IU900,41cf344d,Sriwijaya Air / Super Air Jet,SJV,N/A,A320,N/A,PK-SJO,N/A,CGK,N/A,N/A,N/A,PDG,N/A,N/A,N/A,-2.145,100.917,306,N/A,10287.0,33750,863.0,466,-12.03,-2368,Descending (Landing/Approach),0,N/A,N/A,N/A,N/A,FlightRadar24
2026-09-24 16:21:27,XAX700,D7700,41cf4935,Other Airline,AXM,N/A,A333,N/A,9M-XXZ,N/A,KUL,N/A,N/A,N/A,JED,N/A,N/A,N/A,2.715,100.95,288,N/A,5196.8,17050,666.7,360,3.25,640,Climbing (Takeoff),0,N/A,N/A,N/A,N/A,FlightRadar24
2026-09-24 16:21:27,MAS865,MH865,41cf511c,Malaysia Airlines,MAS,N/A,B738,N/A,9M-MXB,N/A,KNO,N/A,N/A,N/A,KUL,N/A,N/A,N/A,2.93,100.981,91,N/A,5181.6,17000,651.9,352,-1.63,-320,Descending (Landing/Approach),0,N/A,N/A,N/A,N/A,FlightRadar24
2026-09-24 16:21:27,TGW487,TR487,41cf5b77,Scoot,TGW,N/A,A20N,N/A,9V-TNL,N/A,IPH,N/A,N/A,N/A,SIN,N/A,N/A,N/A,4.532,101.066,188,N/A,701.0,2300,324.1,175,10.08,1984,Climbing (Takeoff),0,N/A,N/A,N/A,N/A,FlightRadar24
2026-09-24 16:21:27,CSN5047,CZ5047,41cee4c5,China Southern Airlines,CSN,N/A,A21N,N/A,B-32M7,N/A,CAN,N/A,N/A,N/A,PEN,N/A,N/A,N/A,5.45,101.11,246,N/A,7071.4,23200,772.3,417,-7.15,-1408,Descending (Landing/Approach),0,N/A,N/A,N/A,N/A,FlightRadar24
2026-09-24 16:21:27,MAS789,MH789,41cf1be9,Malaysia Airlines,MAS,N/A,B738,N/A,9M-MXO,N/A,BKK,N/A,N/A,N/A,KUL,N/A,N/A,N/A,3.259,101.13,221,N/A,6538.0,21450,650.1,351,-3.9,-768,Descending (Landing/Approach),0,N/A,N/A,N/A,N/A,FlightRadar24
2026-09-24 16:21:27,SIA736,SQ736,41cf31d7,Singapore Airlines,SIA,N/A,B38M,N/A,9V-MBA,N/A,SIN,N/A,N/A,N/A,HKT,N/A,N/A,N/A,4.49,101.156,329,N/A,10972.8,36000,870.4,470,0.0,0,Cruising,0,N/A,N/A,N/A,N/A,FlightRadar24
2026-09-24 16:21:27,FFM3132,FY3132,41cf58f7,Other Airline,FFM,N/A,AT75,N/A,9M-FYL,N/A,SZB,N/A,N/A,N/A,XSP,N/A,N/A,N/A,3.034,101.159,210,N/A,3230.9,10600,18.5,10,3.9,768,Climbing (Takeoff),0,N/A,N/A,N/A,N/A,FlightRadar24
2026-09-24 16:21:27,MAS158,MH158,41cf2099,Malaysia Airlines,MAS,N/A,A333,N/A,9M-MTF,N/A,KUL,N/A,N/A,N/A,MED,N/A,N/A,N/A,2.85,101.229,300,N/A,4876.8,16000,681.5,368,0.0,0,Cruising,0,N/A,N/A,N/A,N/A,FlightRadar24
2026-09-24 16:21:27,AXM189,AK189,41cee0a3,AirAsia (Malaysia),AXM,N/A,A320,N/A,9M-AQD,N/A,MFM,N/A,N/A,N/A,KUL,N/A,N/A,N/A,2.755,101.302,111,N/A,1295.4,4250,470.4,254,-6.83,-1344,Descending (Landing/Approach),0,N/A,N/A,N/A,N/A,FlightRadar24
2026-09-24 16:21:27,MAS753,MH753,41ceea6e,Malaysia Airlines,MAS,N/A,B38M,N/A,9M-MVA,N/A,HAN,N/A,N/A,N/A,KUL,N/A,N/A,N/A,3.016,101.319,199,N/A,3924.3,12875,581.5,314,-8.45,-1664,Descending (Landing/Approach),0,N/A,N/A,N/A,N/A,FlightRadar24
2026-09-24 16:21:27,PKSCJ,N/A,41cf391b,Private / Business Jet / General Aviation,N/A,N/A,N/A,N/A,N/A,N/A,N/A,N/A,N/A,N/A,N/A,N/A,N/A,N/A,-2.001,101.345,26,N/A,3672.8,12050,220.4,119,0.0,0,Cruising,0,N/A,N/A,N/A,N/A,FlightRadar24
2026-09-24 16:21:27,AXM5221,AK5221,41cf2703,AirAsia (Malaysia),AXM,N/A,A320,N/A,9M-AQM,N/A,KCH,N/A,N/A,N/A,KUL,N/A,N/A,N/A,2.451,101.36,315,N/A,2011.7,6600,426.0,230,-2.28,-448,Descending (Landing/Approach),0,N/A,N/A,N/A,N/A,FlightRadar24
2026-09-24 16:21:27,AXM428,AK428,41cf4e6f,AirAsia (Malaysia),AXM,N/A,A320,N/A,9M-AHY,N/A,PKU,N/A,N/A,N/A,KUL,N/A,N/A,N/A,2.231,101.503,16,N/A,4152.9,13625,537.1,290,-9.75,-1920,Descending (Landing/Approach),0,N/A,N/A,N/A,N/A,FlightRadar24
2026-09-24 16:21:27,AXM5173,AK5173,41cf1794,AirAsia (Malaysia),AXM,N/A,A320,N/A,9M-RAV,N/A,LBU,N/A,N/A,N/A,KUL,N/A,N/A,N/A,2.381,101.527,276,N/A,2766.1,9075,488.9,264,-4.55,-896,Descending (Landing/Approach),0,N/A,N/A,N/A,N/A,FlightRadar24
2026-09-24 16:21:27,AXM6332,AK6332,41cf3432,AirAsia (Malaysia),AXM,N/A,A320,N/A,9M-AJE,N/A,LGK,N/A,N/A,N/A,KUL,N/A,N/A,N/A,2.825,101.528,8,N/A,662.9,2175,322.2,174,0.0,0,Cruising,0,N/A,N/A,N/A,N/A,FlightRadar24
2026-09-24 16:21:27,P4BVM,N/A,41cf1c12,Other Airline,N/A,N/A,GLEX,N/A,P4-BVM,N/A,XSP,N/A,N/A,N/A,N/A,N/A,N/A,N/A,3.13,101.55,151,N/A,0.0,0,75.9,41,-0.33,-64,On Taxiway/Runway,1,N/A,N/A,N/A,N/A,FlightRadar24
2026-09-24 16:21:27,AXM8542,AK8542,41cedc65,AirAsia (Malaysia),N/A,N/A,A321,N/A,9M-TLP,N/A,HKG,N/A,N/A,N/A,KUL,N/A,N/A,N/A,2.924,101.604,146,N/A,1051.6,3450,338.9,183,-5.2,-1024,Descending (Landing/Approach),0,N/A,N/A,N/A,N/A,FlightRadar24
2026-09-24 16:21:27,CXA8705,MF8705,41cee01d,XiamenAir,CXA,N/A,B738,N/A,B-5751,N/A,XMN,N/A,N/A,N/A,PEN,N/A,N/A,N/A,5.603,101.618,235,N/A,8945.9,29350,814.9,440,-6.18,-1216,Descending (Landing/Approach),0,N/A,N/A,N/A,N/A,FlightRadar24
2026-09-24 16:21:27,CSS248,O3248,41cf4ecb,Other Airline,CSS,N/A,B763,N/A,B-1423,N/A,PEN,N/A,N/A,N/A,PVG,N/A,N/A,N/A,5.837,101.637,54,N/A,8229.6,27000,898.2,485,0.0,0,Cruising,0,N/A,N/A,N/A,N/A,FlightRadar24
2026-09-24 16:21:27,CCA483,CA483,41cec0bd,Air China,CCA,N/A,A21N,N/A,B-32NW,N/A,TFU,N/A,N/A,N/A,KUL,N/A,N/A,N/A,3.046,101.655,306,N/A,1882.1,6175,416.7,225,-7.8,-1536,Descending (Landing/Approach),0,N/A,N/A,N/A,N/A,FlightRadar24
2026-09-24 16:21:27,AXM714,AK714,41cf36bd,AirAsia (Malaysia),AXM,N/A,A320,N/A,9M-RAN,N/A,SIN,N/A,N/A,N/A,KUL,N/A,N/A,N/A,2.744,101.674,146,N/A,99.1,325,266.7,144,-3.25,-640,Descending (Landing/Approach),0,N/A,N/A,N/A,N/A,FlightRadar24
2026-09-24 16:21:27,AXM393,AK393,41cf5c63,AirAsia (Malaysia),AXM,N/A,A320,N/A,9M-AFF,N/A,KUL,N/A,N/A,N/A,KNO,N/A,N/A,N/A,2.738,101.682,236,N/A,0.0,0,13.0,7,0.0,0,On Taxiway/Runway,1,N/A,N/A,N/A,N/A,FlightRadar24
2026-09-24 16:21:27,TGW472,TR472,41cf34a8,Scoot,TGW,N/A,A21N,N/A,9V-NCF,N/A,SIN,N/A,N/A,N/A,KUL,N/A,N/A,N/A,2.738,101.684,56,N/A,0.0,0,20.4,11,0.0,0,On Taxiway/Runway,1,N/A,N/A,N/A,N/A,FlightRadar24
2026-09-24 16:21:27,AXM6229,AK6229,41cf39e7,AirAsia (Malaysia),AXM,N/A,A320,N/A,9M-AQB,N/A,TGG,N/A,N/A,N/A,KUL,N/A,N/A,N/A,2.728,101.688,326,N/A,0.0,0,40.7,22,0.0,0,On Taxiway/Runway,1,N/A,N/A,N/A,N/A,FlightRadar24
2026-09-24 16:21:27,AXM386,AK386,41cf5ac9,AirAsia (Malaysia),AXM,N/A,A320,N/A,9M-AJA,N/A,KUL,N/A,N/A,N/A,CGK,N/A,N/A,N/A,2.702,101.702,146,N/A,297.2,975,335.2,181,5.85,1152,Climbing (Takeoff),0,N/A,N/A,N/A,N/A,FlightRadar24
2026-09-24 16:21:27,MAS766,MH766,41cf5f6e,Malaysia Airlines,MAS,N/A,B38M,N/A,9M-MVD,N/A,KUL,N/A,N/A,N/A,SGN,N/A,N/A,N/A,2.749,101.703,236,N/A,0.0,0,3.7,2,0.0,0,On Taxiway/Runway,1,N/A,N/A,N/A,N/A,FlightRadar24
2026-09-24 16:21:27,OSCAR5,N/A,41cf3ff6,Other Airline,N/A,N/A,GRND,N/A,N/A,N/A,KUL,N/A,N/A,N/A,N/A,N/A,N/A,N/A,2.752,101.706,151,N/A,0.0,0,20.4,11,0.0,0,On Taxiway/Runway,1,N/A,N/A,N/A,N/A,FlightRadar24
2026-09-24 16:21:27,OSCAR3,N/A,41cf595c,Other Airline,N/A,N/A,GRND,N/A,N/A,N/A,KUL,N/A,N/A,N/A,N/A,N/A,N/A,N/A,2.729,101.707,143,N/A,0.0,0,79.6,43,0.0,0,On Taxiway/Runway,1,N/A,N/A,N/A,N/A,FlightRadar24
2026-09-24 16:21:27,BAW33,BA33,41cd7c3d,British Airways,BAW,N/A,B789,N/A,G-ZBKB,N/A,LHR,N/A,N/A,N/A,KUL,N/A,N/A,N/A,2.752,101.71,236,N/A,0.0,0,24.1,13,0.0,0,On Taxiway/Runway,1,N/A,N/A,N/A,N/A,FlightRadar24
2026-09-24 16:21:27,OSCAR4,N/A,41cf6115,Other Airline,N/A,N/A,GRND,N/A,N/A,N/A,KUL,N/A,N/A,N/A,N/A,N/A,N/A,N/A,2.752,101.712,56,N/A,0.0,0,14.8,8,0.0,0,On Taxiway/Runway,1,N/A,N/A,N/A,N/A,FlightRadar24
2026-09-24 16:21:27,MXD2103,OD2103,41cf358e,Batik Air Malaysia (Malindo),BTK,N/A,B38M,N/A,9M-LRT,N/A,PEN,N/A,N/A,N/A,KUL,N/A,N/A,N/A,2.759,101.712,233,N/A,0.0,0,22.2,12,0.0,0,On Taxiway/Runway,1,N/A,N/A,N/A,N/A,FlightRadar24
2026-09-24 16:21:27,MAS714,MH714,41cf5d0e,Malaysia Airlines,MAS,N/A,A333,N/A,9M-MTJ,N/A,KUL,N/A,N/A,N/A,N/A,N/A,N/A,N/A,2.751,101.714,180,N/A,0.0,0,0.0,0,0.0,0,On Taxiway/Runway,1,N/A,N/A,N/A,N/A,FlightRadar24
2026-09-24 16:21:27,CSH886,FM886,41cf5ed1,Other Airline,CSH,N/A,B789,N/A,B-1113,N/A,KUL,N/A,N/A,N/A,PVG,N/A,N/A,N/A,2.748,101.716,236,N/A,0.0,0,9.3,5,0.0,0,On Taxiway/Runway,1,N/A,N/A,N/A,N/A,FlightRadar24
2026-09-24 16:21:27,SIA122,SQ122,41cf3c71,Singapore Airlines,SIA,N/A,A359,N/A,9V-SHT,N/A,SIN,N/A,N/A,N/A,KUL,N/A,N/A,N/A,2.966,101.732,280,N/A,2644.1,8675,487.1,263,-2.28,-448,Descending (Landing/Approach),0,N/A,N/A,N/A,N/A,FlightRadar24
2026-09-24 16:21:27,CSN8098,CZ8098,41cf5560,China Southern Airlines,CSN,N/A,A21N,N/A,B-32GH,N/A,KUL,N/A,N/A,N/A,SZX,N/A,N/A,N/A,2.665,101.75,145,N/A,1127.8,3700,350.0,189,8.13,1600,Climbing (Takeoff),0,N/A,N/A,N/A,N/A,FlightRadar24
2026-09-24 16:21:27,MXD2108,OD2108,41cf5aee,Batik Air Malaysia (Malindo),BTK,N/A,B738,N/A,9M-LCW,N/A,KUL,N/A,N/A,N/A,PEN,N/A,N/A,N/A,2.479,101.753,254,N/A,3535.7,11600,555.6,300,15.61,3072,Climbing (Takeoff),0,N/A,N/A,N/A,N/A,FlightRadar24
2026-09-24 16:21:27,BAW15,BA15,41cd98f5,British Airways,BAW,N/A,B789,N/A,G-ZBKL,N/A,LHR,N/A,N/A,N/A,SIN,N/A,N/A,N/A,2.603,101.798,153,N/A,11216.6,36800,913.0,493,-9.75,-1920,Descending (Landing/Approach),0,N/A,N/A,N/A,N/A,FlightRadar24
2026-09-24 16:21:27,CPA725,CX725,41cee2f4,Cathay Pacific,CPA,N/A,A333,N/A,B-LAN,N/A,HKG,N/A,N/A,N/A,KUL,N/A,N/A,N/A,2.854,101.931,318,N/A,4267.2,14000,561.2,303,-0.33,-64,Cruising,0,N/A,N/A,N/A,N/A,FlightRadar24
2026-09-24 16:21:27,KLM809,KL809,41cf51f7,KLM Royal Dutch Airlines,KLM,N/A,B789,N/A,PH-BHF,N/A,KUL,N/A,N/A,N/A,CGK,N/A,N/A,N/A,2.251,102.019,160,N/A,4320.5,14175,705.6,381,11.05,2176,Climbing (Takeoff),0,N/A,N/A,N/A,N/A,FlightRadar24
2026-09-24 16:21:27,MAS620,MH620,41cf4719,Malaysia Airlines,MAS,N/A,B738,N/A,9M-MXV,N/A,SIN,N/A,N/A,N/A,KUL,N/A,N/A,N/A,3.095,102.052,306,N/A,3855.7,12650,548.2,296,-5.53,-1088,Descending (Landing/Approach),0,N/A,N/A,N/A,N/A,FlightRadar24
2026-09-24 16:21:27,SIA731,SQ731,41cf2cb8,Singapore Airlines,SIA,N/A,B38M,N/A,9V-MBB,N/A,HKT,N/A,N/A,N/A,SIN,N/A,N/A,N/A,2.332,102.188,167,N/A,10287.0,33750,857.5,463,-5.53,-1088,Descending (Landing/Approach),0,N/A,N/A,N/A,N/A,FlightRadar24
2026-09-24 16:21:27,9MMFA,N/A,41cf21e0,Other Airline,N/A,N/A,P28A,N/A,9M-MFA,N/A,MKZ,N/A,N/A,N/A,N/A,N/A,N/A,N/A,2.352,102.199,100,N/A,502.9,1650,198.2,107,0.65,128,Cruising,0,N/A,N/A,N/A,N/A,FlightRadar24
2026-09-24 16:21:27,9MSKB,N/A,41cf5fba,Other Airline,N/A,N/A,P28A,N/A,9M-SKB,N/A,MKZ,N/A,N/A,N/A,N/A,N/A,N/A,N/A,2.233,102.217,302,N/A,358.1,1175,201.9,109,-0.33,-64,Cruising,0,N/A,N/A,N/A,N/A,FlightRadar24
2026-09-24 16:21:27,9MITJ,N/A,41cee71a,Other Airline,N/A,N/A,P28A,N/A,9M-ITJ,N/A,MKZ,N/A,N/A,N/A,N/A,N/A,N/A,N/A,2.235,102.237,289,N/A,502.9,1650,185.2,100,-0.33,-64,Cruising,0,N/A,N/A,N/A,N/A,FlightRadar24
2026-09-24 16:21:27,9MITX,N/A,41cee44e,Other Airline,N/A,N/A,P28A,N/A,9M-ITX,N/A,MKZ,N/A,N/A,N/A,N/A,N/A,N/A,N/A,2.273,102.257,211,N/A,68.6,225,142.6,77,-1.3,-256,Cruising,0,N/A,N/A,N/A,N/A,FlightRadar24
2026-09-24 16:21:27,MXD572,OD572,41cee0ed,Batik Air Malaysia (Malindo),BTK,N/A,B38M,N/A,9M-LRU,N/A,HAN,N/A,N/A,N/A,KUL,N/A,N/A,N/A,4.985,102.263,216,N/A,10363.2,34000,855.6,462,0.0,0,Cruising,0,N/A,N/A,N/A,N/A,FlightRadar24
2026-09-24 16:21:27,MAS790,MH790,41cf545f,Malaysia Airlines,MAS,N/A,B738,N/A,9M-MLO,N/A,KUL,N/A,N/A,N/A,HKT,N/A,N/A,N/A,2.844,102.276,7,N/A,4884.4,16025,714.9,386,3.25,640,Climbing (Takeoff),0,N/A,N/A,N/A,N/A,FlightRadar24
2026-09-24 16:21:27,MAS1396,MH1396,41cf48b4,Malaysia Airlines,MAS,N/A,B738,N/A,9M-MLK,N/A,KUL,N/A,N/A,N/A,KBR,N/A,N/A,N/A,5.181,102.302,349,N/A,4404.4,14450,600.0,324,-5.53,-1088,Descending (Landing/Approach),0,N/A,N/A,N/A,N/A,FlightRadar24
2026-09-24 16:21:27,MXD2304,ID2304,41cf1f24,Batik Air Malaysia (Malindo),BTK,N/A,B38M,N/A,9M-LRW,N/A,KUL,N/A,N/A,N/A,KBR,N/A,N/A,N/A,4.501,102.415,8,N/A,8839.2,29000,855.6,462,0.0,0,Cruising,0,N/A,N/A,N/A,N/A,FlightRadar24
2026-09-24 16:21:27,JAL723,JL723,41ce763e,Japan Airlines (JAL),JAL,N/A,B788,N/A,JA836J,N/A,NRT,N/A,N/A,N/A,KUL,N/A,N/A,N/A,2.786,102.422,209,N/A,6591.3,21625,785.2,424,-12.03,-2368,Descending (Landing/Approach),0,N/A,N/A,N/A,N/A,FlightRadar24
2026-09-24 16:21:27,9MITW,N/A,41cf37a4,Other Airline,N/A,N/A,P28A,N/A,9M-ITW,N/A,MKZ,N/A,N/A,N/A,N/A,N/A,N/A,N/A,2.053,102.431,103,N/A,693.4,2275,166.7,90,0.65,128,Cruising,0,N/A,N/A,N/A,N/A,FlightRadar24
2026-09-24 16:21:27,BTK7108,ID7108,41cf52c4,Batik Air,BTK,N/A,B738,N/A,PK-LZZ,N/A,PDG,N/A,N/A,N/A,CGK,N/A,N/A,N/A,-1.94,102.433,111,N/A,10058.4,33000,796.4,430,0.33,64,Cruising,0,N/A,N/A,N/A,N/A,FlightRadar24
2026-09-24 16:21:27,CSN8012,CZ8012,41cf477c,China Southern Airlines,CSN,N/A,B38M,N/A,B-205K,N/A,KUL,N/A,N/A,N/A,CAN,N/A,N/A,N/A,4.068,102.542,19,N/A,8435.3,27675,870.4,470,4.88,960,Climbing (Takeoff),0,N/A,N/A,N/A,N/A,FlightRadar24
2026-09-24 16:21:27,MXD390,OD390,41cf543b,Batik Air Malaysia (Malindo),BTK,N/A,B738,N/A,9M-LDK,N/A,KUL,N/A,N/A,N/A,CGK,N/A,N/A,N/A,1.611,102.647,123,N/A,9151.6,30025,805.6,435,6.83,1344,Climbing (Takeoff),0,N/A,N/A,N/A,N/A,FlightRadar24
2026-09-24 16:21:27,MAS1336,MH1336,41cf4e11,Malaysia Airlines,MAS,N/A,B738,N/A,9M-MXG,N/A,KUL,N/A,N/A,N/A,TGG,N/A,N/A,N/A,4.547,102.709,23,N/A,4541.5,14900,635.2,343,-9.1,-1792,Descending (Landing/Approach),0,N/A,N/A,N/A,N/A,FlightRadar24
2026-09-24 16:21:27,MAS613,MH613,41cf50a7,Malaysia Airlines,MAS,N/A,B738,N/A,9M-MLR,N/A,KUL,N/A,N/A,N/A,SIN,N/A,N/A,N/A,1.861,102.727,126,N/A,7620.0,25000,763.0,412,3.9,768,Climbing (Takeoff),0,N/A,N/A,N/A,N/A,FlightRadar24
2026-09-24 16:21:27,SIA321,SQ321,41cd9105,Singapore Airlines,SIA,N/A,B77W,N/A,9V-SWZ,N/A,LHR,N/A,N/A,N/A,SIN,N/A,N/A,N/A,4.407,102.777,157,N/A,11277.6,37000,890.8,481,0.0,0,Cruising,0,N/A,N/A,N/A,N/A,FlightRadar24
2026-09-24 16:21:27,TGW694,TR694,41cf3ff3,Scoot,TGW,N/A,E290,N/A,9V-THA,N/A,SIN,N/A,N/A,N/A,USM,N/A,N/A,N/A,4.854,102.874,336,N/A,11582.4,38000,829.7,448,0.33,64,Cruising,0,N/A,N/A,N/A,N/A,FlightRadar24
2026-09-24 16:21:27,FFM3131,FY3131,41cf462c,Other Airline,FFM,N/A,AT75,N/A,9M-FYD,N/A,XSP,N/A,N/A,N/A,SZB,N/A,N/A,N/A,1.953,102.879,282,N/A,4274.8,14025,366.7,198,0.0,0,Cruising,0,N/A,N/A,N/A,N/A,FlightRadar24
2026-09-24 16:21:27,QDA908,QW908,41cf318c,Other Airline,QDA,N/A,A21N,N/A,B-327M,N/A,KUL,N/A,N/A,N/A,TAO,N/A,N/A,N/A,3.182,102.963,36,N/A,7467.6,24500,753.8,407,5.53,1088,Climbing (Takeoff),0,N/A,N/A,N/A,N/A,FlightRadar24
2026-09-24 16:21:27,BTK6898,ID6898,41cf3857,Batik Air,BTK,N/A,A320,N/A,PK-BKR,N/A,CGK,N/A,N/A,N/A,BTJ,N/A,N/A,N/A,-1.872,102.992,316,N/A,10972.8,36000,863.0,466,0.0,0,Cruising,0,N/A,N/A,N/A,N/A,FlightRadar24
2026-09-24 16:21:27,AXM6219,AK6219,41cf5236,AirAsia (Malaysia),AXM,N/A,A320,N/A,9M-RAA,N/A,TGG,N/A,N/A,N/A,KUL,N/A,N/A,N/A,5.379,103.104,135,N/A,0.0,0,0.0,0,0.0,0,On Taxiway/Runway,1,N/A,N/A,N/A,N/A,FlightRadar24
2026-09-24 16:21:27,AXM5112,AK5112,41cf4e55,AirAsia (Malaysia),AXM,N/A,A20N,N/A,9M-AGR,N/A,KUL,N/A,N/A,N/A,BKI,N/A,N/A,N/A,3.242,103.155,61,N/A,8374.4,27475,770.4,416,4.88,960,Climbing (Takeoff),0,N/A,N/A,N/A,N/A,FlightRadar24
2026-09-24 16:21:27,LNI210,JT210,41cf3937,Lion Air,LNI,N/A,B39M,N/A,PK-LRI,N/A,CGK,N/A,N/A,N/A,KNO,N/A,N/A,N/A,-2.033,103.244,315,N/A,9753.6,32000,879.7,475,0.0,0,Cruising,0,N/A,N/A,N/A,N/A,FlightRadar24
2026-09-24 16:21:27,VTAHM,N/A,41cf56c5,Other Airline,KBJ,N/A,E35L,N/A,VT-AHM,N/A,XSP,N/A,N/A,N/A,N/A,N/A,N/A,N/A,1.817,103.292,261,N/A,6004.6,19700,646.3,349,5.53,1088,Climbing (Takeoff),0,N/A,N/A,N/A,N/A,FlightRadar24
2026-09-24 16:21:27,SIA406,SQ406,41cf4b2f,Singapore Airlines,SIA,N/A,A388,N/A,9V-SKN,N/A,SIN,N/A,N/A,N/A,DEL,N/A,N/A,N/A,1.226,103.319,341,N/A,4808.2,15775,664.9,359,7.48,1472,Climbing (Takeoff),0,N/A,N/A,N/A,N/A,FlightRadar24
2026-09-24 16:21:27,LNI082,JT82,41cf52b6,Lion Air,LNI,N/A,A333,N/A,PK-LEF,N/A,BTH,N/A,N/A,N/A,JED,N/A,N/A,N/A,0.708,103.329,270,N/A,4183.4,13725,703.8,380,8.78,1728,Climbing (Takeoff),0,N/A,N/A,N/A,N/A,FlightRadar24
2026-09-24 16:21:27,GIA189,GA189,41cf3b07,Garuda Indonesia,GIA,N/A,B738,N/A,PK-GFS,N/A,KNO,N/A,N/A,N/A,CGK,N/A,N/A,N/A,-1.111,103.351,137,N/A,11277.6,37000,851.9,460,0.33,64,Cruising,0,N/A,N/A,N/A,N/A,FlightRadar24
2026-09-24 16:21:27,AXM717,AK717,41cf4920,AirAsia (Malaysia),AXM,N/A,A21N,N/A,9M-VAG,N/A,KUL,N/A,N/A,N/A,SIN,N/A,N/A,N/A,1.055,103.386,154,N/A,6370.3,20900,588.9,318,-4.88,-960,Descending (Landing/Approach),0,N/A,N/A,N/A,N/A,FlightRadar24
2026-09-24 16:21:27,GIA867,GA867,41cf18e2,Garuda Indonesia,GIA,N/A,B738,N/A,PK-GMU,N/A,BKK,N/A,N/A,N/A,CGK,N/A,N/A,N/A,3.075,103.451,133,N/A,10668.0,35000,814.9,440,0.33,64,Cruising,0,N/A,N/A,N/A,N/A,FlightRadar24
2026-09-24 16:21:27,PKWSA,N/A,41cef270,Private / Business Jet / General Aviation,N/A,N/A,B505,N/A,PK-WSA,N/A,DJB,N/A,N/A,N/A,N/A,N/A,N/A,N/A,-1.56,103.586,139,N/A,373.4,1225,125.9,68,0.33,64,Cruising,0,N/A,N/A,N/A,N/A,FlightRadar24
2026-09-24 16:21:27,MAS2517,MH2517,41cf37e8,Malaysia Airlines,MAS,N/A,B738,N/A,9M-MSE,N/A,KCH,N/A,N/A,N/A,KUL,N/A,N/A,N/A,3.162,103.717,267,N/A,11582.4,38000,892.7,482,-0.65,-128,Cruising,0,N/A,N/A,N/A,N/A,FlightRadar24
2026-09-24 16:21:27,AFR256,AF256,41cda9e6,Air France,AFR,N/A,B77W,N/A,F-GZND,N/A,CDG,N/A,N/A,N/A,SIN,N/A,N/A,N/A,3.256,103.76,156,N/A,9014.5,29575,790.8,427,-9.75,-1920,Descending (Landing/Approach),0,N/A,N/A,N/A,N/A,FlightRadar24
2026-09-24 16:21:27,GIA176,GA176,41cf4014,Garuda Indonesia,GIA,N/A,B738,N/A,PK-GMC,N/A,CGK,N/A,N/A,N/A,PKU,N/A,N/A,N/A,-2.71,103.789,315,N/A,10972.8,36000,837.1,452,0.0,0,Cruising,0,N/A,N/A,N/A,N/A,FlightRadar24
2026-09-24 16:21:27,N/A,N/A,41ce456f,Unknown,AFE,N/A,MD82,N/A,PK-OCT,N/A,N/A,N/A,N/A,N/A,N/A,N/A,N/A,N/A,-1.462,103.83,142,N/A,9441.2,30975,889.0,480,0.0,0,Cruising,0,N/A,N/A,N/A,N/A,FlightRadar24
2026-09-24 16:21:27,VJT735,VJT735,41cf5873,Other Airline,VJT,N/A,GL7T,N/A,9H-VIL,N/A,XSP,N/A,N/A,N/A,N/A,N/A,N/A,N/A,1.406,103.864,160,N/A,0.0,0,0.0,0,0.0,0,On Taxiway/Runway,1,N/A,N/A,N/A,N/A,FlightRadar24
2026-09-24 16:21:27,T79999,N/A,41cee795,Private / Business Jet / General Aviation,N/A,N/A,GLEX,N/A,T7-9999,N/A,VTE,N/A,N/A,N/A,XSP,N/A,N/A,N/A,1.422,103.868,123,N/A,0.0,0,0.0,0,0.0,0,On Taxiway/Runway,1,N/A,N/A,N/A,N/A,FlightRadar24
2026-09-24 16:21:27,N/A,N/A,41cf57cd,Unknown,QFA,N/A,A333,N/A,VH-QPB,N/A,QPG,N/A,N/A,N/A,N/A,N/A,N/A,N/A,1.351,103.896,98,N/A,0.0,0,3.7,2,0.0,0,On Taxiway/Runway,1,N/A,N/A,N/A,N/A,FlightRadar24
2026-09-24 16:21:27,TGW524,TR524,41cf4816,Scoot,TGW,N/A,E290,N/A,9V-THB,N/A,SIN,N/A,N/A,N/A,PQC,N/A,N/A,N/A,3.708,103.929,357,N/A,8884.9,29150,889.0,480,7.48,1472,Climbing (Takeoff),0,N/A,N/A,N/A,N/A,FlightRadar24
2026-09-24 16:21:27,CSC3910,3U3910,41cf5221,Other Airline,CSC,N/A,A21N,N/A,B-324K,N/A,SIN,N/A,N/A,N/A,TFU,N/A,N/A,N/A,1.239,103.95,186,N/A,1234.4,4050,459.3,248,12.68,2496,Climbing (Takeoff),0,N/A,N/A,N/A,N/A,FlightRadar24
2026-09-24 16:21:27,TGW532,TR532,41cf4627,Scoot,TGW,N/A,B789,N/A,9V-OJJ,N/A,SIN,N/A,N/A,N/A,HAN,N/A,N/A,N/A,4.439,103.954,4,N/A,10363.2,34000,896.4,484,0.0,0,Cruising,0,N/A,N/A,N/A,N/A,FlightRadar24
2026-09-24 16:21:27,R53,N/A,41cf4b56,Other Airline,N/A,N/A,GRND,N/A,N/A,N/A,SIN,N/A,N/A,N/A,N/A,N/A,N/A,N/A,1.349,103.979,8,N/A,0.0,0,0.0,0,0.0,0,On Taxiway/Runway,1,N/A,N/A,N/A,N/A,FlightRadar24
2026-09-24 16:21:27,ATT83,N/A,41cf3ba7,Other Airline,N/A,N/A,GRND,N/A,N/A,N/A,SIN,N/A,N/A,N/A,N/A,N/A,N/A,N/A,1.346,103.979,171,N/A,0.0,0,11.1,6,0.0,0,On Taxiway/Runway,1,N/A,N/A,N/A,N/A,FlightRadar24
2026-09-24 16:21:27,A4,N/A,41cf1e32,Other Airline,N/A,N/A,GRND,N/A,N/A,N/A,SIN,N/A,N/A,N/A,N/A,N/A,N/A,N/A,1.362,103.981,205,N/A,0.0,0,63.0,34,0.0,0,On Taxiway/Runway,1,N/A,N/A,N/A,N/A,FlightRadar24
2026-09-24 16:21:27,THA407,TG407,41cefee0,Thai Airways International,THA,N/A,A21N,N/A,HS-TOB,N/A,BKK,N/A,N/A,N/A,SIN,N/A,N/A,N/A,1.348,103.981,112,N/A,0.0,0,22.2,12,0.0,0,On Taxiway/Runway,1,N/A,N/A,N/A,N/A,FlightRadar24
2026-09-24 16:21:27,HVN655,VN655,41cf114e,Vietnam Airlines,HVN,N/A,A321,N/A,VN-A612,N/A,SGN,N/A,N/A,N/A,SIN,N/A,N/A,N/A,1.355,103.983,202,N/A,0.0,0,20.4,11,0.0,0,On Taxiway/Runway,1,N/A,N/A,N/A,N/A,FlightRadar24
2026-09-24 16:21:27,CES7706,MU7706,41cf6155,China Eastern Airlines,CES,N/A,A20N,N/A,B-329A,N/A,SIN,N/A,N/A,N/A,NKG,N/A,N/A,N/A,1.358,103.985,104,N/A,0.0,0,9.3,5,0.0,0,On Taxiway/Runway,1,N/A,N/A,N/A,N/A,FlightRadar24
2026-09-24 16:21:27,ATT72,N/A,41cf28be,Other Airline,N/A,N/A,GRND,N/A,N/A,N/A,SIN,N/A,N/A,N/A,N/A,N/A,N/A,N/A,1.362,103.986,202,N/A,0.0,0,13.0,7,0.0,0,On Taxiway/Runway,1,N/A,N/A,N/A,N/A,FlightRadar24
2026-09-24 16:21:27,SIA917,SQ917,41cee377,Singapore Airlines,SIA,N/A,A359,N/A,9V-SHU,N/A,MNL,N/A,N/A,N/A,SIN,N/A,N/A,N/A,1.359,103.986,135,N/A,0.0,0,1.9,1,0.0,0,On Taxiway/Runway,1,N/A,N/A,N/A,N/A,FlightRadar24
2026-09-24 16:21:27,VJC973,VJ973,41cefbe1,VietJet Air,VJC,N/A,A321,N/A,VN-A542,N/A,DAD,N/A,N/A,N/A,SIN,N/A,N/A,N/A,1.339,103.987,202,N/A,0.0,0,0.0,0,0.0,0,On Taxiway/Runway,1,N/A,N/A,N/A,N/A,FlightRadar24
2026-09-24 16:21:27,TGW468,TR468,41cf5837,Scoot,TGW,N/A,A20N,N/A,9V-TNG,N/A,SIN,N/A,N/A,N/A,KUL,N/A,N/A,N/A,1.362,103.987,22,N/A,0.0,0,0.0,0,0.0,0,On Taxiway/Runway,1,N/A,N/A,N/A,N/A,FlightRadar24
2026-09-24 16:21:27,R31,N/A,41cf53d1,Other Airline,N/A,N/A,GRND,N/A,N/A,N/A,SIN,N/A,N/A,N/A,N/A,N/A,N/A,N/A,1.371,103.99,0,N/A,0.0,0,0.0,0,0.0,0,On Taxiway/Runway,1,N/A,N/A,N/A,N/A,FlightRadar24
2026-09-24 16:21:27,R72,N/A,41cf5cae,Other Airline,N/A,N/A,GRND,N/A,N/A,N/A,SIN,N/A,N/A,N/A,N/A,N/A,N/A,N/A,1.371,103.992,0,N/A,0.0,0,0.0,0,0.0,0,On Taxiway/Runway,1,N/A,N/A,N/A,N/A,FlightRadar24
2026-09-24 16:21:27,SIA836,SQ836,41cf52a8,Singapore Airlines,SIA,N/A,B78X,N/A,9V-SCB,N/A,SIN,N/A,N/A,N/A,PVG,N/A,N/A,N/A,1.367,103.992,112,N/A,0.0,0,20.4,11,0.0,0,On Taxiway/Runway,1,N/A,N/A,N/A,N/A,FlightRadar24
2026-09-24 16:21:27,ATT03,N/A,41cf2226,Other Airline,N/A,N/A,GRND,N/A,N/A,N/A,SIN,N/A,N/A,N/A,N/A,N/A,N/A,N/A,1.375,103.992,202,N/A,0.0,0,16.7,9,0.0,0,On Taxiway/Runway,1,N/A,N/A,N/A,N/A,FlightRadar24
2026-09-24 16:21:27,SIA186,SQ186,41cf5e28,Singapore Airlines,SIA,N/A,B78X,N/A,9V-SCA,N/A,SIN,N/A,N/A,N/A,SGN,N/A,N/A,N/A,1.358,103.992,25,N/A,0.0,0,5.6,3,0.0,0,On Taxiway/Runway,1,N/A,N/A,N/A,N/A,FlightRadar24
2026-09-24 16:21:27,TGW882,TR882,41cf5d5a,Scoot,TGW,N/A,B789,N/A,9V-OJD,N/A,SIN,N/A,N/A,N/A,HND,N/A,N/A,N/A,1.365,103.993,53,N/A,0.0,0,5.6,3,0.0,0,On Taxiway/Runway,1,N/A,N/A,N/A,N/A,FlightRadar24
2026-09-24 16:21:27,FDX6071,FX6071,41cf4667,FedEx Express,FDX,N/A,B763,N/A,N122FE,N/A,SIN,N/A,N/A,N/A,N/A,N/A,N/A,N/A,1.367,103.993,202,N/A,0.0,0,0.0,0,0.0,0,On Taxiway/Runway,1,N/A,N/A,N/A,N/A,FlightRadar24
2026-09-24 16:21:27,TGW610,TR610,41cf5e3b,Scoot,TGW,N/A,A21N,N/A,9V-NCM,N/A,SIN,N/A,N/A,N/A,BKK,N/A,N/A,N/A,1.365,103.993,143,N/A,0.0,0,0.0,0,0.0,0,On Taxiway/Runway,1,N/A,N/A,N/A,N/A,FlightRadar24
2026-09-24 16:21:27,SIA851,SQ851,41cee02d,Singapore Airlines,SIA,N/A,B78X,N/A,9V-SCT,N/A,CAN,N/A,N/A,N/A,SIN,N/A,N/A,N/A,1.388,103.994,203,N/A,121.9,400,290.8,157,-4.55,-896,Descending (Landing/Approach),0,N/A,N/A,N/A,N/A,FlightRadar24
2026-09-24 16:21:27,R75,N/A,41cf0139,Other Airline,N/A,N/A,GRND,N/A,N/A,N/A,SIN,N/A,N/A,N/A,N/A,N/A,N/A,N/A,1.37,103.995,303,N/A,0.0,0,0.0,0,0.0,0,On Taxiway/Runway,1,N/A,N/A,N/A,N/A,FlightRadar24
2026-09-24 16:21:27,TGW309,TR309,41cf172f,Scoot,TGW,N/A,A320,N/A,9V-TRT,N/A,CGK,N/A,N/A,N/A,SIN,N/A,N/A,N/A,1.358,103.995,22,N/A,0.0,0,29.6,16,0.0,0,On Taxiway/Runway,1,N/A,N/A,N/A,N/A,FlightRadar24
2026-09-24 16:21:27,SIA135,SQ135,41cf1fe8,Singapore Airlines,SIA,N/A,B38M,N/A,9V-MBF,N/A,PEN,N/A,N/A,N/A,SIN,N/A,N/A,N/A,1.358,103.997,202,N/A,30.5,100,277.8,150,-1.3,-256,Cruising,0,N/A,N/A,N/A,N/A,FlightRadar24
2026-09-24 16:21:27,FDX5601,FX5601,41cf55b4,FedEx Express,FDX,N/A,B77L,N/A,N848FD,N/A,SIN,N/A,N/A,N/A,ANC,N/A,N/A,N/A,1.364,103.998,23,N/A,0.0,0,0.0,0,0.0,0,On Taxiway/Runway,1,N/A,N/A,N/A,N/A,FlightRadar24
2026-09-24 16:21:27,TGW188,TR188,41cf54e3,Scoot,TGW,N/A,B788,N/A,9V-OFA,N/A,SIN,N/A,N/A,N/A,HGH,N/A,N/A,N/A,1.364,103.998,112,N/A,0.0,0,0.0,0,0.0,0,On Taxiway/Runway,1,N/A,N/A,N/A,N/A,FlightRadar24
2026-09-24 16:21:27,GIA154,GA154,41cf3245,Garuda Indonesia,GIA,N/A,B738,N/A,PK-GFW,N/A,CGK,N/A,N/A,N/A,BTH,N/A,N/A,N/A,0.71,104.006,60,N/A,1737.4,5700,500.0,270,-3.25,-640,Descending (Landing/Approach),0,N/A,N/A,N/A,N/A,FlightRadar24
2026-09-24 16:21:27,R18,N/A,41cf52da,Other Airline,N/A,N/A,GRND,N/A,N/A,N/A,SIN,N/A,N/A,N/A,N/A,N/A,N/A,N/A,1.347,104.006,22,N/A,0.0,0,0.0,0,0.0,0,On Taxiway/Runway,1,N/A,N/A,N/A,N/A,FlightRadar24
2026-09-24 16:21:27,R93,N/A,41cf06fe,Other Airline,N/A,N/A,GRND,N/A,N/A,N/A,SIN,N/A,N/A,N/A,N/A,N/A,N/A,N/A,1.364,104.016,298,N/A,0.0,0,9.3,5,0.0,0,On Taxiway/Runway,1,N/A,N/A,N/A,N/A,FlightRadar24
2026-09-24 16:21:27,SIA158,SQ158,41cf2290,Singapore Airlines,SIA,N/A,B38M,N/A,9V-MBL,N/A,SIN,N/A,N/A,N/A,KTI,N/A,N/A,N/A,4.986,104.032,2,N/A,11582.4,38000,790.8,427,-0.33,-64,Cruising,0,N/A,N/A,N/A,N/A,FlightRadar24
2026-09-24 16:21:27,IGO1013,6E1013,41ce91e0,IndiGo,IGO,N/A,A21N,N/A,VT-NCA,N/A,DEL,N/A,N/A,N/A,SIN,N/A,N/A,N/A,0.943,104.039,62,N/A,3032.8,9950,485.2,262,-4.23,-832,Descending (Landing/Approach),0,N/A,N/A,N/A,N/A,FlightRadar24
2026-09-24 16:21:27,SIA959,SQ959,41cf1902,Singapore Airlines,SIA,N/A,A359,N/A,9V-SMC,N/A,CGK,N/A,N/A,N/A,SIN,N/A,N/A,N/A,1.504,104.043,203,N/A,800.1,2625,342.6,185,-0.98,-192,Cruising,0,N/A,N/A,N/A,N/A,FlightRadar24
2026-09-24 16:21:27,AXM385,AK385,41cf31a3,AirAsia (Malaysia),AXM,N/A,A320,N/A,9M-DAE,N/A,CGK,N/A,N/A,N/A,KUL,N/A,N/A,N/A,0.299,104.045,348,N/A,11582.4,38000,789.0,426,0.0,0,Cruising,0,N/A,N/A,N/A,N/A,FlightRadar24
2026-09-24 16:21:27,IGO1457,6E1457,41cebcd9,IndiGo,IGO,N/A,A21N,N/A,VT-NCK,N/A,BLR,N/A,N/A,N/A,SIN,N/A,N/A,N/A,1.587,104.103,230,N/A,800.1,2625,348.2,188,0.0,0,Cruising,0,N/A,N/A,N/A,N/A,FlightRadar24
2026-09-24 16:21:27,CTV968,QG968,41cf2394,Citilink,CTV,N/A,A20N,N/A,PK-GTF,N/A,CGK,N/A,N/A,N/A,BTH,N/A,N/A,N/A,1.133,104.13,221,N/A,45.7,150,244.5,132,-0.98,-192,Cruising,0,N/A,N/A,N/A,N/A,FlightRadar24
2026-09-24 16:21:27,CTV964,QG964,41cf38ba,Citilink,CTV,N/A,A320,N/A,PK-GQI,N/A,CGK,N/A,N/A,N/A,DJB,N/A,N/A,N/A,-2.881,104.13,334,N/A,6896.1,22625,774.1,418,-11.7,-2304,Descending (Landing/Approach),0,N/A,N/A,N/A,N/A,FlightRadar24
2026-09-24 16:21:27,SIA928,SQ928,41cf5007,Singapore Airlines,SIA,N/A,B38M,N/A,9V-MBZ,N/A,SIN,N/A,N/A,N/A,SUB,N/A,N/A,N/A,0.979,104.152,112,N/A,2476.5,8125,692.6,374,0.0,0,Cruising,0,N/A,N/A,N/A,N/A,FlightRadar24
2026-09-24 16:21:27,QFA71,QF71,41cead71,Qantas,QFA,N/A,A332,N/A,VH-EBD,N/A,PER,N/A,N/A,N/A,SIN,N/A,N/A,N/A,1.233,104.181,26,N/A,2575.6,8450,459.3,248,-2.93,-576,Descending (Landing/Approach),0,N/A,N/A,N/A,N/A,FlightRadar24
2026-09-24 16:21:27,JAL37,JL37,41ce7d43,Japan Airlines (JAL),JAL,N/A,B789,N/A,JA874J,N/A,HND,N/A,N/A,N/A,SIN,N/A,N/A,N/A,1.605,104.186,291,N/A,1729.7,5675,366.7,198,-10.73,-2112,Descending (Landing/Approach),0,N/A,N/A,N/A,N/A,FlightRadar24
2026-09-24 16:21:27,SIA115,SQ115,41cf3c6e,Singapore Airlines,SIA,N/A,B38M,N/A,9V-MBY,N/A,KUL,N/A,N/A,N/A,SIN,N/A,N/A,N/A,1.067,104.188,26,N/A,3032.8,9950,476.0,257,-2.28,-448,Descending (Landing/Approach),0,N/A,N/A,N/A,N/A,FlightRadar24
2026-09-24 16:21:27,SIA806,SQ806,41cf4ad0,Singapore Airlines,SIA,N/A,B78X,N/A,9V-SDA,N/A,SIN,N/A,N/A,N/A,PEK,N/A,N/A,N/A,1.479,104.192,30,N/A,4754.9,15600,598.2,323,7.8,1536,Climbing (Takeoff),0,N/A,N/A,N/A,N/A,FlightRadar24
2026-09-24 16:21:27,N243PB,N/A,41cf17c6,Private / Business Jet / General Aviation,N/A,N/A,B350,N/A,N243PB,N/A,SGN,N/A,N/A,N/A,N/A,N/A,N/A,N/A,4.038,104.218,180,N/A,9144.0,30000,453.7,245,-0.33,-64,Cruising,0,N/A,N/A,N/A,N/A,FlightRadar24
2026-09-24 16:21:27,VJC928,VJ928,41cf16cc,VietJet Air,VJC,N/A,A21N,N/A,VN-A521,N/A,CGK,N/A,N/A,N/A,HAN,N/A,N/A,N/A,5.057,104.235,357,N/A,9144.0,30000,853.8,461,0.0,0,Cruising,0,N/A,N/A,N/A,N/A,FlightRadar24
2026-09-24 16:21:27,SIA191,SQ191,41cee979,Singapore Airlines,SIA,N/A,A359,N/A,9V-SHI,N/A,HAN,N/A,N/A,N/A,SIN,N/A,N/A,N/A,1.488,104.248,340,N/A,1447.8,4750,416.7,225,-2.6,-512,Descending (Landing/Approach),0,N/A,N/A,N/A,N/A,FlightRadar24
2026-09-24 16:21:27,SIA869,SQ869,41ced61a,Singapore Airlines,SIA,N/A,B38M,N/A,9V-MBK,N/A,XMN,N/A,N/A,N/A,SIN,N/A,N/A,N/A,2.276,104.273,194,N/A,5349.2,17550,527.8,285,-7.48,-1472,Descending (Landing/Approach),0,N/A,N/A,N/A,N/A,FlightRadar24
2026-09-24 16:21:27,AXM5212,AK5212,41cf44bc,AirAsia (Malaysia),AXM,N/A,A320,N/A,9M-AJY,N/A,KUL,N/A,N/A,N/A,KCH,N/A,N/A,N/A,3.223,104.3,90,N/A,10066.0,33025,816.7,441,0.0,0,Cruising,0,N/A,N/A,N/A,N/A,FlightRadar24
2026-09-24 16:21:27,TGW115,TR115,41ceea5e,Scoot,TGW,N/A,A20N,N/A,9V-TNE,N/A,NNG,N/A,N/A,N/A,SIN,N/A,N/A,N/A,2.119,104.33,159,N/A,4480.6,14700,522.3,282,-7.15,-1408,Descending (Landing/Approach),0,N/A,N/A,N/A,N/A,FlightRadar24
2026-09-24 16:21:27,AIH395,KJ395,41ce940b,Other Airline,AIH,N/A,B744,N/A,HL7645,N/A,ICN,N/A,N/A,N/A,N/A,N/A,N/A,N/A,1.528,104.357,184,N/A,1866.9,6125,366.7,198,0.0,0,Cruising,0,N/A,N/A,N/A,N/A,FlightRadar24
2026-09-24 16:21:27,THY54,TK54,41cdea62,Turkish Airlines,THY,N/A,A359,N/A,TC-LGY,N/A,IST,N/A,N/A,N/A,SIN,N/A,N/A,N/A,2.473,104.363,195,N/A,5166.4,16950,522.3,282,-10.08,-1984,Descending (Landing/Approach),0,N/A,N/A,N/A,N/A,FlightRadar24
2026-09-24 16:21:27,MXD807,OD807,41cf3780,Batik Air Malaysia (Malindo),BTK,N/A,B738,N/A,9M-LDD,N/A,KUL,N/A,N/A,N/A,SIN,N/A,N/A,N/A,1.386,104.366,20,N/A,2171.7,7125,429.7,232,0.0,0,Cruising,0,N/A,N/A,N/A,N/A,FlightRadar24
2026-09-24 16:21:27,SIA899,SQ899,41ceed6a,Singapore Airlines,SIA,N/A,A359,N/A,9V-SHO,N/A,HKG,N/A,N/A,N/A,SIN,N/A,N/A,N/A,2.723,104.423,196,N/A,6758.9,22175,735.2,397,-12.03,-2368,Descending (Landing/Approach),0,N/A,N/A,N/A,N/A,FlightRadar24
2026-09-24 16:21:27,SIA155,SQ155,41cf2932,Singapore Airlines,SIA,N/A,B38M,N/A,9V-MBW,N/A,KTI,N/A,N/A,N/A,SIN,N/A,N/A,N/A,4.971,104.459,170,N/A,11277.6,37000,866.7,468,0.0,0,Cruising,0,N/A,N/A,N/A,N/A,FlightRadar24
2026-09-24 16:21:27,CQH8598,9C8598,41cf4653,Other Airline,CQH,N/A,A20N,N/A,B-30CN,N/A,SIN,N/A,N/A,N/A,PVG,N/A,N/A,N/A,3.852,104.528,43,N/A,9654.5,31675,833.4,450,8.45,1664,Climbing (Takeoff),0,N/A,N/A,N/A,N/A,FlightRadar24
2026-09-24 16:21:27,MXD389,OD389,41cf4a70,Batik Air Malaysia (Malindo),BTK,N/A,B738,N/A,9M-LDU,N/A,CGK,N/A,N/A,N/A,KUL,N/A,N/A,N/A,-2.651,104.61,349,N/A,11582.4,38000,822.3,444,0.0,0,Cruising,0,N/A,N/A,N/A,N/A,FlightRadar24
2026-09-24 16:21:27,LNI165,JT165,41cf43ad,Lion Air,LNI,N/A,B739,N/A,PK-LSH,N/A,KUL,N/A,N/A,N/A,LOP,N/A,N/A,N/A,0.814,104.667,120,N/A,9448.8,31000,837.1,452,0.0,0,Cruising,0,N/A,N/A,N/A,N/A,FlightRadar24
2026-09-24 16:21:27,CSZ229,ZH229,41cee616,Other Airline,CSZ,N/A,A21N,N/A,B-32QW,N/A,SZX,N/A,N/A,N/A,SIN,N/A,N/A,N/A,4.56,104.683,199,N/A,9761.2,32025,864.9,467,0.0,0,Cruising,0,N/A,N/A,N/A,N/A,FlightRadar24
2026-09-24 16:21:27,GIA836,GA836,41cf4524,Garuda Indonesia,GIA,N/A,B738,N/A,PK-GNQ,N/A,CGK,N/A,N/A,N/A,SIN,N/A,N/A,N/A,-2.943,104.689,330,N/A,10972.8,36000,842.7,455,0.33,64,Cruising,0,N/A,N/A,N/A,N/A,FlightRadar24
2026-09-24 16:21:27,N16FH,N/A,41cf2493,Private / Business Jet / General Aviation,N/A,N/A,H60,N/A,N16FH,N/A,N/A,N/A,N/A,N/A,N/A,N/A,N/A,N/A,-2.812,104.721,78,N/A,91.4,300,9.3,5,-1.95,-384,Descending (Landing/Approach),0,N/A,N/A,N/A,N/A,FlightRadar24
2026-09-24 16:21:27,MXD348,OD348,41cf3d50,Batik Air Malaysia (Malindo),BTK,N/A,B738,N/A,9M-LNM,N/A,SZB,N/A,N/A,N/A,CGK,N/A,N/A,N/A,-0.17,104.75,133,N/A,10668.0,35000,853.8,461,0.0,0,Cruising,0,N/A,N/A,N/A,N/A,FlightRadar24
2026-09-24 16:21:27,TGW157,TR157,41ce9149,Scoot,TGW,N/A,B788,N/A,9V-OFC,N/A,SHE,N/A,N/A,N/A,SIN,N/A,N/A,N/A,3.346,104.762,147,N/A,10119.4,33200,814.9,440,-3.9,-768,Descending (Landing/Approach),0,N/A,N/A,N/A,N/A,FlightRadar24
2026-09-24 16:21:27,BTK7150,ID7150,41cf4a4f,Batik Air,BTK,N/A,A320,N/A,PK-LUR,N/A,SIN,N/A,N/A,N/A,CGK,N/A,N/A,N/A,-0.266,104.872,159,N/A,8846.8,29025,805.6,435,5.2,1024,Climbing (Takeoff),0,N/A,N/A,N/A,N/A,FlightRadar24
2026-09-24 16:21:27,DKH1602,HO1602,41cf41ed,Other Airline,DKH,N/A,B789,N/A,B-226N,N/A,SIN,N/A,N/A,N/A,PVG,N/A,N/A,N/A,4.437,105.033,42,N/A,9753.6,32000,913.0,493,0.0,0,Cruising,0,N/A,N/A,N/A,N/A,FlightRadar24
2026-09-24 16:21:27,BNE5004,MY5004,41cf45c4,Other Airline,BNE,N/A,B738,N/A,9M-LCV,N/A,KUL,N/A,N/A,N/A,KCH,N/A,N/A,N/A,3.09,105.039,113,N/A,11277.6,37000,833.4,450,0.0,0,Cruising,0,N/A,N/A,N/A,N/A,FlightRadar24
2026-09-24 16:21:27,TGW412,N/A,41cf52d3,Scoot,TGW,N/A,E290,N/A,9V-THH,N/A,N/A,N/A,N/A,N/A,N/A,N/A,N/A,N/A,1.186,105.052,76,N/A,7185.7,23575,731.5,395,8.45,1664,Climbing (Takeoff),0,N/A,N/A,N/A,N/A,FlightRadar24
2026-09-24 16:21:27,ETH628,ET628,41cf0b00,Other Airline,ETH,N/A,B789,N/A,ET-AXL,N/A,BKK,N/A,N/A,N/A,CGK,N/A,N/A,N/A,-0.767,105.128,159,N/A,12496.8,41000,929.7,502,-0.33,-64,Cruising,0,N/A,N/A,N/A,N/A,FlightRadar24
2026-09-24 16:21:27,BTK7630,ID7630,41cf09e3,Batik Air,BTK,N/A,A320,N/A,PK-BKP,N/A,DMK,N/A,N/A,N/A,CGK,N/A,N/A,N/A,-0.753,105.184,145,N/A,10058.4,33000,863.0,466,0.0,0,Cruising,0,N/A,N/A,N/A,N/A,FlightRadar24
2026-09-24 16:21:27,MXD1017,OD1017,41cf17f2,Batik Air Malaysia (Malindo),BTK,N/A,B738,N/A,9M-LNR,N/A,BKI,N/A,N/A,N/A,SZB,N/A,N/A,N/A,3.477,105.283,267,N/A,11582.4,38000,892.7,482,0.0,0,Cruising,0,N/A,N/A,N/A,N/A,FlightRadar24
2026-09-24 16:21:27,RMY1935,TH1935,41cf2169,Other Airline,RMY,N/A,B762,N/A,9M-RXD,N/A,BKI,N/A,N/A,N/A,KUL,N/A,N/A,N/A,3.502,105.284,283,N/A,10363.2,34000,920.4,497,0.0,0,Cruising,0,N/A,N/A,N/A,N/A,FlightRadar24
2026-09-24 16:21:27,MXD1635,OD1635,41cf3a62,Batik Air Malaysia (Malindo),BTK,N/A,B38M,N/A,9M-LRS,N/A,KCH,N/A,N/A,N/A,KUL,N/A,N/A,N/A,2.855,105.337,285,N/A,10972.8,36000,881.6,476,-0.33,-64,Cruising,0,N/A,N/A,N/A,N/A,FlightRadar24
2026-09-24 16:21:27,THY056,TK56,41cde306,Turkish Airlines,THY,N/A,A359,N/A,TC-LGP,N/A,IST,N/A,N/A,N/A,CGK,N/A,N/A,N/A,-1.628,105.358,158,N/A,11277.6,37000,920.4,497,0.0,0,Cruising,0,N/A,N/A,N/A,N/A,FlightRadar24
2026-09-24 16:21:27,JST086,JQ86,41cf163e,Jetstar Airways,JST,N/A,A21N,N/A,VH-OIR,N/A,DPS,N/A,N/A,N/A,SIN,N/A,N/A,N/A,0.656,105.398,330,N/A,8785.9,28825,809.3,437,-9.75,-1920,Descending (Landing/Approach),0,N/A,N/A,N/A,N/A,FlightRadar24
2026-09-24 16:21:27,AXM116,AK116,41cf3e89,AirAsia (Malaysia),AXM,N/A,A320,N/A,9M-AJZ,N/A,KUL,N/A,N/A,N/A,CAN,N/A,N/A,N/A,4.933,105.459,33,N/A,10972.8,36000,792.7,428,0.0,0,Cruising,0,N/A,N/A,N/A,N/A,FlightRadar24
2026-09-24 16:21:27,TGW228,TR228,41cf46af,Scoot,TGW,N/A,A320,N/A,9V-TRU,N/A,SIN,N/A,N/A,N/A,YIA,N/A,N/A,N/A,-0.147,105.55,127,N/A,9677.4,31750,779.7,421,6.5,1280,Climbing (Takeoff),0,N/A,N/A,N/A,N/A,FlightRadar24
2026-09-24 16:21:27,MAS723,MH723,41cf36f1,Malaysia Airlines,MAS,N/A,B38M,N/A,9M-MVN,N/A,KUL,N/A,N/A,N/A,CGK,N/A,N/A,N/A,-1.477,105.663,148,N/A,10668.0,35000,870.4,470,0.0,0,Cruising,0,N/A,N/A,N/A,N/A,FlightRadar24
2026-09-24 16:21:27,CPA776,CX776,41cf1374,Cathay Pacific,CPA,N/A,A333,N/A,B-LAJ,N/A,CGK,N/A,N/A,N/A,HKG,N/A,N/A,N/A,5.335,105.721,33,N/A,11887.2,39000,831.5,449,-0.33,-64,Cruising,0,N/A,N/A,N/A,N/A,FlightRadar24
2026-09-24 16:21:27,VJC854,VJ854,41cef474,VietJet Air,VJC,N/A,A321,N/A,VN-A535,N/A,CGK,N/A,N/A,N/A,SGN,N/A,N/A,N/A,5.41,105.769,33,N/A,9144.0,30000,874.1,472,0.0,0,Cruising,0,N/A,N/A,N/A,N/A,FlightRadar24
2026-09-24 16:21:27,CJX6608,RY6608,41cf38c5,Other Airline,CJX,N/A,B738,N/A,B-5512,N/A,KUL,N/A,N/A,N/A,KHN,N/A,N/A,N/A,5.683,105.884,21,N/A,10668.0,35000,685.2,370,0.0,0,Cruising,0,N/A,N/A,N/A,N/A,FlightRadar24
2026-09-24 16:21:27,SIA298,SQ298,41ce0327,Singapore Airlines,SIA,N/A,A359,N/A,9V-SJB,N/A,CHC,N/A,N/A,N/A,SIN,N/A,N/A,N/A,-0.038,106.009,318,N/A,9753.6,32000,911.2,492,0.0,0,Cruising,0,N/A,N/A,N/A,N/A,FlightRadar24
2026-09-24 16:21:27,SQBPKP01,N/A,41cf164d,Other Airline,N/A,N/A,GRND,N/A,N/A,N/A,PGK,N/A,N/A,N/A,N/A,N/A,N/A,N/A,-2.161,106.141,0,N/A,0.0,0,0.0,0,0.0,0,On Taxiway/Runway,1,N/A,N/A,N/A,N/A,FlightRadar24
2026-09-24 16:21:27,MAS2718,MH2718,41cef7d6,Malaysia Airlines,MAS,N/A,B738,N/A,9M-MXU,N/A,KUL,N/A,N/A,N/A,SBW,N/A,N/A,N/A,2.613,106.211,105,N/A,11277.6,37000,813.0,439,-0.33,-64,Cruising,0,N/A,N/A,N/A,N/A,FlightRadar24
2026-09-24 16:21:27,AXM8544,AK8544,41cf3a00,AirAsia (Malaysia),N/A,N/A,A321,N/A,9M-TLA,N/A,KUL,N/A,N/A,N/A,N/A,N/A,N/A,N/A,3.815,106.632,82,N/A,8846.8,29025,796.4,430,0.33,64,Cruising,0,N/A,N/A,N/A,N/A,FlightRadar24
2026-09-24 16:21:27,QFA35,QF35,41ce6911,Qantas,QFA,N/A,A332,N/A,VH-EBK,N/A,MEL,N/A,N/A,N/A,SIN,N/A,N/A,N/A,-0.693,106.653,300,N/A,10972.8,36000,898.2,485,0.0,0,Cruising,0,N/A,N/A,N/A,N/A,FlightRadar24
2026-09-24 16:21:27,CHH701,HU701,41cef637,Other Airline,CHH,N/A,B38M,N/A,B-207T,N/A,HAK,N/A,N/A,N/A,CGK,N/A,N/A,N/A,1.434,106.75,169,N/A,10058.4,33000,859.3,464,0.0,0,Cruising,0,N/A,N/A,N/A,N/A,FlightRadar24
2026-09-24 16:21:27,MXD177,OD177,41cf32d3,Batik Air Malaysia (Malindo),BTK,N/A,A333,N/A,9M-LFH,N/A,KUL,N/A,N/A,N/A,DPS,N/A,N/A,N/A,-1.052,107.013,131,N/A,11887.2,39000,876.0,473,0.0,0,Cruising,0,N/A,N/A,N/A,N/A,FlightRadar24
2026-09-24 16:21:27,SJV303,IU303,41cf57df,Sriwijaya Air / Super Air Jet,SJV,N/A,A320,N/A,PK-SGD,N/A,TJQ,N/A,N/A,N/A,PGK,N/A,N/A,N/A,-2.725,107.391,284,N/A,3238.5,10625,524.1,283,0.0,0,Cruising,0,N/A,N/A,N/A,N/A,FlightRadar24
2026-09-24 16:21:27,AXM377,AK377,41cf2023,AirAsia (Malaysia),AXM,N/A,A20N,N/A,9M-AGI,N/A,DPS,N/A,N/A,N/A,KUL,N/A,N/A,N/A,-1.463,107.48,310,N/A,10972.8,36000,835.3,451,0.0,0,Cruising,0,N/A,N/A,N/A,N/A,FlightRadar24
2026-09-24 16:21:27,RMY1862,TH1862,41cf2f48,Other Airline,RMY,N/A,B762,N/A,9M-RXC,N/A,KUL,N/A,N/A,N/A,KCH,N/A,N/A,N/A,2.24,107.563,105,N/A,11277.6,37000,801.9,433,-0.33,-64,Cruising,0,N/A,N/A,N/A,N/A,FlightRadar24
2026-09-24 16:21:27,AXM378,AK378,41cf2f21,AirAsia (Malaysia),AXM,N/A,A20N,N/A,9M-AGS,N/A,KUL,N/A,N/A,N/A,DPS,N/A,N/A,N/A,-1.665,107.714,130,N/A,10058.4,33000,816.7,441,0.0,0,Cruising,0,N/A,N/A,N/A,N/A,FlightRadar24
2026-09-24 16:21:27,THY310,TK310,41cde792,Turkish Airlines,THY,N/A,B789,N/A,TC-LLN,N/A,IST,N/A,N/A,N/A,DPS,N/A,N/A,N/A,1.386,108.017,136,N/A,11887.2,39000,913.0,493,0.0,0,Cruising,0,N/A,N/A,N/A,N/A,FlightRadar24
2026-09-24 16:21:27,AXM5871,AK5871,41cf4607,AirAsia (Malaysia),AXM,N/A,A20N,N/A,9M-AGB,N/A,SBW,N/A,N/A,N/A,KUL,N/A,N/A,N/A,2.495,108.204,275,N/A,11582.4,38000,870.4,470,0.0,0,Cruising,0,N/A,N/A,N/A,N/A,FlightRadar24
2026-09-24 16:21:27,AXM311,AK311,41cf11bc,AirAsia (Malaysia),AXM,N/A,A20N,N/A,9M-AGL,N/A,LBJ,N/A,N/A,N/A,KUL,N/A,N/A,N/A,-2.238,108.379,310,N/A,11590.0,38025,826.0,446,0.0,0,Cruising,0,N/A,N/A,N/A,N/A,FlightRadar24
